eic,name,tso,substation_from,substation_to,u,imax_fixed,imax_seasonal,dlr_min,dlr_max,r,x,b,length_km,is_tieline
11TD8L203------C,Eula - Röhrsdorf 203,50HERTZ,Eula,Röhrsdorf,220.0,790.0,,,,4.0937,18.349,161.1637031291564,51.511,False
11TD8L207------H,Röhrsdorf - Weida 207,50HERTZ,Röhrsdorf,Weida,220.0,790.0,,,,7.5895,31.888,348.7167845484671,98.324,False
11TD8L208------9,Eula - Weida 208,50HERTZ,Eula,Weida,220.0,1070.0,,,,5.0537,19.541,264.2393580934375,67.55,False
11TD8L275------7,Bentwisch - Güstrow 275,50HERTZ,Bentwisch,Güstrow,220.0,1200.0,,,,1.909,12.055,158.0849423286384,41.418,False
11TD8L291------L,Wuhlheide - Thyrow 291,50HERTZ,Wuhlheide,Thyrow,220.0,960.0,,,,2.9672,11.191,266.784,38.882,False
11TD8L295------Q,Hennigsdorf - Wustermark 295,50HERTZ,Hennigsdorf,Wustermark,220.0,1070.0,,,,0.548,6.85,129.1194580625405,27.4,False
11TD8L301------I,Marzahn - Wuhlheide 301,50HERTZ,Marzahn,Wuhlheide,220.0,1070.0,,,,0.5487,2.4908,37.070793312359555,9.111,False
11TD8L302------A,Marzahn - Wuhlheide(Abzweig) 302/1,50HERTZ,Marzahn,Wuhlheide (Abzweig),220.0,960.0,,,,0.545,2.4772,37.070793312359555,9.111,False
11TD8L302------A,Wuhlheide (Abzweig) - Thyrow 302/2,50HERTZ,Wuhlheide (Abzweig),Thyrow,220.0,960.0,,,,2.9672,11.191,153.12122593596652,38.882,False
11TD8L303------2,Bertikow - Neuenhagen 303,50HERTZ,Bertikow,Neuenhagen,220.0,1070.0,,,,6.6733,25.638,321.16501697648454,86.064,False
11TD8L304------V,Neuenhagen - Vierraden 304,50HERTZ,Neuenhagen,Vierraden,220.0,1070.0,,,,7.9376,29.701,375.9858087816265,100.756,False
11TD8L305------N,Bertikow - Pasewalk 305,50HERTZ,Bertikow,Pasewalk,220.0,900.0,,,,2.2852,8.7795,109.98715880217867,29.471,False
11TD8L306------F,Vierraden - Pasewalk 306,50HERTZ,Vierraden,Pasewalk,220.0,1070.0,,,,4.9243,18.121,230.9070600388498,61.885,False
11TD8L313------U,Lubmin - Lüdershagen 313,50HERTZ,Lubmin,Lüdershagen,220.0,1200.0,,,,2.821,16.33,214.3822826809675,56.212,False
11TD8L314------M,Lubmin - Lüdershagen 314,50HERTZ,Lubmin,Lüdershagen,220.0,1200.0,,,,2.821,16.33,214.3822826809675,56.212,False
11TD8L315------E,Pasewalk - Güstrow 315,50HERTZ,Pasewalk,Güstrow,220.0,900.0,,,,12.1223,44.3118,572.3981814840604,151.143,False
11TD8L316------6,Pasewalk - Güstrow 316,50HERTZ,Pasewalk,Güstrow,220.0,900.0,,,,12.1223,44.3118,572.3981814840604,151.143,False
11TD8L317-276--N,Lüdershagen - Güstrow 317-276,50HERTZ,Lüdershagen,Güstrow,220.0,1200.0,,,,6.59,31.384,404.44863822315,106.538,False
11TD8L318------R,Lüdershagen - Bentwisch 318,50HERTZ,Lüdershagen,Bentwisch,220.0,1200.0,,,,4.69,19.401,247.33758961712442,65.349,False
11TD8L328------I,Parchim/Süd - Güstrow 328,50HERTZ,Parchim/Süd,Güstrow,220.0,900.0,,,,15.5033,57.559,196.2238771432185,52.317,False
11TD8L332-322--6,Parchim/Süd - Wolmirstedt 332-322,50HERTZ,Parchim/Süd,Wolmirstedt,220.0,900.0,,,,9.62549,40.6047,582.1371187101887,141.507,False
11TD8L357-----0Y,Eula - Wolkramshausen 357,50HERTZ,Eula,Wolkramshausen,220.0,1070.0,,,,12.208,46.854,600.0441968356505,159.147,False
11TD8L358------S,Eula - Wolkramshausen 358,50HERTZ,Eula,Wolkramshausen,220.0,1070.0,,,,12.208,46.854,600.0441968356505,159.147,False
11TD8L367------R,Vieselbach - Wolkramshausen 367,50HERTZ,Vieselbach,Wolkramshausen,220.0,1600.0,,,,2.5437,19.586,245.67254551072185,65.756,False
11TD8L368------J,Vieselbach - Wolkramshausen 368,50HERTZ,Vieselbach,Wolkramshausen,220.0,1600.0,,,,2.5437,19.586,245.67254551072185,65.756,False
11TD8L526------E,Wustermark - Thyrow 526,50HERTZ,Wustermark,Thyrow,220.0,1290.0,,,,2.0631,17.306,312.52563717911266,69.44,False
11TD8L415------4,Vieselbach - Remptendorf - Großschwabhausen 415,50HERTZ,Vieselbach,Remptendorf - Großschwabhausen,380.0,2720.0,,,,3.004,19.631,338.09820137933355,77.547,False
11TD8L416------X,Vieselbach - Remptendorf 416,50HERTZ,Vieselbach,Remptendorf,380.0,2720.0,,,,3.0161,19.711,339.54333399998484,77.547,False
11TD8L419------9,Krümmel - Görries 419,50HERTZ,Krümmel,Görries,380.0,2700.0,,,,2.2112,22.407,389.0862501470959,87.47,False
11TD8L420------Z,Krümmel - Wessin 420,50HERTZ,Krümmel,Wessin,380.0,2700.0,,,,2.9614,28.516,495.7119048099335,111.421,False
11TD8L423------B,Görries - Güstrow 423,50HERTZ,Görries,Güstrow,380.0,2720.0,,,,2.2401,18.244,311.9915664280024,71.582,False
11TD8L424------3,Wessin - Güstrow 424,50HERTZ,Wessin,Güstrow,380.0,2720.0,,,,1.4741,12.006,205.24024805902118,47.103,False
11TD8L437------7,Wolmirstedt - Förderstedt 437,50HERTZ,Wolmirstedt,Förderstedt,380.0,2520.0,,,,1.3442,12.79,209.554,48.545,False
11TD8L438-----0Y,Wolmirstedt - Förderstedt 438,50HERTZ,Wolmirstedt,Förderstedt,380.0,2520.0,,,,1.3442,12.79,209.576,48.545,False
11TD8L454------D,Eisenach - Vieselbach 454,50HERTZ,Eisenach,Vieselbach,380.0,2520.0,,,,1.891,18.946,306.5251952107561,72.285,False
11TD8L463------C,Altenfeld - Remptendorf 463,50HERTZ,Altenfeld,Remptendorf,380.0,2370.0,,,,1.4945813170600348,13.537748213299547,208.53892034529045,50.254,False
11TD8L464------4,Altenfeld - Remptendorf 464,50HERTZ,Altenfeld,Remptendorf,380.0,2370.0,,,,1.4945813170600348,13.537748213299547,208.53892034529045,50.254,False
11TD8L467------H,Vieselbach - Altenfeld 467,50HERTZ,Vieselbach,Altenfeld,380.0,3600.0,,,,1.1669,14.503,267.66369408585035,56.081,False
11TD8L468------9,Vieselbach - Altenfeld 468,50HERTZ,Vieselbach,Altenfeld,380.0,3600.0,,,,1.1669,14.503,267.66369408585035,56.081,False
11TD8L471------J,Lauchstädt - Vieselbach 471,50HERTZ,Lauchstädt,Vieselbach,380.0,3600.0,,,,1.4276,19.656,358.456,78.069,False
11TD8L472------B,Lauchstädt - Vieselbach 472,50HERTZ,Lauchstädt,Vieselbach,380.0,3600.0,,,,1.4276,19.656,361.597,78.069,False
11TD8L475------O,Lubmin - Altentreptow/Nord 475,50HERTZ,Lubmin,Altentreptow/Nord,380.0,2520.0,,,,1.4206,13.747,219.56591055939063,52.115,False
11T0-0000-0007-7,Lubmin - Altentreptow/Süd 476,50HERTZ,Lubmin,Altentreptow/Süd,380.0,2520.0,,,,1.622,17.826,290.28316119169693,68.8,False
11T0-0000-0008-4,Altentreptow/Nord - Altentreptow/Süd 477,50HERTZ,Altentreptow/Nord,Altentreptow/Süd,380.0,2520.0,,,,0.395,4.342,70.78008248537805,16.767,False
11T0-0000-0009-1,Altentreptow/Süd - Gransee 479,50HERTZ,Altentreptow/Süd,Gransee,380.0,2520.0,,,,1.814,19.938,325.24908742615133,77.008,False
11T0-0000-0979-2,Stendal/West - Wolmirstedt 487,50HERTZ,Stendal/West,Wolmirstedt,380.0,3600.0,,,,0.584579736817909,9.291628841667208,172.47343668207967,37.245,False
11T0-0000-0980-P,Stendal/West - Wolmirstedt 488,50HERTZ,Stendal/West,Wolmirstedt,380.0,3600.0,,,,0.584579736817909,9.291628841667208,172.47343668207967,37.245,False
11TD8L489------K,Stendal/West - Wolmirstedt 489,50HERTZ,Stendal/West,Wolmirstedt,380.0,2520.0,,,,1.1824,9.63,160.81812793726152,37.245,False
11TD8L490------9,Stendal/West - Wolmirstedt 490,50HERTZ,Stendal/West,Wolmirstedt,380.0,2520.0,,,,1.1824,9.63,160.81812793726152,37.245,False
11TD8L493------M,Wolmirstedt - Teufelsbruch 493,50HERTZ,Wolmirstedt,Teufelsbruch,380.0,2400.0,,,,3.6651,33.198,518.6769471076749,124.397,False
11TD8L494------E,Wolmirstedt - Wustermark 494,50HERTZ,Wolmirstedt,Wustermark,380.0,2500.0,,,,3.1838,27.944,434.41943213839664,104.103,False
11TD8L495------6,Neuenhagen - Marzahn 495,50HERTZ,Neuenhagen,Marzahn,380.0,2280.0,,,,0.7606,4.3135,71.94247176720627,16.937,False
11TD8L496------Z,Neuenhagen - Marzahn 496,50HERTZ,Neuenhagen,Marzahn,380.0,2400.0,,,,0.7606,4.3135,71.94247176720627,16.937,False
11TD8L498------J,Wustermark - Teufelsbruch 498,50HERTZ,Wustermark,Teufelsbruch,380.0,2400.0,,,,0.7176,7.7358,129.81060844633026,29.597,False
11TD8L499------B,Jessen/Nord - Lauchstädt 499,50HERTZ,Jessen/Nord,Lauchstädt,380.0,2040.0,,,,3.33876,25.41866,464.5787216128586,102.157,False
11TD8L500------6,Jessen/Nord - Marke 500,50HERTZ,Jessen/Nord,Marke,380.0,2040.0,,,,3.45078,26.8854,490.59110878458216,107.37,False
11T0-0000-0040-C,Ragow - Schönewalde 501,50HERTZ,Ragow,Schönewalde,380.0,2040.0,,,,1.6984998181150481,13.442114075662966,246.772,54.003,False
11TD8L502-----1N,Ragow - Jessen/Nord 502,50HERTZ,Ragow,Jessen/Nord,380.0,2040.0,,,,1.945,15.45,290.28,61.782,False
11TD8L503-----1F,Schönewalde - Jessen/Nord 503,50HERTZ,Schönewalde,Jessen/Nord,380.0,2040.0,,,,0.25355,2.06146,36.28539514896212,7.953,False
11TD8L504------B,Marke - Lauchstädt 504,50HERTZ,Marke,Lauchstädt,380.0,2040.0,,,,2.104,12.729,230.15307780198827,50.873,False
11TD8L509------8,Lubmin - Siedenbrünzow 509,50HERTZ,Lubmin,Siedenbrünzow,380.0,2520.0,,,,1.5903,14.442,243.1278554613141,56.205,False
11TD8L510------Y,Lubmin - Siedenbrünzow 510,50HERTZ,Lubmin,Siedenbrünzow,380.0,2520.0,,,,1.5903,14.442,243.1278554613141,56.205,False
11TD8L512-----1E,Siedenbrünzow - Güstrow 512,50HERTZ,Siedenbrünzow,Güstrow,380.0,2500.0,,,,3.3653,25.045,386.91855121611894,93.611,False
11TD8L513-----16,Siedenbrünzow - Putlitz/Süd 513,50HERTZ,Siedenbrünzow,Putlitz/Süd,380.0,2500.0,,,,2.589,28.065,464.5787216128586,109.1,False
11TD8L514-----1Z,Güstrow - Putlitz/Süd 514,50HERTZ,Güstrow,Putlitz/Süd,380.0,2520.0,,,,2.882,26.429,422.23,100.3,False
11TD8L516------N,Perleberg - Stendal/West 516,50HERTZ,Perleberg,Stendal/West,380.0,2520.0,,,,2.4508,19.375,324.7778485281128,75.543,False
11TD8L517-----1B,Gransee - Neuenhagen 517,50HERTZ,Gransee,Neuenhagen,380.0,2040.0,,,,1.659,18.225,296.409266866197,70.32,False
11T0-0000-0010-O,Altentreptow/Süd - Malchow 518,50HERTZ,Altentreptow/Süd,Malchow,380.0,2040.0,,,,3.09,33.95,553.2344662971626,131.262,False
11TD8L520------P,Neuenhagen - Malchow 520,50HERTZ,Neuenhagen,Malchow,380.0,2040.0,,,,0.5655,6.2143,101.12786751905546,23.992,False
11TD8L521-525--G,Wustermark - Ragow 521-525,50HERTZ,Wustermark,Ragow,380.0,2504.0,,,,4.0033,32.625,585.435790996458,130.739,False
11TD8L522------9,Thyrow - Ragow 522,50HERTZ,Thyrow,Ragow,380.0,2504.0,,,,1.9479,15.382,277.96811798962494,61.804,False
11T0-0000-0041-9,Ragow - Jessen/Nord 531,50HERTZ,Ragow,Jessen/Nord,380.0,2520.0,,,,1.8259,17.1078,290.974,65.743,False
11T0-0000-0042-6,Förderstedt - Jessen/Nord 533,50HERTZ,Förderstedt,Jessen/Nord,380.0,2520.0,,,,3.2516,30.4911,527.0964154192955,117.5,False
11TD8L535------D,Lauchstädt - Wolmirstedt 535,50HERTZ,Lauchstädt,Wolmirstedt,380.0,2520.0,,,,5.4291,40.6894,676.6990575832415,155.36,False
11TD8L536------5,Wolmirstedt - Klostermansfeld 536,50HERTZ,Wolmirstedt,Klostermansfeld,380.0,2520.0,,,,3.8793,30.282,504.00570941541054,117.188,False
11TD8L538------Q,Klostermansfeld - Lauchstädt 538,50HERTZ,Klostermansfeld,Lauchstädt,380.0,2500.0,,,,1.3812,10.0828,169.61458736731296,38.769,False
11TD8L539------I,Ragow - Preilack 539,50HERTZ,Ragow,Preilack,380.0,2280.0,,,,1.3485,10.826,191.57432001590558,43.164,False
11TD8L540------7,Ragow - Preilack 540,50HERTZ,Ragow,Preilack,380.0,2280.0,,,,1.3485,10.826,191.57432001590558,43.164,False
11TD8L541-----0Y,Graustein - Preilack 541,50HERTZ,Graustein,Preilack,380.0,2000.0,,,,2.0053,15.874,269.1402426330376,62.459,False
11TD8L542------S,Graustein - Preilack 542,50HERTZ,Graustein,Preilack,380.0,2000.0,,,,2.0053,15.874,269.1402426330376,62.459,False
11TD8L543------K,Bentwisch - Güstrow 543,50HERTZ,Bentwisch,Güstrow,380.0,2720.0,,,,0.9146,9.0037,157.33096009177686,35.561,False
11TD8L544------C,Bentwisch - Güstrow 544,50HERTZ,Bentwisch,Güstrow,380.0,2720.0,,,,0.9146,9.0037,157.33096009177686,35.561,False
11TD8L547------P,Eisenhüttenstadt (Abzweig) - Eisenhüttenstadt 547-3,50HERTZ,Eisenhüttenstadt (Abzweig),Eisenhüttenstadt,380.0,1200.0,,,,0.502,1.818,34.6203510425595,7.526,False
11TD8L547------P,Eisenhüttenstadt (Abzweig) - Preilack 547-2,50HERTZ,Eisenhüttenstadt (Abzweig),Preilack,380.0,2280.0,,,,1.422,9.63,170.87122442874886,38.476,False
11TD8L547------P,Eisenhüttenstadt (Abzweig) - Neuenhagen 547-1,50HERTZ,Eisenhüttenstadt (Abzweig),Neuenhagen,380.0,2280.0,,,,3.2182,21.7937,404.0088,87.005,False
11T0000000000023,Eisenhüttenstadt (Abzweig) - Eisenhüttenstadt 548-3,50HERTZ,Eisenhüttenstadt (Abzweig),Eisenhüttenstadt,380.0,1200.0,,,,0.502,1.818,34.62035104255953,7.526,False
11T0000000000023,Eisenhüttenstadt (Abzweig) - Preilack 548-2,50HERTZ,Eisenhüttenstadt (Abzweig),Preilack,380.0,2280.0,,,,1.422,9.63,170.87122442874886,38.476,False
11T0000000000015,Heinersdorf - Neuenhagen 444,50HERTZ,Heinersdorf,Neuenhagen,380.0,2280.0,,,,1.5429,10.4487,185.071,41.71,False
11T0000000000023,Eisenhüttenstadt (Abzweig) - Heinersdorf 548-4,50HERTZ,Eisenhüttenstadt (Abzweig),Heinersdorf,380.0,2280.0,,,,1.674,11.334,200.7477705643878,45.247,False
11TD8L551------R,Bärwalde - Schmölln 551,50HERTZ,Bärwalde,Schmölln,380.0,3600.0,,,,0.7441,11.506,218.96900795520858,45.911,False
11TD8L552------J,Bärwalde - Schmölln 552,50HERTZ,Bärwalde,Schmölln,380.0,3600.0,,,,0.7441,11.506,218.96900795520858,45.911,False
11TD8L553------B,Hagenwerder - Schmölln 553,50HERTZ,Hagenwerder,Schmölln,380.0,2500.0,,,,1.6516,14.496,252.30130600979632,56.656,False
11TD8L554------3,Hagenwerder - Schmölln 554,50HERTZ,Hagenwerder,Schmölln,380.0,2500.0,,,,1.6516,14.496,252.30130600979632,56.656,False
11TD8L555------W,Schmölln - Dresden/Süd 555,50HERTZ,Schmölln,Dresden/Süd,380.0,2500.0,,,,1.0031,9.3866,163.0486587213103,36.548,False
11TD8L556------O,Schmölln - Dresden/Süd 556,50HERTZ,Schmölln,Dresden/Süd,380.0,2500.0,,,,1.0031,9.3866,163.0486587213103,36.548,False
11TD8L557------G,Bärwalde - Streumen 557,50HERTZ,Bärwalde,Streumen,380.0,2520.0,,,,2.5843,24.182,404.3543904435423,93.783,False
11TD8L558------8,Bärwalde - Streumen 558,50HERTZ,Bärwalde,Streumen,380.0,2520.0,,,,2.5843,24.182,404.3543904435423,93.783,False
11T0-0000-0948-H,Preilack - Altdöbern 559,50HERTZ,Preilack,Altdöbern,380.0,2040.0,,,,1.2462,13.4333,224.099,50.505,False
11TD8L560------Q,Preilack - Streumen 560,50HERTZ,Preilack,Streumen,380.0,2040.0,,,,3.0048,32.391,537.904,121.222,False
11T0-0000-0043-3,Ragow - Streumen 561,50HERTZ,Ragow,Streumen,380.0,2504.0,,,,2.9365,22.6101,385.0021796974292,88.719,False
11TD8L562------A,Ragow - Streumen 562,50HERTZ,Ragow,Streumen,380.0,2504.0,,,,2.9365,22.6101,385.0021796974292,88.719,False
11TD8L565------N,Graustein - Bärwalde 565,50HERTZ,Graustein,Bärwalde,380.0,2520.0,,2520.0,3150.0,0.6666,5.5904,96.41547853867075,21.801,False
11TD8L566------F,Graustein - Bärwalde 566,50HERTZ,Graustein,Bärwalde,380.0,2520.0,,2520.0,3150.0,0.6666,5.5904,96.41547853867075,21.801,False
11TD8L571------9,Streumen - Röhrsdorf 571,50HERTZ,Streumen,Röhrsdorf,380.0,2504.0,,2504.0,3150.0,2.6478,19.844,385.7875778608266,82.808,False
11TD8L572------1,Streumen - Röhrsdorf 572,50HERTZ,Streumen,Röhrsdorf,380.0,2504.0,,2504.0,3150.0,2.6478,19.844,385.7875778608266,82.808,False
11TD8L573------U,Röhrsdorf - Weida 573,50HERTZ,Röhrsdorf,Weida,380.0,2504.0,,,,2.5835,15.606,270.74245488636836,61.654,False
11TD8L574------M,Remptendorf - Röhrsdorf 574,50HERTZ,Remptendorf,Röhrsdorf,380.0,2504.0,,,,4.2693,25.789,459.83491670593804,103.396,False
11TD8L575------E,Remptendorf - Weida 575,50HERTZ,Remptendorf,Weida,380.0,2504.0,,,,1.8371,11.097,207.40794698999815,45.505,False
11TD8L585------5,Streumen - Eula 585,50HERTZ,Streumen,Eula,380.0,2520.0,,,,2.9546,22.144,356.6964298885851,84.359,False
11TD8L586------Y,Streumen - Eula 586,50HERTZ,Streumen,Eula,380.0,2520.0,,,,2.9546,22.144,356.6964298885851,84.359,False
11TD8L587------Q,Eula - Pulgar 587,50HERTZ,Eula,Pulgar,380.0,2720.0,,,,0.7639,4.9919,90.85485954181682,20.185,False
11TD8L588------I,Eula - Pulgar 588,50HERTZ,Eula,Pulgar,380.0,2720.0,,,,0.7639,4.9919,90.85485954181682,20.185,False
11TD8L589------A,Pulgar - Vieselbach 589,50HERTZ,Pulgar,Vieselbach,380.0,2520.0,,,,3.2561,27.307,441.07960856400695,104.4,False
11TD8L590-----0Y,Pulgar - Vieselbach 590,50HERTZ,Pulgar,Vieselbach,380.0,2520.0,,,,3.2561,27.307,441.07960856400695,104.4,False
11TD8L591------S,Dresden/Süd - Röhrsdorf 591,50HERTZ,Dresden/Süd,Röhrsdorf,380.0,2520.0,,,,2.2251,22.06,380.60394998240344,85.368,False
11TD8L592------K,Dresden/Süd - Freiberg/Nord 592,50HERTZ,Dresden/Süd,Freiberg/Nord,380.0,2520.0,,,,1.1724,12.37,212.96856598685207,47.765,False
11TD8L594------4,Freiberg/Nord - Röhrsdorf 594,50HERTZ,Freiberg/Nord,Röhrsdorf,380.0,2520.0,,,,1.0522,9.686,167.57255214247957,37.587,False
11TD8L596------P,Putlitz/Süd - Perleberg - Putlitz 596,50HERTZ,Putlitz/Süd,Perleberg - Putlitz,380.0,2520.0,,,,0.967,8.748,146.33538580421256,34.208,False
11TD8L903------G,Reuter - Mitte 903,50HERTZ,Reuter,Mitte,380.0,800.0,,,,0.267,2.372,769.6902001294994,10.69,False
11TD8L904------8,Reuter - Charlottenburg 904,50HERTZ,Reuter,Charlottenburg,380.0,800.0,,,,0.1291,1.2745,235.61944901923448,5.27,False
11TD8L906------T,Charlottenburg - Mitte 906,50HERTZ,Charlottenburg,Mitte,380.0,800.0,,,,0.1206,1.2301,475.07164107584856,5.42,False
11TD8L907------L,Teufelsbruch - Reuter 907,50HERTZ,Teufelsbruch,Reuter,380.0,1620.0,,,,0.151,1.6912,690.2079059936776,7.55,False
11TD8L908------D,Teufelsbruch - Reuter 908,50HERTZ,Teufelsbruch,Reuter,380.0,1620.0,,,,0.151,1.6912,690.2079059936776,7.55,False
11TD8L919------X,Friedrichshain - Mitte 919,50HERTZ,Friedrichshain,Mitte,380.0,1660.0,,,,0.131,1.513,368.3203227068674,6.55,False
11TD8L920------M,Friedrichshain - Mitte 920,50HERTZ,Friedrichshain,Mitte,380.0,1660.0,,,,0.131,1.5196,376.55129545927264,6.55,False
11TD8L921------E,Friedrichshain - Marzahn 921,50HERTZ,Friedrichshain,Marzahn,380.0,1660.0,,,,0.1076,1.2266,300.8389125077586,5.38,False
11TD8L922------6,Friedrichshain - Marzahn 922,50HERTZ,Friedrichshain,Marzahn,380.0,1660.0,,,,0.1124,1.2145,321.0079373438051,5.35,False
11TD8L951------O,Hamburg/Nord - Brunsbüttel 951,50HERTZ,Hamburg/Nord,Brunsbüttel,380.0,3600.0,,,,1.07,13.95,283.93714403144554,57.098,False
11TD8L952------G,Hamburg/Nord - Brunsbüttel 952,50HERTZ,Hamburg/Nord,Brunsbüttel,380.0,3600.0,,,,1.07,13.95,283.93714403144554,57.098,False
11TD8L961------F,Hamburg/Ost - Hamburg/Nord 961,50HERTZ,Hamburg/Ost,Hamburg/Nord,380.0,2580.0,,2520.0,3300.0,1.0501,7.8803,139.20397048056373,31.001,False
11TD8L962------7,Hamburg/Ost - Hamburg/Nord 962,50HERTZ,Hamburg/Ost,Hamburg/Nord,380.0,2580.0,,2520.0,3300.0,1.0501,7.8803,139.20397048056373,31.001,False
11TD8L971------6,Hamburg/Süd - Hamburg/Ost 971,50HERTZ,Hamburg/Süd,Hamburg/Ost,380.0,2580.0,,,,0.9901,7.4404,131.9783073773072,29.433,False
11TD8L991------P,Hamburg/Ost - Krümmel 991,50HERTZ,Hamburg/Ost,Krümmel,380.0,3600.0,,,,0.59,6.7764,141.71724460343557,28.392,False
11TD8L992------H,Hamburg/Ost - Krümmel 992,50HERTZ,Hamburg/Ost,Krümmel,380.0,3600.0,,,,0.59,6.7764,141.71724460343557,28.392,False
11TD8L532------0,Ragow - Förderstedt 532,50HERTZ,Ragow,Förderstedt,380.0,2520.0,,,,4.9858,46.695,765.6061296798325,179.426,False
11T0-0000-0949-E,Altdöbern - Streumen 563,50HERTZ,Altdöbern,Streumen,380.0,2500.0,,,,1.7483,18.8461,312.274,70.533,False
11TD8L972------Z,Hamburg/Süd - Hamburg/Ost 972,50HERTZ,Hamburg/Süd,Hamburg/Ost,380.0,2580.0,,,,0.9901,7.4404,131.9783073773072,29.433,False
11TD8L515------V,Putlitz/Süd - Stendal/West 515,50HERTZ,Putlitz/Süd,Stendal/West,380.0,2520.0,,,,2.0566,22.2964,369.1057,86.65,False
14T-220-0-N203BP,SW Weibern- Hausruck 203B,APG,SW Weibern,Hausruck,220.0,2150.0,,,,0.431,4.867,69.05,17.1,False
14T-220-0-N203AR,St. Peter 2 -  SW Weibern 203A,APG,St. Peter,SW Weibern,220.0,2150.0,,,,1.225,13.83,196.22,48.6,False
14T-380-0-0436AJ,Bisamberg - Duernrohr 436A,APG,Bisamberg,Duernrohr,380.0,2300.0,,,,1.11,15.52,193.1136,51.1,False
14T-380-0-0444AL,Bisamberg - Duernrohr 444A,APG,Bisamberg,Duernrohr,380.0,2300.0,,,,1.109,15.52,193.1136,51.1,False
14T-380-0-0444CH,Bisamberg - Sarasdorf 444C,APG,Bisamberg,Sarasdorf,380.0,2300.0,,,,1.078,15.05,188.0871,49.6,False
14T-220-0-002977,Bisamberg - Duernrohr 297,APG,Bisamberg,Duernrohr,220.0,2080.0,,,,1.1,12.7,167.1327,51.1,False
14T-220-0-002985,Bisamberg - Duernrohr 298,APG,Bisamberg,Duernrohr,220.0,2080.0,,,,1.1,12.7,167.1327,51.1,False
14T-220-0-0228BT,Bisamberg - Kledering 228B,APG,Bisamberg,Kledering,220.0,1200.0,,,,2.165,11.71,137.9473,37.5,False
14T-220-0-00227S,Bisamberg - Wien Suedost 227,APG,Bisamberg,Wien Suedost,220.0,1200.0,,,,2.248,12.14,143.0052,38.9,False
14T-220-0-00207Y,Bisamberg - Ybbsfeld 207,APG,Bisamberg,Ybbsfeld,220.0,800.0,,,,8.876,47.31,321.699,114.6,False
14T-220-0-00208W,Bisamberg - Ybbsfeld 208,APG,Bisamberg,Ybbsfeld,220.0,800.0,,,,8.876,47.31,321.699,114.6,False
14T-380-0-0443BM,Bisamberg - Zaya 443B,APG,Bisamberg,Zaya,380.0,2300.0,,,,0.904,16.34,230.0,57.3,False
14T-380-0-0434BN,Duernrohr - Etzersdorf 434B,APG,Duernrohr,Etzersdorf,380.0,2300.0,,,,0.3,4.4,51.05088,13.9,False
14T-380-0-00433L,Duernrohr - Kronstorf 433,APG,Duernrohr,Kronstorf,380.0,2300.0,,,,2.56,37.2,434.7963,118.3,False
14T-380-0-0435AM,Duernrohr - Wien Suedost 435A,APG,Duernrohr,Wien Suedost,380.0,2300.0,,,,2.75,38.62,480.3494,127.0,False
14T-380-0-443AK0,Bisamberg - Duernrohr 443A,APG,Bisamberg,Duernrohr,380.0,2300.0,,,,2.75,38.62,480.3494,127.0,False
14T-220-0-0203CD,Ernsthofen - Hausruck 203C,APG,Ernsthofen,Hausruck,220.0,1000.0,,,,1.164,13.15,185.8569,45.9,False
14T-220-0-0204CA,Ernsthofen - Sattledt 204D,APG,Ernsthofen,Sattledt,220.0,1070.0,,,,0.869,9.823,138.638,34.2,False
14T-220-0-0205AB,Ernsthofen - Wallsee 205A,APG,Ernsthofen,Wallsee,220.0,810.0,,,,1.79,9.27,62.7376,22.4,False
14T-221-0-00206Q,Ernsthofen - Ybbsfeld 206,APG,Ernsthofen,Ybbsfeld,220.0,810.0,,,,3.44,18.24,123.6215,44.1,False
14T-220-0-0201BL,Ernsthofen - Klaus 201B,APG,Ernsthofen,Klaus,220.0,925.0,,,,3.47,18.0,128.35,67.4,False
14T-220-0-002027,Ernsthofen - Weissenbach 202,APG,Ernsthofen,Weissenbach,220.0,925.0,,,,6.67,34.49,240.08,84.4,False
14T-380-0-0434AP,Etzersdorf - Kronstorf 434A,APG,Etzersdorf,Kronstorf,380.0,2300.0,,,,2.26,32.82,383.5884,0.7,False
14T-220-0-00268E,Feistritz - Obersielach 268,APG,Feistritz,Obersielach,220.0,2080.0,,,,1.238,14.2,185.8566,47.8,False
14T-220-0-0266CH,Feistritz - Villach Süd 266C,APG,Feistritz,Villach Süd,220.0,2080.0,,,,0.761,8.727,114.2,41.3,False
14T-220-0-0266AL,Greuth - Lienz 266A,APG,Greuth,Lienz,220.0,2080.0,,,,2.111,24.23,317.2999,81.5,False
14T-220-0-0266BJ,Greuth - Villach Süd 266B,APG,Greuth,Villach Süd,220.0,2080.0,,,,0.308,3.535,46.28,81.5,False
14T-220-0-0204BC,Hausruck - Sattledt 204C,APG,Hausruck,Sattledt,220.0,2150.0,,,,0.295,3.33,47.2495,11.7,False
14T-220-0-N204BM,SW Weibern - Hausruck 204B,APG,SW Weibern,Hausruck,220.0,2150.0,,,,0.431,4.867,69.05,17.1,False
14T-220-0-N204AO,St. Peter 2 - SW Weibern 204A,APG,St. Peter,SW Weibern,220.0,2150.0,,,,1.225,13.83,196.22,48.6,False
14T-220-0-00286C,Hessenberg - Obersielach 286,APG,Hessenberg,Obersielach,220.0,800.0,,,,8.379,41.2,279.35,99.4,False
14T-220-0-0225A3,Hessenberg - Ternitz 225A,APG,Hessenberg,Ternitz,220.0,750.0,,,,8.03,39.5,267.5694,95.2,False
14T-220-0-0226A0,Hessenberg - Ternitz 226A,APG,Hessenberg,Ternitz,220.0,750.0,,,,8.03,39.5,267.5694,95.2,False
14T-221-0-00223Q,Hessenberg - Weissenbach 223,APG,Hessenberg,Weissenbach,220.0,800.0,,,,5.99,29.5,199.8367,71.1,False
14T-220-0-00224Y,Hessenberg - Weissenbach 224,APG,Hessenberg,Weissenbach,220.0,800.0,,,,5.99,29.5,199.8367,71.1,False
14T-220-0-00287A,Hessenberg - Zeltweg 287,APG,Hessenberg,Zeltweg,220.0,800.0,,,,3.634,17.87,121.14,43.1,False
14T-220-0-00237P,Jochenstein - Schaerding 237,APG,Jochenstein,Schaerding,220.0,720.0,,,,2.08,9.6,71.65972,24.5,False
14T-220-0-00238N,Jochenstein - Schaerding 238,APG,Jochenstein,Schaerding,220.0,720.0,,,,2.08,9.6,71.65972,24.5,False
14T-380-0-00471D,Kainachtal - Obersielach 471,APG,Kainachtal,Obersielach,380.0,2300.0,,,,1.56,22.88,267.2867,72.0,False
14T-380-0-00472B,Kainachtal - Obersielach 472,APG,Kainachtal,Obersielach,380.0,2300.0,,,,1.56,22.88,267.2867,72.0,False
14T-220-0-0228AV,Kledering - Wien Suedost 228A,APG,Kledering,Wien Suedost,220.0,1200.0,,,,0.12,0.65,7.51783,2.1,False
14T-380-0-00431P,Kronstorf - St. Peter 431,APG,Kronstorf,St. Peter,380.0,2300.0,,,,2.411,34.98,409.6636,111.3,False
14T-380-0-00432N,Kronstorf - St. Peter 432,APG,Kronstorf,St. Peter,380.0,2300.0,,,,2.411,34.98,409.6636,111.3,False
14T-380-0-00451J,Lienz - Tauern 451,APG,Lienz,Tauern,380.0,2180.0,,,,1.847,26.76,311.3631,85.0,False
14T-380-0-00452H,Lienz - Tauern 452,APG,Lienz,Tauern,380.0,2180.0,,,,1.85,26.8,311.6145,85.0,False
14T-220-0-0267AI,Lienz - Villach Süd 267A,APG,Lienz,Villach Süd,220.0,2000.0,,,,2.414,27.71,362.8999,110.0,False
14T-220-0-00219R,Mayrhofen - Zell am Ziller 219,APG,Mayrhofen,Zell am Ziller,220.0,2000.0,,,,0.25,2.8,36.97654,9.2,False
14T-220-0-002205,Mayrhofen - Zell am Ziller 220,APG,Mayrhofen,Zell am Ziller,220.0,2000.0,,,,0.25,2.8,36.97654,9.2,False
14T-220-0-0246AT,Neusiedl - Wien Suedost 246A,APG,Neusiedl,Wien Suedost,220.0,800.0,,,,3.69,18.9,126.292,45.4,False
14T-220-0-0267CE,Obersielach - Rosegg 267C,APG,Obersielach,Rosegg,220.0,2000.0,,,,1.532,17.59,230.2,59.1,False
14T-220-0-00285E,Obersielach - Zeltweg 285,APG,Obersielach,Zeltweg,220.0,800.0,,,,5.841,28.73,194.78,69.3,False
14T-380-0-0475MJ,Oststeiermark - Dreibein Mellach 475SR,APG,Oststeiermark,Dreibein Mellach,380.0,2400.0,,,,0.53,9.04,156.6712,28.4,False
14T-380-0-004771,Oststeiermark - Wien Suedost 477,APG,Oststeiermark,Wien Suedost,380.0,2400.0,,,,2.51,42.47,735.1326,165.0,False
14T-220-0-0201AN,Phyrn - Weissenbach 201A,APG,Phyrn,Weissenbach,220.0,925.0,,,,1.395,7.143,48.73,17.4,False
14T-220-0-0267BG,Rosegg - Villach Süd 267B,APG,Rosegg,Villach Süd,220.0,2000.0,,,,0.429,4.92,64.4,59.2,False
14T-220-0-0231AB,Salzburg Elixhausen - Tauern 231A,APG,Salzburg Elixhausen,Tauern,220.0,800.0,,,,8.364,40.69,275.6119,98.5,False
14T-220-0-0232A8,Salzburg Elixhausen - Tauern 232A,APG,Salzburg Elixhausen,Tauern,220.0,800.0,,,,8.364,40.69,275.6119,98.5,False
14T-220-0-2321BX,Salzburg 2 - Salzach 2 232B,APG,Salzburg,Salzach,220.0,800.0,,,,0.61,2.95,20.47,7.2,False
14T-220-0-2321CV,Salzburg 2 - Salzach 2 232C,APG,Salzburg,Salzach,220.0,800.0,,,,0.61,2.99,20.77,7.3,False
14T-380-0-0443DI,Sarasdorf - Wien Suedost 443D,APG,Sarasdorf,Wien Suedost,380.0,2300.0,,,,0.56,8.05,99.18,26.3,False
14T-380-0-0439AA,Sarasdorf - Zurndorf 439A,APG,Sarasdorf,Zurndorf,380.0,2300.0,,,,0.63,8.778,108.0079,28.7,False
14T-380-0-0440AX,Sarasdorf - Zurndorf 440A,APG,Sarasdorf,Zurndorf,380.0,2300.0,,,,0.63,8.778,108.0079,28.7,False
14T-380-0-443CAE,Sarasdorf - Zaya 443C,APG,Sarasdorf,Zaya,380.0,2300.0,,,,1.541,25.22,342.0,86.6,False
14T-380-0-0417BM,Schwarzenbach - Tauern 417B,APG,Schwarzenbach,Tauern,380.0,2400.0,,,,0.142,3.742,47.56371,12.4,False
14T-380-0-0417AO,Schwarzenbach - Zell am Ziller 417A,APG,Schwarzenbach,Zell am Ziller,380.0,2400.0,,,,0.651,16.93,219.4402,56.7,False
14T-220-0-00235T,St. Peter - Schaerding 235,APG,St. Peter,Schaerding,220.0,800.0,,,,3.12,14.4,107.0654,36.6,False
14T-220-0-00236R,St. Peter - Schaerding 236,APG,St. Peter,Schaerding,220.0,800.0,,,,3.12,14.4,107.0654,36.6,False
14T-220-0-00455F,St. Peter - Salzburg Elixhausen 455,APG,St. Peter,Salzburg Elixhausen,380.0,2400.0,,,,0.64,11.72,203.4181,45.5,False
14T-220-0-00456D,St. Peter - Salzburg Elixhausen 456,APG,St. Peter,Salzburg Elixhausen,380.0,2400.0,,,,0.64,11.72,203.4181,45.5,False
14T-380-0-0476MG,Suedburgenland - Dreibein Mellach 476SU,APG,Suedburgenland,Dreibein Mellach,380.0,2400.0,,,,1.413,23.73,411.2344,61.6,False
14T-381-0-00478Q,Suedburgenland - Wien Suedost 478,APG,Suedburgenland,Wien Suedost,380.0,2400.0,,,,1.633,27.76,480.3494,107.8,False
14T-380-0-00418H,Tauern - Zell am Ziller 418,APG,Tauern,Zell am Ziller,380.0,2400.0,,,,0.79,20.67,267.0039,69.1,False
14T-220-0-002213,Tauern - Weissenbach 221,APG,Tauern,Weissenbach,220.0,800.0,,,,10.42,51.2,347.4601,123.6,False
14T-220-0-002221,Tauern - Weissenbach 222,APG,Tauern,Weissenbach,220.0,800.0,,,,10.42,51.2,347.4601,123.6,False
14T-220-0-0225B1,Ternitz - Wien Suedost 225B,APG,Ternitz,Wien Suedost,220.0,960.0,,,,5.075,24.59,166.065,59.5,False
14T-220-0-0226BZ,Ternitz - Wien Suedost 226B,APG,Ternitz,Wien Suedost,220.0,960.0,,,,5.075,24.59,166.065,59.5,False
14T-220-0-0205B9,Wallsee - Ybbsfeld 205B,APG,Wallsee,Ybbsfeld,220.0,810.0,,,,2.33,12.26,83.34645,29.7,False
14T-220-0-00275H,Westtirol - Zell am Ziller 275,APG,Westtirol,Zell am Ziller,220.0,2100.0,,,,2.66,30.8,402.1238,103.5,False
14T-220-0-0427SP,Westtirol - Nauders 427,APG,Westtirol,Nauders,380.0,2300.0,,,,1.21,17.66,209.827,56.7,False
14T-220-0-0428SM,Westtirol - Nuaders 428,APG,Westtirol,Nauders,380.0,2300.0,,,,1.21,17.66,209.827,56.7,False
14T-220-0-00276F,Westtirol - Zell am Ziller 276,APG,Westtirol,Zell am Ziller,220.0,2100.0,,,,2.66,30.8,402.1238,103.5,False
27T-TLI-V210---F,Bezdecin - Chotejovice,CEPS,Bezdecin,Chotejovice,220.0,656.0,,,,6.46,38.1,243.0,97.9,False
27T-TLI-V451---9,Bezdecin - Babylon,CEPS,Bezdecin,Babylon,380.0,,,2235.0,2400.0,1.28,16.02,217.0,53.6,False
27T-TLI-V452---4,Bezdecin - Neznasov,CEPS,Bezdecin,Neznasov,380.0,,,2265.0,2400.0,1.58,20.53,260.0,68.3,False
27T-TLI-V209---D,C. Stred - Bezdecin,CEPS,C. Stred,Bezdecin,220.0,755.0,,,,4.82,28.69,190.0,68.4,False
27T-TLI-V400---7,C. Stred - Tynec,CEPS,C. Stred,Tynec,380.0,,,2100.0,2400.0,1.42,14.06,180.0,46.2,False
27T-TLI-V454---V,C. Stred - Bezdecin,CEPS,C. Stred,Bezdecin,380.0,,,2265.0,2400.0,1.55,18.24,291.0,67.6,False
27T-TLI-V422---M,Cebin - Mirovka,CEPS,Cebin,Mirovka,380.0,,,2055.0,2400.0,2.34,26.61,337.0,88.4,False
27T-TLI-V423---H,Cebin - Sokolnice,CEPS,Cebin,Sokolnice,380.0,2000.0,,,,1.04,11.44,154.0,38.3,False
27T-TLI-V434---6,Cebin - Slavetice,CEPS,Cebin,Slavetice,380.0,1968.0,,,,1.09,13.92,194.0,50.7,False
27T-TLI-V415---D,Chodov - C. Stred,CEPS,Chodov,C. Stred,380.0,,,2265.0,2400.0,0.82,10.5,130.0,35.1,False
27T-TLI-V480---X,Chotejovice - Vyskov - V480,CEPS,Chotejovice,Vyskov,380.0,2000.0,,,,0.69,8.03,122.0,28.9,False
27T-TLI-V431---L,Chrast - Prestice,CEPS,Chrast,Prestice,380.0,,,2235.0,2400.0,0.8,9.46,122.0,32.6,False
27T-TLI-V433---B,Dasny - Slavetice,CEPS,Dasny,Slavetice,380.0,,,2235.0,2800.0,3.46,42.53,575.0,142.7,False
27T-TLI-V458---B,H. Zivotice - Krasikov,CEPS,H. Zivotice,Krasikov,380.0,2000.0,,,,2.51,31.34,429.0,107.0,False
27T-TLI-V459---6,H. Zivotice - Kletne,CEPS,H.Zivotice,Kletne,380.0,1968.0,,,,0.98,11.79,166.0,42.1,False
27T-TLI-V412---S,Hradec - Reporyje,CEPS,Hradec,Reporyje,380.0,,,2010.0,2800.0,3.17,35.1,513.0,116.9,False
27T-TLI-V420---W,Hradec - Mirovka,CEPS,Hradec,Mirovka,380.0,,,2010.0,2400.0,5.9,60.38,767.0,209.6,False
27T-TLI-V430---Q,Hradec - Chrast,CEPS,Hradec,Chrast,380.0,,,2235.0,2400.0,2.02,24.85,318.0,82.2,False
27T-TLI-V405---J,Kletne - Nosovice,CEPS,Kletne,Nosovice,380.0,1968.0,,,,1.2,14.98,210.0,53.5,False
27T-TLI-V473---O,Kocin - Dasny - V473,CEPS,Kocin,Dasny,380.0,,,2235.0,2400.0,0.83,10.0,141.0,35.6,False
27T-TLI-V474---J,Kocin - Dasny - V474,CEPS,Kocin,Dasny,380.0,,,2265.0,2400.0,0.98,11.87,187.0,42.9,False
27T-TLI-V476---9,Kocin - Chodov,CEPS,Kocin,Chodov,380.0,2265.0,,,,2.91,36.14,505.0,129.0,False
27T-TLI-V402---Y,Krasikov - Prosenice,CEPS,Krasikov,Prosenice,380.0,2000.0,,,,2.34,26.61,336.0,87.6,False
27T-TLI-V253---D,Liskovec - Prosenice - V253,CEPS,Liskovec,Prosenice,220.0,,,655.0,900.0,5.94,27.32,178.3,71.3,False
27T-TLI-V254---8,Liskovec - Prosenice - V254,CEPS,Liskovec,Prosenice,220.0,,,655.0,900.0,5.94,27.32,178.3,71.3,False
27T-TLI-V205---X,Malesice - C. Stred,CEPS,Malesice,C. Stred,220.0,,,755.0,900.0,1.3,7.27,51.0,19.8,False
27T-TLI-V204---1,Milin - Tabor,CEPS,Milin,Tabor,220.0,,,755.0,900.0,3.81,25.85,150.0,59.3,False
27T-TLI-V208---I,Milin - C. Stred,CEPS,Milin,C. Stred,220.0,,,650.0,900.0,6.92,34.3,213.3,86.2,False
27T-TLI-V453--X5,Neznasov - Krasikov,CEPS,Neznasov,Krasikov,380.0,2000.0,,,,2.4,25.3,297.0,84.1,False
27T-TLI-V460---8,Nosovice - Albrechtice,CEPS,Nosovice,Albrechtice,380.0,2000.0,,,,0.48,5.01,58.0,16.5,False
27T-TLI-V202---B,Opocinek - C. Stred,CEPS,Opocinek,C. Stred,220.0,,,685.0,900.0,6.1,28.23,177.0,71.3,False
27T-TLI-V203---6,Opocinek - Sokolnice,CEPS,Opocinek,Sokolnice,220.0,,,655.0,900.0,11.73,60.17,335.0,135.9,False
27T-TLI-V417---3,Otrokovice - Sokolnice,CEPS,Otrokovice,Sokolnice,380.0,2000.0,,,,2.21,22.43,263.0,74.1,False
27T-TLI-V418---Z,Otrokovice - Prosenice,CEPS,Otrokovice,Prosenice,380.0,2000.0,,,,1.1,11.2,134.0,37.7,False
27T-TLI-V216---M,Prestice - Milin,CEPS,Prestice,Milin,220.0,,,755.0,900.0,4.3,27.4,180.0,63.8,False
27T-TLI-V221---4,Prestice - Vitkov,CEPS,Prestice,Vitkov,220.0,1165.0,,,,1.77,23.9,362.0,87.2,False
27T-TLI-V432---G,Prestice - Kocin,CEPS,Prestice,Kocin,380.0,,,2235.0,2400.0,2.64,33.01,426.0,115.9,False
27T-TLI-V251---N,Prosenice - Sokolnice - V251,CEPS,Prosenice,Sokolnice,220.0,,,685.0,900.0,6.76,35.4,220.0,83.9,False
27T-TLI-V252---I,Prosenice - Sokolnice - V252,CEPS,Prosenice,Sokolnice,220.0,,,685.0,900.0,6.76,35.4,220.0,83.9,False
27T-TLI-V403---T,Prosenice - Nosovice,CEPS,Prosenice,Nosovice,380.0,1740.0,,,,2.29,23.87,280.0,79.6,False
27T-TLI-V416MP-N,Prosenice - Mirovka,CEPS,Prosenice,Mirovka,380.0,2000.0,,,,5.2,56.11,726.0,184.0,False
27T-TLI-V413RM-R,Reporyje - Mirovka,CEPS,Reporyje,Mirovka,380.0,,,2010.0,2400.0,4.02,43.28,574.0,145.1,False
27T-TLI-V414---I,Reporyje - Chodov,CEPS,Reporyje,Chodov,380.0,,,2265.0,2400.0,0.69,8.21,113.0,29.5,False
27T-TLI-V475---E,Reporyje - Kocin,CEPS,Reporyje,Kocin,380.0,2265.0,,,,2.91,37.28,599.0,137.7,False
27T-TLI-V435---1,Slavetice - Sokolnice - V435,CEPS,Slavetice,Sokolnice,380.0,2000.0,,,,1.33,15.33,238.0,55.6,False
27T-TLI-V436---X,Slavetice - Sokolnice - V436,CEPS,Slavetice,Sokolnice,380.0,2000.0,,,,1.34,15.54,236.0,55.6,False
27T-TLI-V207---N,Tabor - Sokolnice,CEPS,Tabor,Sokolnice,220.0,,,755.0,900.0,10.73,72.45,426.0,169.0,False
27T-TLI-V401---2,Tynec - Krasikov,CEPS,Tynec,Krasikov,380.0,1740.0,,,,3.12,31.62,417.0,103.8,False
27T-TLI-V490---R,Vitkov - Prestice,CEPS,Vitkov,Prestice,380.0,1600.0,,,,1.76,23.9,360.0,86.8,False
27T-TLI-V201---G,Vyskov - C. Stred,CEPS,Vyskov,C. Stred,220.0,,,700.0,900.0,6.62,37.14,210.0,85.0,False
27T-TLI-V211---A,Chotejovice - Vyskov - V211,CEPS,Chotejovice,Vyskov,220.0,,,755.0,900.0,1.14,9.52,146.0,30.4,False
27T-TLI-V225---L,Vyskov - Hradec - V225,CEPS,Vyskov,Hradec,220.0,,,1000.0,1400.0,2.13,9.2,103.0,30.7,False
27T-TLI-V226---G,Vyskov - Hradec - V226,CEPS,Vyskov,Hradec,220.0,,,1000.0,1400.0,2.17,9.36,105.0,31.3,False
27T-TLI-V410---1,Vyskov - C. Stred - V410,CEPS,Vyskov,C. Stred,380.0,2400.0,,,,1.97,26.3,407.0,95.4,False
27T-TLI-V411---X,Vyskov - Hradec,CEPS,Vyskov,Hradec,380.0,,,1965.0,2400.0,1.25,13.09,168.0,45.4,False
27T-TLI-V419---U,Vyskov - C. Stred - V419,CEPS,Vyskov,C. Stred,380.0,2400.0,,,,1.97,26.3,407.0,95.4,False
27T-TLI-V428---T,Vyskov - Babylon - V428,CEPS,Vyskov,Babylon,380.0,2445.0,,,,1.66,21.46,287.0,72.3,False
27T-TLI-V450---E,Vyskov - Babylon - V450,CEPS,Vyskov,Babylon,380.0,2445.0,,,,1.66,21.46,287.0,72.3,False
27T-TLI-V449---C,Albrechtice - Detmarovice,CEPS,Albrechtice,Detmarovice,380.0,2000.0,,,,0.656,7.152,97.4,,False
,Bertrange - Schifflange West,Creos,BERTRANGE,SCHIFFLANGE,220.0,1290.0,,,,0.604,3.072,26.07522,10.4,False
,Bertrange - Schifflange Ost,Creos,BERTRANGE,SCHIFFLANGE,220.0,1290.0,,,,0.604,3.072,26.07522,10.4,False
,Blooren - Berchem,Creos,BLOOREN,BERCHEM,220.0,1290.0,,,,0.36,1.986,222.7389,8.6,False
,Blooren - Schifflange,Creos,BLOOREN,SCHIFFLANGE,220.0,1290.0,,,,1.156,6.037,256.9823,21.6,False
,Heisdorf - Blooren,Creos,HEISDORF,BLOOREN,220.0,1290.0,,,,0.676,3.611,261.6947,13.5,False
,Heisdorf - Roost Ost,Creos,HEISDORF,ROOST,220.0,1290.0,,,,0.779,3.923,33.61504,13.4,False
,Heisdorf - Roost West,Creos,HEISDORF,ROOST,220.0,1290.0,,,,0.779,3.963,33.61504,13.4,False
,Heisdorf - Bertrange Ost,Creos,HEISDORF,BERTRANGE,220.0,1290.0,,,,0.645,3.28,27.96018,11.1,False
,Heisdorf - Bertrange West,Creos,HEISDORF,BERTRANGE,220.0,1290.0,,,,0.645,3.28,27.96018,11.1,False
,Roost - Flebour West,Creos,ROOST,FLEBOUR,220.0,1290.0,,,,1.022,5.144,44.27446,17.6,False
,Roost - Flebour Ost,Creos,ROOST,FLEBOUR,220.0,1290.0,,,,1.022,5.144,44.27446,17.6,False
,Schifflange - Berchem,Creos,SCHIFFLANGE,BERCHEM,220.0,1290.0,,,,1.0117,3.9274,248.2644,12.9,False
,Schifflange - Sotel - Oxylux,Creos,SCHIFFLANGE,OXYLUX,220.0,1290.0,,,,0.282,1.66,179.3849,8.7,False
,Schifflange - Oxylux,Creos,SCHIFFLANGE,OXYLUX,220.0,1290.0,,,,0.376,2.164,204.2035,8.2,False
28T-0000000209-C,Bericevo - Krsko,ELES,Bericevo,Krsko,380.0,1920.0,,,,2.15,22.95,245.8999,80.4,False
28T-0000000210-Z,Bericevo - Krsko,ELES,Bericevo,Krsko,380.0,1920.0,,,,2.15,22.95,245.8999,80.4,False
28T-0000000195-U,Bericevo - Klece,ELES,Bericevo,Klece,220.0,960.0,,,,0.78,5.27,38.00006,13.19,False
28T-0000000208-F,Bericevo - Podlog,ELES,Bericevo,Podlog,380.0,1920.0,,,,1.53,16.35,177.4999,50.1,False
28T000000000300M,Cirkovce - Krsko,ELES,Cirkovce,Krsko,380.0,1920.0,,,,1.7669,18.454,205.259,57.83,False
28T-0000000200-2,Divaca - Klece,ELES,Divaca,Klece,220.0,960.0,,,,3.93,27.31,185.9998,66.32,False
28T-0000000205-O,Divaca - Bericevo,ELES,Divaca,Bericevo,380.0,1920.0,,,,2.33,24.86,269.8998,76.17,False
28T000000000303G,Maribor - Cirkovce,ELES,Maribor,Cirkovce,380.0,1920.0,,,,0.5667,5.9192,65.83489,18.41,False
28T000000000302I,Maribor - Cirkovce,ELES,Maribor,Cirkovce,380.0,1920.0,,,,0.5667,5.9192,65.83489,18.41,False
28T-0000000206-L,Okroglo - Bericevo,ELES,Okroglo,Bericevo,380.0,1600.0,,,,0.93,9.89,152.9,31.38,False
28T-0000000207-I,Okroglo - Bericevo,ELES,Okroglo,Bericevo,380.0,1600.0,,,,0.93,9.89,152.9,31.38,False
28T000000000301K,Podlog - Cirkovce,ELES,Podlog,Cirkovce,380.0,1920.0,,,,1.5912,17.116,18.96295,53.47,False
28T-0000000215-K,Podlog - Sostanj,ELES,Podlog,Sostanj,380.0,1680.0,,,,0.4017,4.2249,45.88012,12.96,False
28T-0000000196-R,Podlog - Bericevo,ELES,Podlog,Bericevo,220.0,960.0,,,,3.74,25.86,178.1,63.18,False
28T-0000000032-V,Maribor-Cirkovce,ELES,Maribor,Cirkovce,110.0,645.0,,,,1.29,7.089,54.37,,False
28T-0000000033-S,Maribor-Cirkovce,ELES,Maribor,Cirkovce,110.0,645.0,,,,2.15,7.423,51.82,,False
,Maribor-Cirkovce,ELES,Maribor,Cirkovce,110.0,1920.0,,,,0.7939,3.3739,0.0,,False
,Bericevo-Trbovlje,ELES,Bericevo,Trbovlje,110.0,640.0,,,,1.29,4.3661,0.0,,False
,Klece-Bericevo,ELES,Klece,Bericevo,110.0,2560.0,,,,0.4969,1.7144,0.0,,False
,Klece-Okroglo,ELES,Klece,Okroglo,110.0,2560.0,,,,0.7938,2.5304,0.0,,False
,Podlog-Maribor,ELES,Podlog,Maribor,110.0,640.0,,,,7.1445,24.113,0.0,,False
,Podlog-Maribor,ELES,Podlog,Maribor,110.0,1280.0,,,,3.9693,15.183,0.0,,False
,Trbovlje-Krsko,ELES,Trbovlje,Krsko,110.0,1280.0,,,,4.9617,17.316,0.0,,False
,Trbovlje-Podlog,ELES,Trbovlje,Podlog,110.0,1280.0,,,,1.7366,6.2021,0.0,,False
22T-BE-IN-LI0130,ACHENE – GRAMME 380.10,ELIA,ACHENE,GRAMME,380.0,,2238.88,1999.0,2350.824,1.143648,12.10361,141.4737,36.9,False
22T20211201A---V,ACHENE – ACHENE SNCB 380.200,ELIA,ACHENE,ACHENE SNCB,380.0,,2448.32,,,0.01444,0.1444,0.0,0.05,False
22T-BE-IN-LI006Y,Y – MERCATOR (– BRUEGHEL – VERBRANDE BRUG) 380.36,ELIA,Y – BUGGENHOUT 380kV,MERCATOR,380.0,,2448.32,,,0.3679,4.9459,55.02336,15.5,False
22T-BE-IN-LI0-52,Y – MERCATOR (– BRUEGHEL – VERBRANDE BRUG) 380.35,ELIA,Y – BUGGENHOUT 380kV,MERCATOR,380.0,,2238.88,1999.0,2350.824,0.590596,5.000572,58.59972,15.5,False
22T-BE-IN-LI006Y,Y – VERBRANDE BRUG (– BRUEGHEL – MERCATOR) 380.36,ELIA,Y – BUGGENHOUT 380kV,VERBRANDE BRUG,380.0,,2448.32,,,0.6728,7.1169,83.45842,21.7,False
22T-BE-IN-LI0-52,Y – VERBRANDE BRUG (– BRUEGHEL – MERCATOR) 380.35,ELIA,Y – BUGGENHOUT 380kV,VERBRANDE BRUG,380.0,,2597.28,1999.0,2350.824,0.658464,6.90954,83.45846,21.7,False
22T-BE-IN-LI014Z,Y – LILLO (– DOEL – MERCATOR) 380.51,ELIA,Y – LIEFKENSHOEK 380kV,LILLO,380.0,,3248.0000000000005,,,0.08862,0.9419041,8.056824,2.532,False
22T-BE-IN-LI014Z,Y – MERCATOR (– DOEL – LILLO) 380.51,ELIA,Y – LIEFKENSHOEK 380kV,MERCATOR,380.0,,2238.88,,,0.5275667,5.576057,65.61404,17.0,False
22T-BE-IN-LI015X,Y – LILLO (– DOEL – KALLO) 380.52,ELIA,Y – LIEFKENSHOEK 380kV,LILLO,380.0,,3248.0000000000005,,,0.087156,0.929664,7.969932,2.421,False
22T20161020---3A,Y – RODENHUIZE (– HORTA – MERCATOR) 380.74,ELIA,Y – RODENHUIZE 380kV,RODENHUIZE,380.0,,2601.0,,,0.01444,0.1444,0.0,0.2,False
22T20161020---2C,Y – RODENHUIZE (– HORTA – MERCATOR) 380.73,ELIA,Y – RODENHUIZE 380kV,RODENHUIZE,380.0,,2601.0,,,0.023,0.2303,0.0,0.319,False
22T20200610----Z,ALEGRO CONVERTOR STATION – LIXHE 380.115,ELIA,ALEGRO CONVERTOR STATION,LIXHE,380.0,,1591.0,,,0.0033,0.05,24.53406,0.335,False
22T20161020---48,Y – ANDRE DUMONT (– GRAMME – VAN EYCK) 380.12,ELIA,ANDRE DUMONT,Y – ZUTTENDAAL 380kV,380.0,,2240.0,,,0.20916,1.97757,22.96728,6.3,False
22T-BE-IN-LI0211,AUBANGE – BRUME 380.13,ELIA,AUBANGE,BRUME,380.0,,2448.32,,,3.549294,32.88316,379.3569,104.391,False
22T-BE-IN-LI037N,AUBANGE – HEINSCH 220.507,ELIA,AUBANGE,HEINSCH,220.0,,1190.5600000000002,,,1.603008,4.410208,48.97934,15.0,False
22T-BE-IN-LI039J,AUBANGE – ST-MARD 220.516,ELIA,AUBANGE,ST-MARD,220.0,,996.8000000000001,,,1.619948,8.397884,59.0,21.1,False
22T-BE-IN-LI035R,AUBANGE – VILLEROUX 220.506,ELIA,AUBANGE,VILLEROUX,220.0,,1190.5600000000002,,,4.011876,14.1599,154.157,47.2,False
22T201907101---C,AUBANGE – BELVAL 220.511,ELIA,AUBANGE,BELVAL,220.0,,1036.61,,,0.8818,6.1772,43.01818,1.0,False
22T-BE-IN-LI038L,Y – AUBANGE (– LATOUR – SAINT-MARD) 220.515,ELIA,AUBANGE,Y – LATOUR 220kV,220.0,,996.8000000000001,,,1.194028,6.169064,43.40083,15.5,False
22T20161020----I,AVELGEM – HORTA 380.101,ELIA,AVELGEM,HORTA,380.0,,4400.0,,,0.6749001,12.1879,147.3664,39.7,False
22T-BE-IN-LI043S,AVELGEM – IZEGEM 380.46,ELIA,AVELGEM,IZEGEM,380.0,,2448.32,,,0.706116,7.475587,87.64957,22.8,False
22T-BE-IN-LI042U,AVELGEM – IZEGEM 380.47,ELIA,AVELGEM,IZEGEM,380.0,,2448.32,,,0.706116,7.475587,87.64957,22.8,False
22T20161020---1E,AVELGEM – HORTA 380.102,ELIA,AVELGEM,HORTA,380.0,,4400.0,,,0.71325,12.16488,147.088,39.625,False
22T-BE-IN-LI025U,AWIRS – LE VAL 220.521,ELIA,AWIRS,LE VAL,220.0,,1223.0400000000002,,,0.330088,2.64022,18.64876,6.6,False
22T-BE-IN-LI026S,AWIRS – RIMIERE 220.535,ELIA,AWIRS,RIMIERE,220.0,,1093.1200000000001,,,0.4719,3.12906,20.06198,7.4,False
22T-BE-IN-LI033V,Q1 – BASTOGNE (– MARCOURT – RIMIERE – SENONCHAMPS – VILLEROUX) 220.501,ELIA,BASTOGNE,Y – SENONCHAMPS 220kV,220.0,,1190.5600000000002,,,0.130196,0.45012,4.900826,1.5,False
22T-BE-IN-LI024W,BERNEAU – JUPILLE 220.531,ELIA,BERNEAU,JUPILLE,220.0,,995.6800000000001,,,1.0859,6.5333,264.4665,17.802,False
22T-BE-IN-LI023Y,BERNEAU – LIXHE 220.541,ELIA,BERNEAU,LIXHE,220.0,,995.6800000000001,,,0.3274,1.9003,233.2001,6.42,False
22T-BE-IN-LI0025,BRUEGEL – COURCELLES 380.34,ELIA,BRUEGEL,COURCELLES,380.0,,2448.32,,,1.46566,15.51434,182.5997,47.3,False
22T-BE-IN-LI006Y,Y – BRUEGHEL (– MERCATOR – VERBRANDE BRUG) 380.36,ELIA,BRUEGEL,Y – BUGGENHOUT 380kV,380.0,,2448.32,,,0.499624,5.250384,61.80055,15.9,False
22T-BE-IN-LI0-52,Y – BRUEGHEL (– MERCATOR – VERBRANDE BRUG) 380.35,ELIA,BRUEGEL,Y – BUGGENHOUT 380kV,380.0,,2238.88,1999.0,2350.824,0.609368,5.110316,59.80055,15.9,False
22T-BE-IN-LI0017,Y – BRUEGHEL (– COURCELLES – DROGENBOS) 380.33,ELIA,BRUEGEL,Y – MEKINGEN 380kV,380.0,,2238.88,,,0.450528,4.625132,54.18005,14.0,False
22T20180112---2P,BRUME – CENTRALE COO 380.3,ELIA,BRUME,CENTRALE COO,380.0,,2238.88,,,0.062092,0.655576,7.720222,2.0,False
22T20180112---3N,BRUME – CENTRALE COO 380.4,ELIA,BRUME,CENTRALE COO,380.0,,2238.88,,,0.062092,0.655576,7.720222,2.0,False
22T-BE-IN-LI007W,BRUME – GRAMME 380.1,ELIA,BRUME,GRAMME,380.0,,2238.88,,,1.373244,14.52953,164.0,44.3,False
22T-BE-IN-LI008U,BRUME – GRAMME 380.2,ELIA,BRUME,GRAMME,380.0,,2600.6400000000003,,,1.373244,14.52953,170.3795,44.3,False
22T-BE-IN-LI034T,Y – BRUME (– HOUFFALIZE – VILLEROUX) 220.504,ELIA,BRUME,Y – HOUFFALIZE 220kV,220.0,,1393.2800000000002,,,1.622852,8.139912,96.23967,27.5,False
22T20211201E---B,BRUME – BRUME SNCB 220.600,ELIA,BRUME,BRUME SNCB,220.0,,1205.1200000000001,,,0.00484,0.0484,0.0,1.0,False
22T-BE-IN-LI0033,CHAMPION – COURCELLES 380.56,ELIA,CHAMPION,COURCELLES,380.0,,2448.32,,,1.367468,14.46455,170.2438,44.1,False
22T-BE-IN-LI0203,CHAMPION – GRAMME 380.32,ELIA,CHAMPION,GRAMME,380.0,,2448.32,2186.0,2570.7360000000003,0.999248,10.56142,124.2465,32.2,False
22T20180112---5J,COURCELLES – GOUY 380.58,ELIA,COURCELLES,GOUY,380.0,,2448.32,,,0.060648,0.590596,7.0,1.8,False
22T20180112---4L,COURCELLES – GOUY 380.57,ELIA,COURCELLES,GOUY,380.0,,2238.88,,,0.05054,0.560272,6.599723,1.7,False
22T-BE-IN-LI0017,Y – COURCELLES (– BRUEGHEL – DROGENBOS) 380.33,ELIA,COURCELLES,Y – MEKINGEN 380kV,380.0,,2238.88,,,1.029572,10.94985,128.1994,33.4,False
22T-BE-IN-LI019P,Y – COURCELLES (– GRAMME – TERGNEE) 380.31,ELIA,COURCELLES,Y – ST-AMAND 380kV,380.0,,2238.88,1999.0,2350.824,0.38988,4.131284,48.63573,12.6,False
22T-BE-IN-LI02AK,DOEL – ZANDVLIET 380.25,ELIA,DOEL,ZANDVLIET,380.0,,2238.88,1999.0,2350.824,0.242592,2.399928,24.0,6.8,False
22T-BE-IN-LI016V,DOEL – MERCATOR 380.54,ELIA,DOEL,MERCATOR,380.0,,2448.32,,,0.791,6.833,80.01839,21.971,False
22T20170512----9,DOEL – ZANDVLIET 380.26,ELIA,DOEL,ZANDVLIET,380.0,,2238.88,1999.0,2350.824,0.2257,2.6193,22.24043,6.839,False
22T-BE-IN-LI014Z,Y – DOEL (– LILLO – MERCATOR) 380.51,ELIA,DOEL,Y – LIEFKENSHOEK 380kV,380.0,,2240.0,,,0.164424,1.718496,20.19763,5.304,False
22T-BE-IN-LI015X,Y – DOEL (– LILLO – KALLO) 380.52,ELIA,DOEL,Y – LIEFKENSHOEK 380kV,380.0,,2240.0,,,0.164331,1.722825,20.19681,5.301,False
22T20180102----1,DOEL – MERCATOR 380.53,ELIA,DOEL,MERCATOR,380.0,,2448.32,,,0.6816,7.1894,84.29433,21.986,False
22T-BE-IN-LI0017,Y – DROGENBOS (– BRUEGHEL – COURCELLES) 380.33,ELIA,DROGENBOS,Y – MEKINGEN 380kV,380.0,,2448.32,,,0.319124,3.380404,39.61357,10.3,False
22T20180102---3U,EEKLO NOORD – HORTA 380.103,ELIA,EEKLO NOORD,HORTA,380.0,,5286.0,,,0.403598,4.264373,50.26697,13.0,False
22T20180102---3U,EEKLO NOORD – MAERLANT 380.103,ELIA,EEKLO NOORD,MAERLANT,380.0,,5286.0,,,0.2768,4.0655,79.59729,17.3,False
22T20180104---2K,GEZELLE – MAERLANT 380.107,ELIA,GEZELLE,MAERLANT,380.0,,2127.0,,,0.09045,2.24115,725.811,10.05,False
22T20180104---3I,GEZELLE – MAERLANT 380.108,ELIA,GEZELLE,MAERLANT,380.0,,2127.0,,,0.09045,2.2311,725.811,10.05,False
22T20180104---4G,GEZELLE – MAERLANT 380.109,ELIA,GEZELLE,MAERLANT,380.0,,2127.0,,,0.11055,2.211,725.811,10.05,False
22T20180104---5E,GEZELLE – MAERLANT 380.110,ELIA,GEZELLE,MAERLANT,380.0,,2127.0,,,0.11055,2.211,725.811,10.05,False
22T20180104---6C,GEZELLE – STEVIN 380.111,ELIA,GEZELLE,STEVIN,380.0,,5201.280000000001,,,0.132,1.8952,18.4192,8.0,False
22T20180104---7A,GEZELLE – STEVIN 380.112,ELIA,GEZELLE,STEVIN,380.0,,5201.280000000001,,,0.132,1.8952,18.4192,8.0,False
22T201908261---Z,GRAMME – TIHANGE 1 380.5,ELIA,GRAMME,TIHANGE 1,380.0,,2238.88,,,0.089528,0.9515961,11.19391,2.9,False
22T201908262---U,GRAMME – TIHANGE 1 380.6,ELIA,GRAMME,TIHANGE 1,380.0,,2238.88,,,0.089528,0.9515961,11.19391,2.9,False
22T20180112---6H,GRAMME – TIHANGE 2 380.17,ELIA,GRAMME,TIHANGE 2,380.0,,2448.32,,,0.080864,0.853404,10.04017,2.6,False
22T201908263---P,GRAMME – TIHANGE 3 380.18,ELIA,GRAMME,TIHANGE 3,380.0,,2448.32,,,0.102524,1.081556,12.73961,3.3,False
22T-BE-IN-LI044Q,GRAMME – RIMIERE 380.7,ELIA,GRAMME,RIMIERE,380.0,,2238.88,,,0.453416,4.788304,54.0,14.6,False
22T20161020---48,Y – GRAMME (– ANDRE DUMONT – VAN EYCK) 380.12,ELIA,GRAMME,Y – ZUTTENDAAL 380kV,380.0,,2240.0,,,1.84592,17.45284,202.6954,55.6,False
22T-BE-IN-LI018R,GRAMME – LIXHE 380.11,ELIA,GRAMME,LIXHE,380.0,,2297.24656,2051.113,2412.108888,3.0438,20.025,170.88,53.4,False
22T-BE-IN-LI019P,Y – GRAMME (– COURCELLES – TERGNEE) 380.31,ELIA,GRAMME,Y – ST-AMAND 380kV,380.0,,2238.88,1999.0,2350.824,1.74724,18.49908,217.8006,56.4,False
22T-BE-IN-LI036P,HEINSCH – VILLEROUX 220.505,ELIA,HEINSCH,VILLEROUX,220.0,,1190.5600000000002,,,3.433012,9.669836,108.4215,33.2,False
22T20230704----H,HEINSCH – HEINSCH SNCB 220.509,ELIA,HEINSCH,HEINSCH SNCB,220.0,,2601.0,,,0.025,0.2633,4.066062,1.0,False
22T20161020---3A,Y – HORTA (– MERCATOR – RODENHUIZE) 380.74,ELIA,HORTA,Y – RODENHUIZE 380kV,380.0,,4994.0,,,0.255564,4.54336,50.57328,14.198,False
22T20180104----Q,HORTA – MAERLANT 380.104,ELIA,HORTA,MAERLANT,380.0,,4994.0,,,0.434475,7.93641,115.831,28.965,False
22T20161020---2C,Y – HORTA (– MERCATOR – RODENHUIZE) 380.73,ELIA,HORTA,Y – RODENHUIZE 380kV,380.0,,5286.0,,,0.227168,4.500766,51.16959,14.198,False
22T-BE-IN-LI028O,JUPILLE – ROMSEE 220.534,ELIA,JUPILLE,ROMSEE,220.0,,881.44,,,0.45012,2.169772,13.0,5.0,False
22T-BE-IN-LI027Q,JUPILLE – RIMIERE 220.538,ELIA,JUPILLE,RIMIERE,220.0,,1223.0400000000002,,,1.05,8.1782,52.58258,20.193,False
22T20210615----W,JUPILLE – LIXHE 220.542,ELIA,JUPILLE,LIXHE,220.0,,995.6800000000001,,,1.5128,7.7936,54.45976,19.149,False
22T-BE-IN-LI015X,Y – KALLO (– DOEL – LILLO) 380.52,ELIA,KALLO,Y – LIEFKENSHOEK 380kV,380.0,,2240.0,,,0.1302,1.365,16.002,4.2,False
22T-BE-IN-LI015X,KALLO – MERCATOR 380.52,ELIA,KALLO,MERCATOR,380.0,,2240.0,,,0.4123,4.3225,50.673,13.3,False
22T20211201C---L,LA TROQUE – SERAING 220.524,ELIA,LA TROQUE,SERAING,220.0,,1176.0,,,0.1452,1.012528,7.033058,2.5,False
22T20211201D---G,LA TROQUE – SERAING 220.525,ELIA,LA TROQUE,SERAING,220.0,,1176.0,,,0.1452,1.012528,7.033058,2.5,False
22T-BE-IN-LI0300,LE VAL – RIMIERE 220.522,ELIA,LE VAL,RIMIERE,220.0,,1093.1200000000001,,,0.76714,5.29012,37.40083,13.4,False
22T-BE-IN-LI029M,LE VAL – SERAING 220.523,ELIA,LE VAL,SERAING,220.0,,1161.44,,,0.169884,1.169828,8.198347,2.9,False
22T20191001D---0,LILLO – ZANDVLIET 380.65,ELIA,LILLO,ZANDVLIET,380.0,,3430.0,,,0.306774,5.249244,65.41103,17.043,False
22T20191001C---5,LILLO – ZANDVLIET 380.66,ELIA,LILLO,ZANDVLIET,380.0,,2550.0,,,0.28368,4.85408,60.48688,15.76,False
22T-BE-IN-LI009S,LINT – MASSENHOVEN 380.61,ELIA,LINT,MASSENHOVEN,380.0,,2450.5600000000004,,,0.460636,4.560152,50.16759,14.06,False
22T20180112---7F,LINT – MERCATOR 380.59,ELIA,LINT,MERCATOR,380.0,,2448.69408,,,0.654132,6.919648,73.80055,21.1,False
22T-BE-IN-LI009S,LINT – MERCATOR 380.61,ELIA,LINT,MERCATOR,380.0,,2448.32,,,0.654132,6.919648,73.80055,21.1,False
22T20180102---2W,LIXHE – VAN EYCK 380.91,ELIA,LIXHE,VAN EYCK,380.0,,2240.0,2000.0,2352.0,2.069491,16.52588,192.9604,53.0,False
22T-BE-IN-LI0041,MASSENHOVEN – MEERHOUT 380.21,ELIA,MASSENHOVEN,MEERHOUT,380.0,,2448.32,,,1.2277,10.5,113.7277,32.309,False
22T-BE-IN-LI0106,MASSENHOVEN – MERCATOR 380.60,ELIA,MASSENHOVEN,MERCATOR,380.0,,2448.32,,,1.091664,11.54478,123.1994,35.0,False
22T-BE-IN-LI017T,MEERHOUT – VAN EYCK 380.23,ELIA,MEERHOUT,VAN EYCK,380.0,,3860.0,,,2.1808,18.709,202.0128,57.39,False
22T20220113----0,MEERHOUT – VAN EYCK 380.24,ELIA,MEERHOUT,VAN EYCK,380.0,,3894.0,,,2.1808,18.709,201.7832,57.39,False
22T20161020---3A,Y – MERCATOR (– HORTA – RODENHUIZE) 380.74,ELIA,MERCATOR,Y – RODENHUIZE 380kV,380.0,,4399.92,,,0.6150599,10.9344,121.7135,34.17,False
22T20161020---2C,Y – MERCATOR (– HORTA – RODENHUIZE) 380.73,ELIA,MERCATOR,Y – RODENHUIZE 380kV,380.0,,4700.0,,,0.6151,10.934,121.7135,34.17,False
22T2019092022004,OFFSHORE SWITCHYARD – STEVIN 220.4 O,ELIA,OFFSHORE SWITCHYARD (RENTEL),STEVIN,220.0,,1001.0,1001.0,1051.05,1.993884,4.570655,2884.342,40.87,False
22T2019092022012,OFFSHORE SWITCHYARD – STEVIN 220.11,ELIA,OFFSHORE SWITCHYARD,STEVIN,220.0,,1050.0,1050.0,1102.5,1.526982,4.09796,3122.743,40.917,False
22T20211201M---8,OFFSHORE SWITCHYARD – OFFSHORE WINDPARK 220.13,ELIA,OFFSHORE SWITCHYARD,OFFSHORE WINDPARK (SEASTAR),220.0,,1000.0,,,0.4046,0.9157,379.3661,6.94,False
22T20211201N---3,OFFSHORE SWITCHYARD – OFFSHORE WINDPARK 220.14,ELIA,OFFSHORE SWITCHYARD,OFFSHORE WINDPARK (MERMAID),220.0,,1000.0,,,1.2374,2.8004,1160.183,21.224,False
22T20211201O---Z,OFFSHORE SWITCHYARD – OFFSHORE WINDPARK 220.15,ELIA,OFFSHORE SWITCHYARD,OFFSHORE WINDPARK (NORTHWESTER II),220.0,,1001.0,,,0.35984,1.60544,1042.982,13.84,False
22T20190920220-6,OFFSHORE SWITCHYARD – STEVIN 220.5 O,ELIA,OFFSHORE SWITCHYARD,STEVIN,220.0,,1050.0,1050.0,1102.5,1.491977,4.176996,3129.521,40.866,False
22T20190920227-M,OFFSHORE SWITCHYARD – OFFSHORE SWITCHYARD 220.6 O,ELIA,OFFSHORE SWITCHYARD (RENTEL),OFFSHORE SWITCHYARD,220.0,,1050.0,1050.0,1102.5,0.1669963,0.4489998,326.2311,4.26,False
22T-BE-IN-LI034T,Y – VILLEROUX (– HOUFFALIZE – BRUME) 220.504,ELIA,Y – HOUFFALIZE 220kV,VILLEROUX,220.0,,1393.2800000000002,,,1.51008,7.530072,89.59917,25.5,False
22T-BE-IN-LI034T,Y – HOUFFALIZE (– BRUME – VILLEROUX) 220.504,ELIA,Y – HOUFFALIZE 220kV,HOUFFALIZE,220.0,,1393.2800000000002,,,0.017908,0.089056,1.061983,0.3,False
22T-BE-IN-LI038L,Y – SAINT-MARD (– AUBANGE – LATOUR) 220.515,ELIA,Y – LATOUR 220kV,ST-MARD,220.0,,996.8000000000001,,,0.43076,2.223012,15.68182,5.6,False
22T-BE-IN-LI038L,Y – LATOUR (– AUBANGE – SAINT-MARD) 220.515,ELIA,Y – LATOUR 220kV,LATOUR,220.0,,996.8000000000001,,,0.015004,0.07986,0.5619835,0.2,False
22T-BE-IN-LI033V,Q2 – MARCOURT (– BASTOGNE – RIMIERE – SENONCHAMPS – VILLEROUX) 220.501,ELIA,Y – MARCOURT 220kV,MARCOURT,220.0,,1190.5600000000002,,,0.05082,0.180048,1.958678,0.6,False
22T-BE-IN-LI033V,Q2 – RIMIERE (– BASTOGNE – MARCOURT – SENONCHAMPS – VILLEROUX) 220.501,ELIA,Y – MARCOURT 220kV,RIMIERE,220.0,,1190.5600000000002,,,3.230216,11.29995,124.1074,38.0,False
22T-BE-IN-LI033V,Q1 – Q2 (– BASTOGNE – MARCOURT – SENONCHAMPS – VILLEROUX) 220.501,ELIA,Y – MARCOURT 220kV,Y – SENONCHAMPS 220kV,220.0,,1190.5600000000002,,,2.280124,8.040208,87.52066,26.8,False
22T-BE-IN-LI031Z,Y – SERAING (– SERAING – SART-TILMAN) 220.530,ELIA,Y – SART-TILMAN 220kV,SERAING,220.0,,1161.44,,,0.3654,2.5515,17.7282,6.29,False
22T-BE-IN-LI033V,Q1 – VILLEROUX (– BASTOGNE – MARCOURT – RIMIERE – SENONCHAMPS) 220.501,ELIA,Y – SENONCHAMPS 220kV,VILLEROUX,220.0,,1190.5600000000002,,,0.630168,2.149928,8.491735,2.6,False
22T-BE-IN-LI019P,Y – TERGNEE (– COURCELLES – GRAMME) 380.31,ELIA,Y – ST-AMAND 380kV,TERGNEE,380.0,,2448.32,2186.0,2570.7360000000003,0.232484,2.460576,27.76039,7.5,False
22T-BE-IN-LI032X,RIMIERE – SERAING 220.533,ELIA,RIMIERE,SERAING,220.0,,1161.44,,,0.6639,4.62,31.80113,11.464,False
22T20211201I---S,ROMSEE – ROMSEE SNCB 220.536,ELIA,ROMSEE,ROMSEE SNCB,220.0,,11200.000000000002,,,0.00484,0.0484,0.0,1.0,False
22T20211201J---N,ROMSEE – ROMSEE SNCB 220.537,ELIA,ROMSEE,ROMSEE SNCB,220.0,,1318.2400000000002,,,0.00484,0.0484,0.0,1.0,False
22T-BE-IN-LI031Z,Y – ROMSEE (– SART-TILMAN – SERAING) 220.530,ELIA,ROMSEE,Y – SART-TILMAN 220kV,220.0,,1161.44,,,0.4763,3.3608,82.31757,8.821,False
22T20211201H---X,ROUVROY – ST-MARD 220.518,ELIA,ROUVROY,ST-MARD,220.0,,996.8000000000001,,,0.054208,0.280236,2.0,0.7,False
22T-BE-IN-LI031Z,Y – SART-TILMAN (– ROMSEE – SERAING) 220.530,ELIA,SART-TILMAN,Y – SART-TILMAN 220kV,220.0,,1300.0,,,0.0236,0.1672,1.52,0.4,False
22T20211201K---I,STEVIN – OFFSHORE WINDPARK 220.1 O,ELIA,STEVIN,OFFSHORE WINDPARK,220.0,,1005.0,,,1.768052,5.547124,2699.132,45.4,False
22T20211201L---D,STEVIN – OFFSHORE WINDPARK 220.3 O,ELIA,STEVIN,OFFSHORE WINDPARK,220.0,,1095.0,,,0.3332,2.990796,2445.416,28.0,False
22T20211201F---6,ST-MARD – ST-MARD SNCB 220.602,ELIA,ST-MARD,ST-MARD SNCB,220.0,,11200.000000000002,,,0.00484,0.0484,0.0,1.0,False
22T20211201G---1,ST-MARD – ST-MARD SNCB 220.601,ELIA,ST-MARD,ST-MARD SNCB,220.0,,11200.000000000002,,,0.00484,0.0484,0.0,1.0,False
22T20180112---8D,TIHANGE BIS – TIHANGE 2 380.15,ELIA,TIHANGE BIS,TIHANGE 2,380.0,,2600.6400000000003,,,0.0304,0.3137,3.804355,1.0,False
22T20161020---48,Y – VAN EYCK (– ANDRE DUMONT – GRAMME) 380.12,ELIA,VAN EYCK,Y – ZUTTENDAAL 380kV,380.0,,2238.88,,,0.7153,9.547701,114.3547,31.1,False
22T20230824----W,HEINSCH – HEINSCH SNCB 220.508,ELIA,HEINSCH,HEINSCH SNCB,220.0,,2601.0,,,0.025,0.263,4.062,1.0,False
31T-0000-A-00200,220 kV Brinje - VE Padene,HOPS,Brinje,VE Padene,220.0,815.0,,,,11.59,60.82,392.46,144.82,False
31T-0000-A-0023V,220 kV Konjsko - Bilice 271/1,HOPS,Konjsko,Bilice,220.0,780.0,,,,4.3,22.09,143.9,53.13,False
31T-0000-A-0024T,220 kV Konjsko - Bilice 271/2,HOPS,Konjsko,Bilice,220.0,780.0,,,,4.3,22.09,143.9,53.13,False
31T-0000-A-0008R,400 kV Konjsko - Velebit 419,HOPS,Konjsko,Velebit,380.0,1920.0,,,,3.22,33.6,354.46,100.827,False
31T-0000-A-0021Z,220 kV Konjsko - VE Padene,HOPS,Konjsko,VE Padene,220.0,780.0,,,,5.26,27.62,178.21,65.76,False
31T-0000-A-0009P,400 kV Melina - Velebit 434,HOPS,Melina,Velebit,380.0,1920.0,,,,5.88,61.08,629.38,178.8,False
31T-0000-A-0016S,220 kV Melina - Pehlin1 285,HOPS,Melina,Pehlin,220.0,815.0,,,,1.18,5.95,38.05,13.69,False
31T-0000-A-0017Q,220 kV Melina - Pehlin2 286/2,HOPS,Melina,Pehlin,220.0,960.0,,,,1.1,7.2,49.88,17.94,False
31T-0000-A-0018O,220 kV Melina - Senj 241,HOPS,Melina,Senj,220.0,1530.0,,,,3.72,23.98,148.21,55.24,False
31T-0000-A-0015U,220 kV Melina - Plomin 287,HOPS,Melina,Plomin,220.0,960.0,,,,3.72,25.6,178.37,64.16,False
31T-0000-A-0007T,220 kV Mraclin -Brinje 208,HOPS,Mraclin,Brinje,220.0,790.0,,,,7.07,37.7,414.66,117.8,False
31T-0000-A-0005X,220 kV Mraclin - TE Sisak 249,HOPS,Mraclin,TE Sisak,220.0,780.0,,,,3.56,18.44,120.12,44.0,False
31T-0000-A-0019M,220 kV Mraclin - TE Sisak2 222,HOPS,Mraclin,TE Sisak,220.0,780.0,,,,4.69,24.75,178.66,58.637,False
31T-0000-A-0014W,220 kV Pehlin - Plomin 284,HOPS,Pehlin,Plomin,220.0,960.0,,,,2.73,19.04,129.41,46.22,False
31T-0000-A-0013Y,220 kV Senj - Brinje 235,HOPS,Senj,Brinje,220.0,815.0,,,,1.24,6.66,41.62,15.53,False
31T-0000-A-0006V,220 kV TE Sisak - Meduric 246,HOPS,TE Sisak,Meduric,220.0,780.0,,,,3.64,18.45,122.85,45.0,False
31T-0000-A-00014,400 kV Tumbri - Melina 456,HOPS,Tumbri,Melina,380.0,1920.0,,,,3.98,30.98,448.8,127.56,False
31T-0000-A-0022X,220 kV Zakucac - Bilice 257,HOPS,Zakucac,Bilice,220.0,780.0,,,,6.22,30.75,202.5,75.2,False
31T-0000-A-00111,220 kV Zakucac - Konjsko 274,HOPS,Zakucac,Konjsko,220.0,1000.0,,,,1.56,10.87,67.54,24.92,False
31T-0000-A-00022,400 kV Zerjavinec - Ernestinovo 408,HOPS,Zerjavinec,Ernestinovo,380.0,1920.0,,,,7.17,76.29,816.28,231.2,False
31T-0000-A-0004Z,220 kV Zerjavinec - Mraclin 247,HOPS,Zerjavinec,Mraclin,220.0,780.0,,,,2.11,10.82,73.39,26.4,False
31T-0000-A-00030,400 kV Zerjavinec - Tumbri 477,HOPS,Zerjavinec,Tumbri,380.0,1920.0,,,,1.83,19.03,211.06,61.0,False
15T-M0000003237K,Albertirsa - God,MAVIR,Albertirsa,God,380.0,1886.7924528301885,2000.0,,,1.474,18.066,262.6371458401067,65.22,False
15T-M0000003425J,Albertirsa - Jozsa,MAVIR,Albertirsa,Jozsa,380.0,1886.7924528301885,2000.0,,,2.4697,47.4811,659.3260502088899,168.0,False
15T-M0000003238I,Albertirsa - Kerepes,MAVIR,Albertirsa,Kerepes,380.0,1886.7924528301885,2000.0,,,0.963,11.804,171.5309588860027,42.6,False
15T-M0000003351M,Albertirsa - Martonvasar,MAVIR,Albertirsa,Martonvasar,380.0,1886.7924528301885,2000.0,,,1.722,20.505,250.32210263803472,67.47,False
15T-M0000003335K,Albertirsa - Szigetcsep,MAVIR,Albertirsa,Szigetcsep,380.0,1886.7924528301885,2000.0,,,1.399,16.149,192.5796296650543,52.6,False
15T-M0000002902G,Albertirsa - Szolnok,MAVIR,Albertirsa,Szolnok,380.0,1886.7924528301885,2000.0,,,1.332,15.442,150.79644737231007,46.16,False
15T-M00000001283,Bekescsaba - Sandorfalva,MAVIR,Bekescsaba,Sandorfalva,380.0,1509.433962264151,1600.0,,,2.61,29.08,325.8774059568693,92.01,False
15T-M0000002903E,Bekescsaba - Szolnok,MAVIR,Bekescsaba,Szolnok,380.0,1886.7924528301885,2000.0,,,3.119,38.623,377.3052776961341,113.3,False
15T-M00000029351,Bicske Del - Gonyu,MAVIR,Bicske Del,Gonyu,380.0,1886.7924528301885,2000.0,,,3.088775,33.75835515047099,386.62828727731267,107.8,False
15T-M00000030240,Bicske Del - Martonvasar,MAVIR,Bicske Del,Martonvasar,380.0,1886.7924528301885,2000.0,,,0.51240525,5.740936573484124,129.84462999964862,24.54,False
15T-M0000003788K,Buj - Sajoszoged,MAVIR,Buj,Sajoszoged,380.0,1886.7924528301885,2000.0,,,1.3321,16.4651,206.4026373,55.22,False
15T-M000000245-R,Detk - Szolnok,MAVIR,Detk,Szolnok,220.0,849.0566037735848,900.0,,,3.69,27.09,172.47343668207964,64.5,False
15T-M0000000246Y,Detk - Zugló I.,MAVIR,Detk,Zuglo,220.0,688.6792452830189,820.0,,,7.1,30.92,221.1681228127214,92.61,False
15T-M0000000247W,Detk - Zugló II.,MAVIR,Detk,Zuglo,220.0,688.6792452830189,820.0,,,6.74,35.08,227.76546738525997,84.5,False
15T-M0000000303B,Dunamenti - Oroszlany,MAVIR,Dunamenti,Oroszlany,220.0,688.6792452830189,800.0,,,2.8184050000000003,21.142709778363802,196.95321649089843,60.2,False
15T-M0000000299D,Dunamenti - Martonvasar I.,MAVIR,Dunamenti,Martonvasar,220.0,1169.811320754717,1360.0,,,0.42,3.03,19.7920337176157,7.24,False
15T-M0000000300H,Dunamenti - Martonvasar II.,MAVIR,Dunamenti,Martonvasar,220.0,1169.811320754717,1360.0,,,0.42,3.03,19.7920337176157,7.26,False
15T-M0000000301F,Dunamenti - Ocsa I.,MAVIR,Dunamenti,Ocsa,220.0,1226.4150943396226,1460.0,,,1.69,8.78,103.98671683382216,28.29,False
15T-M0000000302D,Dunamenti - Ocsa II.,MAVIR,Dunamenti,Ocsa,220.0,1226.4150943396226,1460.0,,,1.69,8.78,103.98671683382216,28.23,False
15T-M0000000369I,Felsozsolca - Sajoivanka,MAVIR,Felsozsolca,Sajoivanka,380.0,1509.433962264151,1600.0,,,0.82,9.72,96.76,28.89,False
15T-M0000003239G,God - Kerepes,MAVIR,God,Kerepes,380.0,1886.7924528301885,2000.0,,,0.522,6.401,92.99114254625788,23.1,False
15T-M00000004029,God - Sajoszoged,MAVIR,God,Sajoszoged,380.0,1509.433962264151,1600.0,,,4.06,42.24,551.6636699703677,144.81,False
15T-M0000002407Q,God - Zuglo,MAVIR,God,Zuglo,220.0,566.0377358490566,600.0,,,1.64,6.89,69.11503837897546,20.95,False
15T-M000002791-J,Gonyu - Gyor,MAVIR,Gonyu,Gyor,380.0,1886.7924528301885,2000.0,,,0.424,4.628,53.092915845667505,14.8,False
15T-M00000004231,Gyor - Liter,MAVIR,Gyor,Liter,380.0,1886.7924528301885,2000.0,,,2.128695,24.47043088662656,253.1090433251449,74.3,False
15T-M00000004207,Gyor - Oroszlany,MAVIR,Gyor,Oroszlany,220.0,943.3962264150942,1000.0,,,1.4325,15.4462,174.13848078848227,48.9,False
15T-M0000002523O,Gyor - Szombathely,MAVIR,Gyor,Szombathely,380.0,1886.7924528301885,2000.0,,,3.11,35.2,322.3274062583128,112.7,False
15T-M00000004995,Heviz - Liter,MAVIR,Heviz,Liter,380.0,1886.7924528301885,2000.0,,,2.81,28.74,313.8451060936203,89.6,False
15T-M00000027650,Heviz - Szombathely 1,MAVIR,Heviz,Szombathely 1,380.0,1886.7924528301885,2000.0,,,2.23,24.42,278.40794096112745,77.8,False
15T-M0000002766Z,Heviz - Szombathely 2,MAVIR,Heviz,Szombathely 2,380.0,1886.7924528301885,2000.0,,,2.23,24.42,278.40794096112745,77.8,False
15T-M00000004979,Heviz - Toponar,MAVIR,Heviz,Toponar,380.0,1509.433962264151,1600.0,,,3.23,33.13,361.91147369354417,103.79,False
15T-M0000003052W,Jozsa - Sajoszoged,MAVIR,Jozsa,Sajoszoged,380.0,1886.7924528301885,2000.0,,,1.6611365,19.626036980522187,192.48472305727037,58.08,False
15T-M0000000692B,Kisvarda - Sajoszoged,MAVIR,Kisvarda,Sajoszoged,220.0,566.0377358490566,600.0,,,7.16,40.57,258.55307539044,96.41,False
15T-M0000000780E,Liter - Martonvasar,MAVIR,Liter,Martonvasar,380.0,1886.7924528301885,2000.0,,,2.03,24.3,236.24776754995247,71.1,False
15T-M0000000781C,Liter - Paks,MAVIR,Liter,Paks,380.0,1886.7924528301885,2000.0,,,4.72,32.89,318.557495074005,96.57,False
15T-M0000003193E,Martonvasar - Perkata,MAVIR,Martonvasar,Perkata,380.0,1886.7924528301885,2000.0,,,0.6944,11.0587,133.64335148370978,36.42,False
15T-M0000003336I,Martonvasar - Szigetcsep,MAVIR,Martonvasar,Szigetcsep,380.0,1886.7924528301885,2000.0,,,0.452,5.767,73.82742735936014,19.5,False
15T-M0000004163I,Mezocsat - Szolnok,MAVIR,Mezocsat,Szolnok,220.0,566.0377358490566,600.0,,,7.292,43.04,225.9,95.7,False
15T-M0000002266I,Paks - Pecs 1,MAVIR,Paks,Pecs 1,380.0,1886.7924528301885,2000.0,,,2.384,25.607,233.10617489636263,81.63,False
15T-M0000002267G,Paks - Pecs 2,MAVIR,Paks,Pecs 2,380.0,1886.7924528301885,2000.0,,,2.384,25.607,233.10617489636263,81.63,False
15T-M0000003194C,Paks - Perkata,MAVIR,Paks,Perkata,380.0,1886.7924528301885,2000.0,,,1.13,17.9973,217.49245940802138,59.27,False
15T-M00000010193,Paks - Sandorfalva,MAVIR,Paks,Sandorfalva,380.0,1509.433962264151,1600.0,,,3.21,37.99,372.90704798110846,112.32,False
15T-M0000001020I,Paks - Toponar,MAVIR,Paks,Toponar,380.0,1509.433962264151,1600.0,,,2.63,30.79,308.1902393171587,91.9,False
15T-M0000001128Z,Sajoszoged - Tiszalok,MAVIR,Sajoszoged,Tiszalok,220.0,566.0377358490566,600.0,,,2.37,12.57,79.79645340118074,29.9,False
15T-M00000002433,Sajoszoged - Detk I.,MAVIR,Sajoszoged,Detk,220.0,566.0377358490566,600.0,,,6.04,26.86,254.4690049407732,78.0,False
15T-M00000002441,Sajoszoged - Detk II.,MAVIR,Sajoszoged,Detk,220.0,566.0377358490566,600.0,,,5.65,29.44,190.69467407290043,70.7,False
15T-M0000000370X,Sajoszoged - Felsozsolca I.,MAVIR,Sajoszoged,Felsozsolca,380.0,1509.433962264151,1600.0,,,0.72,8.45,84.19,25.17,False
15T-M0000000371V,Sajoszoged - Felsozsolca II.,MAVIR,Sajoszoged,Felsozsolca,380.0,1509.433962264151,1600.0,,,0.72,8.44,84.19,25.12,False
15T-M0000004164G,Sajoszoged - Mezocsat,MAVIR,Sajoszoged,Mezocsat,220.0,566.0377358490566,600.0,,,1.484,8.76,49.64,19.48,False
15T-M0000003424L,Szabolcsbaka - Jozsa,MAVIR,Szabolcsbaka,Jozsa,380.0,1886.7924528301885,2000.0,,,1.2002,22.9991,318.96590211897177,81.32,False
15T-M0000003787M,Szabolcsbaka - Buj,MAVIR,Szabolcsbaka,Buj,380.0,1886.7924528301885,2000.0,,,1.102,13.1612,163.2685702,43.89,False
15T-M0000001254U,Szolnok - Szeged,MAVIR,Szolnok,Szeged,220.0,566.0377358490566,600.0,,,6.52,47.92,195.7,113.85,False
15T-M0000004360G,Ocsa - Kerepes,MAVIR,Ocsa,Kerepes,220.0,1226.4150943396226,1460.0,,,2.02,10.96,119.7,34.22,False
15T-M00000043583,Kerepes - Zuglo I.,MAVIR,Kerepes,Zuglo,220.0,1226.4150943396226,1460.0,,,1.09,5.52,69.12,18.45,False
15T-M00000043591,Kerepes - Zuglo II.,MAVIR,Kerepes,Zuglo,220.0,1226.4150943396226,1460.0,,,1.09,5.52,69.12,18.45,False
19T110000006711L,ABRAMOWICE-STALOWA WOLA,PSE,ABRAMOWICE,STALOWA WOLA,220.0,799.5283018867924,895.0,675.0,990.0,5.9919,36.61,226.9835,85.7,False
19T110000006712J,ABRAMOWICE-MOKRE,PSE,ABRAMOWICE,MOKRE,220.0,799.5283018867924,895.0,675.0,990.0,5.1788,32.08,223.657,78.5,False
19T1100000067179,ABRAMOWICE-PULAWY,PSE,ABRAMOWICE,PULAWY,220.0,889.1509433962264,995.0,750.0,1100.0,3.1799,23.28,150.2066,55.3,False
19T110000006768T,ADAMOW-KONIN,PSE,ADAMOW,KONIN,220.0,846.6981132075472,935.0,760.0,1010.0,3.3783,18.102,112.8719,42.0,False
19T110000006769R,ADAMOW-KONIN,PSE,ADAMOW,KONIN,220.0,1084.9056603773583,1200.0,970.0,1250.0,2.1102,15.498,103.9256,37.5,False
19T1100000067535,ANIOLOW-JOACHIMOW,PSE,ANIOLOW,JOACHIMOW,220.0,606.132075471698,705.0,405.0,830.0,1.0116,6.292,41.3636,15.1,False
19T1100000064595,BIERUN-BYCZYNA,PSE,BIERUN,BYCZYNA,220.0,738.2075471698113,825.0,625.0,910.0,1.089,6.8922,54.2562,16.6,False
19T110000006749X,BIERUN-KOMOROWICE,PSE,BIERUN,KOMOROWICE,220.0,554.2452830188679,645.0,370.0,760.0,5.4305,34.238,239.0702,84.5,False
19T000000000482S,BLACHOWNIA-WIELOPOLE,PSE,BLACHOWNIA,WIELOPOLE,220.0,948.1132075471697,1060.0,805.0,1170.0,2.8701,19.81,149.0702,50.8,False
19T110000006723E,BOGUCHWALA-CHMIELOW,PSE,BOGUCHWALA,CHMIELOW,220.0,849.0566037735848,900.0,805.0,1170.0,3.8188,28.401,185.6405,67.9,False
19T1100000064498,BOGUSZOW-SWIEBODZICE,PSE,BOGUSZOW,SWIEBODZICE,220.0,712.2641509433962,830.0,475.0,980.0,1.0696,7.8311,52.5,19.0,False
19T000000000338Z,BUJAKOW-BYCZYNA,PSE,BUJAKOW,BYCZYNA,220.0,948.1132075471697,1060.0,805.0,1170.0,2.5023,18.808,123.2851,44.4,False
19T110000006757Y,BUJAKOW-PORABKA-ZAR,PSE,BUJAKOW,PORABKA-ZAR,220.0,712.2641509433962,830.0,475.0,980.0,0.4114,3.0589,19.2355,7.2,False
19T110000006758W,BUJAKOW-PORABKA-ZAR,PSE,BUJAKOW,PORABKA-ZAR,220.0,712.2641509433962,830.0,475.0,980.0,0.4114,2.9621,19.9174,7.2,False
19T1100000064692,BUJAKOW-KOMOROWICE,PSE,BUJAKOW,KOMOROWICE,220.0,1075.4716981132076,1190.0,960.0,1200.0,0.7599,5.4305,38.3058,13.5,False
19T110000006440Q,BYCZYNA-SKAWINA,PSE,BYCZYNA,SKAWINA,220.0,738.2075471698113,825.0,625.0,910.0,3.9688,20.822,131.5702,47.7,False
19T110000006441O,BYCZYNA-SKAWINA,PSE,BYCZYNA,SKAWINA,220.0,738.2075471698113,825.0,625.0,910.0,3.9688,20.822,131.5702,47.7,False
19T110000006460K,BYCZYNA-POREBA,PSE,BYCZYNA,POREBA,220.0,799.5283018867924,895.0,675.0,990.0,2.0909,13.6,101.0537,33.4,False
19T110000006461I,BYCZYNA-JAMKI,PSE,BYCZYNA,JAMKI,220.0,676.8867924528302,785.0,460.0,920.0,1.602,11.601,90.3512,28.3,False
19T110000006463E,BYCZYNA-SIERSZA,PSE,BYCZYNA,SIERSZA,220.0,1075.4716981132076,1190.0,960.0,1200.0,0.8809,6.1904,51.1983,15.7,False
19T110000006462G,BYCZYNA-KOKSOCHEMIA,PSE,BYCZYNA,KOKSOCHEMIA,220.0,712.2641509433962,830.0,475.0,980.0,1.6698,12.129,94.8554,29.8,False
19T110000006464C,BYCZYNA-SIERSZA,PSE,BYCZYNA,SIERSZA,220.0,1075.4716981132076,1190.0,960.0,1200.0,0.8809,6.2,52.7273,15.8,False
19T000000006389P,BYCZYNA-TUCZNAWA,PSE,BYCZYNA,TUCZNAWA,380.0,1132.0754716981132,1200.0,950.0,1200.0,0.816,9.584,102.2,29.3,False
19T110000006455D,BYDGOSZCZ ZACHOD-PILA KRZEWINA,PSE,BYDGOSZCZ ZACHOD,PILA KRZEWINA,220.0,1415.0943396226414,1500.0,1500.0,1500.0,2.3184,24.21,325.0207,82.8,False
19T110000006456B,BYDGOSZCZ ZACHOD-PILA KRZEWINA,PSE,BYDGOSZCZ ZACHOD,PILA KRZEWINA,220.0,1415.0943396226414,1500.0,1500.0,1500.0,2.3184,24.219,325.2066,82.8,False
19T110000006778Q,BYDGOSZCZ ZACHOD-JASINIEC,PSE,BYDGOSZCZ ZACHOD,JASINIEC,220.0,712.2641509433962,830.0,475.0,720.0,0.8809,10.072,109.8554,31.725,False
19T1100000067195,CHELM-MOKRE,PSE,CHELM,MOKRE,220.0,566.0377358490566,600.0,475.0,600.0,3.388,24.868,167.0248,60.3,False
19T110000006725A,CHMIELOW-POLANIEC,PSE,CHMIELOW,POLANIEC,220.0,948.1132075471697,1060.0,805.0,1170.0,2.7007,19.66,134.1116,49.4,False
19T1100000067276,CHMIELOW-STALOWA WOLA,PSE,CHMIELOW,STALOWA WOLA,220.0,948.1132075471697,1060.0,805.0,1170.0,2.7394,20.551,130.7025,48.7,False
19T110000006448A,CIEPLICE-BOGUSZOW,PSE,CIEPLICE,BOGUSZOW,220.0,712.2641509433962,830.0,475.0,980.0,2.4878,18.518,122.5826,44.3,False
19T0000000013147,CZARNA-MIKULOWA,PSE,CZARNA,MIKULOWA,380.0,2150.943396226415,2380.0,1920.0,2580.0,3.264,39.552,507.7375,132.1,False
19T0000000013155,CZARNA-PASIKUROWICE,PSE,CZARNA,PASIKUROWICE,380.0,2150.943396226415,2380.0,1920.0,2400.0,2.736,28.14,284.1,83.4,False
19T000000006416B,CZARNA-POLKOWICE,PSE,CZARNA,POLKOWICE,380.0,2264.1509433962265,2400.0,2280.0,2400.0,0.656,6.928,90.7625,23.4,False
19T0000000064179,CZARNA-POLKOWICE,PSE,CZARNA,POLKOWICE,380.0,2264.1509433962265,2400.0,2280.0,2400.0,0.656,6.928,90.7188,23.4,False
19T110000006759U,CZECZOT-MOSZCZENICA,PSE,CZECZOT,MOSZCZENICA,220.0,606.132075471698,705.0,405.0,830.0,3.7607,19.98,132.0455,48.0,False
19T110000006766X,CZERWONAK-PATNOW,PSE,CZERWONAK,PATNOW,220.0,948.1132075471697,1060.0,805.0,1170.0,5.3482,39.238,264.9587,95.0,False
19T110000006447C,CZERWONAK-PLEWISKA,PSE,CZERWONAK,PLEWISKA,220.0,948.1132075471697,1060.0,805.0,1170.0,1.7182,12.618,84.6281,30.56,False
19T000000000377P,DOBRZEN-PASIKUROWICE,PSE,DOBRZEN,PASIKUROWICE,380.0,1509.433962264151,1700.0,1230.0,1900.0,3.056,32.4,339.8813,98.2,False
19T0000000063911,DOBRZEN-PASIKUROWICE,PSE,DOBRZEN,PASIKUROWICE,380.0,1886.7924528301885,2000.0,1845.0,2000.0,3.104,32.976,431.5188,111.3,False
19T000000006412J,DOBRZEN-WROCLAW,PSE,DOBRZEN,WROCLAW,380.0,1886.7924528301885,2000.0,1200.0,1200.0,2.544,27.024,353.5187,91.3,False
19T0000000013252,DUNOWO-SLUPSK,PSE,DUNOWO,SLUPSK,380.0,1415.0943396226414,1500.0,950.0,1500.0,2.096,24.768,257.2,73.1,False
19T000000000489E,ELK-OSTROLEKA,PSE,ELK,OSTROLEKA,220.0,679.2452830188679,720.0,475.0,720.0,5.1691,38.41,251.1364,91.9,False
19T0000000013325,GDANSK-GDANSK-BLONIA,PSE,GDANSK,GDANSK-BLONIA,380.0,1132.0754716981132,1200.0,950.0,1200.0,0.688,7.872,85.3813,24.3,False
19T110000006432P,GDANSK PRZYJAZN-ZYDOWO KIERZKOWO,PSE,GDANSK PRZYJAZN,ZYDOWO KIERZKOWO,380.0,2504.7169811320755,2760.0,2280.0,2970.0,3.264,33.424,456.6375,120.2,False
19T110000006430T,GDANSK PRZYJAZN-GDANSK-BLONIA,PSE,GDANSK PRZYJAZN,GDANSK-BLONIA,380.0,1424.5283018867924,1660.0,950.0,1200.0,0.688,8.528,112.0,28.9,False
19T1100000064676,GDANSK PRZYJAZN-PELPLIN,PSE,GDANSK PRZYJAZN,PELPLIN,380.0,2801.9811320754716,3000.0,2560.0,3000.0,1.024,12.928,192.0625,44.0,False
19T1100000064684,GDANSK PRZYJAZN-PELPLIN,PSE,GDANSK PRZYJAZN,PELPLIN,380.0,2801.9811320754716,3000.0,2560.0,3000.0,1.008,12.88,192.0188,44.0,False
19T000000006395U,GDANSK-BLONIA-OLSZTYN-MATKI,PSE,GDANSK-BLONIA,OLSZTYN-MATKI,380.0,1132.0754716981132,1200.0,950.0,1200.0,3.84,44.72,471.3,136.4,False
19T000000006406E,GLINKI-KRAJNIK,PSE,GLINKI,KRAJNIK,220.0,712.2641509433962,830.0,475.0,980.0,2.7491,19.418,145.3099,48.8,False
19T1100000067721,GLINKI-POLICE,PSE,GLINKI,POLICE,220.0,712.2641509433962,830.0,475.0,980.0,0.5082,3.5477,25.9917,9.0,False
19T000000006405G,GORZOW-KRAJNIK,PSE,GORZOW,KRAJNIK,220.0,712.2641509433962,830.0,475.0,980.0,5.1401,38.188,249.6901,91.3,False
19T000000006413H,GORZOW-LESNIOW,PSE,GORZOW,LESNIOW,220.0,948.1132075471697,1060.0,805.0,1170.0,5.1207,37.568,252.1281,91.0,False
19T000000000448S,GROSZOWICE-ZABKOWICE,PSE,GROSZOWICE,ZABKOWICE,220.0,893.8679245283018,1005.0,735.0,1120.0,5.2901,39.528,258.0579,94.8,False
19T000000000291Z,GRUDZIADZ-PLOCK,PSE,GRUDZIADZ,PLOCK,380.0,1787.1698113207547,2000.0,1470.0,2000.0,3.472,40.208,419.3625,121.5,False
19T0000000013260,GRUDZIADZ-GDANSK-BLONIA,PSE,GRUDZIADZ,GDANSK-BLONIA,380.0,1665.0943396226414,1890.0,1640.0,1890.0,3.584,41.696,439.4,127.2,False
19T110000006439B,HALEMBA-KOPANINA,PSE,HALEMBA,KOPANINA,220.0,948.1132075471697,1060.0,805.0,1170.0,0.7018,4.8787,35.5165,12.4,False
19T110000006783X,HALEMBA-T HAL-BYC,PSE,HALEMBA,T HAL-BYC,220.0,948.1132075471697,1060.0,805.0,1170.0,1.1519,8.0683,58.8017,20.4,False
19T1100000067551,HUTA CZESTOCHOWA-WRZOSOWA,PSE,HUTA CZESTOCHOWA,WRZOSOWA,220.0,889.1509433962264,995.0,750.0,1100.0,0.2807,2.0183,14.1322,5.0,False
19T1100000067624,JAMKI-LAGISZA,PSE,JAMKI,LAGISZA,220.0,554.2452830188679,645.0,370.0,760.0,0.8276,4.719,28.7397,10.9,False
19T110000006693Y,JANOW-PIOTRKOW,PSE,JANOW,PIOTRKOW,220.0,893.8679245283018,1005.0,735.0,1120.0,2.2119,16.219,108.3678,39.2,False
19T110000006695U,JANOW-ROGOWIEC,PSE,JANOW,ROGOWIEC,220.0,799.5283018867924,885.0,910.0,1110.0,4.4722,24.452,159.0702,58.7,False
19T110000006705G,JANOW-ZGIERZ,PSE,JANOW,ZGIERZ,220.0,853.3018867924528,943.0,768.0,1020.0,2.3184,12.928,82.314,30.6,False
19T110000006706E,JANOW-PABIANICE,PSE,JANOW,PABIANICE,220.0,799.5283018867924,885.0,710.0,960.0,1.3891,8.0876,50.9711,19.0,False
19T0000000004504,JASINIEC-PATNOW,PSE,JASINIEC,PATNOW,220.0,834.9056603773585,940.0,680.0,1050.0,8.14,43.12,268.46,100.6,False
19T110000006777S,JASINIEC-GRUDZIADZ,PSE,JASINIEC,GRUDZIADZ,220.0,679.2452830188679,720.0,475.0,720.0,2.2796,21.93,270.2479,73.7,False
19T110000006799I,JASINIEC-GRUDZIADZ,PSE,JASINIEC,GRUDZIADZ,380.0,2122.6415094339623,2250.0,2250.0,2250.0,2.112,21.344,303.6375,73.7,False
14T-220-0-002027,JOACHIMOW-ROGOWIEC,PSE,JOACHIMOW,ROGOWIEC,220.0,889.1509433962264,995.0,750.0,1100.0,4.448,32.021,215.9504,78.1,False
19T110000006684Z,JOACHIMOW-ROGOWIEC,PSE,JOACHIMOW,ROGOWIEC,220.0,712.2641509433962,830.0,475.0,980.0,3.9785,28.111,201.5289,70.6,False
19T110000006687T,JOACHIMOW-KIELCE,PSE,JOACHIMOW,KIELCE,220.0,799.5283018867924,895.0,675.0,990.0,5.8903,35.511,218.0372,82.7,False
19T110000006689P,JOACHIMOW-ROGOWIEC,PSE,JOACHIMOW,ROGOWIEC,380.0,1886.7924528301885,2000.0,1610.0,2000.0,2.192,25.104,273.4,78.0,False
19T110000006748Z,JOACHIMOW-LOSNICE,PSE,JOACHIMOW,LOSNICE,220.0,712.2641509433962,830.0,530.0,980.0,1.8876,13.779,92.9339,33.5,False
19T1100000067543,JOACHIMOW-HUTA CZESTOCHOWA,PSE,JOACHIMOW,HUTA CZESTOCHOWA,220.0,1014.1509433962264,1120.0,910.0,1210.0,0.6679,4.7916,32.7273,11.8,False
19T1100000067446,KATOWICE-LAGISZA,PSE,KATOWICE,LAGISZA,220.0,948.1132075471697,1060.0,805.0,1170.0,0.939,6.8486,46.0744,16.7,False
19T000000006408A,KATOWICE-KOPANINA,PSE,KATOWICE,KOPANINA,220.0,948.1132075471697,1060.0,805.0,1170.0,1.8586,13.17,93.3264,32.9,False
19T1100000067632,KEDZIERZYN-GROSZOWICE,PSE,KEDZIERZYN,GROSZOWICE,220.0,948.1132075471697,1060.0,805.0,1170.0,2.7588,20.338,133.6983,49.0,False
19T110000006733B,KIELCE-ROZKI,PSE,KIELCE,ROZKI,220.0,740.0943396226414,828.0,626.0,915.0,6.021,31.499,186.9421,72.2,False
19T1100000067357,KIELCE-RADKOWICE,PSE,KIELCE,RADKOWICE,220.0,712.2641509433962,830.0,475.0,980.0,1.1906,8.8378,57.8099,21.1,False
19T1100000067373,KIELCE-KIELCE PIASKI,PSE,KIELCE,KIELCE PIASKI,220.0,679.2452830188679,720.0,675.0,720.0,1.1713,7.41,46.4669,17.2,False
19T110000006740E,KIELCE PIASKI-RADKOWICE,PSE,KIELCE PIASKI,RADKOWICE,220.0,948.1132075471697,1060.0,730.0,1170.0,1.1858,8.8185,61.7355,21.0,False
19T1100000067527,KLIKOWA-LUBOCZA,PSE,KLIKOWA,LUBOCZA,220.0,702.8301886792452,790.0,580.0,880.0,5.6676,30.4,182.0248,69.9,False
19T1100000067616,KOKSOCHEMIA-LOSNICE,PSE,KOKSOCHEMIA,LOSNICE,220.0,712.2641509433962,830.0,475.0,980.0,1.5294,11.51,72.8719,27.2,False
19T1100000067705,KONIN-PATNOW,PSE,KONIN,PATNOW,220.0,948.1132075471697,1060.0,805.0,1170.0,0.2904,1.6988,11.4669,4.1,False
19T1100000067713,KONIN-PATNOW,PSE,KONIN,PATNOW,220.0,948.1132075471697,1060.0,805.0,1170.0,0.2904,1.6988,11.4669,4.1,False
19T0000000003508,KOPANINA-WIELOPOLE,PSE,KOPANINA,WIELOPOLE,220.0,948.1132075471697,1060.0,805.0,1170.0,1.5198,10.45,79.3182,27.9,False
19T000000006424C,KOZIENICE-STANISLAWOW,PSE,KOZIENICE,STANISLAWOW,380.0,2504.7169811320755,2760.0,2280.0,2970.0,2.864,31.856,422.1,108.2,False
19T0000000063717,KOZIENICE-SIEDLCE UJRZANOW,PSE,KOZIENICE,SIEDLCE UJRZANOW,380.0,2504.7169811320755,2760.0,2280.0,2970.0,2.576,27.136,357.7812,98.8,False
19T110000006713H,KOZIENICE-PULAWY,PSE,KOZIENICE,PULAWY,220.0,948.1132075471697,1060.0,805.0,1170.0,2.6281,18.068,137.7686,46.7,False
19T110000006715D,KOZIENICE-PULAWY,PSE,KOZIENICE,PULAWY,220.0,948.1132075471697,1060.0,805.0,1170.0,2.6281,18.068,137.7686,46.7,False
19T1100000067292,KOZIENICE-ROZKI c.1,PSE,KOZIENICE,ROZKI,220.0,894.3396226415094,1005.0,890.0,1005.0,2.9911,21.069,158.0372,53.1,False
19T110000006731F,KOZIENICE-ROZKI c.2,PSE,KOZIENICE,ROZKI,220.0,738.6792452830189,825.0,740.0,825.0,2.9911,21.069,158.0372,53.1,False
19T110000006793U,KOZIENICE-LUBLIN SYSTEMOWA,PSE,KOZIENICE,LUBLIN SYSTEMOWA,380.0,943.3962264150942,1000.0,950.5,1000.0,2.72,31.632,333.6625,96.5,False
19T110000006796O,KOZIENICE-OSTROWIEC,PSE,KOZIENICE,OSTROWIEC,380.0,1424.5283018867924,1660.0,950.0,1960.0,2.944,34.224,361.0625,104.5,False
19T000000006404I,KRAJNIK-MORZYCZYN,PSE,KRAJNIK,MORZYCZYN,220.0,893.8679245283018,1005.0,735.0,1120.0,2.27,16.872,110.2893,40.3,False
19T0000000013236,KRAJNIK-MORZYCZYN,PSE,KRAJNIK,MORZYCZYN,380.0,1896.2264150943395,2120.0,1470.0,2240.0,1.168,13.744,143.2625,41.5,False
19T0000000013244,KRAJNIK-PLEWISKA,PSE,KRAJNIK,PLEWISKA,380.0,1886.7924528301885,2000.0,1610.0,2000.0,5.968,69.504,732.5,212.0,False
19T0000000013171,KROMOLICE-OSTROW c.1,PSE,KROMOLICE,OSTROW WLKP,380.0,1698.1132075471696,1800.0,1800.0,1800.0,3.136,32.816,443.0375,112.5,False
19T0000000013228,KROMOLICE-PLEWISKA c.1,PSE,KROMOLICE,PLEWISKA,380.0,1886.7924528301885,2000.0,1845.0,2000.0,0.864,8.992,121.4188,30.8,False
19T000000006415D,KROMOLICE-PLEWISKA c.2,PSE,KROMOLICE,PLEWISKA,380.0,2186.320754716981,2445.0,1845.0,2700.0,0.864,8.992,121.4188,30.8,False
19T1100000067438,LAGISZA-BLACHOWNIA,PSE,LAGISZA,BLACHOWNIA,220.0,554.2452830188679,645.0,370.0,760.0,5.2901,28.401,174.4421,66.1,False
19T0000000013139,LAGISZA-TUCZNAWA,PSE,LAGISZA,TUCZNAWA,380.0,1886.7924528301885,2000.0,1610.0,2000.0,0.704,7.856,91.0375,25.0,False
19T0000000064195,LESZNO-PLEWISKA,PSE,LESZNO,PLEWISKA,220.0,799.5283018867924,895.0,675.0,990.0,4.5206,26.088,179.4008,64.0,False
19T000000001293Q,LOMZA SYSTEMOWA-OSTROLEKA 1,PSE,LOMZA SYSTEMOWA,OSTROLEKA,380.0,2504.7169811320755,2760.0,2280.0,2970.0,1.04,11.184,142.4375,37.3,False
19T000000001294O,LOMZA SYSTEMOWA-OSTROLEKA 2,PSE,LOMZA SYSTEMOWA,OSTROLEKA,380.0,2504.7169811320755,2760.0,2280.0,2970.0,1.04,11.184,142.4375,37.3,False
19T0000000063741,LOMZA SYSTEMOWA-ELK BIS,PSE,LOMZA SYSTEMOWA,ELK BIS,380.0,2504.7169811320755,2760.0,2280.0,2970.0,2.336,24.672,323.1813,83.3,False
19T000000006376Y,LOMZA SYSTEMOWA-ELK BIS,PSE,LOMZA SYSTEMOWA,ELK BIS,380.0,2504.7169811320755,2760.0,2280.0,2970.0,2.336,24.688,323.3813,83.4,False
19T000000001299E,LOMZA SYSTEMOWA-NAREW,PSE,LOMZA SYSTEMOWA,NAREW,380.0,1415.0943396226414,1500.0,1500.0,1500.0,2.24,24.256,303.0,80.0,False
14T-220-0-00208W,LOSNICE-KIELCE,PSE,LOSNICE,KIELCE,220.0,554.2452830188679,645.0,370.0,760.0,7.3084,40.869,242.1074,93.5,False
19T1100000067608,LOSNICE-SIERSZA,PSE,LOSNICE,SIERSZA,220.0,754.7169811320755,850.0,615.0,950.0,2.8508,16.969,108.1612,40.1,False
19T110000006765Z,LUBOCZA-WANDA,PSE,LUBOCZA,WANDA,220.0,702.8301886792452,790.0,580.0,880.0,1.0309,6.4808,44.4215,15.9,False
19T000000000369O,MIKULOWA-POLKOWICE c.1,PSE,MIKULOWA,POLKOWICE,220.0,1014.1509433962264,1120.0,910.0,1210.0,5.0288,43.478,235.9917,89.3,False
19T0000000003702,MIKULOWA-POLKOWICE c.2,PSE,MIKULOWA,POLKOWICE,220.0,1014.1509433962264,1120.0,910.0,1210.0,5.0288,43.478,235.9917,89.3,False
19T0000000003710,MIKULOWA-SWIEBODZICE c.1,PSE,MIKULOWA,SWIEBODZICE,220.0,754.7169811320755,850.0,615.0,950.0,7.0422,39.349,274.3595,97.6,False
19T000000000372Z,MIKULOWA-SWIEBODZICE c.2,PSE,MIKULOWA,SWIEBODZICE,220.0,754.7169811320755,850.0,615.0,950.0,7.0422,39.349,274.3595,97.6,False
19T000000000378N,MIKULOWA-CIEPLICE,PSE,MIKULOWA,CIEPLICE,220.0,893.8679245283018,1005.0,735.0,1120.0,2.8895,21.649,139.1529,51.3,False
19T000000000382W,MIKULOWA-LESNIOW,PSE,MIKULOWA,LESNIOW,220.0,1084.9056603773583,1200.0,970.0,1220.0,6.0016,44.741,324.7727,107.0,False
19T110000006437F,MIKULOWA-PASIKUROWICE,PSE,MIKULOWA,PASIKUROWICE,380.0,2264.1509433962265,2400.0,2000.0,2000.0,3.568,43.584,599.9,150.9,False
19T110000006688R,MILOSNA-KOZIENICE,PSE,MILOSNA,KOZIENICE,380.0,2358.490566037736,2500.0,2500.0,2500.0,1.52,21.64,286.6,71.8,False
19T000000000486K,MILOSNA-OSTROLEKA,PSE,MILOSNA,OSTROLEKA,220.0,893.8679245283018,1005.0,735.0,1120.0,7.54,56.64,358.06,126.2,False
19T000000006393Y,MILOSNA-OLTARZEW,PSE,MILOSNA,OLTARZEW,380.0,1132.0754716981132,1200.0,950.0,1200.0,2.112,24.48,265.0375,75.3,False
19T000000006422G,MOKRE-ZAMOSC,PSE,MOKRE,ZAMOSC,220.0,799.5283018867924,895.0,675.0,990.0,1.4617,9.7284,63.4091,23.2,False
14T-220-0-002205,MORY-KOZIENICE,PSE,MORY,KOZIENICE,220.0,1469.4339622641508,1585.1,1455.0,1600.0,7.0712,37.428,263.1198,93.2,False
19T110000006694W,MORY-PODOLSZYCE,PSE,MORY,PODOLSZYCE,220.0,712.2641509433962,830.0,475.0,980.0,6.1081,45.138,295.9298,108.6,False
19T110000006700Q,MORY-OLTARZEW,PSE,MORY,OLTARZEW,220.0,1075.4716981132076,1190.0,960.0,1250.0,0.6486,4.8013,31.405,11.5,False
19T110000006803G,MORY-PRAGA,PSE,MORY,PRAGA,220.0,712.2641509433962,830.0,475.0,980.0,1.8,13.381,87.52,32.0,False
19T110000006704I,MORY-PIASECZNO,PSE,MORY,PIASECZNO,220.0,1179.245283018868,1250.0,1195.0,1250.0,1.8489,12.269,87.6446,30.8,False
19T000000000299J,MORZYCZYN-DUNOWO,PSE,MORZYCZYN,DUNOWO,380.0,1424.5283018867924,1660.0,950.0,1960.0,3.6,42.352,441.3375,127.9,False
19T110000006453H,MORZYCZYN-POLICE,PSE,MORZYCZYN,POLICE,220.0,712.2641509433962,830.0,475.0,980.0,3.5719,26.339,245.0413,64.1,False
19T110000006774Y,MORZYCZYN-RECLAW,PSE,MORZYCZYN,RECLAW,220.0,712.2641509433962,830.0,380.0,980.0,4.1237,30.661,214.6281,0.0,False
19T110000006791Y,MOSCISKA-MILOSNA,PSE,MOSCISKA,MILOSNA,380.0,1424.5283018867924,1660.0,950.0,1960.0,1.76,20.336,220.0375,62.6,False
19T110000006454F,MOSZCZENICA-WIELOPOLE,PSE,MOSZCZENICA,WIELOPOLE,220.0,712.2641509433962,830.0,475.0,980.0,2.2022,15.28,114.2769,39.1,False
19T1100000067810,OLSZTYN MATKI-OLSZTYN,PSE,OLSZTYN MATKI,OLSZTYN,220.0,1075.4716981132076,1190.0,960.0,1200.0,0.3678,3.7704,51.7769,14.2,False
19T110000006699M,OLTARZEW-JANOW,PSE,OLTARZEW,JANOW,220.0,889.1509433962264,995.0,750.0,1100.0,5.7402,43.149,261.5909,99.9,False
19T110000006701O,OLTARZEW-MORY,PSE,OLTARZEW,MORY,220.0,1014.1509433962264,1120.0,910.0,1210.0,0.5711,4.2689,25.8264,9.9,False
19T110000006788N,OLTARZEW-PLOCK,PSE,OLTARZEW,PLOCK,380.0,1424.5283018867924,1660.0,950.0,1960.0,2.688,31.536,329.1812,95.3,False
19T000000006394W,OLTARZEW-MOSCISKA,PSE,OLTARZEW,MOSCISKA,380.0,1424.5283018867924,1660.0,950.0,1960.0,0.384,4.544,49.1187,14.0,False
19T000000000456T,OSTROLEKA-OLSZTYN,PSE,OSTROLEKA,OLSZTYN,220.0,1075.4716981132076,1190.0,960.0,1290.0,3.4316,34.582,329.5248,123.5,False
19T000000006369V,OSTROLEKA-OLSZTYN-MATKI,PSE,OSTROLEKA,OLSZTYN-MATKI,380.0,2264.1509433962265,2400.0,2280.0,2400.0,3.696,37.856,527.7188,136.1,False
19T1100000066903,OSTROW WLKP-ROGOWIEC,PSE,OSTROW WLKP,ROGOWIEC,380.0,1886.7924528301885,2000.0,1840.0,2000.0,3.52,37.664,479.4625,125.4,False
19T1100000066911,OSTROW WLKP-TREBACZEW,PSE,OSTROW WLKP,TREBACZEW,380.0,2075.4716981132074,2300.0,1840.0,2500.0,3.648,39.248,496.4,130.5,False
19T110000006794S,OSTROWIEC-POLANIEC,PSE,OSTROWIEC,POLANIEC,380.0,1424.5283018867924,1660.0,950.0,1960.0,1.856,20.8,211.6,62.2,False
14T-221-0-00206Q,PABIANICE-ADAMOW,PSE,PABIANICE,ADAMOW,220.0,799.5283018867924,895.0,675.0,990.0,5.1594,30.792,190.3512,72.0,False
19T110000006696S,PABIANICE-ROGOWIEC 1,PSE,PABIANICE,ROGOWIEC,220.0,1075.4716981132076,1190.0,990.0,1250.0,2.8314,19.491,147.9545,50.2,False
19T110000006698O,PABIANICE-ROGOWIEC 2,PSE,PABIANICE,ROGOWIEC,220.0,1075.4716981132076,1190.0,990.0,1290.0,2.8314,19.491,147.9545,50.2,False
19T000000006421I,PASIKUROWICE-OSTROW WLKP,PSE,PASIKUROWICE,OSTROW WLKP,380.0,1886.7924528301885,2000.0,1610.0,2000.0,2.176,25.584,262.2812,77.0,False
19T000000000449Q,PATNOW-WLOCLAWEK AZOTY,PSE,PATNOW,WLOCLAWEK AZOTY,220.0,754.7169811320755,850.0,615.0,950.0,5.4111,32.481,195.9091,75.0,False
19T110000006438D,PATNOW-JASINIEC,PSE,PATNOW,JASINIEC,380.0,2830.188679245283,3000.0,2397.0,3000.0,2.416,30.256,397.5625,101.0,False
19T110000006797M,PATNOW-KROMOLICE,PSE,PATNOW,KROMOLICE,380.0,2185.6603773584907,2444.0,1845.0,2500.0,2.208,23.536,308.4812,79.395,False
19T110000006798K,PATNOW-KROMOLICE,PSE,PATNOW,KROMOLICE,380.0,2185.6603773584907,2444.0,1845.0,2500.0,2.208,23.536,308.4812,79.545,False
19T110000006465A,PELPLIN-GRUDZIADZ,PSE,PELPLIN,GRUDZIADZ,380.0,2801.9811320754716,3000.0,2560.0,3000.0,1.6,19.952,284.1187,75.0,False
19T1100000064668,PELPLIN-GRUDZIADZ,PSE,PELPLIN,GRUDZIADZ,380.0,2801.9811320754716,3000.0,2560.0,3000.0,1.6,19.856,282.4187,75.0,False
19T1100000066830,PIASECZNO-KOZIENICE,PSE,PIASECZNO,KOZIENICE,220.0,1238.2075471698113,1345.0,1195.0,1410.0,5.808,35.579,251.1983,88.8,False
19T000000006387T,PILA KRZEWINA-PLEWISKA,PSE,PILA KRZEWINA,PLEWISKA,220.0,754.7169811320755,850.0,615.0,950.0,2.178,26.702,367.2727,92.37,False
19T110000006707C,PIOTRKOW-ROGOWIEC,PSE,PIOTRKOW,ROGOWIEC,220.0,1040.0,1154.9,920.0,1200.0,1.9312,14.041,99.3388,33.8,False
19T110000006767V,PLEWISKA-POZNAN PLD,PSE,PLEWISKA,POZNAN PLD,220.0,554.3396226415094,645.2,370.0,720.0,1.1277,7.9521,48.1198,4.8,False
19T000000001285P,PLOCK-ROGOWIEC,PSE,PLOCK,ROGOWIEC,380.0,1787.1698113207547,2000.0,1470.0,2000.0,5.728,66.624,711.7625,203.7,False
14T-220-0-00207Y,PODOLSZYCE-PATNOW,PSE,PODOLSZYCE,PATNOW,220.0,712.2641509433962,830.0,475.0,980.0,6.9502,51.928,332.2521,123.4,False
14T-220-0-002221,POLANIEC-KLIKOWA,PSE,POLANIEC,KLIKOWA,220.0,1179.245283018868,1250.0,1250.0,1250.0,1.8005,20.918,223.9256,64.0,False
19T000000006396S,POLANIEC-TARNOW,PSE,POLANIEC,TARNOW,380.0,1415.0943396226414,1500.0,950.0,1250.0,2.704,31.2,337.5625,96.0,False
19T110000006710N,POLANIEC-RADKOWICE,PSE,POLANIEC,RADKOWICE,220.0,948.1132075471697,1060.0,805.0,1170.0,4.3802,32.539,212.7273,77.8,False
19T110000006721I,POLANIEC-CHMIELOW,PSE,POLANIEC,CHMIELOW,220.0,712.2641509433962,830.0,475.0,980.0,1.5924,12.129,90.7025,30.7,False
19T110000006795Q,POLANIEC-KIELCE,PSE,POLANIEC,KIELCE,380.0,1424.5283018867924,1660.0,950.0,1960.0,3.488,40.576,428.6188,124.0,False
19T000000006420K,POLANIEC-RZESZOW,PSE,POLANIEC,RZESZOW,380.0,1759.4339622641508,1990.0,1410.0,2000.0,1.68,17.968,176.2188,52.6,False
19T0000000064098,POLKOWICE-PLEWISKA,PSE,POLKOWICE,PLEWISKA,220.0,799.5283018867924,895.0,675.0,990.0,8.4022,53.09,336.1157,116.5,False
19T000000006410N,POLKOWICE-LESZNO,PSE,POLKOWICE,LESZNO,220.0,799.5283018867924,895.0,675.0,990.0,4.5399,29.49,184.5868,64.4,False
19T000000006414F,POLKOWICE-ZUKOWICE,PSE,POLKOWICE,ZUKOWICE,220.0,943.3962264150942,1000.0,805.0,1000.0,1.1422,8.4506,55.2893,20.1,False
19T1100000067470,POREBA-CZECZOT,PSE,POREBA,CZECZOT,220.0,799.5283018867924,895.0,675.0,990.0,1.0406,7.168,51.9421,18.1,False
19T110000006804E,PRAGA-MILOSNA,PSE,PRAGA,MILOSNA,220.0,712.2641509433962,830.0,475.0,980.0,1.352,10.049,66.0,24.0,False
19T1100000067098,PULAWY-ROZKI,PSE,PULAWY,ROZKI,220.0,606.132075471698,705.0,405.0,830.0,5.1014,29.771,192.2727,70.8,False
19T110000006775W,RECLAW-GLINKI,PSE,RECLAW,GLINKI,220.0,712.2641509433962,830.0,475.0,980.0,2.6572,19.742,138.1818,47.482,False
19T110000006789L,ROGOWIEC-OLTARZEW,PSE,ROGOWIEC,OLTARZEW,380.0,1787.1698113207547,2000.0,1470.0,2000.0,5.072,58.88,630.5813,180.2,False
19T110000006792W,ROGOWIEC-TREBACZEW,PSE,ROGOWIEC,TREBACZEW,380.0,1886.7924528301885,2000.0,1840.0,2000.0,1.216,13.904,150.5625,42.8,False
19T110000006444I,ROKITNICA-LAGISZA,PSE,ROKITNICA,LAGISZA,380.0,1886.7924528301885,2000.0,1610.0,2000.0,1.184,13.328,150.2188,41.8,False
19T110000006445G,RZESZOW-TARNOW,PSE,RZESZOW,TARNOW,380.0,1132.0754716981132,1200.0,950.0,1200.0,2.416,28.112,301.1812,86.1,False
19T000000006400Q,RZESZOW-SKAWINA,PSE,RZESZOW,SKAWINA,380.0,1424.5283018867924,1660.0,950.0,1960.0,5.296,61.152,664.1375,188.5,False
19T000000001304A,RZESZOW-KROSNO ISKRZYNIA,PSE,RZESZOW,KROSNO ISKRZYNIA,380.0,1424.5283018867924,1660.0,950.0,1960.0,1.904,22.848,229.1625,67.7,False
19T000000006425A,SIEDLCE UJRZANOW-NAREW,PSE,SIEDLCE UJRZANOW,NAREW,380.0,1132.0754716981132,1200.0,950.0,1200.0,5.296,61.072,684.5812,190.9,False
19T0000000064268,SIEDLCE UJRZANOW-STANISLAWOW,PSE,SIEDLCE UJRZANOW,STANISLAWOW,380.0,1424.5283018867924,1660.0,950.0,1960.0,2.832,33.072,418.1812,109.6,False
19T110000006750B,SIERSZA-LUBOCZA,PSE,SIERSZA,LUBOCZA,220.0,893.8679245283018,1005.0,735.0,1120.0,2.9088,20.401,148.5744,51.7,False
19T1100000067519,SIERSZA-LUBOCZA,PSE,SIERSZA,LUBOCZA,220.0,893.8679245283018,1005.0,735.0,1120.0,2.9088,20.401,148.5744,51.7,False
19T1100000067462,SKAWINA-KLIKOWA,PSE,SKAWINA,KLIKOWA,220.0,738.2075471698113,825.0,625.0,910.0,7.652,40.249,236.6529,91.8,False
19T1100000067640,SKAWINA-WANDA,PSE,SKAWINA,WANDA,220.0,738.2075471698113,825.0,625.0,910.0,2.2119,12.182,74.9587,28.4,False
19T000000006397Q,SKAWINA-BYCZYNA,PSE,SKAWINA,BYCZYNA,380.0,1424.5283018867924,1660.0,950.0,1960.0,1.568,18.048,197.5813,55.8,False
19T000000006398O,SKAWINA-TUCZNAWA,PSE,SKAWINA,TUCZNAWA,380.0,1424.5283018867924,1660.0,950.0,1960.0,2.384,27.472,298.2,84.6,False
19T000000001328X,SLUPSK-ZARNOWIEC,PSE,SLUPSK,ZARNOWIEC,380.0,1415.0943396226414,1500.0,950.0,1500.0,2.4,28.288,293.4,87.5,False
19T110000006685X,SOCHACZEW-KONIN,PSE,SOCHACZEW,KONIN,220.0,712.2641509433962,830.0,475.0,980.0,8.2183,60.302,404.3388,146.3,False
19T110000006702M,SOCHACZEW-OLTARZEW,PSE,SOCHACZEW,OLTARZEW,220.0,712.2641509433962,830.0,475.0,980.0,1.9989,14.931,96.1983,35.6,False
19T0000000063814,STANISLAWOW-MILOSNA c.1,PSE,STANISLAWOW,MILOSNA,380.0,1886.7924528301885,2000.0,1920.0,2000.0,0.56,6.416,69.9375,19.8,False
19T0000000063822,STANISLAWOW-MILOSNA c.2,PSE,STANISLAWOW,MILOSNA,380.0,1886.7924528301885,2000.0,1920.0,2000.0,0.56,6.48,69.8375,19.9,False
19T000000000315A,SWIEBODZICE-ZABKOWICE,PSE,SWIEBODZICE,ZABKOWICE,220.0,712.2641509433962,830.0,475.0,980.0,2.512,18.76,179.5041,45.3,False
19T000000001320C,SWIEBODZICE-WROCLAW,PSE,SWIEBODZICE,WROCLAW,380.0,1886.7924528301885,2000.0,1200.0,1200.0,1.2,12.496,168.8375,43.3,False
19T110000006782Z,T HAL-BYĆ-BYCZYNA,PSE,T HAL-BYĆ,BYCZYNA,220.0,948.1132075471697,1060.0,805.0,1170.0,0.9293,6.5292,58.843,16.6,False
19T110000006784V,T HAL-BYĆ-LAGISZA,PSE,T HAL-BYĆ,LAGISZA,220.0,948.1132075471697,1060.0,805.0,1170.0,1.3504,9.7623,66.1983,23.9,False
19T110000006786R,T JOA-LAG-LAGISZA,PSE,T JOA-LAG,LAGISZA,220.0,1014.1509433962264,1120.0,750.0,1100.0,2.5991,19.912,120.8264,46.1,False
19T110000006787P,T JOA-LAG-JOACHIMOW,PSE,T JOA-LAG,JOACHIMOW,220.0,1014.1509433962264,1120.0,580.0,880.0,0.36,2.5797,17.5,6.3,False
19T000000000296P,TARNOW-KROSNO ISKRZYNIA,PSE,TARNOW,KROSNO ISKRZYNIA,380.0,1886.7924528301885,2000.0,1920.0,2000.0,2.304,23.136,320.0813,82.0,False
19T000000006399M,TARNOW-SKAWINA,PSE,TARNOW,SKAWINA,380.0,1424.5283018867924,1660.0,950.0,1960.0,2.784,32.144,350.2812,99.2,False
19T1100000067802,TORUN ELANA-GRUDZIADZ,PSE,TORUN ELANA,GRUDZIADZ,220.0,679.2452830188679,720.0,475.0,720.0,2.691,20.318,127.2314,47.8,False
19T110000006442M,TREBACZEW-DOBRZEN,PSE,TREBACZEW,DOBRZEN,380.0,1212.264150943396,1410.0,810.0,1660.0,5.68,57.872,599.3375,175.1,False
19T110000006443K,TREBACZEW-JOACHIMOW,PSE,TREBACZEW,JOACHIMOW,380.0,1212.264150943396,1410.0,810.0,1660.0,1.936,19.84,205.5188,59.7,False
19T0000000064292,TUCZNAWA-ROGOWIEC,PSE,TUCZNAWA,ROGOWIEC,380.0,1886.7924528301885,2000.0,1610.0,2000.0,3.744,43.264,468.2375,133.1,False
19T000000000469K,WIELOPOLE-KEDZIERZYN,PSE,WIELOPOLE,KEDZIERZYN,220.0,948.1132075471697,1060.0,805.0,1170.0,2.3619,16.272,123.1612,41.9,False
19T000000006388R,WIELOPOLE-JOACHIMOW,PSE,WIELOPOLE,JOACHIMOW,380.0,1886.7924528301885,2000.0,1610.0,2000.0,3.856,44.512,481.7,137.0,False
19T0000000064284,WIELOPOLE-DOBRZEN,PSE,WIELOPOLE,DOBRZEN,380.0,1886.7924528301885,2000.0,1610.0,2000.0,3.408,38.912,423.4,120.9,False
19T000000006407C,WIELOPOLE-ROKITNICA,PSE,WIELOPOLE,ROKITNICA,380.0,1886.7924528301885,2000.0,1610.0,2000.0,1.472,16.992,183.7812,52.3,False
19T110000006776U,WLOCLAWEK AZOTY-OLSZTYN,PSE,WLOCLAWEK AZOTY,OLSZTYN,220.0,606.132075471698,705.0,405.0,720.0,13.112,77.401,539.7727,181.9,False
19T110000006779O,WLOCLAWEK AZOTY-TORUN ELANA,PSE,WLOCLAWEK AZOTY,TORUN ELANA,220.0,712.2641509433962,830.0,475.0,900.0,3.5719,26.552,192.5207,63.5,False
19T110000006785T,WRZOSOWA-T JOA-LAG,PSE,WRZOSOWA,T JOA-LAG,220.0,1075.4716981132076,1190.0,750.0,1100.0,0.3194,2.4297,15.2893,5.7,False
19T0000000013317,ZARNOWIEC-GDANSK,PSE,ZARNOWIEC,GDANSK,380.0,1132.0754716981132,1200.0,950.0,1200.0,1.52,17.584,190.4375,54.1,False
19T110000006431R,ZARNOWIEC-GDANSK PRZYJAZN,PSE,ZARNOWIEC,GDANSK PRZYJAZN,380.0,1424.5283018867924,1660.0,1360.0,1660.0,1.392,17.568,230.8375,59.4,False
19T110000006686V,ZGIERZ-ADAMOW,PSE,ZGIERZ,ADAMOW,220.0,740.566037735849,828.0,654.0,915.0,6.3114,33.27,208.5537,78.3,False
19T000000006411L,ZUKOWICE-LESNIOW,PSE,ZUKOWICE,LESNIOW,220.0,712.2641509433962,830.0,475.0,980.0,3.722,27.54,179.1942,66.2,False
19T000000006402M,ZYDOWO KIERZKOWO-GDANSK,PSE,ZYDOWO KIERZKOWO,GDANSK,220.0,606.132075471698,705.0,405.0,720.0,4.5883,39.78,455.8264,127.7,False
19T110000006434L,ZYDOWO KIERZKOWO-SLUPSK,PSE,ZYDOWO KIERZKOWO,SLUPSK,380.0,1415.0943396226414,1500.0,1500.0,1500.0,1.424,16.928,245.5625,60.8,False
19T110000006435J,ZYDOWO KIERZKOWO-SLUPSK,PSE,ZYDOWO KIERZKOWO,SLUPSK,380.0,1415.0943396226414,1500.0,1500.0,1500.0,1.424,16.896,254.4187,60.8,False
19T1100000068078,DUNOWO-ZYDOWO KIERZKOWO,PSE,DUNOWO,ZYDOWO KIERZKOWO,220.0,905.6603773584906,960.0,890.0,960.0,6.31,33.27,208.56,78.3,False
17T000000015268T,LIT 225kV N0 1 AIRVAULT-BONNEAU,RTE,AIRVAULT,BONNEAU,220.0,1080.1886792452829,1145.0,,,3.064,20.35,239.62,52.792,False
17T000000015269R,LIT 225kV N0 1 AIRVAULT-JUMEAUX (LES),RTE,AIRVAULT,JUMEAUX (LES),220.0,1352.830188679245,1434.0,,,0.33,2.212,15.866,5.507,False
17T-FR-00000044Z,LIT 400kV N0 1 ALBERTVILLE - COCHE (LA),RTE,ALBERTVILLE,COCHE (LA),380.0,2561.320754716981,2715.0,,,0.694,9.818,63.864,22.583,False
17T-FR-00000057Q,LIT 400kV N0 1 ALBERTVILLE - GRANDE-ILE,RTE,ALBERTVILLE,GRANDE-ILE,380.0,3529.2452830188677,3741.0,,,0.739,11.29,169.156,40.744,False
17T-FR-00000047T,LIT 400kV N0 1 ALBERTVILLE-MONTAGNY-LES-LANCHES,RTE,ALBERTVILLE,MONTAGNY-LES-LANCHES,380.0,2356.6037735849054,2498.0,,,1.265,12.616,139.45,37.517,False
17T-FR-00000058O,LIT 400kV N0 2 ALBERTVILLE - GRANDE-ILE,RTE,ALBERTVILLE,GRANDE-ILE,380.0,3529.2452830188677,3741.0,,,0.74,11.298,169.282,40.775,False
17T-FR-00000064T,LIT 400kV N0 3 ALBERTVILLE - GRANDE-ILE,RTE,ALBERTVILLE,GRANDE-ILE,380.0,2054.7169811320755,2178.0,,,1.665,18.949,127.516,44.337,False
17T-FR-00000048R,LIT 225kV N0 1 ALBERTVILLE-CHAVANOD,RTE,ALBERTVILLE,CHAVANOD,220.0,700.0,742.0,,,4.46,17.21,120.0,42.135,False
17T000000015311H,LIT 225kV N0 1 ALBERTVILLE-CONTAMINE,RTE,ALBERTVILLE,CONTAMINE,220.0,721.6981132075472,765.0,,,2.352,10.043,70.716,24.925,False
17T000000015312F,LIT 225kV N0 1 ALBERTVILLE-LONGEFAN,RTE,ALBERTVILLE,LONGEFAN,220.0,721.6981132075472,765.0,,,4.486,17.749,122.892,43.669,False
17T000000015313D,LIT 225kV N0 1 ALBERTVILLE-MALGOVERT,RTE,ALBERTVILLE,MALGOVERT,220.0,721.6981132075472,765.0,,,3.54,16.64,110.0,40.633,False
17T0000000153159,LIT 225kV N0 1 ALBERTVILLE-VENTHON-POSTE,RTE,ALBERTVILLE,VENTHON-POSTE,220.0,576.4150943396226,611.0,,,0.39,1.58,10.0,3.79,False
17T000000015397I,LIT 225kV N0 1 ALLINGES-CORNIER,RTE,ALLINGES,CORNIER,220.0,1101.8867924528302,1168.0,,,2.42,14.488,107.984,36.996,False
17T000000015398G,LIT 225kV N0 2 ALLINGES-CORNIER,RTE,ALLINGES,CORNIER,220.0,1101.8867924528302,1168.0,,,2.42,14.474,108.052,36.992,False
17T0000000157103,LIT 225kV N0 1 ANOULD-ETIVAL,RTE,ANOULD,ETIVAL,220.0,1193.3962264150944,1265.0,,,2.888,19.202,136.054,47.62,False
17T000000015750S,LIT 225kV N0 1 AOSTE-BISSY,RTE,AOSTE,BISSY,220.0,577.3584905660377,612.0,,,2.398,10.316,66.82,24.49,False
17T0000000157859,LIT 225kV N0 1 AQUEDUCS (LES)-CIROLLIERS,RTE,AQUEDUCS (LES),CIROLLIERS,220.0,1084.9056603773583,1150.0,,,0.549,3.644,26.52,9.163,False
17T0000000157875,LIT 225kV N0 2 AQUEDUCS (LES)-CIROLLIERS,RTE,AQUEDUCS (LES),CIROLLIERS,220.0,1309.433962264151,1388.0,,,0.551,3.674,26.512,9.206,False
17T0000000157883,LIT 225kV N0 3 AQUEDUCS (LES) - CIROLLIERS,RTE,AQUEDUCS (LES),CIROLLIERS,220.0,1309.433962264151,1388.0,,,0.552,3.677,26.592,9.219,False
17T000000015865B,LIT 225kV N0 1 ARDOISE (L )-MOTTE (LA) (VILLENEUVE-LES-AVIGNON,RTE,ARDOISE (L ),MOTTE (LA) (VILLENEUVE-LES-AVIGNON),220.0,1132.0754716981132,1200.0,,,0.933,5.916,150.93,15.768,False
17T0000000158677,LIT 225kV N0 1 ARDOISE (L )-TAVEL,RTE,ARDOISE (L ),TAVEL,220.0,1310.377358490566,1389.0,,,0.649,4.346,31.182,10.819,False
17T0000000158685,LIT 225kV N0 2 ARDOISE (L )-TAVEL,RTE,ARDOISE (L ),TAVEL,220.0,1310.377358490566,1389.0,,,0.649,4.346,31.182,10.815,False
17T0000000158693,LIT 225kV N0 3 ARDOISE (L ) - TAVEL,RTE,ARDOISE (L ),TAVEL,220.0,1310.377358490566,1389.0,,,0.648,4.319,31.088,10.612,False
17T000000015873C,LIT 225kV N0 1 ARENC-BELLE-DE-MAI,RTE,ARENC,BELLE-DE-MAI,220.0,603.7735849056603,640.0,,,0.251,0.483,140.516,2.88,False
17T-FR-00000037W,LIT 400kV N0 1 ARGIA (BAYONNE SUD) - CANTEGRIT,RTE,ARGIA (BAYONNE SUD),CANTEGRIT,380.0,2264.1509433962265,2400.0,,,2.608,29.184,280.504,83.807,False
17T-FR-00000062X,LIT 225kV N0 2 ARGIA (BAYONNE SUD)-MOUGUERRE,RTE,ARGIA (BAYONNE SUD),MOUGUERRE,220.0,820.754716981132,870.0,,,0.382,2.65,179.556,7.966,False
17T000000015942J,LIT 225kV N0 1 ARGIESANS-ETUPES,RTE,ARGIESANS,ETUPES,220.0,808.4905660377358,857.0,,,0.867,4.44,31.282,11.145,False
17T000000015943H,LIT 225kV N0 1 ARGIESANS-SIERENTZ,RTE,ARGIESANS,SIERENTZ,220.0,808.4905660377358,857.0,,,4.645,21.857,151.878,54.5,False
17T000000015954C,LIT 400kV N0 1 ARGOEUVES - CHEVALET,RTE,ARGOEUVES,CHEVALET,380.0,3566.0377358490564,3780.0,,,0.842,11.054,183.034,41.972,False
17T000000015955A,LIT 400kV N0 1 ARGOEUVES - FRUGES,RTE,ARGOEUVES,FRUGES,380.0,3566.0377358490564,3780.0,,,1.307,17.156,284.082,65.137,False
17T0000000159568,LIT 400kV N0 1 ARGOEUVES - LIMEUX,RTE,ARGOEUVES,LIMEUX,380.0,3566.0377358490564,3780.0,,,0.492,8.333,145.64,33.285,False
17T0000000159576,LIT 400kV N0 1 ARGOEUVES - MANDARINS,RTE,ARGOEUVES,MANDARINS,380.0,3566.0377358490564,3780.0,,,2.377,31.238,517.966,118.964,False
17T0000000159592,LIT 400kV N0 1 ARGOEUVES - PENLY (POSTE EVACUATION),RTE,ARGOEUVES,PENLY (POSTE EVACUATION),380.0,3566.0377358490564,3780.0,,,1.213,20.654,360.332,80.72,False
17T000000015960H,LIT 400kV N0 1 ARGOEUVES - TERRIER,RTE,ARGOEUVES,TERRIER,380.0,3566.0377358490564,3780.0,,,1.684,22.111,366.272,83.97,False
17T000000015961F,LIT 400kV N0 2 ARGOEUVES - CHEVALET,RTE,ARGOEUVES,CHEVALET,380.0,3566.0377358490564,3780.0,,,0.833,10.936,181.15,42.23,False
17T0000000159827,LIT 400kV N0 2 ARGOEUVES - TERRIER,RTE,ARGOEUVES,TERRIER,380.0,3566.0377358490564,3780.0,,,1.686,22.134,366.4,84.037,False
17T0000000159835,LIT 400kV N0 3 ARGOEUVES - TERRIER,RTE,ARGOEUVES,TERRIER,380.0,1981.132075471698,2100.0,,,2.634,25.809,298.776,81.806,False
17T000000015951I,LIT 225kV N0 1 ARGOEUVES - BRAILLY-CORNEHOTTE,RTE,ARGOEUVES,BRAILLY-CORNEHOTTE,220.0,959.4339622641509,1017.0,,,3.497,15.821,109.104,38.875,False
17T000000015953E,LIT 225kV N0 1 ARGOEUVES-BEAUCHAMPS,RTE,ARGOEUVES,BEAUCHAMPS,220.0,1014.1509433962264,1075.0,,,3.214,21.636,155.084,54.086,False
17T000000015952G,LIT 225kV N0 1 ARGOEUVES-BLOCAUX,RTE,ARGOEUVES,BLOCAUX,220.0,1179.245283018868,1250.0,,,2.47,16.435,118.874,41.056,False
17T000000016024F,LIT 225kV N0 1 ARLOD-GENISSIAT-POSTE,RTE,ARLOD,GENISSIAT-POSTE,220.0,616.0377358490566,653.0,,,0.34,1.76,72.0,5.279,False
17T0000000160708,LIT 225kV N0 1 ARNAGE-QUINTES (LES),RTE,ARNAGE,QUINTES (LES),220.0,1310.377358490566,1389.0,,,0.336,2.231,16.236,5.605,False
17T0000000160716,LIT 225kV N0 2 ARNAGE-QUINTES (LES),RTE,ARNAGE,QUINTES (LES),220.0,1143.3962264150944,1212.0,,,0.328,2.216,16.414,5.558,False
17T0000000161615,LIT 225KV N0 1 ARRIGHI - CHEVILLY,RTE,ARRIGHI,CHEVILLY,220.0,989.622641509434,1049.0,,,0.962,5.29,168.574,14.029,False
17T0000000161607,LIT 225kV N0 1 ARRIGHI-CHARENTON,RTE,ARRIGHI,CHARENTON,220.0,320.75471698113205,340.0,,,0.137,0.47,408.442,4.511,False
17T000000016185S,LIT 225kV N0 1 ARRIGHI-MORBRAS,RTE,ARRIGHI,MORBRAS,220.0,2264.1509433962265,2400.0,,,0.67,6.3,133.74,22.138,False
17T000000016187O,LIT 225kV N0 1 ARRIGHI-VILLENEUVE-ST-GEORGES,RTE,ARRIGHI,VILLENEUVE-ST-GEORGES,220.0,783.0188679245283,830.0,,,0.42,2.62,40.62,6.719,False
17T000000016191X,LIT 225kV N0 2 ARRIGHI-CHARENTON,RTE,ARRIGHI,CHARENTON,220.0,320.75471698113205,340.0,,,0.139,0.473,411.802,4.473,False
17T000000016192V,LIT 225kV N0 2 ARRIGHI-MORBRAS,RTE,ARRIGHI,MORBRAS,220.0,2283.018867924528,2420.0,,,0.665,6.133,133.126,22.198,False
17T0000000163049,LIT 400kV N0 2 ATTAQUES (LES) - MANDARINS,RTE,ATTAQUES (LES),MANDARINS,380.0,3566.0377358490564,3780.0,,,0.21,2.76,45.736,10.484,False
17T0000000163057,LIT 400kV N0 2 ATTAQUES (LES) - WARANDE,RTE,ATTAQUES (LES),WARANDE,380.0,3566.0377358490564,3780.0,,,0.365,4.799,79.504,18.296,False
17T000000016281W,LIT 225kV N0 1 ATTAQUES (LES)-ECHINGHEN,RTE,ATTAQUES (LES),ECHINGHEN,220.0,1066.0377358490566,1130.0,,,2.375,14.294,102.35,36.192,False
17T000000016302D,LIT 225kV N0 1 ATTAQUES (LES)-MANDARINS,RTE,ATTAQUES (LES),MANDARINS,220.0,1394.3396226415093,1478.0,,,0.607,4.047,29.266,10.125,False
17T000000016320B,LIT 225kV N0 1 AUBE-COMMERVEIL,RTE,AUBE,COMMERVEIL,220.0,982.0754716981131,1041.0,,,4.993,22.672,152.262,54.801,False
17T0000000163219,LIT 225kV N0 1 AUBE-MEZEROLLES,RTE,AUBE,MEZEROLLES,220.0,877.3584905660377,930.0,,,8.662,39.653,274.442,97.448,False
17T000000016387G,LIT 225kV N0 1 AUBUSSON-EGUZON,RTE,AUBUSSON,EGUZON,220.0,991.5094339622641,1051.0,,,6.57,30.04,198.0,73.228,False
17T000000016388E,LIT 225kV N0 1 AUBUSSON-MOLE (LA),RTE,AUBUSSON,MOLE (LA),220.0,635.8490566037735,674.0,,,6.061,28.674,186.626,68.298,False
17T000000016428S,LIT 225kV N0 1 AULNOYE-PONT-SUR-SAMBRE,RTE,AULNOYE,PONT-SUR-SAMBRE,220.0,1047.1698113207547,1110.0,,,0.534,2.448,16.338,5.897,False
17T000000016508U,LIT 225kV N0 1 AUSSOIS-PRAZ-ST-ANDRE,RTE,AUSSOIS,PRAZ-ST-ANDRE,220.0,838.6792452830189,889.0,,,1.07,4.33,30.0,10.429,False
17T000000016551T,LIT 225kV N0 1 AUZAT-TARASCON,RTE,AUZAT,TARASCON,220.0,838.6792452830189,889.0,,,1.64,6.387,44.49,15.767,False
17T000000016555L,LIT 225kV N0 1 AVALLON - JOUX-LA-VILLE,RTE,AVALLON,JOUX-LA-VILLE,220.0,920.754716981132,976.0,,,1.543,7.83,53.35,19.039,False
17T-FR-00000002E,LIT 400kV N0 1 AVELIN - GAVRELLE,RTE,AVELIN,GAVRELLE,380.0,2473.5849056603774,2622.0,,,0.448,7.862,,30.591,False
17T000000016584E,LIT 400kV N0 2 AVELIN - GAVRELLE,RTE,AVELIN,GAVRELLE,380.0,2473.5849056603774,2622.0,,,0.448,7.862,,30.591,False
17T-FR-00000055U,LIT 400kV N0 1 AVELIN - MASTAING,RTE,AVELIN,MASTAING,380.0,2747.1698113207544,2912.0,,,0.91,10.249,111.272,31.358,False
17T-FR-00000004A,LIT 400kV N0 1 AVELIN - WEPPES,RTE,AVELIN,WEPPES,380.0,3262.264150943396,3458.0,,,0.532,6.714,120.67,21.668,False
17T-FR-00000003C,LIT 400kV N0 2 AVELIN - WARANDE,RTE,AVELIN,WARANDE,380.0,3262.264150943396,3458.0,,,2.172,27.866,316.88,86.764,False
17T-FR-000000058,LIT 400kV N0 2 AVELIN-MASTAING,RTE,AVELIN,MASTAING,380.0,3566.0377358490564,3780.0,,,0.681,8.954,148.672,34.067,False
17T-FR-00000001G,LIT 225kV N0 1 AVELIN - MASTAING,RTE,AVELIN,MASTAING,220.0,1370.754716981132,1453.0,,,0.938,10.277,110.114,31.508,False
17T000000016558F,LIT 225kV N0 1 AVELIN-COURRIERES,RTE,AVELIN,COURRIERES,220.0,1368.8679245283017,1451.0,,,1.086,7.461,54.868,18.895,False
17T000000016626O,LIT 225kV N0 1 AVIGNON (POSTE)-CHATEAURENARD,RTE,AVIGNON (POSTE),CHATEAURENARD,220.0,1271.698113207547,1348.0,,,0.663,4.41,30.75,10.858,False
17T000000016627M,LIT 225kV N0 1 AVIGNON (POSTE)-MOTTE (LA) (VILLENEUVE-LES-AVIG,RTE,AVIGNON (POSTE),MOTTE (LA) (VILLENEUVE-LES-AVIGNON),220.0,1310.377358490566,1389.0,,,0.355,2.363,17.082,5.86,False
17T000000016665E,LIT 225kV N0 1 AVOINE-AVOINE (POSTE 400 KV),RTE,AVOINE,AVOINE (POSTE 400 KV),220.0,1981.132075471698,2100.0,,,0.042,0.275,92.742,1.66,False
17T000000016667A,LIT 225kV N0 1 AVOINE-DISTRE,RTE,AVOINE,DISTRE,220.0,1014.1509433962264,1075.0,,,1.294,8.775,158.758,23.105,False
17T0000000166688,LIT 225kV N0 1 AVOINE-QUINTES (LES),RTE,AVOINE,QUINTES (LES),220.0,1202.830188679245,1275.0,,,4.462,30.705,226.828,78.477,False
17T000000016632T,LIT 400kV N0 1 AVOINE (POSTE 400 kV) - DISTRE,RTE,AVOINE (POSTE 400 KV),DISTRE,380.0,3379.2452830188677,3582.0,,,0.511,6.623,81.722,21.655,False
17T000000016633R,LIT 400kV N0 1 AVOINE (POSTE 400 kV) - GRILLE-AVOINE,RTE,AVOINE (POSTE 400 KV),GRILLE-AVOINE,380.0,1981.132075471698,2100.0,,,0.009,0.149,1.094,0.375,False
17T000000016634P,LIT 400kV N0 1 AVOINE (POSTE 400 kV) - LARCAY,RTE,AVOINE (POSTE 400 KV),LARCAY,380.0,3566.0377358490564,3780.0,,,1.009,13.254,219.818,50.356,False
17T000000016635N,LIT 400kV N0 2 AVOINE (POSTE 400 kV) - DISTRE,RTE,AVOINE (POSTE 400 KV),DISTRE,380.0,3379.2452830188677,3582.0,,,0.511,6.624,81.742,21.629,False
17T000000016636L,LIT 400kV N0 2 AVOINE (POSTE 400 kV) - GRILLE-AVOINE,RTE,AVOINE (POSTE 400 KV),GRILLE-AVOINE,380.0,1603.7735849056603,1700.0,,,0.01,0.159,6.726,0.447,False
17T000000016637J,LIT 400kV N0 2 AVOINE (POSTE 400 kV) - LARCAY,RTE,AVOINE (POSTE 400 KV),LARCAY,380.0,3566.0377358490564,3780.0,,,1.008,13.253,219.792,50.36,False
17T0000000170258,LIT 225kV N0 1 BACALAN-BRUGES,RTE,BACALAN,BRUGES,220.0,716.9811320754717,760.0,,,0.593,3.97,32.794,9.894,False
17T0000000170266,LIT 225kV N0 1 BACALAN-MARQUIS (LE),RTE,BACALAN,MARQUIS (LE),220.0,971.6981132075471,1030.0,,,1.12,7.583,76.562,19.408,False
17T-FR-00000038U,LIT 400kV N0 1 BAIXAS - GAUDIERE (LA),RTE,BAIXAS,GAUDIERE (LA),380.0,4245.2830188679245,4500.0,,,1.565,22.203,263.746,71.084,False
17T-FR-00000039S,LIT 400kV N0 2 BAIXAS - LA GAUDIERE,RTE,BAIXAS,GAUDIERE (LA),380.0,4245.2830188679245,4500.0,,,1.565,22.203,263.746,71.263,False
17T0000000171092,LIT 225kV N0 1 BALARUC - FLORENSAC,RTE,BALARUC,FLORENSAC,220.0,1232.0754716981132,1306.0,,,1.562,10.27,73.614,34.393,False
17T000000017110H,LIT 225kV N0 1 BALARUC - MONTPELLIER,RTE,BALARUC,MONTPELLIER,220.0,1310.377358490566,1389.0,,,1.217,8.115,58.518,19.922,False
17T000000017146X,LIT 225kV N0 1 BALMA (POSTE)-VERFEIL,RTE,BALMA (POSTE),VERFEIL,220.0,1216.0377358490566,1289.0,,,0.945,6.329,45.326,28.277,False
17T000000017147V,LIT 225kV N0 2 BALMA (POSTE)-VERFEIL,RTE,BALMA (POSTE),VERFEIL,220.0,1216.0377358490566,1289.0,,,0.944,6.329,45.32,15.741,False
17T000000017194M,LIT 225kV N0 1 BARBUISE - CRENEY,RTE,BARBUISE,CRENEY,220.0,819.8113207547169,869.0,,,5.296,24.684,163.784,26.238,False
17T000000017195K,LIT 225kV N0 1 BARBUISE - FOSSES (LES),RTE,BARBUISE,FOSSES (LES),220.0,819.8113207547169,869.0,,,4.727,22.104,148.894,39.31,False
17T0000000172226,LIT 225kV N0 1 BARJAC-CROISIERE,RTE,BARJAC,CROISIERE,220.0,713.2075471698113,756.0,,,4.819,15.387,118.666,21.472,False
17T000000017229T,LIT 400kV N0 1 BARNABOS - PENLY (POSTE EVACUATION),RTE,BARNABOS,PENLY (POSTE EVACUATION),380.0,3566.0377358490564,3780.0,,,0.707,12.046,210.27,47.082,False
17T0000000172315,LIT 400kV N0 1 BARNABOS - ROUGEMONTIER,RTE,BARNABOS,ROUGEMONTIER,380.0,3566.0377358490564,3780.0,,,1.057,15.342,191.064,50.281,False
17T0000000172323,LIT 400kV N0 1 BARNABOS - TERRIER,RTE,BARNABOS,TERRIER,380.0,3566.0377358490564,3780.0,,,2.136,28.087,466.346,106.793,False
17T0000000172331,LIT 400kV N0 1 BARNABOS - VAUPALIERE (LA),RTE,BARNABOS,VAUPALIERE (LA),380.0,3566.0377358490564,3780.0,,,0.437,5.743,95.084,21.836,False
17T0000000172307,LIT 400kV N0 1 BARNABOS-REMISE,RTE,BARNABOS,REMISE,380.0,3566.0377358490564,3780.0,,,1.725,22.672,374.954,86.154,False
17T000000017238S,LIT 400kV N0 2 BARNABOS - ROUGEMONTIER,RTE,BARNABOS,ROUGEMONTIER,380.0,3566.0377358490564,3780.0,,,1.057,15.342,191.068,50.274,False
17T000000017239Q,LIT 400kV N0 2 BARNABOS - TERRIER,RTE,BARNABOS,TERRIER,380.0,3566.0377358490564,3780.0,,,2.137,28.109,466.858,106.841,False
17T0000000172404,LIT 400kV N0 2 BARNABOS - VAUPALIERE (LA),RTE,BARNABOS,VAUPALIERE (LA),380.0,3566.0377358490564,3780.0,,,0.438,5.752,95.118,21.813,False
17T000000017236W,LIT 400kV N0 2 BARNABOS-PENLY (POSTE EVACUATION),RTE,BARNABOS,PENLY (POSTE EVACUATION),380.0,3566.0377358490564,3780.0,,,0.707,12.044,210.228,47.082,False
17T000000017237U,LIT 400kV N0 2 BARNABOS-REMISE,RTE,BARNABOS,REMISE,380.0,3566.0377358490564,3780.0,,,1.711,22.484,372.898,86.145,False
17T000000017307Z,LIT 225kV N0 1 BASTILLAC-LANNEMEZAN,RTE,BASTILLAC,LANNEMEZAN,220.0,966.9811320754717,1025.0,,,3.166,20.675,148.13,32.175,False
17T000000017343V,LIT 225kV N0 1 BATZENDORF-MARLENHEIM,RTE,BATZENDORF,MARLENHEIM,220.0,1228.3018867924527,1302.0,,,1.804,11.989,87.04,11.884,False
17T0000000173978,LIT 400kV N0 1 BAYET - GREPILLES,RTE,BAYET,GREPILLES,380.0,2430.188679245283,2576.0,,,2.126,21.558,266.886,70.752,False
17T0000000173986,LIT 400kV N0 1 BAYET - MARMAGNE,RTE,BAYET,MARMAGNE,380.0,2264.1509433962265,2400.0,,,3.707,37.569,465.896,123.205,False
17T0000000173994,LIT 400kV N0 1 BAYET - RULHAT,RTE,BAYET,RULHAT,380.0,2641.509433962264,2800.0,,,1.039,13.658,226.736,52.395,False
17T000000017396A,LIT 400kV N0 1 BAYET-GAUGLIN,RTE,BAYET,GAUGLIN,380.0,2924.528301886792,3100.0,,,3.096,40.844,680.972,156.345,False
17T0000000174008,LIT 400kV N0 2 BAYET - GREPILLES,RTE,BAYET,GREPILLES,380.0,2430.188679245283,2576.0,,,2.123,21.52,266.788,70.752,False
17T0000000174016,LIT 400kV N0 2 BAYET - MARMAGNE,RTE,BAYET,MARMAGNE,380.0,2264.1509433962265,2400.0,,,3.71,37.594,466.21,123.205,False
17T000000017422Z,LIT 400kV N0 2 BAYET - RULHAT,RTE,BAYET,RULHAT,380.0,2641.509433962264,2800.0,,,1.039,13.665,226.724,52.395,False
17T000000017423X,LIT 400kV N0 2 BAYET-ST-ELOI,RTE,BAYET,ST-ELOI,380.0,2924.528301886792,3100.0,,,1.712,22.502,373.17,85.603,False
17T000000017393G,LIT 225kV N0 1 BAYET - MONTVICQ,RTE,BAYET,MONTVICQ,220.0,943.3962264150942,1000.0,,,2.11,14.64,118.0,92.259,False
17T000000017394E,LIT 225kV N0 1 BAYET-SEMINAIRE,RTE,BAYET,SEMINAIRE,220.0,833.0188679245283,883.0,,,2.474,16.472,119.154,24.72,False
17T000000017395C,LIT 225kV N0 1 BAYET-VOLVIC,RTE,BAYET,VOLVIC,220.0,1036.7924528301887,1099.0,,,2.68,18.73,132.0,34.72,False
17T0000000189521,LIT 225kV N0 1 BEAULIEU-FARRADIERE (LA),RTE,BEAULIEU,FARRADIERE (LA),220.0,980.188679245283,1039.0,,,1.799,12.415,91.578,16.0,False
17T000000018954Y,LIT 225kV N0 1 BEAULIEU-GRANZAY,RTE,BEAULIEU,GRANZAY,220.0,1352.830188679245,1434.0,,,3.287,21.903,158.488,28.0,False
17T000000018955W,LIT 225kV N0 1 BEAULIEU-SIRMIERE,RTE,BEAULIEU,SIRMIERE,220.0,1350.943396226415,1432.0,,,4.007,27.335,200.912,43.185,False
17T0000000169458,LIT 400kV N0 2 BEAUMONT-MONTEUX - CHAFFARD (LE),RTE,BEAUMONT-MONTEUX,CHAFFARD (LE),380.0,3372.6415094339623,3575.0,,,2.261,22.922,283.972,75.994,False
17T0000000169466,LIT 400kV N0 2 BEAUMONT-MONTEUX - COULANGE,RTE,BEAUMONT-MONTEUX,COULANGE,380.0,3372.6415094339623,3575.0,,,1.715,19.416,223.21,61.247,False
17T000000016942E,LIT 225kV N0 1 BEAUMONT-MONTEUX-VALENCE,RTE,BEAUMONT-MONTEUX,VALENCE,220.0,806.6037735849056,855.0,,,1.17,5.76,46.0,11.268,False
17T000000016944A,LIT 225kV N0 2 BEAUMONT-MONTEUX-GAMPALOUP,RTE,BEAUMONT-MONTEUX,GAMPALOUP,220.0,1024.5283018867924,1086.0,,,2.17,14.7,104.0,36.312,False
17T000000018976O,LIT 225kV N0 1 BEAUREGARD (SAINT-LAURENT-NOUAN)-CHAINGY,RTE,BEAUREGARD (SAINT-LAURENT-NOUAN),CHAINGY,220.0,741.5094339622641,786.0,,,1.785,8.515,55.478,77.914,False
17T0000000190208,LIT 225kV N0 1 BEAUTOR (POSTE) - HERIE-LA-VIEVILLE,RTE,BEAUTOR (POSTE),HERIE-LA-VIEVILLE (LE),220.0,775.4716981132075,822.0,,,2.796,12.61,87.382,27.764,False
17T000000019062T,LIT 225kV N0 1 BEAUTOR (POSTE)-LATENA,RTE,BEAUTOR (POSTE),LATENA,220.0,1309.433962264151,1388.0,,,1.75,12.011,88.696,12.168,False
17T0000000190216,LIT 225kV N0 1 BEAUTOR (POSTE)-LONG-CHAMP (LE),RTE,BEAUTOR (POSTE),LONG-CHAMP (LE),220.0,877.3584905660377,930.0,,,4.258,20.966,145.752,0.7,False
17T000000019063R,LIT 225kV N0 1 BEAUTOR (POSTE)-SETIER,RTE,BEAUTOR (POSTE),SETIER,220.0,1000.9433962264151,1061.0,,,1.916,8.609,59.79,32.825,False
17T000000019064P,LIT 225kV N0 2 BEAUTOR (POSTE)-LATENA,RTE,BEAUTOR (POSTE),LATENA,220.0,1462.264150943396,1550.0,,,0.95,9.241,125.394,31.657,False
17T000000019065N,LIT 225kV N0 3 BEAUTOR (POSTE)-LATENA,RTE,BEAUTOR (POSTE),LATENA,220.0,2264.1509433962265,2400.0,,,0.944,8.865,128.308,31.467,False
17T000000017468B,LIT 225KV N0 2 BEC - MARQUIS (LE),RTE,BEC,MARQUIS (LE),220.0,547.1698113207547,580.0,,,0.267,1.165,39.668,4.807,False
17T000000016905K,LIT 225kV N0 1 BELLE-DE-MAI-ENCO-DE-BOTTE,RTE,BELLE-DE-MAI,ENCO-DE-BOTTE,220.0,665.0943396226414,705.0,,,0.266,1.759,593.226,63.891,False
17T000000016830P,LIT 225kV N0 1 BELLE-EPINE - DOMLOUP,RTE,BELLE-EPINE,DOMLOUP,220.0,1088.6792452830189,1154.0,,,1.018,6.863,151.06,7.202,False
17T000000016831N,LIT 225kV N0 1 BELLE-EPINE-RANCE-POSTE,RTE,BELLE-EPINE,RANCE-POSTE,220.0,878.3018867924528,931.0,,,6.323,28.584,198.168,16.184,False
17T000000017634K,LIT 225kV N0 1 BERGE - CANTEGRIT,RTE,BERGE,CANTEGRIT,220.0,1000.0,1060.0,,,1.22,7.945,57.83,3.185,False
17T000000017635I,LIT 225kV N0 1 BERGE - MARSILLON,RTE,BERGE,MARSILLON,220.0,1000.0,1060.0,,,3.479,22.666,164.948,57.047,False
17T000000017663D,LIT 225kV N0 1 BERGHOLZ-MARLENHEIM,RTE,BERGHOLZ,MARLENHEIM,220.0,2151.88679245283,2281.0,,,0.767,11.003,172.4,41.359,False
17T-FR-000000066,LIT 400kV N0 1 BEZAUMONT - HOUDREVILLE,RTE,BEZAUMONT,HOUDREVILLE,380.0,3566.0377358490564,3780.0,,,1.038,13.645,226.24,51.843,False
17T000000017794Z,LIT 400kV N0 1 BEZAUMONT - MARLENHEIM,RTE,BEZAUMONT,MARLENHEIM,380.0,2264.1509433962265,2400.0,,,4.629,51.059,625.098,166.234,False
17T-FR-000000074,LIT 400kV N0 1 BEZAUMONT - VIGY,RTE,BEZAUMONT,VIGY,380.0,3566.0377358490564,3780.0,,,0.886,11.633,192.46,44.148,False
17T-FR-000000082,LIT 400kV N0 2 BEZAUMONT - HOUDREVILLE,RTE,BEZAUMONT,HOUDREVILLE,380.0,3566.0377358490564,3780.0,,,1.031,13.545,224.574,51.462,False
17T-FR-000000090,LIT 400kV N0 2 BEZAUMONT - VIGY,RTE,BEZAUMONT,VIGY,380.0,3566.0377358490564,3780.0,,,0.887,11.644,192.584,44.179,False
17T000000017787W,LIT 225kV N0 1 BEZAUMONT-CROIX-DE-METZ,RTE,BEZAUMONT,CROIX-DE-METZ,220.0,1309.433962264151,1388.0,,,1.571,10.705,78.806,27.115,False
17T000000017788U,LIT 225kV N0 1 BEZAUMONT-CUSTINE,RTE,BEZAUMONT,CUSTINE,220.0,1309.433962264151,1388.0,,,0.761,5.07,36.64,12.619,False
17T000000017789S,LIT 225kV N0 1 BEZAUMONT-VANDIERES,RTE,BEZAUMONT,VANDIERES,220.0,1309.433962264151,1388.0,,,0.819,5.445,39.456,13.646,False
17T0000000177914,LIT 225kV N0 2 BEZAUMONT-VANDIERES,RTE,BEZAUMONT,VANDIERES,220.0,1297.1698113207547,1375.0,,,0.817,5.428,39.396,13.741,False
17T0000000177574,LIT 225KV N0 1 BEZIERS-EST - ST-VINCENT,RTE,BEZIERS-EST,ST-VINCENT,220.0,534.9056603773585,567.0,,,0.259,0.761,229.032,4.443,False
17T0000000177582,LIT 225KV N0 2 BEZIERS-EST - ST-VINCENT,RTE,BEZIERS-EST,ST-VINCENT,220.0,534.9056603773585,567.0,,,0.259,0.761,229.032,4.443,False
17T000000017825D,LIT 225kV N0 1 BEZON-PONTCHATEAU,RTE,BEZON,PONTCHATEAU,220.0,948.1132075471697,1005.0,,,6.782,35.208,248.736,86.496,False
17T000000017824F,LIT 225kV N0 1 BEZON-POTEAU ROUGE,RTE,BEZON,POTEAU-ROUGE,220.0,999.0566037735848,1059.0,,,6.829,35.619,251.492,88.449,False
17T000000017834C,LIT 400kV N0 1 BIANCON - TRANS,RTE,BIANCON,TRANS,380.0,2341.509433962264,2482.0,,,0.936,9.487,117.652,31.208,False
17T000000017835A,LIT 400kV N0 2 BIANCON - TRANS,RTE,BIANCON,TRANS,380.0,2341.509433962264,2482.0,,,0.936,9.487,117.652,31.212,False
17T000000017831I,LIT 225kV N0 1 BIANCON - FREJUS,RTE,BIANCON,FREJUS,220.0,1509.433962264151,1600.0,,,0.402,4.098,2250.0,24.588,False
17T000000017832G,LIT 225kV N0 1 BIANCON-MOUGINS,RTE,BIANCON,MOUGINS,220.0,1117.9245283018868,1185.0,,,0.987,5.296,648.86,18.456,False
17T000000017833E,LIT 225kV N0 1 BIANCON-PLAN-DE-GRASSE,RTE,BIANCON,PLAN-DE-GRASSE,220.0,1167.9245283018868,1238.0,,,0.705,5.149,527.966,17.853,False
17T000000017920J,LIT 225kV N0 1 BISSY-GRANDE-ILE,RTE,BISSY,GRANDE-ILE,220.0,720.754716981132,764.0,,,1.63,7.68,106.696,18.962,False
17T0000000180245,LIT 225kV N0 1 BLOCAUX - LIMEUX (400 kV),RTE,BLOCAUX,LIMEUX,220.0,1149.0566037735848,1218.0,,,0.72,5.423,1889.02,29.137,False
17T000000018037X,LIT 400kV N0 1 BOCTOIS - MERY-SUR-SEINE,RTE,BOCTOIS,MERY-SUR-SEINE,380.0,3566.0377358490564,3780.0,,,0.714,9.372,154.654,35.548,False
17T000000018038V,LIT 400kV N0 1 BOCTOIS - MORBRAS,RTE,BOCTOIS,MORBRAS,380.0,3566.0377358490564,3780.0,,,1.565,20.572,341.292,78.18,False
17T0000000180407,LIT 400kV N0 2 BOCTOIS - MERY-SUR-SEINE,RTE,BOCTOIS,MERY-SUR-SEINE,380.0,3566.0377358490564,3780.0,,,0.714,9.373,155.084,35.572,False
17T0000000180415,LIT 400kV N0 2 BOCTOIS - MORBRAS,RTE,BOCTOIS,MORBRAS,380.0,3566.0377358490564,3780.0,,,1.606,21.112,350.254,77.983,False
17T000000018119V,LIT 400kV N0 1 BOISSE (LA) - CHAFFARD (LE),RTE,BOISSE (LA),CHAFFARD (LE),380.0,2049.056603773585,2172.0,,,0.724,7.901,79.792,23.479,False
17T0000000181209,LIT 400kV N0 1 BOISSE (LA) - MIONS,RTE,BOISSE (LA),MIONS,380.0,2452.830188679245,2600.0,,,0.617,6.605,69.378,20.08,False
17T0000000181055,LIT 225kV N0 1 BOISSE (LA) - CUSSET-POSTE,RTE,BOISSE (LA),CUSSET-POSTE,220.0,966.0377358490565,1024.0,,,0.66,4.98,74.0,12.613,False
17T0000000181063,LIT 225kV N0 1 BOISSE (LA) - GENISSIAT-POSTE,RTE,BOISSE (LA),GENISSIAT-POSTE,220.0,806.6037735849056,855.0,,,6.206,27.41,208.858,68.301,False
17T000000018110C,LIT 225kV N0 1 BOISSE (LA) - ST-VULBAS-EST,RTE,BOISSE (LA),ST-VULBAS-EST,220.0,1049.0566037735848,1112.0,,,1.263,8.463,60.67,21.057,False
17T0000000181128,LIT 225kV N0 2 BOISSE (LA) - CUSSET-POSTE,RTE,BOISSE (LA),CUSSET-POSTE,220.0,966.0377358490565,1024.0,,,0.63,4.83,80.0,12.768,False
17T0000000181136,LIT 225kV N0 2 BOISSE (LA) - MIONS,RTE,BOISSE (LA),MIONS,220.0,1049.0566037735848,1112.0,,,1.16,8.01,78.0,20.131,False
17T-FR-000000503,LIT 400kV N0 1 BOIS-TOLLOT - GENISSIAT-POSTE,RTE,BOIS-TOLLOT,GENISSIAT-POSTE,380.0,2215.094339622641,2348.0,,,1.107,10.877,119.95,33.634,False
17T000000018155R,LIT 225kV N0 1 BOLLENE-CHATEAUNEUF-DU-RHONE,RTE,BOLLENE (POSTE RESEAU),CHATEAUNEUF-DU-RHONE,220.0,893.3962264150942,947.0,,,1.996,10.196,100.992,24.939,False
17T000000018158L,LIT 225kV N0 1 BOLLENE-TERRADOU,RTE,BOLLENE (POSTE RESEAU),TERRADOU,220.0,893.3962264150942,947.0,,,3.767,17.664,123.036,43.937,False
17T000000018159J,LIT 225kV N0 1 BOLLENE-TRICASTIN-POSTE (LE),RTE,BOLLENE (POSTE RESEAU),TRICASTIN-POSTE (LE),220.0,1167.9245283018868,1238.0,,,0.325,2.172,15.584,5.56,False
17T000000018182O,LIT 225kV N0 2 BOLLENE - TRICASTIN-POSTE (LE),RTE,BOLLENE (POSTE RESEAU),TRICASTIN-POSTE (LE),220.0,1167.9245283018868,1238.0,,,0.344,2.304,16.462,5.733,False
17T000000018195F,LIT 225kV N0 1 BONNEAU-ORANGERIE (L),RTE,BONNEAU,ORANGERIE (L),220.0,1176.4150943396226,1247.0,,,2.124,14.107,102.436,35.413,False
17T000000018196D,LIT 225kV N0 1 BONNEAU-VALDIVIENNE,RTE,BONNEAU,VALDIVIENNE,220.0,1311.3207547169811,1390.0,,,1.656,10.454,84.73,27.611,False
17T000000018197B,LIT 225kV N0 2 BONNEAU-VALDIVIENNE,RTE,BONNEAU,VALDIVIENNE,220.0,1311.3207547169811,1390.0,,,1.653,10.436,84.588,27.592,False
17T000000018237P,LIT 225kV N0 1 BONNIERES - MEZEROLLES,RTE,BONNIERES,MEZEROLLES,220.0,1309.433962264151,1388.0,,,1.702,11.349,81.964,28.492,False
17T000000018353N,LIT 225kV N0 1 BOUDEYRE-CHATEAUNEUF-DU-RHONE,RTE,BOUDEYRE,CHATEAUNEUF-DU-RHONE,220.0,931.132075471698,987.0,,,2.433,11.463,80.012,28.383,False
17T000000018354L,LIT 225kV N0 1 BOUDEYRE-MONTPEZAT,RTE,BOUDEYRE,MONTPEZAT,220.0,931.132075471698,987.0,,,1.724,7.671,53.432,19.1,False
17T000000018391F,LIT 225kV N0 1 BOULE (LA) - PUTEAUX,RTE,BOULE (LA),PUTEAUX,220.0,688.6792452830189,730.0,,,0.091,0.613,285.84,3.507,False
17T0000000191107,LIT 225kV N0 1 BOURGUIGNON - ETUPES,RTE,BOURGUIGNON,ETUPES,220.0,881.132075471698,934.0,,,1.431,5.598,38.924,13.832,False
17T0000000191115,LIT 225kV N0 1 BOURGUIGNON - MAMBELIN,RTE,BOURGUIGNON,MAMBELIN,220.0,881.132075471698,934.0,,,1.143,4.789,33.694,11.881,False
17T000000018432R,LIT 400kV N0 1 BOUTRE - PLAN-D ORGON,RTE,BOUTRE,PLAN-D ORGON,380.0,3512.264150943396,3723.0,,,1.659,21.818,362.202,83.165,False
17T000000018433P,LIT 400kV N0 1 BOUTRE - PRIONNET,RTE,BOUTRE,PRIONNET,380.0,3512.264150943396,3723.0,,,0.147,2.356,34.136,8.951,False
17T000000018431T,LIT 225kV N0 1 BOUTRE - TRANS,RTE,BOUTRE,TRANS,220.0,1509.433962264151,1600.0,,,1.02,10.4,4902.0,64.661,False
17T000000018427K,LIT 225kV N0 1 BOUTRE-COUDON (LE),RTE,BOUTRE,COUDON (LE),220.0,2264.1509433962265,2400.0,,,1.641,17.352,263.256,63.4,False
17T000000018430V,LIT 225kV N0 1 BOUTRE-SAINTE-TULLE 1,RTE,BOUTRE,STE-TULLE,220.0,1257.5471698113206,1333.0,,,0.705,5.573,37.2,13.295,False
17T000000016790B,LIT 225kV N0 1 BRAILLY-CORNEHOTTE - SORRUS,RTE,BRAILLY-CORNEHOTTE,SORRUS,220.0,816.0377358490566,865.0,,,2.769,12.603,87.356,30.947,False
17T000000018481E,LIT 400kV N0 1 BRAUD - MARQUIS (LE),RTE,BRAUD,MARQUIS (LE),380.0,2264.1509433962265,2400.0,,,0.921,11.921,147.052,39.424,False
17T000000018502W,LIT 400kV N0 1 BRAUD - PREGUILLAC,RTE,BRAUD,PREGUILLAC,380.0,3394.3396226415093,3598.0,,,0.994,14.43,179.718,47.291,False
17T000000018503U,LIT 400kV N0 2 BRAUD - CUBNEZAIS,RTE,BRAUD,CUBNEZAIS,380.0,3394.3396226415093,3598.0,,,0.642,9.318,115.878,30.529,False
17T000000018504S,LIT 400kV N0 2 BRAUD - PREGUILLAC,RTE,BRAUD,PREGUILLAC,380.0,3394.3396226415093,3598.0,,,0.994,14.43,179.714,47.366,False
17T000000018505Q,LIT 400kV N0 3 BRAUD - CUBNEZAIS,RTE,BRAUD,CUBNEZAIS,380.0,3394.3396226415093,3598.0,,,0.673,9.771,121.516,32.014,False
17T000000018506O,LIT 400kV N0 4 BRAUD - CUBNEZAIS,RTE,BRAUD,CUBNEZAIS,380.0,3394.3396226415093,3598.0,,,0.674,9.78,121.63,32.045,False
17T000000018547A,LIT 225kV N0 1 BRENNILIS-MARTYRE (LA),RTE,BRENNILIS,MARTYRE (LA),220.0,1297.1698113207547,1375.0,,,1.762,12.128,89.362,31.072,False
17T0000000185488,LIT 225kV N0 1 BRENNILIS-PLEYBER-CHRIST,RTE,BRENNILIS,PLEYBER-CHRIST,220.0,1320.754716981132,1400.0,,,1.297,8.601,62.594,21.445,False
17T000000018542K,LIT 225kV N0 1 BRENS - PELISSIER,RTE,BRENS (CNR),PELISSIER,220.0,1036.7924528301887,1099.0,,,0.979,6.546,47.5,16.576,False
17T000000018543I,LIT 225kV N0 1 BRENS - VERFEIL,RTE,BRENS (CNR),VERFEIL,220.0,1036.7924528301887,1099.0,,,2.35,15.638,113.196,39.187,False
17T0000000185909,LIT 400kV N0 1 BREUIL (LE) - MARMAGNE,RTE,BREUIL (LE),MARMAGNE,380.0,1703.7735849056603,1806.0,,,9.503,71.427,701.638,209.476,False
17T0000000185917,LIT 400kV N0 1 BREUIL (LE) - RUEYRES,RTE,BREUIL (LE),RUEYRES,380.0,1856.6037735849056,1968.0,,,1.964,21.402,230.292,65.65,False
,LIT 225kV N0 1 BREUIL (LE) - PIQUAGE A SAINT GERONS,RTE,BREUIL (LE),PIQUAGE A SAINT GERONS,220.0,796.2264150943396,844.0,,,3.063,13.853,95.614,34.393,False
17T0000000185844,LIT 225kV N0 1 BREUIL (LE)-MOLE (LA),RTE,BREUIL (LE),MOLE (LA),220.0,786.7924528301886,834.0,,,1.791,8.345,54.516,19.922,False
17T0000000185852,LIT 225kV N0 1 BREUIL (LE)-PEYRAT-LE-CHATEAU,RTE,BREUIL (LE),PEYRAT-LE-CHATEAU,220.0,796.2264150943396,844.0,,,6.396,28.64,199.326,71.58,False
17T0000000167587,LIT 400kV N0 1 BROC-CARROS (LE) - BIANCON,RTE,BROC-CARROS (LE),BIANCON,380.0,2203.7735849056603,2336.0,,,1.665,15.592,195.998,51.487,False
17T0000000167595,LIT 400kV N0 2 BROC-CARROS (LE)-BIANCON,RTE,BROC-CARROS (LE),BIANCON,380.0,2203.7735849056603,2336.0,,,1.665,15.592,195.998,51.487,False
17T000000016754F,LIT 225kV N0 1 BROC-CARROS (LE) - LINGOSTIERE,RTE,BROC-CARROS (LE),LINGOSTIERE,220.0,1167.9245283018868,1238.0,,,0.69,4.616,33.122,11.971,False
17T000000016755D,LIT 225kV N0 1 BROC-CARROS (LE) - TRINITE-VICTOR,RTE,BROC-CARROS (LE),TRINITE-VICTOR,220.0,1167.9245283018868,1238.0,,,0.812,5.476,40.526,13.853,False
17T000000016756B,LIT 225kV N0 2 BROC-CARROS (LE) - LINGOSTIERE,RTE,BROC-CARROS (LE),LINGOSTIERE,220.0,1167.9245283018868,1238.0,,,0.715,4.787,34.358,11.928,False
17T0000000167579,LIT 225kV N0 2 BROC-CARROS (LE) - TRINITE-VICTOR,RTE,BROC-CARROS (LE),TRINITE-VICTOR,220.0,1138.6792452830189,1207.0,,,0.812,5.544,40.342,13.937,False
17T000000018641I,LIT 225kV N0 1 BRODE - PIQUAGE A DUVIGNEAU,RTE,BRODE,PIQUAGE A DUVIGNEAU,220.0,1394.3396226415093,1478.0,,,0.023,0.155,1.11,0.368,False
17T000000018716D,LIT 225kV N0 1 BRUGES-PESSAC,RTE,BRUGES,PESSAC,220.0,716.9811320754717,760.0,,,0.828,5.538,42.59,13.884,False
17T000000018795S,LIT 225kV N0 1 BUIRE-PONT-SUR-SAMBRE,RTE,BUIRE,PONT-SUR-SAMBRE,220.0,1179.245283018868,1250.0,,,2.641,17.72,126.416,44.04,False
17T0000000167862,LIT 225kV N0 1 BUTTES-CHAUMONT-ROMAINVILLE,RTE,BUTTES-CHAUMONT,ROMAINVILLE,220.0,518.8679245283018,550.0,,,0.17,0.66,574.0,6.198,False
17T000000019441L,LIT 225kV N0 1 CAEN - RANVILLE,RTE,CAEN,RANVILLE,220.0,1394.3396226415093,1478.0,,,0.45,3.021,21.348,7.494,False
17T000000019480B,LIT 400kV N0 1 CALAN - CORDEMAIS-POSTE,RTE,CALAN,CORDEMAIS-POSTE,380.0,2264.1509433962265,2400.0,,,4.186,42.432,525.836,139.524,False
17T0000000194819,LIT 400kV N0 1 CALAN - MARTYRE (LA),RTE,CALAN,MARTYRE (LA),380.0,2849.056603773585,3020.0,,,2.953,29.941,370.826,98.335,False
17T000000019479X,LIT 225kV N0 1 CALAN - POTEAU-ROUGE,RTE,CALAN,POTEAU-ROUGE,220.0,1323.5849056603772,1403.0,,,0.104,1.067,508.946,6.8,False
17T-FR-000000406,LIT 400kV N0 2 CANTEGRIT - SAUCATS,RTE,CANTEGRIT,SAUCATS,380.0,2769.8113207547167,2936.0,,,1.943,25.186,239.634,72.59,False
17T-FR-000000414,LIT 400kV N0 3 CANTEGRIT - SAUCATS,RTE,CANTEGRIT,SAUCATS,380.0,2769.8113207547167,2936.0,,,1.942,25.172,239.5,71.813,False
17T0000000195548,LIT 225kV N0 1 CANTEGRIT-MARSILLON,RTE,CANTEGRIT,MARSILLON,220.0,1089.6226415094338,1155.0,,,4.678,30.486,222.014,77.402,False
17T-FR-00000063V,LIT 225kV N0 1 CANTEGRIT-MOUGUERRE,RTE,CANTEGRIT,MOUGUERRE,220.0,1783.0188679245282,1890.0,,,4.563,33.778,235.486,83.1,False
17T0000000195556,LIT 225kV N0 1 CANTEGRIT-NAOUTOT,RTE,CANTEGRIT,NAOUTOT,220.0,1018.8679245283018,1080.0,,,2.296,15.425,108.942,38.208,False
17T0000000195564,LIT 225kV N0 2 CANTEGRIT-NAOUTOT,RTE,CANTEGRIT,NAOUTOT,220.0,948.1132075471697,1005.0,,,2.188,14.696,103.742,36.79,False
17T-FR-00000010F,LIT 400kV N0 1 CAPELLE (LA) - LONNY,RTE,CAPELLE (LA),LONNY,380.0,2449.056603773585,2596.0,,,1.639,17.552,184.352,53.016,False
17T-FR-00000011D,LIT 400kV N0 1 CAPELLE (LA) - MASTAING,RTE,CAPELLE (LA),MASTAING,380.0,2749.056603773585,2914.0,,,1.887,20.213,212.312,60.871,False
17T000000019585Y,LIT 225kV N0 1 CAPELLE (LA) - HERIE-LA-VIEVILLE,RTE,CAPELLE (LA),HERIE-LA-VIEVILLE (LE),220.0,775.4716981132075,822.0,,,2.985,14.747,103.352,33.829,False
17T000000019586W,LIT 225kV N0 1 CAPELLE (LA)-PONT-SUR-SAMBRE,RTE,CAPELLE (LA),PONT-SUR-SAMBRE,220.0,1370.754716981132,1453.0,,,1.827,12.238,87.566,30.47,False
17T000000019675X,LIT 225kV N0 1 CARRIERES - PLESSIS-GASSOT,RTE,CARRIERES,PLESSIS-GASSOT,220.0,920.754716981132,976.0,,,1.622,10.781,76.648,26.831,False
17T000000019704F,LIT 225KV N0 1 CARRIERES - VALESCOURT,RTE,CARRIERES,VALESCOURT,220.0,1194.3396226415093,1266.0,,,2.065,13.764,99.264,34.429,False
17T000000019674Z,LIT 225kV N0 1 CARRIERES-MORU,RTE,CARRIERES,MORU,220.0,1309.433962264151,1388.0,,,1.7,11.31,81.42,28.277,False
17T000000019676V,LIT 225kV N0 1 CARRIERES-TERRIER,RTE,CARRIERES,TERRIER,220.0,2264.1509433962265,2400.0,,,0.469,4.417,63.648,15.649,False
17T000000019679P,LIT 225kV N0 2 CARRIERES-TERRIER,RTE,CARRIERES,TERRIER,220.0,2264.1509433962265,2400.0,,,0.454,4.265,61.608,15.648,False
17T000000021657W,LIT 225kV N0 1 CASTELLE (LA) - SAUMADE,RTE,CASTELLE (LA),SAUMADE,220.0,886.7924528301886,940.0,,,0.49,3.271,153.032,9.379,False
17T000000021658U,LIT 225kV N0 1 CASTELLE (LA) - TAMAREAU,RTE,CASTELLE (LA),TAMAREAU,220.0,952.8301886792452,1010.0,,,1.455,9.013,73.05,27.295,False
17T000000021682X,LIT 225kV N0 1 CASTELLET (LE) - ENCO-DE-BOTTE,RTE,CASTELLET (LE),ENCO-DE-BOTTE,220.0,1167.9245283018868,1238.0,,,1.344,8.918,64.906,22.408,False
17T000000021683V,LIT 225kV N0 1 CASTELLET (LE) - ESCAILLON (L ),RTE,CASTELLET (LE),ESCAILLON (L ),220.0,1167.9245283018868,1238.0,,,1.199,7.95,57.862,19.976,False
17T000000020569Y,LIT 400kV N0 1 CAZARIL - MARSILLON,RTE,CAZARIL,MARSILLON,380.0,3566.0377358490564,3780.0,,,2.096,29.202,466.798,101.257,False
17T000000019790X,LIT 400kV N0 1 CAZARIL - VERFEIL,RTE,CAZARIL,VERFEIL,380.0,3566.0377358490564,3780.0,,,2.421,32.079,528.09,121.353,False
17T000000019791V,LIT 400kV N0 2 CAZARIL - MARSILLON,RTE,CAZARIL,MARSILLON,380.0,3566.0377358490564,3780.0,,,2.09,29.12,465.45,101.657,False
17T000000019792T,LIT 400kV N0 2 CAZARIL - VERFEIL,RTE,CAZARIL,VERFEIL,380.0,3566.0377358490564,3780.0,,,2.412,32.015,528.254,121.341,False
17T000000019785Q,LIT 225kV N0 1 CAZARIL-JALIS,RTE,CAZARIL,JALIS,220.0,930.188679245283,986.0,,,6.635,33.492,236.754,83.146,False
17T000000019786O,LIT 225kV N0 1 CAZARIL-LANNEMEZAN,RTE,CAZARIL,LANNEMEZAN,220.0,930.188679245283,986.0,,,1.054,5.037,33.138,12.123,False
17T000000019787M,LIT 225kV N0 2 CAZARIL-LANNEMEZAN,RTE,CAZARIL,LANNEMEZAN,220.0,1144.3396226415093,1213.0,,,0.776,4.67,33.994,11.751,False
17T000000019788K,LIT 225kV N0 3 CAZARIL-LANNEMEZAN,RTE,CAZARIL,LANNEMEZAN,220.0,1144.3396226415093,1213.0,,,0.786,4.732,34.428,11.752,False
17T000000019866Q,LIT 400kV N0 1 CERGY-MEZEROLLES,RTE,CERGY,MEZEROLLES,380.0,2264.1509433962265,2400.0,,,0.991,10.236,120.684,32.739,False
17T000000019867O,LIT 400kV N0 1 CERGY-TERRIER,RTE,CERGY,TERRIER,380.0,2620.754716981132,2778.0,,,0.876,9.212,102.588,28.595,False
17T000000019868M,LIT 400kV N0 2 CERGY-MEZEROLLES,RTE,CERGY,MEZEROLLES,380.0,2264.1509433962265,2400.0,,,0.99,10.227,120.576,32.714,False
17T000000019869K,LIT 400kV N0 2 CERGY-TERRIER,RTE,CERGY,TERRIER,380.0,2620.754716981132,2778.0,,,0.879,9.253,102.972,28.712,False
17T000000019863W,LIT 225kV N0 1 CERGY - PLESSIS-GASSOT,RTE,CERGY,PLESSIS-GASSOT,220.0,941.5094339622641,998.0,,,1.982,17.165,124.978,43.02,False
17T000000019864U,LIT 225kV N0 1 CERGY-PORCHEVILLE,RTE,CERGY,PORCHEVILLE,220.0,1114.1509433962265,1181.0,,,1.632,10.7,77.468,27.066,False
17T000000019865S,LIT 225kV N0 1 CERGY-PUISEUX,RTE,CERGY,PUISEUX,220.0,1309.433962264151,1388.0,,,0.28,1.865,13.508,4.67,False
17T0000000199047,LIT 225kV N0 1 CERNAY-VESLE,RTE,CERNAY,VESLE,220.0,1309.433962264151,1388.0,,,1.051,7.006,50.622,17.55,False
17T0000000199055,LIT 225kV N0 2 CERNAY-VESLE,RTE,CERNAY,VESLE,220.0,1309.433962264151,1388.0,,,1.051,7.006,50.634,17.55,False
17T0000000199144,LIT 225kV N0 1 CESTAS - MASQUET,RTE,CESTAS,MASQUET,220.0,1062.264150943396,1126.0,,,1.049,6.969,63.384,17.6,False
17T0000000199152,LIT 225kV N0 1 CESTAS - PESSAC,RTE,CESTAS,PESSAC,220.0,1062.264150943396,1126.0,,,0.842,5.602,55.454,14.472,False
17T000000019982O,LIT 225kV N0 1 CHABOSSIERE (LA)-CHEVIRE,RTE,CHABOSSIERE (LA),CHEVIRE,220.0,1350.943396226415,1432.0,,,0.422,2.86,21.098,7.334,False
17T000000019983M,LIT 225kV N0 1 CHABOSSIERE (LA)-CORDEMAIS-POSTE,RTE,CHABOSSIERE (LA),CORDEMAIS-POSTE,220.0,1350.943396226415,1432.0,,,1.114,7.536,55.842,19.522,False
17T0000000199989,LIT 400kV N0 1 CHAFFARD (LE) - CHAMPAGNIER,RTE,CHAFFARD (LE),CHAMPAGNIER,380.0,2247.1698113207544,2382.0,,,3.161,35.012,362.502,104.135,False
17T000000019997B,LIT 400kV N0 1 CHAFFARD (LE) - COULANGE,RTE,CHAFFARD (LE),COULANGE,380.0,3372.6415094339623,3575.0,,,4.154,41.629,519.052,0.0,False
17T0000000199997,LIT 400kV N0 1 CHAFFARD (LE) - GRANDE-ILE,RTE,CHAFFARD (LE),GRANDE-ILE,380.0,3566.0377358490564,3780.0,,,1.44,20.469,321.628,76.242,False
17T000000020000G,LIT 400kV N0 1 CHAFFARD (LE) - MIONS,RTE,CHAFFARD (LE),MIONS,380.0,1875.4716981132074,1988.0,,,0.543,4.174,41.2,12.222,False
17T000000020001E,LIT 400kV N0 1 CHAFFARD (LE) - PIVOZ-CORDIER,RTE,CHAFFARD (LE),PIVOZ-CORDIER,380.0,3566.0377358490564,3780.0,,,1.293,14.857,170.62,47.327,False
17T0000000200226,LIT 400kV N0 1 CHAFFARD (LE) - ST-VULBAS-OUEST,RTE,CHAFFARD (LE),ST-VULBAS-OUEST,380.0,2264.1509433962265,2400.0,,,0.562,5.705,70.374,18.713,False
17T0000000200234,LIT 400kV N0 2 CHAFFARD (LE) - CHAMPAGNIER,RTE,CHAFFARD (LE),CHAMPAGNIER,380.0,2247.1698113207544,2382.0,,,2.248,27.612,296.112,84.001,False
17T0000000200242,LIT 400kV N0 2 CHAFFARD (LE)-GRANDE-ILE,RTE,CHAFFARD (LE),GRANDE-ILE,380.0,3566.0377358490564,3780.0,,,1.441,20.472,321.626,76.242,False
17T000000020026Z,LIT 400kV N0 2 CHAFFARD (LE)-MIONS,RTE,CHAFFARD (LE),MIONS,380.0,2452.830188679245,2600.0,,,0.288,3.687,58.678,13.304,False
17T000000020027X,LIT 400kV N0 2 CHAFFARD (LE)-PIVOZ-CORDIER,RTE,CHAFFARD (LE),PIVOZ-CORDIER,380.0,3566.0377358490564,3780.0,,,1.293,14.857,170.62,47.327,False
17T000000020028V,LIT 400kV N0 2 CHAFFARD (LE)-ST-VULBAS-OUEST,RTE,CHAFFARD (LE),ST-VULBAS-OUEST,380.0,2264.1509433962265,2400.0,,,0.562,5.71,70.39,18.722,False
17T000000020029T,LIT 400kV N0 3 CHAFFARD (LE) - ST-VULBAS-OUEST,RTE,CHAFFARD (LE),ST-VULBAS-OUEST,380.0,2264.1509433962265,2400.0,,,0.569,5.784,71.286,18.945,False
17T0000000200307,LIT 400kV N0 4 CHAFFARD (LE) - ST-VULBAS-OUEST,RTE,CHAFFARD (LE),ST-VULBAS-OUEST,380.0,2452.830188679245,2600.0,,,0.569,5.778,71.23,20.979,False
17T000000020072S,LIT 400kV N0 1 CHAINGY - VERGER,RTE,CHAINGY,VERGER,380.0,1979.245283018868,2098.0,,,0.716,7.287,90.074,23.926,False
17T000000020073Q,LIT 400kV N0 2 CHAINGY-VERGER,RTE,CHAINGY,VERGER,380.0,1979.245283018868,2098.0,,,0.715,7.275,89.952,24.011,False
17T000000020068J,LIT 225kV N0 1 CHAINGY-DAMBRON,RTE,CHAINGY,DAMBRON,220.0,983.0188679245283,1042.0,,,1.572,10.561,74.586,26.338,False
17T000000020069H,LIT 225kV N0 2 CHAINGY - DAMBRON,RTE,CHAINGY,DAMBRON,220.0,983.0188679245283,1042.0,,,2.522,11.141,70.926,26.253,False
17T000000020071U,LIT 225kV N0 3 CHAINGY-DAMBRON,RTE,CHAINGY,DAMBRON,220.0,1192.4528301886792,1264.0,,,1.577,10.534,99.248,26.624,False
17T000000020108X,LIT 225kV N0 1 CHALON-CHAMPVANS,RTE,CHALON,CHAMPVANS,220.0,788.6792452830189,836.0,,,5.585,25.536,172.398,61.86,False
17T000000020109V,LIT 225kV N0 1 CHALON-GROSNE,RTE,CHALON,GROSNE,220.0,1462.264150943396,1550.0,,,0.752,7.047,102.744,25.08,False
17T0000000201109,LIT 225kV N0 2 CHALON-GROSNE,RTE,CHALON,GROSNE,220.0,1462.264150943396,1550.0,,,0.752,7.047,102.744,25.07,False
17T000000019828Y,LIT 400kV N0 1 CHAMBRY - MERY-SUR-SEINE,RTE,CHAMBRY,MERY-SUR-SEINE,380.0,2003.7735849056603,2124.0,,,4.148,32.015,310.662,93.177,False
17T000000019829W,LIT 400kV N0 1 CHAMBRY - PENCHARD,RTE,CHAMBRY,PENCHARD,380.0,2130.188679245283,2258.0,,,0.201,1.622,15.872,4.722,False
17T000000021411R,LIT 400kV N0 1 CHAMPAGNIER - VAUJANY,RTE,CHAMPAGNIER,VAUJANY,380.0,2641.509433962264,2800.0,,,0.667,9.296,117.086,30.75,False
17T000000021412P,LIT 400kV N0 2 CHAMPAGNIER-VAUJANY,RTE,CHAMPAGNIER,VAUJANY,380.0,2003.7735849056603,2124.0,,,0.667,9.29,117.016,26.413,False
17T000000021381A,LIT 225kV N0 1 CHAMPAGNIER-EYBENS,RTE,CHAMPAGNIER,EYBENS,220.0,1182.0754716981132,1253.0,,,0.519,3.384,24.566,8.4,False
17T000000021402S,LIT 225kV N0 1 CHAMPAGNIER-GRISOLLES,RTE,CHAMPAGNIER,GRISOLLES,220.0,909.4339622641509,964.0,,,5.011,32.529,261.52,82.181,False
17T000000021403Q,LIT 225kV N0 1 CHAMPAGNIER-MOIRANS,RTE,CHAMPAGNIER,MOIRANS,220.0,1216.9811320754716,1290.0,,,1.075,11.551,127.326,35.406,False
17T000000021404O,LIT 225kV N0 1 CHAMPAGNIER-PARISET,RTE,CHAMPAGNIER,PARISET,220.0,697.1698113207547,739.0,,,1.13,3.95,28.0,9.41,False
17T000000021406K,LIT 225kV N0 1 CHAMPAGNIER-SERRE-PONCON,RTE,CHAMPAGNIER,SERRE-PONCON,220.0,909.4339622641509,964.0,,,5.92,39.82,300.0,98.635,False
17T000000021409E,LIT 225kV N0 2 CHAMPAGNIER - EYBENS,RTE,CHAMPAGNIER,EYBENS,220.0,1123.5849056603772,1191.0,,,0.517,3.368,24.452,8.569,False
17T000000021418D,LIT 225kV N0 1 CHAMPAGNOLE - FRASNE,RTE,CHAMPAGNOLE,FRASNE,220.0,993.3962264150942,1053.0,,,1.637,9.735,72.336,24.838,False
17T000000021421O,LIT 225kV N0 1 CHAMPAGNOLE - SAONE,RTE,CHAMPAGNOLE,SAONE,220.0,596.2264150943396,632.0,,,7.144,24.248,152.244,56.775,False
17T000000021419B,LIT 225kV N0 1 CHAMPAGNOLE-GENISSIAT-POSTE,RTE,CHAMPAGNOLE,GENISSIAT-POSTE,220.0,514.1509433962264,545.0,,,11.011,36.498,227.824,85.139,False
17T000000019343L,LIT 225kV N0 1 CHAMPS-REGNAUD-VIELMOULIN,RTE,CHAMPS-REGNAUD,VIELMOULIN,220.0,939.622641509434,996.0,,,2.649,12.359,86.01,30.5,False
17T000000019344J,LIT 225kV N0 2 CHAMPS-REGNAUD-VIELMOULIN,RTE,CHAMPS-REGNAUD,VIELMOULIN,220.0,1000.0,1060.0,,,2.005,13.363,105.722,33.8,False
17T0000000214492,LIT 225kV N0 1 CHAMPVANS-PYMONT,RTE,CHAMPVANS,PYMONT,220.0,996.2264150943396,1056.0,,,2.767,19.099,140.878,48.515,False
17T000000020133Y,LIT 400kV N0 1 CHANCEAUX - DISTRE,RTE,CHANCEAUX,DISTRE,380.0,2264.1509433962265,2400.0,,,2.318,24.1,298.8,79.08,False
17T000000020134W,LIT 400kV N0 1 CHANCEAUX - LARCAY,RTE,CHANCEAUX,LARCAY,380.0,3566.0377358490564,3780.0,,,0.445,5.843,96.662,22.164,False
17T000000020135U,LIT 400kV N0 1 CHANCEAUX - QUINTES (LES),RTE,CHANCEAUX,QUINTES (LES),380.0,3566.0377358490564,3780.0,,,1.191,15.651,259.536,59.408,False
17T000000020136S,LIT 400kV N0 1 CHANCEAUX - VILLERBON,RTE,CHANCEAUX,VILLERBON,380.0,2264.1509433962265,2400.0,,,1.912,19.401,240.362,89.28,False
17T000000020137Q,LIT 400kV N0 2 CHANCEAUX - LARCAY,RTE,CHANCEAUX,LARCAY,380.0,3566.0377358490564,3780.0,,,0.445,5.839,96.612,22.164,False
17T000000020138O,LIT 400kV N0 2 CHANCEAUX-QUINTES (LES),RTE,CHANCEAUX,QUINTES (LES),380.0,3566.0377358490564,3780.0,,,1.191,15.652,259.546,59.426,False
17T000000020169D,LIT 225kV N0 2 CHANCENAY-REVIGNY,RTE,CHANCENAY,REVIGNY,220.0,1297.1698113207547,1375.0,,,0.977,6.515,47.09,16.24,False
17T000000020258E,LIT 400KV N0 1 CHARPENAY - ECHALAS,RTE,CHARPENAY,ECHALAS,380.0,3566.0377358490564,3780.0,,,0.526,9.604,129.056,32.89,False
17T000000020259C,LIT 400kV N0 1 CHARPENAY - GREPILLES,RTE,CHARPENAY,GREPILLES,380.0,2309.433962264151,2448.0,,,1.777,17.251,215.686,57.026,False
17T000000020261P,LIT 400kV N0 1 CHARPENAY - ST-VULBAS-OUEST,RTE,CHARPENAY,ST-VULBAS-OUEST,380.0,2452.830188679245,2600.0,,,1.696,17.199,212.9,53.537,False
17T000000020282H,LIT 400kV N0 2 CHARPENAY-ECHALAS,RTE,CHARPENAY,ECHALAS,380.0,3566.0377358490564,3780.0,,,0.533,9.712,131.074,32.882,False
17T000000020283F,LIT 400kV N0 2 CHARPENAY-GREPILLES,RTE,CHARPENAY,GREPILLES,380.0,2309.433962264151,2448.0,,,1.712,17.367,214.72,57.036,False
17T000000020284D,LIT 400kV N0 2 CHARPENAY-ST-VULBAS-OUEST,RTE,CHARPENAY,ST-VULBAS-OUEST,380.0,2452.830188679245,2600.0,,,1.711,17.374,214.7,56.986,False
17T0000000192006,LIT 225kV N0 1 CHATEAU-GOMBERT - ENCO-DE-BOTTE,RTE,CHATEAU-GOMBERT,ENCO-DE-BOTTE,220.0,413.2075471698113,438.0,,,0.337,1.122,343.364,6.355,False
17T0000000192014,LIT 225kV N0 2 CHATEAU-GOMBERT - ENCO-DE-BOTTE,RTE,CHATEAU-GOMBERT,ENCO-DE-BOTTE,220.0,413.2075471698113,438.0,,,0.337,1.122,343.364,6.355,False
17T000000019357A,LIT 225kV N0 1 CHATEAUNEUF-DU-RHONE - TRICASTIN-POSTE (LE),RTE,CHATEAUNEUF-DU-RHONE,TRICASTIN-POSTE (LE),220.0,931.132075471698,987.0,,,1.723,8.881,61.826,21.904,False
17T000000019356C,LIT 225kV N0 1 CHATEAUNEUF-DU-RHONE-LOGIS-NEUF,RTE,CHATEAUNEUF-DU-RHONE,LOGIS-NEUF,220.0,931.132075471698,987.0,,,2.693,12.205,83.676,30.0,False
17T0000000193588,LIT 225kV N0 2 CHATEAUNEUF-DU-RHONE-LOGIS-NEUF,RTE,CHATEAUNEUF-DU-RHONE,LOGIS-NEUF,220.0,931.132075471698,987.0,,,2.742,12.439,92.21,30.035,False
17T000000021857O,LIT 225kV N0 1 CHAUSSEE (LA)-RECY,RTE,CHAUSSEE (LA),RECY,220.0,1278.3018867924527,1355.0,,,1.598,10.643,74.268,26.238,False
17T000000021858M,LIT 225kV N0 1 CHAUSSEE (LA)-REVIGNY,RTE,CHAUSSEE (LA),REVIGNY,220.0,1270.754716981132,1347.0,,,2.335,15.545,107.632,38.162,False
17T-FR-00000049P,LIT 225kV N0 1 CHAVANOD-GENISSIAT-POSTE,RTE,CHAVANOD,GENISSIAT-POSTE,220.0,700.0,742.0,,,4.69,16.11,112.0,39.113,False
17T000000020417K,LIT 400kV N0 1 CHESNOY (LE) - CIROLLIERS,RTE,CHESNOY (LE),CIROLLIERS,380.0,1845.2830188679245,1956.0,,,1.823,20.419,197.822,58.648,False
17T000000020418I,LIT 400kV N0 1 CHESNOY (LE) - MERY-SUR-SEINE,RTE,CHESNOY (LE),MERY-SUR-SEINE,380.0,2620.754716981132,2778.0,,,2.465,24.978,309.748,82.163,False
17T000000020419G,LIT 400kV N0 1 CHESNOY (LE) - MORBRAS,RTE,CHESNOY (LE),MORBRAS,380.0,2543.396226415094,2696.0,,,1.451,15.877,162.826,47.256,False
17T000000020421T,LIT 400kV N0 1 CHESNOY (LE) - TABARDERIE,RTE,CHESNOY (LE),TABARDERIE,380.0,2379.2452830188677,2522.0,,,2.847,31.537,314.032,91.731,False
17T000000020442L,LIT 400kV N0 1 CHESNOY (LE) - VILLECHETIVE,RTE,CHESNOY (LE),VILLECHETIVE,380.0,1996.2264150943395,2116.0,,,2.198,24.353,242.22,71.239,False
17T000000020443J,LIT 400kV N0 2 CHESNOY (LE)-CIROLLIERS,RTE,CHESNOY (LE),CIROLLIERS,380.0,2620.754716981132,2778.0,,,1.819,20.373,197.596,82.187,False
17T000000020444H,LIT 400kV N0 2 CHESNOY (LE)-MERY-SUR-SEINE,RTE,CHESNOY (LE),MERY-SUR-SEINE,380.0,2452.830188679245,2600.0,,,2.468,25.046,309.706,47.267,False
17T000000020445F,LIT 400kV N0 2 CHESNOY (LE)-MORBRAS,RTE,CHESNOY (LE),MORBRAS,380.0,3149.056603773585,3338.0,,,1.451,15.878,162.878,114.626,False
17T000000020446D,LIT 400kV N0 2 CHESNOY (LE)-TABARDERIE,RTE,CHESNOY (LE),TABARDERIE,380.0,3149.056603773585,3338.0,,,1.854,26.679,339.146,115.433,False
17T000000020447B,LIT 400kV N0 3 CHESNOY (LE) - TABARDERIE,RTE,CHESNOY (LE),TABARDERIE,380.0,3566.0377358490564,3780.0,,,1.838,26.463,334.574,29.657,False
17T000000020404T,LIT 225kV N0 1 CHESNOY (LE)-COURTRY,RTE,CHESNOY (LE),COURTRY,220.0,1000.9433962264151,1061.0,,,1.747,8.063,56.416,19.948,False
17T000000020406P,LIT 225kV N0 1 CHESNOY (LE)-NEMOURS,RTE,CHESNOY (LE),NEMOURS,220.0,941.5094339622641,998.0,,,2.114,14.347,105.908,36.369,False
17T000000020408L,LIT 225kV N0 1 CHESNOY (LE)-ROUSSON,RTE,CHESNOY (LE),ROUSSON,220.0,894.3396226415094,948.0,,,4.082,18.523,178.76,45.817,False
17T000000020410Y,LIT 225kV N0 2 CHESNOY (LE)-COURTRY,RTE,CHESNOY (LE),COURTRY,220.0,1037.7358490566037,1100.0,,,1.181,7.961,89.606,20.002,False
17T000000020412U,LIT 225kV N0 3 CHESNOY (LE)-COURTRY,RTE,CHESNOY (LE),COURTRY,220.0,1066.0377358490566,1130.0,,,1.17,7.98,86.0,20.002,False
17T-FR-00000012B,LIT 400kV N0 1 CHEVALET - GAVRELLE,RTE,CHEVALET,GAVRELLE,380.0,2620.754716981132,2778.0,,,0.595,7.809,129.324,67.14,False
17T000000020496Z,LIT 400kV N0 1 CHEVALET - LATENA,RTE,CHEVALET,LATENA,380.0,2749.056603773585,2914.0,,,1.977,20.03,249.706,65.954,False
17T-FR-000000139,LIT 400kV N0 1 CHEVALET - WARANDE,RTE,CHEVALET,WARANDE,380.0,3566.0377358490564,3780.0,,,3.115,31.604,391.644,29.616,False
17T-FR-000000147,LIT 400kV N0 2 CHEVALET - GAVRELLE,RTE,CHEVALET,GAVRELLE,380.0,2620.754716981132,2778.0,,,0.598,7.859,130.17,83.793,False
17T000000020497X,LIT 400kV N0 2 CHEVALET - LATENA,RTE,CHEVALET,LATENA,380.0,2749.056603773585,2914.0,,,1.97,19.967,248.476,32.379,False
17T-FR-000000155,LIT 400kV N0 2 CHEVALET-WARANDE,RTE,CHEVALET,WARANDE,380.0,3566.0377358490564,3780.0,,,3.113,31.59,391.498,53.85,False
17T000000020523L,LIT 225KV N0 1 CHEVILLY - VILLENEUVE-ST-,RTE,CHEVILLY,VILLENEUVE-ST-GEORGES,220.0,783.0188679245283,830.0,,,0.63,3.118,29.58,7.503,False
17T000000020499T,LIT 225kV N0 1 CHEVILLY-CORIOLIS,RTE,CHEVILLY,CORIOLIS,220.0,509.4339622641509,540.0,,,0.556,1.326,726.934,10.695,False
17T0000000204594,LIT 225kV N0 1 CHEVIRE-MERLATIERE,RTE,CHEVIRE,MERLATIERE,220.0,1350.943396226415,1432.0,,,2.997,20.647,151.996,52.396,False
17T000000020461H,LIT 225kV N0 1 CHEVIRE-VERTOU,RTE,CHEVIRE,VERTOU,220.0,859.4339622641509,911.0,,,1.074,4.891,33.098,11.895,False
17T000000020541J,LIT 225kV N0 1 CHOLET - MAUGES (LES),RTE,CHOLET,MAUGES (LES),220.0,1352.830188679245,1434.0,,,1.565,10.41,75.378,25.072,False
17T000000020540L,LIT 225kV N0 1 CHOLET-DISTRE,RTE,CHOLET,DISTRE,220.0,1014.1509433962264,1075.0,,,3.953,26.547,201.08,66.007,False
17T0000000205639,LIT 225kV N0 1 CHOLET-VAL-DE-SEVRE,RTE,CHOLET,VAL-DE-SEVRE,220.0,866.0377358490566,918.0,,,4.502,16.299,106.314,38.688,False
17T0000000205647,LIT 225kV N0 2 CHOLET-DISTRE,RTE,CHOLET,DISTRE,220.0,1033.9622641509434,1096.0,,,7.299,36.334,255.236,89.929,False
17T0000000205744,LIT 225kV N0 1 CHOOZ-MAZURES,RTE,CHOOZ,MAZURES,220.0,1228.3018867924527,1302.0,,,0.852,8.755,115.274,29.393,False
17T000000020577Z,LIT 225kV N0 2 CHOOZ-MAZURES,RTE,CHOOZ,MAZURES,220.0,939.622641509434,996.0,,,0.759,9.395,110.56,29.849,False
17T000000020614I,LIT 400kV N0 1 CIROLLIERS - GATINAIS,RTE,CIROLLIERS,GATINAIS,380.0,2543.396226415094,2696.0,,,1.068,14.027,232.516,19.64,False
17T000000020615G,LIT 400kV N0 1 CIROLLIERS - VILLEJUST,RTE,CIROLLIERS,VILLEJUST,380.0,3566.0377358490564,3780.0,,,0.609,6.8,65.536,53.455,False
17T000000020616E,LIT 400kV N0 2 CIROLLIERS - GATINAIS,RTE,CIROLLIERS,GATINAIS,380.0,2543.396226415094,2696.0,,,1.067,14.021,232.434,19.807,False
17T000000020617C,LIT 400kV N0 2 CIROLLIERS - VILLEJUST,RTE,CIROLLIERS,VILLEJUST,380.0,2003.7735849056603,2124.0,,,0.614,6.865,66.07,21.904,False
17T000000020618A,LIT 400kV N0 3 CIROLLIERS-VILLEJUST,RTE,CIROLLIERS,VILLEJUST,380.0,2235.8490566037735,2370.0,,,0.928,7.271,76.506,21.49,False
17T000000020611O,LIT 225kV N0 1 CIROLLIERS - LOGES (LES),RTE,CIROLLIERS,LOGES (LES),220.0,1066.0377358490566,1130.0,,,0.4,2.709,70.748,7.205,False
17T000000020613K,LIT 225kV N0 2 CIROLLIERS - LOGES (LES),RTE,CIROLLIERS,LOGES (LES),220.0,1066.0377358490566,1130.0,,,0.377,2.555,69.642,7.205,False
17T0000000206457,LIT 225kV N0 1 CISSAC-MARQUIS (LE),RTE,CISSAC,MARQUIS (LE),220.0,1235.8490566037735,1310.0,,,2.285,15.118,216.42,39.31,False
17T000000020660B,LIT 225kV N0 1 CIZE-FLEYRIAT,RTE,CIZE,FLEYRIAT,220.0,1143.3962264150944,1212.0,,,1.216,7.669,114.862,24.233,False
17T0000000206619,LIT 225kV N0 1 CIZE-IZERNORE,RTE,CIZE,IZERNORE,220.0,1146.2264150943395,1215.0,,,0.454,2.701,20.04,6.97,False
17T000000020722F,LIT 225kV N0 1 CLEON-GRAND-COURONNE,RTE,CLEON,GRAND-COURONNE,220.0,1394.3396226415093,1478.0,,,0.328,2.197,15.752,5.47,False
17T000000020723D,LIT 225kV N0 1 CLEON-MANOIR (LE),RTE,CLEON,MANOIR (LE),220.0,1351.8867924528302,1433.0,,,0.88,5.92,42.0,14.651,False
17T000000020724B,LIT 225kV N0 2 CLEON-GRAND-COURONNE,RTE,CLEON,GRAND-COURONNE,220.0,1394.3396226415093,1478.0,,,0.329,2.198,15.816,5.473,False
17T0000000207283,LIT 400kV N0 1 CLERAC - CUBNEZAIS,RTE,CLERAC,CUBNEZAIS,380.0,2235.8490566037735,2370.0,,,0.661,7.126,74.388,127.98,False
17T0000000207291,LIT 400kV N0 1 CLERAC - PLAUD,RTE,CLERAC,PLAUD,380.0,2561.320754716981,2715.0,,,3.972,44.447,429.556,40.341,False
17T-FR-00000045X,LIT 400kV N0 1 COCHE (LA) - PRAZ-ST-ANDRE,RTE,COCHE (LA),PRAZ-ST-ANDRE,380.0,2264.1509433962265,2400.0,,,1.237,17.543,113.486,91.0,False
17T000000020811G,LIT 225kV N0 1 COLAYRAC-DONZAC,RTE,COLAYRAC,DONZAC,220.0,1036.7924528301887,1099.0,,,1.756,11.772,83.6,29.278,False
17T000000020812E,LIT 225kV N0 1 COLAYRAC-GUPIE,RTE,COLAYRAC,GUPIE,220.0,1009.4339622641509,1070.0,,,3.214,21.383,154.774,53.496,False
17T000000020891T,LIT 225kV N0 1 COMMERVEIL-CHAMPFLEUR,RTE,COMMERVEIL,CHAMPFLEUR,220.0,1310.377358490566,1389.0,,,1.317,8.75,63.556,21.943,False
17T0000000209324,LIT 225kV N0 1 COMPIEGNE-LATENA,RTE,COMPIEGNE,LATENA,220.0,981.132075471698,1040.0,,,3.041,14.566,98.936,35.41,False
17T0000000209332,LIT 225kV N0 1 COMPIEGNE-MORU,RTE,COMPIEGNE,MORU,220.0,858.4905660377358,910.0,,,1.82,8.91,58.9,21.472,False
17T0000000209413,LIT 225kV N0 1 CONCARNEAU - POTEAU-ROUGE,RTE,CONCARNEAU,POTEAU-ROUGE,220.0,1121.698113207547,1189.0,,,3.245,22.203,163.358,56.304,False
17T000000020962W,LIT 225kV N0 1 CONCARNEAU-SQUIVIDAN,RTE,CONCARNEAU,SQUIVIDAN,220.0,1121.698113207547,1189.0,,,1.516,10.244,75.056,26.103,False
17T000000020970X,LIT 225kV N0 1 CONFLUENT-CHAMPAGNIER,RTE,CONFLUENT,CHAMPAGNIER,220.0,754.7169811320755,800.0,,,1.76,9.15,60.0,22.412,False
17T000000020971V,LIT 225kV N0 1 CONFLUENT-PARISET,RTE,CONFLUENT,PARISET,220.0,1016.9811320754717,1078.0,,,0.12,0.78,18.0,2.045,False
17T000000021008W,LIT 225kV N0 1 CONTAMINE-GRAND-COEUR,RTE,CONTAMINE,GRAND-COEUR,220.0,1101.8867924528302,1168.0,,,0.548,3.245,24.25,8.384,False
17T000000021009U,LIT 225kV N0 1 CONTAMINE-MALGOVERT,RTE,CONTAMINE,MALGOVERT,220.0,721.6981132075472,765.0,,,2.26,10.86,76.0,27.527,False
17T000000021043U,LIT 225kV N0 1 COQUAINVILLIERS-DRONNIERE (LA),RTE,COQUAINVILLIERS,DRONNIERE (LA),220.0,1066.0377358490566,1130.0,,,2.484,16.711,138.072,41.564,False
17T000000021044S,LIT 225kV N0 1 COQUAINVILLIERS-ROUGEMONTIER,RTE,COQUAINVILLIERS,ROUGEMONTIER,220.0,1394.3396226415093,1478.0,,,2.797,18.835,133.302,46.232,False
17T000000021045Q,LIT 225kV N0 1 COQUAINVILLIERS-TOURBE,RTE,COQUAINVILLIERS,TOURBE,220.0,1394.3396226415093,1478.0,,,2.212,14.928,105.01,36.875,False
17T000000021046O,LIT 225kV N0 2 COQUAINVILLIERS-ROUGEMONTIER,RTE,COQUAINVILLIERS,ROUGEMONTIER,220.0,1394.3396226415093,1478.0,,,2.765,18.62,131.728,46.234,False
17T0000000211015,LIT 225kV N0 1 CORBIERE (LA)-DISTRE,RTE,CORBIERE (LA),DISTRE,220.0,1297.1698113207547,1375.0,,,2.766,18.428,127.554,45.457,False
17T000000021143Q,LIT 225kV N0 2 CORBIERE (LA)-DISTRE,RTE,CORBIERE (LA),DISTRE,220.0,1352.830188679245,1434.0,,,2.745,18.496,130.838,45.808,False
17T000000021144O,LIT 225kV N0 3 CORBIERE (LA)-DISTRE,RTE,CORBIERE (LA),DISTRE,220.0,1352.830188679245,1434.0,,,2.745,18.499,130.858,45.814,False
17T000000021059F,LIT 400kV N0 1 CORDEMAIS-P - LOUISFERT (poste F),RTE,CORDEMAIS-POSTE,LOUISFERT,380.0,2264.1509433962265,2400.0,,,1.671,16.933,210.436,150.881,False
17T000000016584E,LIT 400kV N0 1 CORDEMAIS-POSTE - GALOREAUX (LES),RTE,CORDEMAIS-POSTE,GALOREAUX (LES),380.0,2264.1509433962265,2400.0,,,2.738,26.79,359.872,55.189,False
17T000000021060U,LIT 400kV N0 2 CORDEMAIS-POSTE - DISTRE,RTE,CORDEMAIS-POSTE,DISTRE,380.0,2264.1509433962265,2400.0,,,4.521,45.811,568.374,55.162,False
17T000000021061S,LIT 400kV N0 2 CORDEMAIS-POSTE - LOUISFERT (poste F),RTE,CORDEMAIS-POSTE,LOUISFERT,380.0,2264.1509433962265,2400.0,,,1.666,16.878,209.75,238.814,False
17T000000021082K,LIT 400kV N0 2 CORDEMAIS-POSTE - MARTYRE (LA),RTE,CORDEMAIS-POSTE,MARTYRE (LA),380.0,3566.0377358490564,3780.0,,,7.083,72.149,900.732,41.841,False
,LIT 225kV N0 1 CORDEMAIS-POSTE - PIQUAGE A BASTILLE,RTE,CORDEMAIS-POSTE,PIQUAGE A BASTILLE,220.0,1270.754716981132,1347.0,,,1.079,7.31,54.226,19.931,False
17T000000021050X,LIT 225kV N0 1 CORDEMAIS-POSTE-PONTCHATEAU,RTE,CORDEMAIS-POSTE,PONTCHATEAU,220.0,928.3018867924528,984.0,,,2.524,12.411,86.986,30.704,False
17T000000021053R,LIT 225kV N0 2 CORDEMAIS-POSTE-PONTCHATEAU,RTE,CORDEMAIS-POSTE,PONTCHATEAU,220.0,1350.943396226415,1432.0,,,1.421,9.618,71.296,24.461,False
17T000000021173H,LIT 400kV N0 1 CORNIER - GENISSIAT-POSTE,RTE,CORNIER,GENISSIAT-POSTE,380.0,2503.7735849056603,2654.0,,,0.764,11.675,172.588,68.868,False
17T-FR-00000066P,LIT 400kV N0 1 CORNIER - MONTAGNY-LES-LANCHES,RTE,CORNIER,MONTAGNY-LES-LANCHES,380.0,3372.6415094339623,3575.0,,,1.649,21.038,267.65,90.713,False
17T000000021171L,LIT 225kV N0 1 CORNIER-PRESSY,RTE,CORNIER,PRESSY,220.0,1101.8867924528302,1168.0,,,1.453,8.965,66.422,22.797,False
17T000000021172J,LIT 225kV N0 2 CORNIER-GENISSIAT-POSTE,RTE,CORNIER,GENISSIAT-POSTE,220.0,783.0188679245283,830.0,,,2.437,15.786,114.206,39.423,False
17T000000021225O,LIT 225kV N0 1 COSSIGNY-MORBRAS,RTE,COSSIGNY,MORBRAS,220.0,989.622641509434,1049.0,,,0.516,2.482,17.342,6.135,False
17T000000021263G,LIT 225kV N0 1 COUCHEY-CHAMPVANS,RTE,COUCHEY,CHAMPVANS,220.0,1052.8301886792453,1116.0,,,2.388,15.865,115.14,39.71,False
17T000000021264E,LIT 225kV N0 1 COUCHEY-VIELMOULIN,RTE,COUCHEY,VIELMOULIN,220.0,943.3962264150942,1000.0,,,1.798,11.941,86.728,29.9,False
17T000000021273D,LIT 225kV N0 1 COUDON (LE) - NEOULES,RTE,COUDON (LE),NEOULES,220.0,1099.0566037735848,1165.0,,,1.094,6.574,48.078,16.595,False
17T000000021271H,LIT 225kV N0 1 COUDON (LE)-ESCAILLON (L ),RTE,COUDON (LE),ESCAILLON (L ),220.0,1167.9245283018868,1238.0,,,0.786,5.258,38.568,13.2,False
17T0000000212767,LIT 225kV N0 2 COUDON (LE)-NEOULES,RTE,COUDON (LE),NEOULES,220.0,1099.0566037735848,1165.0,,,1.096,6.601,47.942,16.604,False
17T000000021291B,LIT 400kV N0 1 COULANGE - PIVOZ-CORDIER,RTE,COULANGE,PIVOZ-CORDIER,380.0,2309.433962264151,2448.0,,,2.725,27.563,342.054,90.708,False
17T0000000212929,LIT 400kV N0 1 COULANGE - TAVEL,RTE,COULANGE,TAVEL,380.0,2309.433962264151,2448.0,,,2.283,21.794,283.372,45.273,False
17T0000000212937,LIT 400kV N0 1 COULANGE - TRICASTIN-POSTE (LE),RTE,COULANGE,TRICASTIN-POSTE (LE),380.0,3372.6415094339623,3575.0,,,1.371,13.485,168.124,90.713,False
17T0000000212953,LIT 400kV N0 2 COULANGE-PIVOZ-CORDIER,RTE,COULANGE,PIVOZ-CORDIER,380.0,2309.433962264151,2448.0,,,2.706,27.369,339.694,45.546,False
17T0000000212961,LIT 400kV N0 2 COULANGE-TRICASTIN-POSTE (LE),RTE,COULANGE,TRICASTIN-POSTE (LE),380.0,2309.433962264151,2448.0,,,1.404,13.77,171.78,45.546,False
17T000000021299W,LIT 400kV N0 3 COULANGE - TRICASTIN-POSTE (LE),RTE,COULANGE,TRICASTIN-POSTE (LE),380.0,2641.509433962264,2800.0,,,1.404,13.77,171.78,30.772,False
17T000000021965L,LIT 225kV N0 1 COURTRY-SENART,RTE,COURTRY,SENART,220.0,1309.433962264151,1388.0,,,1.073,7.207,96.418,18.326,False
17T000000021488T,LIT 225kV N0 1 CRECHETS (LES) - WEPPES,RTE,CRECHETS (LES),WEPPES,220.0,1370.754716981132,1453.0,,,0.876,5.842,42.222,14.607,False
17T000000021486X,LIT 225kV N0 1 CRECHETS (LES)-GUARBECQUE,RTE,CRECHETS (LES),GUARBECQUE,220.0,1394.3396226415093,1478.0,,,1.43,9.5,69.034,23.478,False
17T000000021489R,LIT 225kV N0 2 CRECHETS (LES)-WEPPES,RTE,CRECHETS (LES),WEPPES,220.0,891.5094339622641,945.0,,,0.872,5.815,57.278,14.426,False
17T000000021523G,LIT 400kV N0 1 CRENEY - MERY-SUR-SEINE,RTE,CRENEY,MERY-SUR-SEINE,380.0,2452.830188679245,2600.0,,,1.172,9.065,88.438,83.925,False
17T-FR-00000056S,LIT 400kV N0 1 CRENEY - REVIGNY,RTE,CRENEY,REVIGNY,380.0,1873.5849056603772,1986.0,,,2.595,27.828,292.0,40.8,False
17T000000021524E,LIT 400kV N0 1 CRENEY - VIELMOULIN,RTE,CRENEY,VIELMOULIN,380.0,3154.7169811320755,3344.0,,,5.532,42.281,409.788,59.949,False
17T000000021500S,LIT 225kV N0 1 CRENEY - FRONCLES,RTE,CRENEY,FRONCLES,220.0,1000.9433962264151,1061.0,,,6.818,34.112,240.424,84.751,False
17T000000021522I,LIT 225kV N0 1 CRENEY-ROSIERES,RTE,CRENEY,ROSIERES,220.0,1000.9433962264151,1061.0,,,2.31,12.393,84.042,30.108,False
17T000000021534B,LIT 225kV N0 1 CRETAINE-TOLBIAC,RTE,CRETAINE,TOLBIAC,220.0,650.9433962264151,690.0,,,0.16,0.48,216.0,4.386,False
17T000000021540G,LIT 400kV N0 1 CREYS - GENISSIAT-POSTE,RTE,CREYS,GENISSIAT-POSTE,380.0,3154.7169811320755,3344.0,,,1.112,16.141,216.056,21.051,False
17T0000000215391,LIT 400kV N0 1 CREYS - GRANDE-ILE,RTE,CREYS,GRANDE-ILE,380.0,2830.188679245283,3000.0,,,1.271,18.454,229.688,52.885,False
17T000000021541E,LIT 400kV N0 1 CREYS - ST-VULBAS-OUEST,RTE,CREYS,ST-VULBAS-OUEST,380.0,3154.7169811320755,3344.0,,,0.445,6.452,80.274,60.459,False
17T0000000215634,LIT 400kV N0 2 CREYS-GENISSIAT-POSTE,RTE,CREYS,GENISSIAT-POSTE,380.0,3154.7169811320755,3344.0,,,1.113,16.161,201.458,21.051,False
17T0000000215626,LIT 400kV N0 2 CREYS-GRANDE-ILE,RTE,CREYS,GRANDE-ILE,380.0,2641.509433962264,2800.0,,,1.271,18.452,229.666,52.924,False
17T0000000215642,LIT 400kV N0 2 CREYS-ST-VULBAS-OUEST,RTE,CREYS,ST-VULBAS-OUEST,380.0,3268.8679245283015,3465.0,,,0.445,6.448,80.224,187.57,False
17T0000000192786,LIT 225kV N0 1 CROIX-DE-METZ-LANEUVEVILLE,RTE,CROIX-DE-METZ,LANEUVEVILLE,220.0,1000.9433962264151,1061.0,,,2.836,15.641,111.8,39.04,False
17T0000000192794,LIT 225kV N0 1 CROIX-DE-METZ-VOID,RTE,CROIX-DE-METZ,VOID,220.0,1309.433962264151,1388.0,,,1.931,12.851,93.11,32.175,False
17T000000021765T,LIT 400kV N0 1 CUBNEZAIS - DONZAC,RTE,CUBNEZAIS,DONZAC,380.0,2475.4716981132074,2624.0,,,3.748,49.276,817.884,63.067,False
17T000000021766R,LIT 400kV N0 1 CUBNEZAIS - SAUCATS,RTE,CUBNEZAIS,SAUCATS,380.0,3268.8679245283015,3465.0,,,1.876,19.02,235.794,210.752,False
17T000000021767P,LIT 400kV N0 2 CUBNEZAIS-DONZAC,RTE,CUBNEZAIS,DONZAC,380.0,2452.830188679245,2600.0,,,3.716,48.855,810.884,12.719,False
17T000000021768N,LIT 400kV N0 2 CUBNEZAIS-MARQUIS (LE),RTE,CUBNEZAIS,MARQUIS (LE),380.0,2475.4716981132074,2624.0,,,0.371,3.923,47.398,63.062,False
17T000000021769L,LIT 400kV N0 2 CUBNEZAIS-SAUCATS,RTE,CUBNEZAIS,SAUCATS,380.0,3566.0377358490564,3780.0,,,1.887,19.144,237.216,42.309,False
17T0000000217408,LIT 225kV N0 1 CUBNEZAIS-GREZILLAC,RTE,CUBNEZAIS,GREZILLAC,220.0,1062.264150943396,1126.0,,,1.983,13.287,98.738,34.16,False
17T0000000217416,LIT 225kV N0 1 CUBNEZAIS-MARQUIS (LE),RTE,CUBNEZAIS,MARQUIS (LE),220.0,2096.2264150943397,2222.0,,,0.359,3.488,44.08,11.884,False
17T000000021762Z,LIT 225kV N0 1 CUBNEZAIS-MONTGUYON,RTE,CUBNEZAIS,MONTGUYON,220.0,1103.7735849056603,1170.0,,,2.529,14.39,108.16,36.716,False
17T000000021763X,LIT 225kV N0 1 CUBNEZAIS-TUILIERES,RTE,CUBNEZAIS,TUILIERES,220.0,1216.0377358490566,1289.0,,,3.867,26.093,452.464,95.931,False
17T000000022014W,LIT 400kV N0 1 DAMBRON - GATINAIS,RTE,DAMBRON,GATINAIS,380.0,2264.1509433962265,2400.0,,,0.848,11.133,184.472,55.1,False
17T000000022015U,LIT 400kV N0 1 DAMBRON - VERGER,RTE,DAMBRON,VERGER,380.0,2620.754716981132,2778.0,,,1.664,16.881,209.196,116.318,False
17T000000022016S,LIT 400kV N0 1 DAMBRON-YVELINES-OUEST,RTE,DAMBRON,YVELINES-OUEST,380.0,3566.0377358490564,3780.0,,,3.477,35.298,438.904,42.736,False
17T000000022017Q,LIT 400kV N0 2 DAMBRON - GATINAIS,RTE,DAMBRON,GATINAIS,380.0,2264.1509433962265,2400.0,,,0.848,11.136,184.518,55.106,False
17T000000022019M,LIT 400kV N0 2 DAMBRON - VILLEJUST,RTE,DAMBRON,VILLEJUST,380.0,2264.1509433962265,2400.0,,,2.138,21.707,267.882,59.0,False
17T000000022018O,LIT 400kV N0 2 DAMBRON-VERGER,RTE,DAMBRON,VERGER,380.0,2620.754716981132,2778.0,,,1.664,16.882,209.036,73.751,False
17T000000022051Q,LIT 225kV N0 1 DAMERY-NOGENTEL,RTE,DAMERY,NOGENTEL,220.0,1309.433962264151,1388.0,,,2.257,15.015,108.748,37.72,False
17T000000022052O,LIT 225kV N0 1 DAMERY-VESLE,RTE,DAMERY,VESLE,220.0,1309.433962264151,1388.0,,,2.612,17.457,125.708,43.188,False
17T0000000220891,LIT 225kV N0 1 DANTOU-TUILIERES,RTE,DANTOU,TUILIERES,220.0,797.1698113207547,845.0,,,4.112,18.659,129.344,45.976,False
17T000000022090G,LIT 225kV N0 1 DANTOU-VERLHAGUET,RTE,DANTOU,VERLHAGUET,220.0,643.3962264150944,682.0,,,5.605,25.282,175.102,66.225,False
17T000000022130U,LIT 225kV N0 1 DARSE - FEUILLANE,RTE,DARSE,FEUILLANE,220.0,1310.377358490566,1389.0,,,0.787,5.273,37.766,13.143,False
17T000000022132Q,LIT 225kV N0 1 DARSE-RASSUEN,RTE,DARSE,RASSUEN,220.0,915.0943396226414,970.0,,,1.028,6.364,216.614,17.682,False
17T000000022134M,LIT 225kV N0 2 DARSE-FEUILLANE,RTE,DARSE,FEUILLANE,220.0,1310.377358490566,1389.0,,,0.725,4.838,44.142,13.766,False
17T000000022171G,LIT 225kV N0 1 DECHY - GAVRELLE,RTE,DECHY,GAVRELLE,220.0,1047.1698113207547,1110.0,,,2.42,12.124,98.674,30.663,False
17T000000022172E,LIT 225kV N0 1 DECHY-MASTAING,RTE,DECHY,MASTAING,220.0,1018.8679245283018,1080.0,,,1.705,18.414,54.262,19.226,False
17T000000021978C,LIT 225kV N0 1 DIGUE-DES-FRANCAIS-LINGOSTIERE,RTE,DIGUE-DES-FRANCAIS,LINGOSTIERE,220.0,799.0566037735848,847.0,,,0.308,2.045,186.588,6.54,False
17T0000000222843,LIT 400kV N0 1 DISTRE - GALOREAUX (LES),RTE,DISTRE,GALOREAUX (LES),380.0,2264.1509433962265,2400.0,,,1.783,18.026,225.798,46.472,False
17T0000000222851,LIT 400kV N0 1 DISTRE - JUMEAUX (LES),RTE,DISTRE,JUMEAUX (LES),380.0,2709.433962264151,2872.0,,,1.395,14.155,174.912,98.933,False
17T000000022287Y,LIT 400kV N0 1 DISTRE - PICOCHERIE (LA),RTE,DISTRE,PICOCHERIE (LA),380.0,2264.1509433962265,2400.0,,,2.91,30.086,373.12,46.472,False
17T000000022288W,LIT 400kV N0 2 DISTRE - JUMEAUX (LES),RTE,DISTRE,JUMEAUX (LES),380.0,3566.0377358490564,3780.0,,,1.394,14.142,175.286,70.591,False
17T0000000222835,LIT 225kV N0 1 DISTRE - MONDION,RTE,DISTRE,MONDION,220.0,1033.9622641509434,1096.0,,,4.824,21.992,152.554,53.588,False
17T000000022299R,LIT 225kV N0 1 DOBERIE - RANCE-POSTE,RTE,DOBERIE,RANCE-POSTE,220.0,1240.566037735849,1315.0,,,2.133,14.721,108.514,37.272,False
17T000000022300V,LIT 225kV N0 1 DOBERIE - TREGUEUX,RTE,DOBERIE,TREGUEUX,220.0,1247.1698113207547,1322.0,,,1.421,9.807,72.364,24.854,False
17T0000000223386,LIT 400kV N0 1 DOMLOUP - LAUNAY,RTE,DOMLOUP,LAUNAY,380.0,2620.754716981132,2778.0,,,1.411,18.548,307.582,48.566,False
17T0000000223394,LIT 400kV N0 1 DOMLOUP - LOUISFERT (poste F),RTE,DOMLOUP,LOUISFERT,380.0,3566.0377358490564,3780.0,,,1.469,14.91,184.07,43.829,False
17T000000022340J,LIT 400kV N0 1 DOMLOUP - OUDON,RTE,DOMLOUP,OUDON,380.0,2264.1509433962265,2400.0,,,0.921,11.633,191.51,111.701,False
17T000000022341H,LIT 400kV N0 1 DOMLOUP-PLAINE HAUTE,RTE,DOMLOUP,PLAINE HAUTE,380.0,3566.0377358490564,3780.0,,,3.396,36.665,394.792,70.591,False
17T0000000223629,LIT 400kV N0 2 DOMLOUP - LAUNAY,RTE,DOMLOUP,LAUNAY,380.0,2620.754716981132,2778.0,,,1.412,18.552,307.644,48.525,False
17T0000000223637,LIT 400kV N0 2 DOMLOUP - LOUISFERT (poste F),RTE,DOMLOUP,LOUISFERT,380.0,3566.0377358490564,3780.0,,,1.469,14.91,184.07,43.888,False
17T0000000223645,LIT 400kV N0 2 DOMLOUP - OUDON,RTE,DOMLOUP,OUDON,380.0,3566.0377358490564,3780.0,,,0.95,12.008,197.684,49.674,False
17T0000000223807,LIT 400kV N0 1 DONZAC - LESQUIVE,RTE,DONZAC,LESQUIVE,380.0,3566.0377358490564,3780.0,,,1.007,13.151,215.64,89.931,False
17T000000022402N,LIT 400kV N0 2 DONZAC-VERFEIL,RTE,DONZAC,VERFEIL,380.0,3566.0377358490564,3780.0,,,1.797,23.746,391.394,16.746,False
17T000000022378V,LIT 225kV N0 1 DONZAC-VERLHAGUET,RTE,DONZAC,VERLHAGUET,220.0,1036.7924528301887,1099.0,,,2.644,17.552,150.1,44.328,False
17T000000022407D,LIT 225kV N0 1 DONZENAC-FEROUGE,RTE,DONZENAC,FEROUGE,220.0,1036.7924528301887,1099.0,,,2.58,17.133,124.558,43.009,False
17T000000022487Q,LIT 225kV N0 1 DRONNIERE (LA) - TOURBE,RTE,DRONNIERE (LA),TOURBE,220.0,1394.3396226415093,1478.0,,,0.614,4.094,29.594,10.567,False
17T000000022485U,LIT 225kV N0 1 DRONNIERE (LA)-FLERS,RTE,DRONNIERE (LA),FLERS,220.0,1297.1698113207547,1375.0,,,2.977,20.563,151.634,52.33,False
17T000000022488O,LIT 225kV N0 2 DRONNIERE (LA) - TOURBE,RTE,DRONNIERE (LA),TOURBE,220.0,1394.3396226415093,1478.0,,,0.615,4.098,29.62,10.55,False
,LIT 225kV N0 1 DUVIGNEAU - PIQUAGE A DUVIGNEAU,RTE,DUVIGNEAU,PIQUAGE A DUVIGNEAU,220.0,1394.3396226415093,1478.0,,,0.018,0.116,0.846,0.292,False
17T0000000226083,LIT 400KV N0 1 ECHALAS - PIVOZ-CORDIER,RTE,ECHALAS,PIVOZ-CORDIER,380.0,3566.0377358490564,3780.0,,,0.268,4.89,65.712,16.747,False
17T0000000226083,LIT 400kV N0 2 ECHALAS-PIVOZ-CORDIER,RTE,ECHALAS,PIVOZ-CORDIER,380.0,2264.1509433962265,2400.0,,,0.268,4.901,65.582,88.692,False
17T000000022602F,LIT 225kV N0 1 ECHALAS - GIVORS,RTE,ECHALAS,GIVORS,220.0,1018.8679245283018,1080.0,,,0.42,2.89,36.0,6.946,False
17T000000022604B,LIT 225kV N0 1 ECHALAS-RIVIERE (LA),RTE,ECHALAS,RIVIERE (LA),220.0,2098.1132075471696,2224.0,,,0.865,8.422,114.164,28.844,False
17T0000000226059,LIT 225kV N0 1 ECHALAS-SOLEIL (LE),RTE,ECHALAS,SOLEIL (LE),220.0,1415.0943396226414,1500.0,,,0.89,8.83,108.0,28.207,False
17T0000000226067,LIT 225kV N0 2 ECHALAS - GIVORS,RTE,ECHALAS,GIVORS,220.0,1018.8679245283018,1080.0,,,0.42,2.89,44.0,7.034,False
17T000000022621B,LIT 225kV N0 1 ECHINGHEN-MANDARINS,RTE,ECHINGHEN,MANDARINS,220.0,1394.3396226415093,1478.0,,,1.919,12.79,92.422,31.993,False
17T0000000226423,LIT 225kV N0 1 ECHINGHEN-SORRUS,RTE,ECHINGHEN,SORRUS,220.0,882.0754716981131,935.0,,,2.65,12.047,83.552,29.715,False
17T000000022693N,LIT 400kV N0 1 EGUZON -  MARMAGNE,RTE,EGUZON,MARMAGNE,380.0,2562.264150943396,2716.0,,,2.742,30.811,295.634,85.196,False
17T000000022694L,LIT 400kV N0 1 EGUZON - PLAUD,RTE,EGUZON,PLAUD,380.0,1856.6037735849056,1968.0,,,2.64,29.543,283.666,227.31,False
17T000000022695J,LIT 400kV N0 1 EGUZON - RUEYRES,RTE,EGUZON,RUEYRES,380.0,3566.0377358490564,3780.0,,,6.694,73.668,801.766,76.0,False
17T000000022696H,LIT 400kV N0 1 EGUZON - VALDIVIENNE,RTE,EGUZON,VALDIVIENNE,380.0,2264.1509433962265,2400.0,,,1.518,19.985,331.834,144.534,False
17T000000022697F,LIT 400kV N0 1 EGUZON - VERGER,RTE,EGUZON,VERGER,380.0,3566.0377358490564,3780.0,,,4.171,45.846,525.448,75.954,False
17T000000022698D,LIT 400kV N0 2 EGUZON-VALDIVIENNE,RTE,EGUZON,VALDIVIENNE,380.0,1796.2264150943395,1904.0,,,1.517,19.973,331.642,22.401,False
17T000000022684O,LIT 225kV N0 1 EGUZON-MARMAGNE,RTE,EGUZON,MARMAGNE,220.0,449.05660377358487,476.0,,,14.456,40.726,260.12,92.576,False
17T000000022685M,LIT 225kV N0 1 EGUZON-MAUREIX (LE),RTE,EGUZON,MAUREIX (LE),220.0,1002.8301886792452,1063.0,,,6.387,30.781,216.41,76.254,False
17T000000022687I,LIT 225kV N0 1 EGUZON-MONTLUCON,RTE,EGUZON,MONTLUCON,220.0,625.4716981132075,663.0,,,10.43,34.48,214.0,79.482,False
17T000000022686K,LIT 225kV N0 1 EGUZON-MOUSSEAUX,RTE,EGUZON,MOUSSEAUX,220.0,844.3396226415094,895.0,,,4.591,21.708,170.066,51.013,False
17T000000022688G,LIT 225kV N0 1 EGUZON-ORANGERIE (L),RTE,EGUZON,ORANGERIE (L),220.0,717.9245283018868,761.0,,,8.454,38.123,264.178,94.599,False
17T000000022689E,LIT 225kV N0 1 EGUZON-STE-FEYRE,RTE,EGUZON,STE-FEYRE,220.0,919.8113207547169,975.0,,,3.918,16.521,120.262,41.628,False
17T000000022728U,LIT 225kV N0 1 ELANCOURT-MEZEROLLES,RTE,ELANCOURT,MEZEROLLES,220.0,1270.754716981132,1347.0,,,1.676,10.871,79.966,27.54,False
17T0000000227306,LIT 225kV N0 1 ELANCOURT-ST-AUBIN,RTE,ELANCOURT,ST-AUBIN,220.0,923.5849056603773,979.0,,,1.122,7.373,58.858,18.556,False
17T0000000227322,LIT 225kV N0 1 ELANCOURT-YVELINES-OUEST,RTE,ELANCOURT,YVELINES-OUEST,220.0,1283.0188679245282,1360.0,,,0.298,2.013,939.37,12.751,False
17T0000000225338,LIT 225kV N0 1 ENCO-DE-BOTTE - RABATAU,RTE,ENCO-DE-BOTTE,RABATAU,220.0,674.5283018867924,715.0,,,0.713,4.3,463.67,14.103,False
17T0000000225346,LIT 225kV N0 1 ENCO-DE-BOTTE - REALTOR,RTE,ENCO-DE-BOTTE,REALTOR,220.0,1167.9245283018868,1238.0,,,1.336,8.918,64.174,23.562,False
17T000000022532A,LIT 225kV N0 1 ENCO-DE-BOTTE-PALUN (LA),RTE,ENCO-DE-BOTTE,PALUN (LA),220.0,1099.0566037735848,1165.0,,,1.12,7.113,50.894,17.835,False
17T0000000225354,LIT 225kV N0 2 ENCO-DE-BOTTE-PALUN (LA),RTE,ENCO-DE-BOTTE,PALUN (LA),220.0,1099.0566037735848,1165.0,,,1.123,7.058,51.558,17.816,False
17T000000022775L,LIT 225kV N0 1 ENVAL-ISSOIRE,RTE,ENVAL,ISSOIRE,220.0,779.2452830188679,826.0,,,2.87,13.21,94.0,31.568,False
17T000000022776J,LIT 225kV N0 1 ENVAL-VOLVIC,RTE,ENVAL,VOLVIC,220.0,1036.7924528301887,1099.0,,,0.87,6.07,42.0,15.031,False
17T000000022852T,LIT 225kV N0 1 ESCAILLON (L ) - NEOULES,RTE,ESCAILLON (L ),NEOULES,220.0,1023.5849056603773,1085.0,,,0.956,7.044,795.338,24.415,False
17T000000023144E,LIT 225kV N0 1 FALLOU-NOVION,RTE,FALLOU,NOVION,220.0,650.9433962264151,690.0,,,0.157,0.536,466.496,49.98,False
17T0000000231494,LIT 225kV N0 2 FALLOU -PIQUAGE A VILLIERS-LE-BEL,RTE,FALLOU,PIQUAGE A VILLIERS-LE-BEL,220.0,990.566037735849,1050.0,,,0.934,6.191,82.924,16.184,False
17T0000000231478,LIT 225kV N0 2 FALLOU-NOVION,RTE,FALLOU,NOVION,220.0,1042.4528301886792,1105.0,,,0.106,0.916,358.304,5.478,False
17T0000000231583,LIT 225kV N0 1 FAMARS-GROS-CAILLOU,RTE,FAMARS,GROS-CAILLOU,220.0,1047.1698113207547,1110.0,,,1.407,6.986,49.168,17.235,False
17T000000023188V,LIT 225kV N0 1 FARRADIERE (LA) - SAINTES,RTE,FARRADIERE (LA),SAINTES,220.0,1311.3207547169811,1390.0,,,1.912,12.791,120.482,32.262,False
17T000000023187X,LIT 225kV N0 1 FARRADIERE (LA)-GRANZAY,RTE,FARRADIERE (LA),GRANZAY,220.0,1352.830188679245,1434.0,,,2.551,17.077,122.274,43.118,False
17T000001005111N,LIT 400kV N0 1 FAUX-FRESNAY-MERY-SUR-SEINE,RTE,FAUX FRENAIS,MERY-SUR-SEINE,380.0,2620.754716981132,2778.0,,,0.473,5.063,53.26,15.262,False
17T000001005112L,LIT 400KV N0 1 FAUX-FRESNAY-VESLE,RTE,FAUX FRENAIS,VESLE,380.0,2620.754716981132,2778.0,,,2.037,21.818,,65.727,False
17T000000023224G,LIT 225kV N0 1 FEROUGE-TALAMET,RTE,FEROUGE,TALAMET,220.0,1009.4339622641509,1070.0,,,2.487,16.515,120.06,41.489,False
17T0000000232628,LIT 225kV N0 1 FEUILLANE - PONTEAU,RTE,FEUILLANE,PONTEAU,220.0,1415.0943396226414,1500.0,,,0.554,5.84,71.264,19.037,False
17T000000023241G,LIT 225kV N0 1 FEUILLANE-LAVERA,RTE,FEUILLANE,LAVERA,220.0,1310.377358490566,1389.0,,,1.021,6.858,48.694,17.02,False
17T0000000232652,LIT 225kV N0 1 FEUILLANE-ST-CHAMAS,RTE,FEUILLANE,ST-CHAMAS,220.0,1310.377358490566,1389.0,,,2.041,13.924,101.92,35.58,False
17T000000023267Z,LIT 225kV N0 2 FEUILLANE - PONTEAU,RTE,FEUILLANE,PONTEAU,220.0,861.3207547169811,913.0,,,0.555,5.856,71.412,19.037,False
17T000000023241G,LIT 225kV N0 1 FLANDRE - ROMAINVILLE,RTE,FLANDRE,ROMAINVILLE,220.0,696.2264150943396,738.0,,,0.16,0.64,280.0,5.295,False
17T000000023359U,LIT 225kV N0 1 FLEAC-MARQUIS (LE),RTE,FLEAC,MARQUIS (LE),220.0,1233.0188679245282,1307.0,,,5.538,36.782,266.444,92.259,False
17T0000000233608,LIT 225kV N0 1 FLEAC-MONTGUYON,RTE,FLEAC,MONTGUYON,220.0,919.8113207547169,975.0,,,7.482,26.459,164.464,62.46,False
17T0000000233616,LIT 225kV N0 1 FLEAC-NIORT,RTE,FLEAC,NIORT,220.0,676.4150943396226,717.0,,,10.395,37.201,231.83,86.837,False
17T000000023382Z,LIT 225kV N0 1 FLEAC-SANILHAC,RTE,FLEAC,SANILHAC,220.0,797.1698113207547,845.0,,,8.058,36.644,252.518,90.158,False
17T000000023388N,LIT 225kV N0 1 FLERS-LAUNAY,RTE,FLERS,LAUNAY,220.0,736.7924528301886,781.0,,,5.018,22.63,359.494,57.88,False
17T000000023400M,LIT 225kV N0 1 FLEYRIAT-VOUGLANS,RTE,FLEYRIAT,VOUGLANS,220.0,990.566037735849,1050.0,,,2.82,17.02,124.0,42.068,False
17T0000000234345,LIT 225kV N0 1 FLOIRAC-MARQUIS (LE),RTE,FLOIRAC,MARQUIS (LE),220.0,1075.4716981132076,1140.0,,,1.506,9.859,99.562,24.72,False
17T0000000234353,LIT 225kV N0 1 FLOIRAC-PESSAC,RTE,FLOIRAC,PESSAC,220.0,1062.264150943396,1126.0,,,1.347,9.018,64.71,22.465,False
17T000000023440A,LIT 225kV N0 1 FLORENSAC - ST VINCENT,RTE,FLORENSAC,ST-VINCENT,220.0,1232.0754716981132,1306.0,,,1.705,10.144,75.326,25.831,False
17T000000023475S,LIT 225kV N0 1 FONT (LA)-RIORGES,RTE,FONT (LA),RIORGES,220.0,833.0188679245283,883.0,,,3.015,20.203,146.744,50.746,False
17T000000023529V,LIT 225kV N0 1 FOUSCAIS - TAMAREAU,RTE,FOUSCAIS,TAMAREAU,220.0,1310.377358490566,1389.0,,,1.495,10.017,71.742,24.931,False
17T0000000235309,LIT 225kV N0 2 FOUSCAIS - TAMAREAU,RTE,FOUSCAIS,TAMAREAU,220.0,1310.377358490566,1389.0,,,1.495,9.985,71.814,24.908,False
17T-FR-000000511,LIT 400kV N0 1 FRASNE - GENISSIAT-POSTE,RTE,FRASNE,GENISSIAT-POSTE,380.0,2264.1509433962265,2400.0,,,3.012,36.863,314.544,71.386,False
17T-FR-00000053Y,LIT 400kV N0 1 FRASNE - MAMBELIN,RTE,FRASNE,MAMBELIN,380.0,3566.0377358490564,3780.0,,,2.068,22.621,260.32,52.0,False
17T000000023588F,LIT 225kV N0 1 FREJUS-TRANS,RTE,FREJUS,TRANS,220.0,1167.9245283018868,1238.0,,,1.383,9.223,94.796,22.8,False
17T000000023589D,LIT 225kV N0 2 FREJUS-TRANS,RTE,FREJUS,TRANS,220.0,1167.9245283018868,1238.0,,,1.397,9.218,95.876,22.8,False
17T000000023608Z,LIT 400kV N0 1 FRUGES - MANDARINS,RTE,FRUGES,MANDARINS,380.0,3566.0377358490564,3780.0,,,1.037,13.637,226.322,88.758,False
17T000000023882F,LIT 225kV N0 1 GAMPALOUP - PONT-EVEQUE,RTE,GAMPALOUP,PONT-EVEQUE,220.0,1024.5283018867924,1086.0,,,1.43,9.66,68.0,24.656,False
17T0000000238867,LIT 225kV N0 1 GANGES - ST VICTOR,RTE,GANGES,ST-VICTOR,220.0,539.622641509434,572.0,,,10.901,30.969,220.554,77.078,False
17T0000000238875,LIT 225kV N0 1 GANGES - VIRADEL,RTE,GANGES,VIRADEL,220.0,500.9433962264151,531.0,,,6.56,23.93,158.908,58.068,False
17T000000023899Z,LIT 225kV N0 1 GARCHIZY-ST-ELOI,RTE,GARCHIZY,ST-ELOI,220.0,1036.7924528301887,1099.0,,,0.689,4.611,59.49,12.095,False
17T000000023965B,LIT 400kV N0 1 GATINAIS - GAUGLIN,RTE,GATINAIS,GAUGLIN,380.0,3566.0377358490564,3780.0,,,1.74,22.883,379.664,44.838,False
17T0000000239669,LIT 400kV N0 1 GATINAIS - TABARDERIE,RTE,GATINAIS,TABARDERIE,380.0,3566.0377358490564,3780.0,,,0.899,11.804,195.626,88.736,False
17T0000000239677,LIT 400kV N0 2 GATINAIS - GAUGLIN,RTE,GATINAIS,GAUGLIN,380.0,3566.0377358490564,3780.0,,,1.752,22.99,380.86,44.839,False
17T0000000239685,LIT 400kV N0 2 GATINAIS - TABARDERIE,RTE,GATINAIS,TABARDERIE,380.0,2264.1509433962265,2400.0,,,0.899,11.804,195.63,59.272,False
17T0000000239774,LIT 400kV N0 1 GAUDIERE (LA) - ISSEL,RTE,GAUDIERE (LA),ISSEL,380.0,2430.188679245283,2576.0,,,1.775,17.931,224.964,175.186,False
17T0000000239782,LIT 400kV N0 1 LA GAUDIERE - RUEYRES,RTE,GAUDIERE (LA),RUEYRES,380.0,3386.7924528301887,3590.0,,,5.16,58.181,607.944,96.657,False
17T000000023980F,LIT 400kV N0 1 LA GAUDIERE - TAMAREAU,RTE,GAUDIERE (LA),TAMAREAU,380.0,2264.1509433962265,2400.0,,,2.036,29.623,368.43,59.184,False
17T000000023981D,LIT 400kV N0 2 LA GAUDIERE - ISSEL,RTE,GAUDIERE (LA),ISSEL,380.0,3386.7924528301887,3590.0,,,1.776,18.018,222.828,97.047,False
17T000000024022N,LIT 400kV N0 2 LA GAUDIERE - TAMAREAU,RTE,GAUDIERE (LA),TAMAREAU,380.0,3566.0377358490564,3780.0,,,2.036,28.774,378.328,70.83,False
17T000000023972E,LIT 225kV N0 1 LA GAUDIERE - LIVIERE,RTE,GAUDIERE (LA),LIVIERE,220.0,1188.6792452830189,1260.0,,,0.821,5.543,161.088,26.831,False
17T000000023973C,LIT 225kV N0 1 LA GAUDIERE - MOREAU,RTE,GAUDIERE (LA),MOREAU,220.0,1002.8301886792452,1063.0,,,2.208,9.825,68.442,24.262,False
17T000000023974A,LIT 225kV N0 1 LA GAUDIERE - ST VINCENT,RTE,GAUDIERE (LA),ST-VINCENT,220.0,1310.377358490566,1389.0,,,3.26,22.082,159.556,55.078,False
17T0000000239758,LIT 225kV N0 2 LA GAUDIERE - MOREAU,RTE,GAUDIERE (LA),MOREAU,220.0,1310.377358490566,1389.0,,,1.46,9.683,70.474,24.293,False
17T000000024024J,LIT 400kV N0 2 GAUGLIN-ST-ELOI,RTE,GAUGLIN,ST-ELOI,380.0,2641.509433962264,2800.0,,,1.417,18.639,309.22,70.839,False
17T0000000240396,LIT 225kV N0 1 GAVRELLE - TRAN5 / GAVRE PERTA 1,RTE,GAVRELLE,TRAN5 / GAVRE PERTA 1,220.0,1026.4150943396226,1110.0,,,3.154,14.315,96.496,34.72,False
17T000000024077Z,LIT 400kV N0 1 GENISSIAT-POSTE - VIELMOULIN,RTE,GENISSIAT-POSTE,VIELMOULIN,380.0,2701.88679245283,2864.0,,,3.545,51.485,641.618,168.798,False
17T000000024078X,LIT 400kV N0 2 GENISSIAT-POSTE-VIELMOULIN,RTE,GENISSIAT-POSTE,VIELMOULIN,380.0,1166.0377358490566,1236.0,,,3.537,51.373,640.226,2.342,False
17T000000024079V,LIT 400kV N0 3 GENISSIAT-POSTE - VIELMOULIN,RTE,GENISSIAT-POSTE,VIELMOULIN,380.0,2264.1509433962265,2400.0,,,7.59,58.345,567.492,79.944,False
17T0000000240671,LIT 225kV N0 1 GENISSIAT-POSTE-IZERNORE,RTE,GENISSIAT-POSTE,IZERNORE,220.0,931.132075471698,987.0,,,1.928,9.402,109.27,27.258,False
17T000000024069Y,LIT 225kV N0 1 GENISSIAT-POSTE-SERRIERES,RTE,GENISSIAT-POSTE,SERRIERES,220.0,605.6603773584906,642.0,,,1.98,8.5,56.0,20.269,False
17T000000024070C,LIT 225kV N0 1 GENISSIAT-POSTE-VOUGLANS,RTE,GENISSIAT-POSTE,VOUGLANS,220.0,1054.7169811320755,1118.0,,,2.558,15.756,116.282,40.005,False
17T000000024187S,LIT 225kV N0 1 GINESTOUS-LESQUIVE,RTE,GINESTOUS,LESQUIVE,220.0,1216.0377358490566,1289.0,,,1.645,10.967,79.198,27.394,False
17T000000024188Q,LIT 225kV N0 2 GINESTOUS-LESQUIVE,RTE,GINESTOUS,LESQUIVE,220.0,1216.0377358490566,1289.0,,,1.644,11.017,78.934,27.386,False
17T000000024195T,LIT 225kV N0 1 GIVORS - MIONS,RTE,GIVORS,MIONS,220.0,886.7924528301886,940.0,,,1.62,8.05,70.0,19.391,False
17T000000024199L,LIT 225kV N0 2 GIVORS-MIONS,RTE,GIVORS,MIONS,220.0,1188.6792452830189,1260.0,,,0.668,6.62,75.496,20.765,False
17T000000024200P,LIT 225kV N0 2 GIVORS-SOLEIL (LE),RTE,GIVORS,SOLEIL (LE),220.0,738.6792452830189,783.0,,,2.802,13.691,124.388,34.932,False
17T000000023676I,LIT 225kV N0 1 GIVORS-BANS-GIVORS,RTE,GIVORS-BANS,GIVORS,220.0,1049.0566037735848,1112.0,,,0.02,0.19,0.0,0.558,False
17T000000023677G,LIT 225kV N0 2 GIVORS-BANS-GIVORS,RTE,GIVORS-BANS,GIVORS,220.0,848.1132075471697,899.0,,,0.03,0.2,0.0,0.5,False
17T000000023678E,LIT 225kV N0 3 GIVORS-BANS-GIVORS,RTE,GIVORS-BANS,GIVORS,220.0,848.1132075471697,899.0,,,0.03,0.23,2.0,0.465,False
17T000000024230G,LIT 225kV N0 1 GODIN-RUEYRES,RTE,GODIN,RUEYRES,220.0,748.1132075471697,793.0,,,4.693,19.594,125.698,46.373,False
17T000000024231E,LIT 225kV N0 1 GODIN-ST-VICTOR,RTE,GODIN,ST-VICTOR,220.0,544.3396226415094,577.0,,,11.175,31.341,199.702,74.374,False
17T000000024232C,LIT 225kV N0 1 GODIN-VERLHAGUET,RTE,GODIN,VERLHAGUET,220.0,918.8679245283018,974.0,,,8.815,41.177,261.48,96.865,False
17T0000000243425,LIT 225kV N0 1 GOURJADE - VERFEIL,RTE,GOURJADE,VERFEIL,220.0,930.188679245283,986.0,,,5.828,28.348,198.254,69.653,False
17T0000000243603,LIT 225kV N0 1 GRAFFENSTADEN-MARLENHEIM,RTE,GRAFFENSTADEN,MARLENHEIM,220.0,939.622641509434,996.0,,,1.507,7.466,51.896,18.385,False
17T000000024363Y,LIT 225kV N0 1 GRAFFENSTADEN-SCHEER,RTE,GRAFFENSTADEN,SCHEER,220.0,808.4905660377358,857.0,,,2.123,9.657,66.184,23.641,False
17T000000023724X,LIT 225kV N0 1 GRAND-COURONNE-ROUGEMONTIER,RTE,GRAND-COURONNE,ROUGEMONTIER,220.0,1394.3396226415093,1478.0,,,1.423,9.529,68.33,23.798,False
17T000000023725V,LIT 225kV N0 1 GRAND-COURONNE-ST ETIENNE DU ROUVRAY,RTE,GRAND-COURONNE,ST ETIENNE DU ROUVRAY,220.0,1320.754716981132,1400.0,,,0.544,3.646,26.124,9.071,False
17T000000023726T,LIT 225kV N0 1 GRAND-COURONNE-VAUPALIERE (LA),RTE,GRAND-COURONNE,VAUPALIERE (LA),220.0,1394.3396226415093,1478.0,,,1.559,10.443,74.378,25.989,False
17T000000023727R,LIT 225kV N0 2 GRAND-COURONNE-ROUGEMONTIER,RTE,GRAND-COURONNE,ROUGEMONTIER,220.0,1394.3396226415093,1478.0,,,1.43,9.58,68.702,23.822,False
17T000000023728P,LIT 225kV N0 2 GRAND-COURONNE-ST ETIENNE DU ROUVRAY,RTE,GRAND-COURONNE,ST ETIENNE DU ROUVRAY,220.0,1394.3396226415093,1478.0,,,0.544,3.646,26.124,9.071,False
17T000000023729N,LIT 225kV N0 2 GRAND-COURONNE-VAUPALIERE (LA),RTE,GRAND-COURONNE,VAUPALIERE (LA),220.0,1394.3396226415093,1478.0,,,1.53,10.18,73.2,25.444,False
17T000000023809P,LIT 225kV N0 1 GRANDE-SYNTHE-HOLQUE,RTE,GRANDE-SYNTHE,HOLQUE,220.0,1394.3396226415093,1478.0,,,1.146,7.622,55.274,19.435,False
17T000000023813Y,LIT 225kV N0 1 GRANDE-SYNTHE-WARANDE,RTE,GRANDE-SYNTHE,WARANDE,220.0,1394.3396226415093,1478.0,,,0.884,5.897,42.576,14.722,False
17T000000023815U,LIT 225kV N0 2 GRANDE-SYNTHE-WARANDE,RTE,GRANDE-SYNTHE,RANDENS,220.0,1179.245283018868,1250.0,,,0.884,5.893,42.554,14.713,False
17T000000023817Q,LIT 225kV N0 3 GRANDE-SYNTHE-WARANDE,RTE,GRANDE-SYNTHE,RANDENS,220.0,1394.3396226415093,1478.0,,,0.853,5.685,41.094,14.198,False
17T000000023776E,LIT 225kV N0 1 GRAND-QUEVILLY-VAUPALIERE (LA),RTE,GRAND-QUEVILLY,VAUPALIERE (LA),220.0,981.132075471698,1040.0,,,0.56,3.82,70.0,9.478,False
17T000000024371Z,LIT 225kV N0 1 GRANDVAL-PRATCLAUX,RTE,GRANDVAL,PRATCLAUX,220.0,873.5849056603773,926.0,,,4.456,19.925,135.266,49.036,False
17T000000024379J,LIT 400kV N0 1 GRANZAY - JUMEAUX (LES),RTE,GRANZAY,JUMEAUX (LES),380.0,3394.3396226415093,3598.0,,,2.364,24.314,301.63,64.884,False
17T000000024380Y,LIT 400kV N0 1 GRANZAY - PREGUILLAC,RTE,GRANZAY,PREGUILLAC,380.0,3566.0377358490564,3780.0,,,1.35,19.588,243.978,54.452,False
17T000000024381W,LIT 400kV N0 1 GRANZAY - ROM,RTE,GRANZAY,ROM,380.0,2264.1509433962265,2400.0,,,1.1,14.465,240.174,79.955,False
17T000000024402D,LIT 400kV N0 2 GRANZAY - JUMEAUX (LES),RTE,GRANZAY,JUMEAUX (LES),380.0,3394.3396226415093,3598.0,,,2.364,24.317,301.454,64.873,False
17T000000024403B,LIT 400kV N0 2 GRANZAY - PREGUILLAC,RTE,GRANZAY,PREGUILLAC,380.0,3566.0377358490564,3780.0,,,1.349,19.588,243.974,103.445,False
17T0000000244049,LIT 400kV N0 2 GRANZAY - VALDIVIENNE,RTE,GRANZAY,VALDIVIENNE,380.0,2383.018867924528,2526.0,,,2.069,27.226,451.594,114.7,False
17T000000024375R,LIT 225kV N0 1 GRANZAY-NIORT,RTE,GRANZAY,NIORT,220.0,1352.830188679245,1434.0,,,1.599,10.685,76.534,26.683,False
17T000000024376P,LIT 225kV N0 1 GRANZAY-ST-FLORENT,RTE,GRANZAY,ST-FLORENT,220.0,1352.830188679245,1434.0,,,0.644,4.29,31.018,10.767,False
17T000000024378L,LIT 225kV N0 2 GRANZAY - ST-FLORENT,RTE,GRANZAY,ST-FLORENT,220.0,1176.4150943396226,1247.0,,,0.645,4.296,31.062,10.767,False
,LIT 225kV N0 1 GREZILLAC - PIQUAGE A FONCROSE,RTE,GREZILLAC,PIQUAGE A FONCROSE,220.0,1062.264150943396,1126.0,,,0.955,6.332,46.082,16.0,False
17T000000024459L,LIT 225KV N0 1 GRIMAUD - TRANS,RTE,GRIMAUD,TRANS,220.0,769.8113207547169,816.0,,,1.682,11.13,309.878,29.772,False
17T000000024461Y,LIT 225KV N0 2 GRIMAUD - TRANS,RTE,GRIMAUD,TRANS,220.0,769.8113207547169,816.0,,,1.682,11.13,309.878,29.772,False
17T000000024490R,LIT 225kV N0 1 GRISOLLES-SERRE-PONCON,RTE,GRISOLLES,SERRE-PONCON,220.0,1146.2264150943395,1215.0,,,1.064,6.729,48.926,17.195,False
17T000000023681P,LIT 225kV N0 1 GROS-CAILLOU-MASTAING,RTE,GROS-CAILLOU,MASTAING,220.0,1370.754716981132,1453.0,,,0.253,1.676,12.2,4.208,False
17T0000000237026,LIT 225kV N0 2 GROS-CAILLOU - VALENCIENNES,RTE,GROS-CAILLOU,VALENCIENNES,220.0,1014.1509433962264,1075.0,,,1.618,8.259,75.75,20.829,False
17T0000000237042,LIT 225kV N0 2 GROS-CAILLOU-MASTAING,RTE,GROS-CAILLOU,MASTAING,220.0,1370.754716981132,1453.0,,,0.259,1.72,12.514,4.318,False
17T000000023707X,LIT 225kV N0 3 GROS-CAILLOU-MASTAING,RTE,GROS-CAILLOU,MASTAING,220.0,1047.1698113207547,1110.0,,,0.497,2.478,17.502,6.105,False
17T000000024493L,LIT 400kV N0 1 GROSNE - ST-VULBAS-OUEST,RTE,GROSNE,ST-VULBAS-OUEST,380.0,2379.2452830188677,2522.0,,,3.567,39.288,397.61,2.84,False
17T000000024494J,LIT 400kV N0 1 GROSNE - VIELMOULIN,RTE,GROSNE,VIELMOULIN,380.0,2452.830188679245,2600.0,,,2.549,28.582,273.756,131.583,False
17T000000024491P,LIT 225kV N0 1 GROSNE-GUEUGNON,RTE,GROSNE,GUEUGNON,220.0,1036.7924528301887,1099.0,,,3.29,21.899,158.622,54.965,False
17T000000024492N,LIT 225kV N0 1 GROSNE-MACON,RTE,GROSNE,MACON,220.0,761.3207547169811,807.0,,,1.892,19.148,215.058,59.04,False
17T000000024529Q,LIT 225kV N0 1 GUEBWILLER - LOGELBACH,RTE,GUEBWILLER,LOGELBACH,220.0,1193.3962264150944,1265.0,,,1.722,11.524,81.652,28.559,False
17T0000000245304,LIT 225kV N0 1 GUEBWILLER - VOGELGRUN,RTE,GUEBWILLER,VOGELGRUN,220.0,1193.3962264150944,1265.0,,,2.087,13.943,98.342,34.526,False
17T000000024579B,LIT 225kV N0 1 GUEUGNON - HENRI-PAUL,RTE,GUEUGNON,HENRI-PAUL,220.0,973.5849056603773,1032.0,,,2.391,15.925,170.214,40.553,False
,LIT 225kV N0 1 GUPIE - PIQUAGE A FONCROSE,RTE,GUPIE,PIQUAGE A FONCROSE,220.0,1036.7924528301887,1099.0,,,1.68,11.144,81.104,28.0,False
17T0000000247688,LIT 225kV N0 2 HARCOURT (POSTE BLINDE)-RAIE-TORTUE,RTE,HARCOURT (POSTE BLINDE),RAIE-TORTUE,220.0,849.0566037735848,900.0,,,0.218,0.842,661.654,6.253,False
17T0000000247769,LIT 400kV N0 2 HAVRE (LE) (POSTE) - ROUGEMONTIER,RTE,HAVRE (LE) (POSTE),ROUGEMONTIER,380.0,2264.1509433962265,2400.0,,,1.685,17.036,198.536,54.154,False
17T0000000247777,LIT 400kV N0 3 HAVRE (LE) (POSTE) - ROUGEMONTIER,RTE,HAVRE (LE) (POSTE),ROUGEMONTIER,380.0,2620.754716981132,2778.0,,,1.684,17.027,198.43,40.976,False
17T000000024774D,LIT 225kV N0 1 HAVRE (LE) (POSTE) - PONT-SEPT,RTE,HAVRE (LE) (POSTE),PONT-SEPT,220.0,2264.1509433962265,2400.0,,,0.119,1.154,15.594,3.952,False
17T000000024775B,LIT 225kV N0 2 HAVRE (LE) (POSTE) - PONT-SEPT,RTE,HAVRE (LE) (POSTE),PONT-SEPT,220.0,2264.1509433962265,2400.0,,,0.127,1.241,16.76,4.244,False
17T000000024660S,LIT 400kV N0 1 HENRI-PAUL - ST-VULBAS-OUEST,RTE,HENRI-PAUL,ST-VULBAS-OUEST,380.0,3566.0377358490564,3780.0,,,2.637,37.126,536.286,66.068,False
17T000000024661Q,LIT 400kV N0 1 HENRI-PAUL - VIELMOULIN,RTE,HENRI-PAUL,VIELMOULIN,380.0,2264.1509433962265,2400.0,,,1.349,17.72,293.61,54.154,False
17T000000024862G,LIT 400kV N0 1 HERSE(LA) - LATENA,RTE,HERSE(LA),LATENA,380.0,2264.1509433962265,2400.0,,,1.229,12.468,154.358,61.754,False
17T000000024863E,LIT 400kV N0 1 HERSE(LA) - VILLEVAUDE,RTE,HERSE(LA),VILLEVAUDE,380.0,2318.867924528302,2458.0,,,1.856,18.819,232.876,61.833,False
17T0000000248749,LIT 225kV N0 1 HOLQUE-LONGUENESSE,RTE,HOLQUE,LONGUENESSE,220.0,1000.9433962264151,1061.0,,,0.782,5.214,46.882,12.938,False
17T0000000248765,LIT 225kV N0 1 HOLQUE-WARANDE,RTE,HOLQUE,WARANDE,220.0,1320.754716981132,1400.0,,,1.263,8.407,60.81,21.021,False
17T0000000248773,LIT 225kV N0 2 HOLQUE-LONGUENESSE,RTE,HOLQUE,LONGUENESSE,220.0,1394.3396226415093,1478.0,,,0.779,5.192,37.52,12.948,False
17T-FR-000000163,LIT 400kV N0 1 HOUDREVILLE - LOGELBACH,RTE,HOUDREVILLE,LOGELBACH,380.0,2620.754716981132,2778.0,,,3.108,35.853,386.368,109.17,False
17T-FR-000000171,LIT 400kV N0 1 HOUDREVILLE - MERY-SUR-SEINE,RTE,HOUDREVILLE,MERY-SUR-SEINE,380.0,2620.754716981132,2778.0,,,4.883,49.515,613.6,162.749,False
17T000000024897Y,LIT 400kV N0 1 HOUDREVILLE - NEUVES-MAISONS,RTE,HOUDREVILLE,NEUVES-MAISONS,380.0,2481.132075471698,2630.0,,,0.333,3.559,38.096,10.822,False
17T-FR-00000019Y,LIT 400kV N0 1 HOUDREVILLE - VINCEY,RTE,HOUDREVILLE,VINCEY,380.0,2620.754716981132,2778.0,,,0.818,8.953,101.822,28.055,False
17T-FR-00000020C,LIT 400kV N0 2 HOUDREVILLE-MERY-SUR-SEINE,RTE,HOUDREVILLE,MERY-SUR-SEINE,380.0,2428.301886792453,2574.0,,,4.883,49.523,613.692,38.918,False
17T000000024900Y,LIT 225kV N0 1 HOURAT (LE)-MARSILLON,RTE,HOURAT (LE),MARSILLON,220.0,679.2452830188679,720.0,,,4.321,19.708,133.934,48.124,False
17T000000024901W,LIT 225kV N0 1 HOURAT (LE)-MIEGEBAT,RTE,HOURAT (LE),MIEGEBAT,220.0,634.9056603773585,673.0,,,0.556,2.595,16.956,6.195,False
17T000000024941K,LIT 225kV N0 1 ILE-NAPOLEON - OTTMARSHEIM,RTE,ILE-NAPOLEON,OTTMARSHEIM,220.0,1228.3018867924527,1302.0,,,0.673,4.467,32.51,11.225,False
17T000000024940M,LIT 225kV N0 1 ILE-NAPOLEON-LUTTERBACH,RTE,ILE-NAPOLEON,LUTTERBACH,220.0,1052.8301886792453,1116.0,,,1.107,7.448,52.598,18.46,False
17T000000025009A,LIT 400kV N0 1 ISSEL - VERFEIL,RTE,ISSEL,VERFEIL,380.0,2428.301886792453,2574.0,,,1.167,11.809,147.752,38.884,False
17T000000025010P,LIT 400kV N0 2 ISSEL - VERFEIL,RTE,ISSEL,VERFEIL,380.0,2639.622641509434,2798.0,,,1.169,11.866,146.582,25.681,False
17T000000025014H,LIT 225kV N0 1 ISSOIRE-LIGNAT,RTE,ISSOIRE,LIGNAT,220.0,1136.7924528301887,1205.0,,,1.28,8.47,60.0,20.903,False
17T000000025015F,LIT 225kV N0 1 ISSOIRE-PRATCLAUX,RTE,ISSOIRE,PRATCLAUX,220.0,978.3018867924528,1037.0,,,4.546,30.66,206.564,74.277,False
17T0000000250529,LIT 225kV N0 1 JACQUARD-SOLEIL (LE),RTE,JACQUARD,SOLEIL (LE),220.0,1216.9811320754716,1290.0,,,1.008,6.752,48.4,16.737,False
17T000000025058Y,LIT 225kV N0 1 JALIS-LESQUIVE,RTE,JALIS,LESQUIVE,220.0,930.188679245283,986.0,,,5.569,28.651,202.786,71.153,False
17T000000025124A,LIT 400kV N0 1 JONQUIERES - TAVEL,RTE,JONQUIERES,TAVEL,380.0,2264.1509433962265,2400.0,,,0.656,7.267,101.018,25.04,False
17T000000025122E,LIT 225kV N0 1 JONQUIERES-ST-CESAIRE,RTE,JONQUIERES,ST-CESAIRE,220.0,1160.377358490566,1230.0,,,1.244,8.273,70.22,21.709,False
17T000000025123C,LIT 225kV N0 2 JONQUIERES-ST-CESAIRE,RTE,JONQUIERES,ST-CESAIRE,220.0,1099.0566037735848,1165.0,,,1.302,8.682,80.204,21.84,False
17T000000025205A,LIT 225kV N0 1 KEMBS-OTTMARSHEIM,RTE,KEMBS,OTTMARSHEIM,220.0,711.3207547169811,754.0,,,1.24,5.637,39.536,13.944,False
17T0000000252068,LIT 225kV N0 1 KEMBS-SIERENTZ,RTE,KEMBS,SIERENTZ,220.0,920.754716981132,976.0,,,0.335,1.586,10.494,3.807,False
17T000000025419S,LIT 225kV N0 1 LANDERNEAU-LOSCOAT,RTE,LANDERNEAU,LOSCOAT,220.0,1243.3962264150944,1318.0,,,1.551,10.314,74.634,25.862,False
17T0000000254206,LIT 225kV N0 1 LANDERNEAU-MARTYRE (LA),RTE,LANDERNEAU,MARTYRE (LA),220.0,1247.1698113207547,1322.0,,,0.222,1.324,9.78,3.87,False
17T0000000254214,LIT 225kV N0 2 LANDERNEAU-MARTYRE (LA),RTE,LANDERNEAU,MARTYRE (LA),220.0,1121.698113207547,1189.0,,,0.249,1.483,10.996,3.831,False
17T000000025449J,LIT 225kV N0 1 LANDRES-MONTOIS,RTE,LANDRES,MONTOIS,220.0,1228.3018867924527,1302.0,,,1.396,9.385,67.702,23.325,False
17T000000025448L,LIT 225kV N0 1 LANDRES-MOULAINE,RTE,LANDRES,MOULAINE,220.0,1193.3962264150944,1265.0,,,1.207,8.015,55.542,19.7,False
17T000000025450Y,LIT 225kV N0 1 LANDRES-STENAY,RTE,LANDRES,STENAY,220.0,1228.3018867924527,1302.0,,,2.804,19.287,142.414,49.025,False
17T000000025451W,LIT 225kV N0 1 LANDRES-VIGY,RTE,LANDRES,VIGY,220.0,1193.3962264150944,1265.0,,,2.59,17.345,124.288,43.185,False
17T-FR-000000600,LIT 225kV N0 1 LANNEMEZAN-PRAGNERES,RTE,LANNEMEZAN,PRAGNERES,220.0,838.6792452830189,889.0,,,5.673,25.457,177.508,62.874,False
17T0000000255893,LIT 400kV N0 1 LATENA - VILLEVAUDE,RTE,LATENA,VILLEVAUDE,380.0,3566.0377358490564,3780.0,,,3.063,31.059,384.498,82.0,False
17T0000000255877,LIT 225kV N0 1 LATENA-PERTAIN,RTE,LATENA,PERTAIN,220.0,1309.433962264151,1388.0,,,1.003,6.694,61.582,16.987,False
17T0000000255885,LIT 225kV N0 1 LATENA-ROYE,RTE,LATENA,ROYE,220.0,1309.433962264151,1388.0,,,0.65,4.449,32.666,11.268,False
17T000000025593C,LIT 400kV N0 1 LAUNAY - TAUTE,RTE,LAUNAY,TAUTE,380.0,3566.0377358490564,3780.0,,,1.641,21.58,358.31,82.0,False
17T000000025594A,LIT 400kV N0 2 LAUNAY-TAUTE,RTE,LAUNAY,TAUTE,380.0,3566.0377358490564,3780.0,,,1.641,21.579,358.302,40.283,False
17T000000025592E,LIT 225kV N0 1 LAUNAY-RANCE-POSTE,RTE,LAUNAY,RANCE-POSTE,220.0,990.566037735849,1050.0,,,5.956,27.074,187.838,66.725,False
17T000000025662J,LIT 225kV N0 1 LAVERA - PONTEAU,RTE,LAVERA,PONTEAU,220.0,2264.1509433962265,2400.0,,,0.063,0.696,10.656,2.54,False
17T000000025664F,LIT 225kV N0 1 LAVERA - SEPTEMES,RTE,LAVERA,SEPTEMES,220.0,1167.9245283018868,1238.0,,,1.732,11.488,83.594,28.904,False
17T000000025641R,LIT 225kV N0 1 LAVERA-PORT-DE-BOUC (CLIENT),RTE,LAVERA,PORT-DE-BOUC (CLIENT),220.0,1310.377358490566,1389.0,,,0.526,3.524,25.414,8.816,False
17T0000000256695,LIT 225kV N0 1 LAVEYRUNE - PRATCLAUX,RTE,LAVEYRUNE,PRATCLAUX,220.0,515.0943396226414,546.0,,,6.679,19.423,121.172,45.19,False
17T000000025702X,LIT 225kV N0 1 LEGUEVIN - PORTET-ST-SIMON,RTE,LEGUEVIN,PORTET-ST-SIMON,220.0,911.3207547169811,966.0,,,1.616,7.481,49.398,17.986,False
17T000000025681F,LIT 225kV N0 1 LEGUEVIN-LESQUIVE,RTE,LEGUEVIN,LESQUIVE,220.0,911.3207547169811,966.0,,,2.266,10.729,71.196,24.939,False
17T000000025715O,LIT 225KV N0 1 LESCAR - MARSILLON,RTE,LESCAR,MARSILLON,220.0,1235.8490566037735,1310.0,,,1.083,7.281,77.858,18.3,False
17T000000025716M,LIT 225kV N0 2 LESCAR-MARSILLON,RTE,LESCAR,MARSILLON,220.0,1235.8490566037735,1310.0,,,1.085,7.269,52.062,18.078,False
17T000000025751K,LIT 400kV N0 1 LESQUIVE - VERFEIL,RTE,LESQUIVE,VERFEIL,380.0,3566.0377358490564,3780.0,,,0.805,10.592,175.388,47.228,False
17T0000000257497,LIT 225kV N0 1 LESQUIVE-VERLHAGUET,RTE,LESQUIVE,VERLHAGUET,220.0,930.188679245283,986.0,,,2.045,9.143,68.406,24.271,False
17T000000025750M,LIT 225kV N0 2 LESQUIVE-VERLHAGUET,RTE,LESQUIVE,VERLHAGUET,220.0,911.3207547169811,966.0,,,2.266,10.706,71.154,25.755,False
17T000000025796Z,LIT 225kV N0 1 LIGNAT-RULHAT,RTE,LIGNAT,RULHAT,220.0,1170.754716981132,1241.0,,,0.633,4.196,28.704,10.255,False
17T000000025800X,LIT 400kV N0 1 LIMEUX - PENLY (POSTE EVACUATION),RTE,LIMEUX,PENLY (POSTE EVACUATION),380.0,2449.056603773585,2596.0,,,0.708,12.09,210.688,30.365,False
17T0000000258299,LIT 225kV N0 1 LINGOSTIERE-TRINITE-VICTOR,RTE,LINGOSTIERE,TRINITE-VICTOR,220.0,893.3962264150942,947.0,,,1.092,4.937,34.558,12.188,False
17T0000000258671,LIT 225kV N0 1 LIVIERE - ST VINCENT,RTE,LIVIERE,ST-VINCENT,220.0,1310.377358490566,1389.0,,,1.661,11.463,82.682,28.524,False
17T-FR-00000021A,LIT 400kV N0 1 LOGELBACH - MUHLBACH,RTE,LOGELBACH,MUHLBACH,380.0,2449.056603773585,2596.0,,,0.91,9.249,113.708,10.823,False
17T0000000252602,LIT 225kV N0 1 LONG-CHAMP (LE) - SOISSONS-NOTRE-DAME,RTE,LONG-CHAMP (LE),SOISSONS-NOTRE-DAME,220.0,872.6415094339623,925.0,,,1.112,5.351,37.002,13.165,False
17T0000000259465,LIT 400kV N0 1 LONNY - MAZURES,RTE,LONNY,MAZURES,380.0,3566.0377358490564,3780.0,,,0.325,3.36,40.118,10.77,False
17T-FR-00000068L,LIT 400kV N0 1 LONNY - SEUIL,RTE,LONNY,SEUIL,380.0,3914.150943396226,4149.0,,,0.711,11.811,204.594,75.667,False
17T-FR-000000260,LIT 400kV N0 1 LONNY - VESLE,RTE,LONNY,VESLE,380.0,3566.0377358490564,3780.0,,,1.193,20.013,347.576,118.313,False
17T-FR-000000228,LIT 400kV N0 1 LONNY-MOULAINE,RTE,LONNY,MOULAINE,380.0,3914.150943396226,4149.0,,,2.26,29.7,491.268,43.688,False
17T-FR-000000236,LIT 400kV N0 2 LONNY-MASTAING,RTE,LONNY,MASTAING,380.0,2449.056603773585,2596.0,,,2.374,31.112,515.832,10.831,False
17T000000025950E,LIT 400kV N0 2 LONNY-MAZURES,RTE,LONNY,MAZURES,380.0,3566.0377358490564,3780.0,,,0.325,3.339,40.41,10.831,False
17T-FR-000000244,LIT 400kV N0 2 LONNY-MOULAINE,RTE,LONNY,MOULAINE,380.0,3566.0377358490564,3780.0,,,2.259,29.692,491.154,118.211,False
17T-FR-000000252,LIT 400kV N0 3 LONNY-MASTAING,RTE,LONNY,MASTAING,380.0,2620.754716981132,2778.0,,,2.361,31.053,515.602,80.779,False
17T0000000259619,LIT 225kV N0 1 LOSCOAT-MARTYRE (LA),RTE,LOSCOAT,MARTYRE (LA),220.0,1303.7735849056603,1382.0,,,1.705,11.348,82.118,29.488,False
17T000000026039X,LIT 225kV N0 1 LUMES-MAZURES,RTE,LUMES,MAZURES,220.0,939.622641509434,996.0,,,1.937,9.449,66.334,23.715,False
17T000000026040B,LIT 225kV N0 1 LUMES-MOHON,RTE,LUMES,MOHON,220.0,799.0566037735848,847.0,,,0.395,1.79,12.096,4.7,False
17T0000000260419,LIT 225kV N0 1 LUMES-STENAY,RTE,LUMES,STENAY,220.0,1228.3018867924527,1302.0,,,2.551,17.609,128.158,44.9,False
17T0000000260427,LIT 225kV N0 2 LUMES-MAZURES,RTE,LUMES,MAZURES,220.0,939.622641509434,996.0,,,1.832,8.917,62.404,22.765,False
17T0000000260435,LIT 225kV N0 3 LUMES - MOHON,RTE,LUMES,MOHON,220.0,654.7169811320755,694.0,,,0.357,2.325,16.86,5.5,False
17T000000026057V,LIT 225kV N0 1 LUTTERBACH-SIERENTZ,RTE,LUTTERBACH,SIERENTZ,220.0,1052.8301886792453,1116.0,,,1.375,9.214,66.026,22.9,False
17T000000026059R,LIT 225kV N0 2 LUTTERBACH-SIERENTZ,RTE,LUTTERBACH,SIERENTZ,220.0,1052.8301886792453,1116.0,,,1.375,9.208,66.028,22.9,False
17T000000026274N,LIT 225kV N0 1 MALGOVERT-PASSY,RTE,MALGOVERT,PASSY,220.0,634.9056603773585,673.0,,,4.59,14.74,96.0,35.004,False
17T0000000263027,LIT 225KV N0 1 MALINTRAT - SARRE,RTE,MALINTRAT,SARRE,220.0,1018.8679245283018,1080.0,,,0.204,1.618,804.676,10.717,False
17T000000026281Q,LIT 225kV N0 1 MALINTRAT-RULHAT,RTE,MALINTRAT,RULHAT,220.0,1173.5849056603772,1244.0,,,0.355,2.328,16.292,5.747,False
17T0000000263035,LIT 225kV N0 2 MALINTRAT-RULHAT,RTE,MALINTRAT,RULHAT,220.0,1173.5849056603772,1244.0,,,0.357,2.344,16.41,5.787,False
17T-FR-00000054W,LIT 400kV N0 1 MAMBELIN - SIERENTZ,RTE,MAMBELIN,SIERENTZ,380.0,3566.0377358490564,3780.0,,,2.35,24.592,264.894,28.604,False
17T0000000263116,LIT 225kV N0 1 MAMBELIN - SAONE,RTE,MAMBELIN,SAONE,220.0,993.3962264150942,1053.0,,,2.786,17.707,129.49,44.648,False
17T000000026308W,LIT 225kV N0 1 MAMBELIN-PALENTE,RTE,MAMBELIN,PALENTE,220.0,737.7358490566037,782.0,,,6.326,22.083,145.36,52.934,False
17T000000026309U,LIT 225kV N0 1 MAMBELIN-PONTARLIER,RTE,MAMBELIN,PONTARLIER,220.0,423.58490566037733,449.0,,,9.519,35.036,243.446,86.68,False
17T0000000263108,LIT 225kV N0 1 MAMBELIN-PUSY,RTE,MAMBELIN,PUSY,220.0,787.7358490566037,835.0,,,6.231,31.693,219.17,77.914,False
17T0000000263132,LIT 225kV N0 2 MAMBELIN-PALENTE,RTE,MAMBELIN,PALENTE,220.0,761.3207547169811,807.0,,,3.632,21.629,147.766,52.77,False
17T0000000263213,LIT 400kV N0 1 MANDARINS - WARANDE,RTE,MANDARINS,WARANDE,380.0,3566.0377358490564,3780.0,,,0.572,7.547,124.334,33.049,False
17T000000026349I,LIT 225kV N0 1 MANOIR (LE)-ST-PIERRE-DE-BAILLEUL,RTE,MANOIR (LE),ST-PIERRE-DE-BAILLEUL,220.0,1014.1509433962264,1075.0,,,2.544,16.971,119.226,41.848,False
17T0000000263969,LIT 225kV N0 1 MARGERIDE-PRATCLAUX,RTE,MARGERIDE,PRATCLAUX,220.0,853.7735849056603,905.0,,,3.738,15.121,111.884,38.458,False
17T0000000263977,LIT 225kV N0 1 MARGERIDE-RUEYRES,RTE,MARGERIDE,RUEYRES,220.0,866.9811320754717,919.0,,,4.645,19.038,135.938,47.388,False
17T000000026426Q,LIT 400kV N0 1 MARLENHEIM - SCHEER,RTE,MARLENHEIM,SCHEER,380.0,3566.0377358490564,3780.0,,,0.663,8.703,144.158,33.048,False
17T000000026427O,LIT 400kV N0 1 MARLENHEIM-VIGY,RTE,MARLENHEIM,VIGY,380.0,2018.8679245283017,2140.0,,,2.678,36.336,593.074,86.085,False
17T000000026441U,LIT 400kV N0 1 MARMAGNE - TABARDERIE,RTE,MARMAGNE,TABARDERIE,380.0,1994.3396226415093,2114.0,,,3.753,29.361,291.146,90.623,False
17T000000026462M,LIT 400kV N0 2 MARMAGNE-TABARDERIE,RTE,MARMAGNE,TABARDERIE,380.0,3566.0377358490564,3780.0,,,2.791,30.898,308.078,36.0,False
17T000000026440W,LIT 225kV N0 1 MARMAGNE-VARENNES (-SUR-FOUZON),RTE,MARMAGNE,VARENNES (-SUR-FOUZON),220.0,717.9245283018868,761.0,,,4.746,21.572,149.58,53.196,False
17T000000027102A,LIT 400kV N0 1 MARQUIS (LE) - SAUCATS,RTE,MARQUIS (LE),SAUCATS,380.0,1981.132075471698,2100.0,,,1.595,17.587,179.91,6.805,False
17T-FR-00000059M,LIT 225kV N0 1 MARSILLON-PRAGNERES,RTE,MARSILLON,PRAGNERES,220.0,721.6981132075472,765.0,,,7.841,34.13,237.628,84.292,False
17T0000000264787,LIT 225kV N0 1 MARTYRE (LA)-SQUIVIDAN,RTE,MARTYRE (LA),SQUIVIDAN,220.0,1121.698113207547,1189.0,,,3.038,20.399,148.366,51.302,False
17T000000026520Y,LIT 225kV N0 1 MASTAING-PERIZET (LE),RTE,MASTAING,PERIZET (LE),220.0,1047.1698113207547,1110.0,,,2.219,10.244,71.288,24.738,False
17T000000026519J,LIT 225kV N0 1 MASTAING-PONT-SUR-SAMBRE,RTE,MASTAING,PONT-SUR-SAMBRE,220.0,1041.5094339622642,1104.0,,,3.865,17.913,132.274,44.098,False
17T000000026551N,LIT 225kV N0 1 MAUBEUGE-PONT-SUR-SAMBRE,RTE,MAUBEUGE,PONT-SUR-SAMBRE,220.0,1026.4150943396226,1088.0,,,0.588,2.808,19.746,6.968,False
17T0000000265589,LIT 225kV N0 1 MAUGES (LES)-VERTOU,RTE,MAUGES (LES),VERTOU,220.0,750.0,795.0,,,4.191,19.19,131.398,47.048,False
17T0000000265872,LIT 225kV N0 1 MAUREIX (LE)-PEYRAT-LE-CHATEAU,RTE,MAUREIX (LE),PEYRAT-LE-CHATEAU,220.0,816.0377358490566,865.0,,,2.673,14.733,97.878,35.567,False
17T000000026641M,LIT 400kV N0 1 MENUEL - TAUTE,RTE,MENUEL,TAUTE,380.0,2826.4150943396226,2996.0,,,0.72,9.468,157.206,14.3,False
17T000000026662E,LIT 400kV N0 1 MENUEL - TOLLEVAST,RTE,MENUEL,TOLLEVAST,380.0,3566.0377358490564,3780.0,,,0.428,4.356,53.462,36.0,False
17T000000026663C,LIT 400kV N0 2 MENUEL-TAUTE,RTE,MENUEL,TAUTE,380.0,2826.4150943396226,2996.0,,,0.729,9.584,159.126,14.3,False
17T000000026664A,LIT 400kV N0 2 MENUEL-TOLLEVAST,RTE,MENUEL,TOLLEVAST,380.0,3566.0377358490564,3780.0,,,0.429,4.347,53.954,36.0,False
17T0000000266658,LIT 400kV N0 3 MENUEL-TAUTE,RTE,MENUEL,TAUTE,380.0,3566.0377358490564,3780.0,,,0.72,9.468,157.206,36.17,False
17T0000000266666,LIT 400kV N0 4 MENUEL-TAUTE,RTE,MENUEL,TAUTE,380.0,2264.1509433962265,2400.0,,,0.72,9.468,157.206,70.763,False
17T0000000266771,LIT 225kV N0 1 MERLATIERE - RECOUVRANCE,RTE,MERLATIERE,RECOUVRANCE,220.0,1113.2075471698113,1180.0,,,0.743,5.816,3282.96,35.439,False
17T000000026680C,LIT 225kV N0 1 MERLATIERE - SOULLANS,RTE,MERLATIERE,SOULLANS,220.0,1352.830188679245,1434.0,,,2.603,17.492,124.374,43.41,False
17T000000026681A,LIT 225kV N0 2 MERLATIERE - SOULLANS,RTE,MERLATIERE,SOULLANS,220.0,1352.830188679245,1434.0,,,2.6,17.383,125.114,43.412,False
17T-FR-00000028X,LIT 400kV N0 1 MERY-SUR-SEINE - VESLE,RTE,MERY-SUR-SEINE,VESLE,380.0,2641.509433962264,2800.0,,,2.504,26.819,281.696,42.23,False
17T000000026169K,LIT 400kV N0 1 MERY-SUR-SEINE - VIELMOULIN,RTE,MERY-SUR-SEINE,VIELMOULIN,380.0,2641.509433962264,2800.0,,,3.149,45.724,569.77,42.21,False
17T000000026170Z,LIT 400kV N0 2 MERY-SUR-SEINE-VIELMOULIN,RTE,MERY-SUR-SEINE,VIELMOULIN,380.0,2264.1509433962265,2400.0,,,3.147,45.696,569.418,80.781,False
17T000000026732J,LIT 400kV N0 1 MEZEROLLES - TILLEUL,RTE,MEZEROLLES,TILLEUL,380.0,2264.1509433962265,2400.0,,,2.123,21.523,266.674,17.274,False
17T000000026733H,LIT 400kV N0 1 MEZEROLLES-YVELINES-OUEST,RTE,MEZEROLLES,YVELINES-OUEST,380.0,2264.1509433962265,2400.0,,,0.518,5.251,65.122,70.228,False
17T000000026735D,LIT 400kV N0 2 MEZEROLLES - TILLEUL,RTE,MEZEROLLES,TILLEUL,380.0,2264.1509433962265,2400.0,,,2.106,21.35,264.58,58.72,False
17T000000026736B,LIT 400kV N0 2 MEZEROLLES - VILLEJUST,RTE,MEZEROLLES,VILLEJUST,380.0,3863.2075471698113,4095.0,,,1.802,18.299,225.95,54.911,False
17T000000026726E,LIT 225kV N0 1 MEZEROLLES - PORCHEVILLE,RTE,MEZEROLLES,PORCHEVILLE,220.0,941.5094339622641,998.0,,,0.371,2.449,17.688,6.148,False
17T0000000267298,LIT 225kV N0 2 MEZEROLLES - PORCHEVILLE,RTE,MEZEROLLES,PORCHEVILLE,220.0,941.5094339622641,998.0,,,0.371,2.447,17.698,6.134,False
17T000000026730N,LIT 225kV N0 3 MEZEROLLES-PORCHEVILLE,RTE,MEZEROLLES,PORCHEVILLE,220.0,923.5849056603773,979.0,,,0.366,2.445,17.264,6.406,False
17T0000000267751,LIT 225kV N0 1 MIONS-MOIRANS,RTE,MIONS,MOIRANS,220.0,712.2641509433962,755.0,,,5.95,27.53,184.0,67.808,False
17T000000026777Y,LIT 225kV N0 1 MIONS-MOUCHE (LA),RTE,MIONS,MOUCHE (LA),220.0,2098.1132075471696,2224.0,,,0.42,4.24,52.0,13.7,False
17T000000026778W,LIT 225kV N0 1 MIONS-PONT-EVEQUE,RTE,MIONS,PONT-EVEQUE,220.0,1024.5283018867924,1086.0,,,1.22,8.32,54.0,18.949,False
17T0000000267808,LIT 225kV N0 1 MIONS-ST-VULBAS-EST,RTE,MIONS,ST-VULBAS-EST,220.0,514.1509433962264,545.0,,,3.84,14.24,90.0,33.6,False
17T0000000267816,LIT 225kV N0 1 MIONS-VENISSIEUX,RTE,MIONS,VENISSIEUX,220.0,1049.0566037735848,1112.0,,,0.33,3.01,34.0,9.344,False
17T000000026803M,LIT 225kV N0 2 MIONS - VENISSIEUX,RTE,MIONS,VENISSIEUX,220.0,1198.1132075471698,1270.0,,,0.32,2.83,94.0,9.493,False
17T000000026802O,LIT 225kV N0 2 MIONS-MOUCHE (LA),RTE,MIONS,MOUCHE (LA),220.0,2098.1132075471696,2224.0,,,0.44,4.31,54.0,13.921,False
17T0000000261334,LIT 225kV N0 1 MITRY-MORY (E.D.F.)-SAUSSET,RTE,MITRY-MORY (E.D.F.),SAUSSET,220.0,877.3584905660377,930.0,,,0.397,1.989,14.032,4.933,False
17T0000000261342,LIT 225kV N0 1 MITRY-MORY (E.D.F.)-VILLEVAUDE,RTE,MITRY-MORY (E.D.F.),VILLEVAUDE,220.0,1000.9433962264151,1061.0,,,0.727,3.391,23.734,8.375,False
17T0000000268634,LIT 225kV N0 1 MOIMONT - PLESSIS-GASSOT,RTE,MOIMONT,PLESSIS-GASSOT,220.0,858.4905660377358,910.0,,,0.867,4.462,40.258,10.848,False
17T0000000268812,LIT 225kV N0 1 MOLE (LA)-RUEYRES,RTE,MOLE (LA),RUEYRES,220.0,786.7924528301886,834.0,,,7.221,34.122,221.894,81.267,False
17T000000026902K,LIT 225kV N0 1 MOLE (LA)-STE-FEYRE,RTE,MOLE (LA),STE-FEYRE,220.0,730.188679245283,774.0,,,8.123,41.941,308.088,105.922,False
17T000000026904G,LIT 225kV N0 2 MOLE (LA)-RUEYRES,RTE,MOLE (LA),RUEYRES,220.0,786.7924528301886,834.0,,,6.805,32.206,209.352,77.606,False
17T000000026907A,LIT 400kV N0 1 MOLIERE - OUDON,RTE,MOLIERE,OUDON,380.0,3566.0377358490564,3780.0,,,1.15,14.508,239.032,46.857,False
17T0000000269088,LIT 400kV N0 1 MOLIERE - QUINTES (LES),RTE,MOLIERE,QUINTES (LES),380.0,3566.0377358490564,3780.0,,,0.984,12.421,204.536,14.948,False
17T0000000269177,LIT 225kV N0 1 ORANGERIE (L) - MONDION,RTE,MONDION,ORANGERIE (L),220.0,1033.9622641509434,1096.0,,,1.277,5.906,41.332,14.139,False
17T000000027146R,LIT 225kV N0 1 MONTCROISETTE-VENDIN,RTE,MONTCROISETTE,VENDIN,220.0,1370.754716981132,1453.0,,,0.293,1.942,14.134,4.88,False
17T000000027159I,LIT 400kV N0 1 MONTEZIC (POSTE EXTERIEUR) - RUEYRES,RTE,MONTEZIC (POSTE EXTERIEUR),RUEYRES,380.0,1981.132075471698,2100.0,,,0.163,2.758,19.49,0.0,False
17T000000027183L,LIT 225KV N0 1 MONTGROS - MONTPEZAT,RTE,MONTGROS,MONTPEZAT,220.0,655.6603773584906,695.0,,,4.023,18.8,217.23,45.68,False
17T000000027184J,LIT 225KV N0 1 MONTGROS - PRATCLAUX,RTE,MONTGROS,PRATCLAUX,220.0,612.2641509433962,649.0,,,1.973,9.26,164.732,22.994,False
17T000000027185H,LIT 225KV N0 2 MONTGROS - PRATCLAUX,RTE,MONTGROS,PRATCLAUX,220.0,515.0943396226414,546.0,,,3.186,9.413,127.806,22.582,False
17T000000027193I,LIT 225kV N0 1 MONTLUCON-MONTVICQ,RTE,MONTLUCON,MONTVICQ,220.0,745.2830188679245,790.0,,,1.752,7.035,48.486,17.28,False
17T000000027223Z,LIT 225kV N0 1 MONTOIS-SAINT HUBERT,RTE,MONTOIS,SAINT HUBERT,220.0,598.1132075471697,634.0,,,1.92,6.187,39.3,14.58,False
17T000000027227R,LIT 225kV N0 1 MONTPELLIER - TAMAREAU,RTE,MONTPELLIER,TAMAREAU,220.0,1310.377358490566,1389.0,,,1.217,8.128,58.594,20.339,False
17T000000027228P,LIT 225kV N0 2 MONTPELLIER - TAMAREAU,RTE,MONTPELLIER,TAMAREAU,220.0,1232.0754716981132,1306.0,,,1.309,8.029,59.256,20.17,False
17T000000027229N,LIT 225kV N0 3 MONTPELLIER - TAMAREAU,RTE,MONTPELLIER,TAMAREAU,220.0,1310.377358490566,1389.0,,,1.216,8.161,78.05,20.543,False
17T000000027234U,LIT 225kV N0 1 MONTPEZAT-PRATCLAUX,RTE,MONTPEZAT,PRATCLAUX,220.0,612.2641509433962,649.0,,,5.976,26.796,186.16,66.141,False
17T0000000269452,LIT 400kV N0 1 MORBRAS - VILLEVAUDE,RTE,MORBRAS,VILLEVAUDE,380.0,3566.0377358490564,3780.0,,,0.244,3.966,74.712,15.228,False
17T000000026947Z,LIT 400kV N0 2 MORBRAS - VILLEVAUDE,RTE,MORBRAS,VILLEVAUDE,380.0,3566.0377358490564,3780.0,,,0.233,3.897,67.962,15.218,False
17T0000000269428,LIT 225kV N0 1 MORBRAS-VILLENEUVE-ST-GEORGES,RTE,MORBRAS,VILLENEUVE-ST-GEORGES,220.0,1000.9433962264151,1061.0,,,1.37,6.904,149.642,18.381,False
17T000000027028X,LIT 225kV N0 1 MOUGINS-PLAN-DE-GRASSE,RTE,MOUGINS,PLAN-DE-GRASSE,220.0,1117.9245283018868,1185.0,,,0.584,4.203,130.156,12.987,False
17T-FR-00000029V,LIT 400kV N0 1 MOULAINE - VIGY,RTE,MOULAINE,VIGY,380.0,3566.0377358490564,3780.0,,,1.234,16.217,268.942,61.622,False
17T-FR-000000309,LIT 400kV N0 2 MOULAINE-VIGY,RTE,MOULAINE,VIGY,380.0,2273.5849056603774,2410.0,,,1.233,16.21,268.834,52.745,False
17T0000000270414,LIT 225kV N0 1 MOULINEAUX - VILLEJUST,RTE,MOULINEAUX,VILLEJUST,220.0,971.6981132075471,1030.0,,,0.581,5.531,337.586,21.407,False
17T000000027062X,LIT 225kV N0 2 MOULINEAUX-VILLEJUST,RTE,MOULINEAUX,VILLEJUST,220.0,971.6981132075471,1030.0,,,0.567,5.322,339.262,20.703,False
17T000000027264L,LIT 400kV N0 1 MUHLBACH - SCHEER,RTE,MUHLBACH,SCHEER,380.0,2450.943396226415,2598.0,,,1.59,17.975,215.35,0.0,False
17T-FR-000000325,LIT 400kV N0 1 MUHLBACH - VINCEY,RTE,MUHLBACH,VINCEY,380.0,2318.867924528302,2458.0,,,3.195,36.108,397.53,111.227,False
17T-FR-000000317,LIT 400kV N0 1 MUHLBACH-SIERENTZ,RTE,MUHLBACH,SIERENTZ,380.0,2450.943396226415,2598.0,,,0.959,10.713,115.74,32.691,False
17T-FR-000000333,LIT 400kV N0 2 MUHLBACH-SIERENTZ,RTE,MUHLBACH,SIERENTZ,380.0,2450.943396226415,2598.0,,,1.3,10.7,89.4,0.3,False
17T000000027278A,LIT 225kV N0 1 MUREAUX (LES) - NOUROTTES,RTE,MUREAUX (LES),NOUROTTES,220.0,1309.433962264151,1388.0,,,0.687,4.587,44.24,11.647,False
17T0000000273875,LIT 225kV N0 1 NEMOURS-VILLEMANDEUR,RTE,NEMOURS,VILLEMANDEUR,220.0,941.5094339622641,998.0,,,1.682,11.498,81.952,28.561,False
17T0000000273948,LIT 400kV N0 1 NEOULES - REALTOR,RTE,NEOULES,REALTOR,380.0,2203.7735849056603,2336.0,,,2.16,20.427,256.624,68.288,False
17T0000000273956,LIT 400kV N0 1 NEOULES - TRANS,RTE,NEOULES,TRANS,380.0,2341.509433962264,2482.0,,,1.357,13.765,170.198,45.205,False
17T0000000273972,LIT 400kV N0 2 NEOULES - TRANS,RTE,NEOULES,TRANS,380.0,2341.509433962264,2482.0,,,1.357,13.765,170.198,45.11,False
17T0000000273964,LIT 400kV N0 2 NEOULES-REALTOR,RTE,NEOULES,REALTOR,380.0,2203.7735849056603,2336.0,,,2.16,20.427,256.624,68.288,False
17T000000027393A,LIT 225kV N0 1 NEOULES-VINS,RTE,NEOULES,VINS,220.0,1154.7169811320755,1224.0,,,1.669,11.088,91.806,27.764,False
17T000000027437G,LIT 225kV N0 1 NIORT - VAL-DE-SEVRE,RTE,NIORT,VAL-DE-SEVRE,220.0,866.0377358490566,918.0,,,6.196,22.472,146.658,52.463,False
17T000000027439C,LIT 225kV N0 1 NOGENTEL-ORMES,RTE,NOGENTEL,ORMES,220.0,1297.1698113207547,1375.0,,,3.502,23.311,169.074,57.945,False
17T000000027503T,LIT 225kV N0 1 ONET-LE-CHATEAU-RUEYRES,RTE,ONET-LE-CHATEAU,RUEYRES,220.0,1066.9811320754716,1131.0,,,2.935,20.096,142.952,49.985,False
17T0000000275843,LIT 225kV N0 3 ORMES-VESLE,RTE,ORMES,VESLE,220.0,1270.754716981132,1347.0,,,1.311,8.738,61.124,21.661,False
17T000000027599R,LIT 400kV N0 1 OUDON - QUINTES (LES),RTE,OUDON,QUINTES (LES),380.0,3566.0377358490564,3780.0,,,2.128,26.892,443.954,100.927,False
17T000000027600V,LIT 400kV N0 1 OUDON - TAUTE,RTE,OUDON,TAUTE,380.0,3962.264150943396,4200.0,,,3.26,42.869,711.792,163.0,False
17T000000027601T,LIT 400kV N0 2 OUDON - TAUTE,RTE,OUDON,TAUTE,380.0,3962.264150943396,4200.0,,,3.26,42.869,711.79,163.0,False
17T000000027947U,LIT 225kV N0 1 PALENTE -SAONE,RTE,PALENTE,SAONE,220.0,1033.9622641509434,1096.0,,,0.565,3.201,22.83,7.958,False
17T000000027983Q,LIT 225kV N0 1 PALUN (LA) - SAINTE-TULLE 1,RTE,PALUN (LA),STE-TULLE,220.0,893.3962264150942,947.0,,,3.511,18.486,130.564,45.834,False
17T000000027982S,LIT 225kV N0 1 PALUN (LA)-SEPTEMES,RTE,PALUN (LA),SEPTEMES,220.0,1415.0943396226414,1500.0,,,0.524,6.439,48.208,16.137,False
17T000000027984O,LIT 225kV N0 2 PALUN (LA)-SEPTEMES,RTE,PALUN (LA),SEPTEMES,220.0,1167.9245283018868,1238.0,,,0.911,6.115,43.724,15.6,False
17T000000028001B,LIT 225kV N0 1 PASSY-PRESSY,RTE,PASSY,PRESSY,220.0,701.8867924528302,744.0,,,2.315,10.285,79.89,26.303,False
17T0000000280053,LIT 225kV N0 1 PATIS - REMISE,RTE,PATIS,REMISE,220.0,1165.0943396226414,1235.0,,,1.164,7.763,95.542,19.879,False
17T0000000280207,LIT 225kV N0 1 PELISSIER-ST-VICTOR,RTE,PELISSIER,ST-VICTOR,220.0,1144.3396226415093,1213.0,,,3.91,22.5,162.0,55.118,False
17T000000028083K,LIT 225kV N0 1 PERIZET (LE)-SETIER,RTE,PERIZET (LE),SETIER,220.0,775.4716981132075,822.0,,,2.404,11.2,74.746,27.058,False
17T0000000280995,LIT 225kV N0 1 PERTAIN-ROYE,RTE,PERTAIN,ROYE,220.0,756.6037735849056,802.0,,,1.083,4.936,50.362,12.168,False
17T000000028124W,LIT 225kV N0 1 PESSAC-SAUCATS,RTE,PESSAC,SAUCATS,220.0,1067.9245283018868,1132.0,,,1.234,8.332,61.976,21.293,False
17T000000028125U,LIT 225kV N0 2 PESSAC-SAUCATS,RTE,PESSAC,SAUCATS,220.0,1062.264150943396,1126.0,,,1.235,8.334,63.326,21.233,False
17T0000000278346,LIT 225kV N0 1 PETITE-ROSSELLE-SARREGUEMINES,RTE,PETITE-ROSSELLE,SARREGUEMINES,220.0,939.622641509434,996.0,,,1.985,10.313,72.966,24.575,False
17T0000000278354,LIT 225kV N0 1 PETITE-ROSSELLE-ST-AVOLD,RTE,PETITE-ROSSELLE,ST-AVOLD,220.0,792.4528301886792,840.0,,,1.424,6.322,62.858,15.83,False
17T000000028135R,LIT 400kV N0 1 PICOCHERIE (LA) - VILLERBON,RTE,PICOCHERIE (LA),VILLERBON,380.0,2515.094339622641,2666.0,,,0.887,9.007,111.106,29.576,False
17T000000028370H,LIT 225kV N0 1 PIERRETTE (LA) - VERTEFEUILLE,RTE,PIERRETTE (LA),VERTEFEUILLE,220.0,933.9622641509434,990.0,,,0.951,4.24,35.98,10.423,False
17T0000000277439,LIT 225kV N0 1 PLAINE HAUTE-ROSPEZ,RTE,PLAINE HAUTE,ROSPEZ,220.0,1400.0,1484.0,,,3.275,21.742,158.086,54.579,False
17T0000000277447,LIT 225kV N0 1 PLAINE HAUTE-TREGUEUX,RTE,PLAINE HAUTE,TREGUEUX,220.0,1243.3962264150944,1318.0,,,0.835,5.58,40.16,13.973,False
17T0000000277455,LIT 225kV N0 2 PLAINE HAUTE-TREGUEUX,RTE,PLAINE HAUTE,TREGUEUX,220.0,1303.7735849056603,1382.0,,,0.837,5.591,40.242,13.946,False
17T000000028164K,LIT 225kV N0 1 PLAISANCE-ROMAINVILLE,RTE,PLAISANCE,ROMAINVILLE,220.0,787.7358490566037,835.0,,,0.393,2.335,343.79,7.921,False
17T000000027796P,LIT 400kV N0 1 PLAN-D ORGON - TAVEL,RTE,PLAN-D ORGON,TAVEL,380.0,3512.264150943396,3723.0,,,0.832,10.94,181.59,41.812,False
17T000000027795R,LIT 225kV N0 1 PLAN-D ORGON - ROQUEROUSSE,RTE,PLAN-D ORGON,ROQUEROUSSE,220.0,893.3962264150942,947.0,,,1.755,8.022,55.316,19.64,False
17T000000027707D,LIT 400kV N0 1 PLESSIS-GASSOT - PENCHARD,RTE,PLESSIS-GASSOT,PENCHARD,380.0,2130.188679245283,2258.0,,,1.387,11.335,112.03,33.225,False
17T000000027708B,LIT 400kV N0 1 PLESSIS-GASSOT - SAUSSET,RTE,PLESSIS-GASSOT,SAUSSET,380.0,2543.396226415094,2696.0,,,0.425,4.707,47.072,13.828,False
17T0000000277099,LIT 400kV N0 1 PLESSIS-GASSOT - TERRIER,RTE,PLESSIS-GASSOT,TERRIER,380.0,2543.396226415094,2696.0,,,0.805,9.079,108.718,29.084,False
17T000000027710O,LIT 400kV N0 2 PLESSIS-GASSOT - TERRIER,RTE,PLESSIS-GASSOT,TERRIER,380.0,2264.1509433962265,2400.0,,,0.802,8.904,110.416,29.093,False
17T000000027711M,LIT 400kV N0 3 PLESSIS-GASSOT - TERRIER,RTE,PLESSIS-GASSOT,TERRIER,380.0,3566.0377358490564,3780.0,,,0.551,7.223,119.13,27.362,False
17T000000027712K,LIT 400kV N0 4 PLESSIS-GASSOT - TERRIER,RTE,PLESSIS-GASSOT,TERRIER,380.0,2264.1509433962265,2400.0,,,0.552,7.225,119.176,27.372,False
17T000000027713I,LIT 400kV N0 4 PLESSIS-GASSOT - VILLEVAUDE,RTE,PLESSIS-GASSOT,VILLEVAUDE,380.0,2264.1509433962265,2400.0,,,0.785,8.731,85.616,25.401,False
17T0000000276807,LIT 225kV N0 1 PLESSIS-GASSOT - SAUSSET,RTE,PLESSIS-GASSOT,SAUSSET,220.0,1000.9433962264151,1061.0,,,1.154,5.691,40.022,14.028,False
17T0000000276815,LIT 225kV N0 1 PLESSIS-GASSOT - SEINE,RTE,PLESSIS-GASSOT,SEINE,220.0,989.622641509434,1049.0,,,1.303,6.855,68.972,17.062,False
17T000000027704J,LIT 225kV N0 2 PLESSIS-GASSOT - VILLIERS-LE-BEL,RTE,PLESSIS-GASSOT,VILLIERS-LE-BEL,220.0,941.5094339622641,998.0,,,0.191,1.278,9.19,3.259,False
,LIT 225kV N0 2 PLESSIS-GASSOT - PIQUAGE A VILLIERS LE BEL,RTE,PLESSIS-GASSOT,PIQUAGE A VILLIERS-LE-BEL,220.0,1142.4528301886792,1211.0,,,0.191,1.278,9.122,3.185,False
17T000000027705H,LIT 225kV N0 3 PLESSIS-GASSOT - SEINE,RTE,PLESSIS-GASSOT,SEINE,220.0,1981.132075471698,2100.0,,,0.491,4.808,74.298,16.391,False
17T000000028372D,LIT 225kV N0 1 PONTARLIER - SAONE,RTE,PONTARLIER,SAONE,220.0,396.2264150943396,420.0,,,6.401,17.196,114.646,41.663,False
17T000000028217P,LIT 225kV N0 1 PONTEAU - REALTOR,RTE,PONTEAU,REALTOR,220.0,1167.9245283018868,1238.0,,,1.009,10.357,126.436,34.309,False
17T000000028218N,LIT 225kV N0 2 PONTEAU - REALTOR,RTE,PONTEAU,REALTOR,220.0,1167.9245283018868,1238.0,,,1.009,10.364,126.51,34.309,False
17T000000027876R,LIT 225kV N0 1 PONT-SEPT-SAINNEVILLE,RTE,PONT-SEPT,SAINNEVILLE,220.0,528.3018867924528,560.0,,,0.62,3.468,275.832,11.365,False
17T000000027877P,LIT 225kV N0 1 PONT-SEPT-SANDOUVILLE,RTE,PONT-SEPT,SANDOUVILLE,220.0,1394.3396226415093,1478.0,,,0.877,5.875,42.038,14.613,False
17T000000028249C,LIT 225kV N0 1 PORCHEVILLE-PUISEUX,RTE,PORCHEVILLE,PUISEUX,220.0,923.5849056603773,979.0,,,1.381,9.031,65.39,22.686,False
17T000000028250R,LIT 225kV N0 1 PORCHEVILLE-ST-PIERRE-DE-BAILLEUL,RTE,PORCHEVILLE,ST-PIERRE-DE-BAILLEUL,220.0,1270.754716981132,1347.0,,,2.91,19.42,136.114,48.359,False
17T000000027902F,LIT 225kV N0 1 PORTET-ST-SIMON - RIVENEUVE,RTE,PORTET-ST-SIMON,RIVENEUVE,220.0,911.3207547169811,966.0,,,4.996,22.853,150.496,54.76,False
17T000000027903D,LIT 225kV N0 1 PORTET-ST-SIMON - ST-ORENS,RTE,PORTET-ST-SIMON,ST-ORENS,220.0,886.7924528301886,940.0,,,0.722,4.696,57.668,11.937,False
17T000000027904B,LIT 225kV N0 1 PORTET-ST-SIMON -TARASCON,RTE,PORTET-ST-SIMON,TARASCON,220.0,594.3396226415094,630.0,,,7.159,32.6,223.94,79.654,False
17T0000000279059,LIT 225kV N0 2 PORTET-ST-SIMON - VERFEIL,RTE,PORTET-ST-SIMON,VERFEIL,220.0,886.7924528301886,940.0,,,1.773,11.735,108.132,29.255,False
17T0000000279067,LIT 225kV N0 3 PORTET-ST-SIMON - VERFEIL,RTE,PORTET-ST-SIMON,VERFEIL,220.0,868.8679245283018,921.0,,,2.379,12.608,86.192,30.788,False
17T000000027784W,LIT 225kV N0 1 PORT-JEROME-SANDOUVILLE,RTE,PORT-JEROME,SANDOUVILLE,220.0,1394.3396226415093,1478.0,,,1.336,8.951,64.138,22.28,False
17T000000027785U,LIT 225kV N0 1 PORT-JEROME-VAUPALIERE (LA),RTE,PORT-JEROME,VAUPALIERE (LA),220.0,772.6415094339623,819.0,,,3.64,16.84,122.0,41.042,False
17T000000027840B,LIT 225kV N0 1 POTEAU-ROUGE - SQUIVIDAN,RTE,POTEAU-ROUGE,SQUIVIDAN,220.0,1303.7735849056603,1382.0,,,3.689,24.528,177.72,61.476,False
17T0000000278419,LIT 225kV N0 1 POTEAU-ROUGE - THEIX,RTE,POTEAU-ROUGE,THEIX,220.0,1243.3962264150944,1318.0,,,3.166,21.043,152.728,52.773,False
17T000000028299Y,LIT 225kV N0 1 PRATCLAUX - TREVAS,RTE,PRATCLAUX,TREVAS,220.0,1146.2264150943395,1215.0,,,3.554,21.054,157.316,53.845,False
17T0000000282971,LIT 225kV N0 1 PRATCLAUX-SANSSAC (L'EGLISE),RTE,PRATCLAUX,SANSSAC (L'EGLISE),220.0,811.3207547169811,860.0,,,1.338,6.033,41.358,14.685,False
17T000000935461Y,LIT 400kV N0 1 PRAZ-ST-ANDRE - PIQUAGE A LA PRAZ-ST-ANDRE,RTE,PRAZ-ST-ANDRE,PIQUAGE A LA PRAZ-ST-ANDRE,380.0,1698.1132075471696,1800.0,,,0.003,0.058,0.712,0.17,False
17T0000000276297,LIT 400kV N0 1 PRAZ-ST-ANDRE - SUPER-BISSORTE,RTE,PRAZ-ST-ANDRE,SUPER-BISSORTE,380.0,1226.4150943396226,1300.0,,,0.036,0.22,28.338,0.998,False
17T000000935461Y,LIT 400kV N0 2 PRAZ-ST-ANDRE - PIQUAGE A LA PRAZ-ST-ANDRE,RTE,PRAZ-ST-ANDRE,PIQUAGE A LA PRAZ-ST-ANDRE,380.0,2561.320754716981,2715.0,,,0.003,0.049,0.606,0.138,False
17T0000000276289,LIT 225kV N0 1 PRAZ-ST-ANDRE-SAUSSAZ II (LA),RTE,PRAZ-ST-ANDRE,SAUSSAZ II (LA),220.0,1101.8867924528302,1168.0,,,0.68,3.98,28.0,9.854,False
17T000000028328G,LIT 225kV N0 1 PREGUILLAC - SAINTES,RTE,PREGUILLAC,SAINTES,220.0,1311.3207547169811,1390.0,,,0.668,4.489,51.048,11.329,False
17T000000028332P,LIT 225kV N0 1 PRELES (LES)-SEREIN,RTE,PRELES (LES),SEREIN,220.0,1228.3018867924527,1302.0,,,0.842,5.611,40.562,13.94,False
17T000000028333N,LIT 225kV N0 2 PRELES (LES)-SEREIN,RTE,PRELES (LES),SEREIN,220.0,939.622641509434,996.0,,,1.266,5.727,39.918,14.135,False
17T000000028339B,LIT 225kV N0 2 PRIMEVERES - SAUSSET,RTE,PRIMEVERES,SAUSSET,220.0,1309.433962264151,1388.0,,,0.467,3.125,22.442,7.79,False
17T000000028362G,LIT 400kV N0 1 PRIONNET - T.SUP / PRION - TAVEL,RTE,PRIONNET,T.SUP / PRION - TAVEL,380.0,3862.264150943396,4094.0,,,0.01,0.187,2.476,0.635,False
17T000000028408I,LIT 225kV N0 1 PUSY-ROLAMPONT,RTE,PUSY,ROLAMPONT,220.0,920.754716981132,976.0,,,6.717,30.544,205.832,74.096,False
17T000000028421Q,LIT 225kV N0 1 PYMONT-VOUGLANS,RTE,PYMONT,VOUGLANS,220.0,933.9622641509434,990.0,,,2.284,14.652,108.086,37.473,False
17T000000028442I,LIT 225KV N0 1 QUATRE SEIGNEURS - SAUMAD,RTE,QUATRE-SEIGNEURS,SAUMADE,220.0,1226.4150943396226,1300.0,,,0.086,1.147,700.826,7.8,False
17T000000028443G,LIT 225kV N0 1 QUATRE SEIGNEURS - TAMAREAU,RTE,QUATRE-SEIGNEURS,TAMAREAU,220.0,981.132075471698,1040.0,,,0.684,4.549,59.886,11.66,False
17T0000000284559,LIT 225kV N0 1 QUINTES (LES)-ST-CALAIS,RTE,QUINTES (LES),ST-CALAIS,220.0,1310.377358490566,1389.0,,,2.354,15.737,112.456,39.236,False
17T000000028486Z,LIT 225kV N0 1 RAIE-TORTUE - VILLEJUST,RTE,RAIE-TORTUE,VILLEJUST,220.0,1309.433962264151,1388.0,,,0.478,4.652,63.038,15.924,False
17T000000028487X,LIT 225kV N0 2 RAIE-TORTUE-VILLEJUST,RTE,RAIE-TORTUE,VILLEJUST,220.0,1309.433962264151,1388.0,,,0.453,4.383,59.988,15.219,False
17T000000028532H,LIT 225kV N0 1 RASSUEN-ROQUEROUSSE,RTE,RASSUEN,ROQUEROUSSE,220.0,1167.9245283018868,1238.0,,,1.76,12.056,89.09,30.192,False
17T0000000285377,LIT 400kV N0 1 REALTOR - TAVEL,RTE,REALTOR,TAVEL,380.0,2341.509433962264,2482.0,,,2.735,27.716,343.702,91.947,False
17T0000000285385,LIT 400kV N0 2 REALTOR - TAVEL,RTE,REALTOR,TAVEL,380.0,2341.509433962264,2482.0,,,2.731,27.719,343.574,91.947,False
17T000000028535B,LIT 225kV N0 1 REALTOR-SEPTEMES,RTE,REALTOR,SEPTEMES,220.0,1167.9245283018868,1238.0,,,0.413,2.766,19.808,6.966,False
17T0000000285369,LIT 225kV N0 3 REALTOR - SEPTEMES,RTE,REALTOR,SEPTEMES,220.0,1167.9245283018868,1238.0,,,0.382,2.562,24.65,7.112,False
17T0000000285814,LIT 400kV N0 1 REMISE - TERRIER,RTE,REMISE,TERRIER,380.0,3566.0377358490564,3780.0,,,0.576,7.565,124.904,28.714,False
17T000000028602M,LIT 400kV N0 2 REMISE - TERRIER,RTE,REMISE,TERRIER,380.0,3566.0377358490564,3780.0,,,0.576,7.568,125.29,28.73,False
17T-FR-000000341,LIT 400kV N0 1 REVIGNY - VIGY,RTE,REVIGNY,VIGY,380.0,2449.056603773585,2596.0,,,3.893,41.123,457.094,127.788,False
17T0000000286551,LIT 225kV N0 1 RICHEMONT-SAINT HUBERT,RTE,RICHEMONT,SAINT HUBERT,220.0,848.1132075471697,899.0,,,0.254,1.501,10.762,3.77,False
17T000000028688N,LIT 225kV N0 1 RIVENEUVE-TARASCON,RTE,RIVENEUVE,TARASCON,220.0,836.7924528301886,887.0,,,3.286,14.921,99.186,35.577,False
17T000000028692W,LIT 225kV N0 1 RIVIERE (LA) - SANSSAC (L'EGLISE),RTE,RIVIERE (LA),SANSSAC (L'EGLISE),220.0,1037.7358490566037,1100.0,,,4.186,25.175,778.132,69.448,False
17T000000028693U,LIT 225kV N0 1 RIVIERE (LA)-TREVAS,RTE,RIVIERE (LA),TREVAS,220.0,738.6792452830189,783.0,,,2.465,11.382,73.966,27.117,False
17T0000000287256,LIT 225kV N0 1 ROGNAC-ROQUEROUSSE,RTE,ROGNAC,ROQUEROUSSE,220.0,1167.9245283018868,1238.0,,,1.492,10.006,69.744,24.566,False
17T0000000287264,LIT 225kV N0 1 ROGNAC-ST-CHAMAS,RTE,ROGNAC,ST-CHAMAS,220.0,1167.9245283018868,1238.0,,,0.848,5.624,40.928,14.043,False
17T000000028730D,LIT 400kV N0 1 ROM - VALDIVIENNE,RTE,ROM,VALDIVIENNE,380.0,3566.0377358490564,3780.0,,,0.969,12.737,211.484,48.872,False
17T000000028731B,LIT 225kV N0 1 ROMAINVILLE-VILLEVAUDE,RTE,ROMAINVILLE,VILLEVAUDE,220.0,787.7358490566037,835.0,,,1.394,7.184,369.73,20.202,False
17T0000000287329,LIT 225kV N0 2 ROMAINVILLE-VILLEVAUDE,RTE,ROMAINVILLE,VILLEVAUDE,220.0,787.7358490566037,835.0,,,1.252,6.998,347.224,19.154,False
17T000000028811D,LIT 225kV N0 1 ROQUEROUSSE-ST-ESTEVE,RTE,ROQUEROUSSE,ST-ESTEVE,220.0,1134.9056603773583,1203.0,,,1.439,9.427,65.78,23.308,False
17T000000028766T,LIT 400kV N0 1 ROUGEMONTIER - TILLEUL,RTE,ROUGEMONTIER,TILLEUL,380.0,2264.1509433962265,2400.0,,,1.192,12.086,149.636,41.165,False
17T000000028767R,LIT 400kV N0 1 ROUGEMONTIER - TOURBE,RTE,ROUGEMONTIER,TOURBE,380.0,3566.0377358490564,3780.0,,,1.749,25.373,316.444,83.23,False
17T000000028769N,LIT 400kV N0 2 ROUGEMONTIER - TOURBE,RTE,ROUGEMONTIER,TOURBE,380.0,3566.0377358490564,3780.0,,,1.735,25.184,314.154,83.032,False
17T000000028768P,LIT 400kV N0 2 ROUGEMONTIER-TILLEUL,RTE,ROUGEMONTIER,TILLEUL,380.0,2264.1509433962265,2400.0,,,1.192,12.086,149.636,41.201,False
17T000000028765V,LIT 225kV N0 1 ROUGEMONTIER-YAINVILLE,RTE,ROUGEMONTIER,YAINVILLE,220.0,1014.1509433962264,1075.0,,,1.618,10.872,76.628,26.893,False
17T000000028778M,LIT 225kV N0 1 ROUSSON-SEREIN,RTE,ROUSSON,SEREIN,220.0,641.5094339622641,680.0,,,3.821,17.297,119.928,42.58,False
17T0000000288139,LIT 225kV N0 1 RUEYRES-SAVIGNAC,RTE,RUEYRES,SAVIGNAC,220.0,639.622641509434,678.0,,,5.109,19.887,125.394,45.79,False
17T000000028858O,LIT 225KV N0 1 SACLAY (PLATEAU) - VILLERAS,RTE,SACLAY (PLATEAU),VILLERAS,220.0,566.0377358490566,600.0,,,0.171,0.865,322.234,5.103,False
17T000000028882R,LIT 225kV N0 1 SAINNEVILLE-YAINVILLE,RTE,SAINNEVILLE,YAINVILLE,220.0,906.6037735849056,961.0,,,4.38,19.966,143.35,49.27,False
17T000000028895I,LIT 225kV N0 1 SANILHAC-TUILIERES,RTE,SANILHAC,TUILIERES,220.0,643.3962264150944,682.0,,,4.218,19.176,131.02,46.667,False
17T000000028936U,LIT 400kV N0 1 SAUSSET - VILLEVAUDE,RTE,SAUSSET,VILLEVAUDE,380.0,2264.1509433962265,2400.0,,,0.354,3.946,38.684,11.483,False
17T000000028935W,LIT 225kV N0 1 SAUSSET-VILLEVAUDE,RTE,SAUSSET,VILLEVAUDE,220.0,844.3396226415094,895.0,,,0.985,4.45,31.062,11.001,False
,LIT 225kV N0 1 SAUVETERRE-DE-GUYENNE - PIQUAGE A FONCROSE,RTE,SAUVETERRE-DE-GUYENNE,PIQUAGE A FONCROSE,220.0,80.18867924528301,85.0,,,0.041,0.125,36.084,0.7,False
17T0000000290032,LIT 400kV N0 1 SEREIN - VIELMOULIN,RTE,SEREIN,VIELMOULIN,380.0,2379.2452830188677,2522.0,,,2.952,33.112,317.63,95.23,False
17T000000029005Z,LIT 400kV N0 1 SEREIN - VILLECHETIVE,RTE,SEREIN,VILLECHETIVE,380.0,2379.2452830188677,2522.0,,,1.119,12.273,125.084,36.396,False
17T0000000290024,LIT 225kV N0 1 SEREIN-TONNERRE,RTE,SEREIN,TONNERRE,220.0,1228.3018867924527,1302.0,,,1.393,9.486,65.592,23.15,False
17T0000000288511,LIT 225kV N0 1 SERRE-PONCON-SISTERON,RTE,SERRE-PONCON,SISTERON,220.0,931.132075471698,987.0,,,3.508,16.913,119.666,42.224,False
17T000000029007V,LIT 225kV N0 1 SERRIERES-ST-VULBAS-EST,RTE,SERRIERES,ST-VULBAS-EST,220.0,465.0943396226415,493.0,,,6.685,21.696,133.782,50.471,False
17T-FR-00000069J,LIT 400kV N0 1 SEUIL - VESLE,RTE,SEUIL,VESLE,380.0,3962.264150943396,4200.0,,,0.491,8.348,145.658,33.0,False
17T000000029043R,LIT 225kV N0 1 SOLEIL (LE)-VOLVON,RTE,SOLEIL (LE),VOLVON,220.0,1216.9811320754716,1290.0,,,0.897,5.987,43.11,14.948,False
17T000000029044P,LIT 225kV N0 2 SOLEIL (LE)-VOLVON,RTE,SOLEIL (LE),VOLVON,220.0,1109.433962264151,1176.0,,,0.891,5.957,42.864,14.858,False
17T0000000291004,LIT 225kV N0 1 ST-AUBAN-STE-TULLE,RTE,ST-AUBAN,STE-TULLE,220.0,1196.2264150943395,1268.0,,,5.042,18.112,112.99,42.091,False
17T0000000290966,LIT 225kV N0 1 ST-AUBIN-VERSAILLES,RTE,ST-AUBIN,VERSAILLES,220.0,779.2452830188679,826.0,,,0.412,1.313,634.936,10.815,False
17T000000029130W,LIT 400kV N0 1 ST-AVOLD - VIGY,RTE,ST-AVOLD,VIGY,380.0,1367.9245283018868,1450.0,,,0.677,8.928,164.452,0.28,False
17T000000029129H,LIT 225kV N0 1 ST-AVOLD-VIGY,RTE,ST-AVOLD,VIGY,220.0,1546.2264150943395,1639.0,,,0.723,9.937,148.83,32.825,False
17T000000029164F,LIT 225kV N0 1 ST CESAIRE - ST CHRISTOL,RTE,ST-CESAIRE,ST-CHRISTOL,220.0,683.0188679245283,724.0,,,3.42,11.744,72.012,27.156,False
17T0000000291792,LIT 225kV N0 1 ST-ELOI - VIGNOL,RTE,ST-ELOI,VIGNOL,220.0,779.2452830188679,826.0,,,5.403,26.383,177.894,63.891,False
17T000000029181F,LIT 225kV N0 1 ST-ESTEVE-SAINTE-TULLE 1,RTE,ST-ESTEVE,STE-TULLE,220.0,777.3584905660377,824.0,,,1.993,13.509,100.14,34.371,False
17T000000029219G,LIT 225kV N0 1 ST-JULIEN-VIGY,RTE,ST-JULIEN,VIGY,220.0,1228.3018867924527,1302.0,,,0.433,2.901,20.774,7.202,False
17T0000000292578,LIT 225kV N0 1 ST-ORENS-VERFEIL,RTE,ST-ORENS,VERFEIL,220.0,1216.0377358490566,1289.0,,,1.057,7.079,50.728,17.61,False
17T0000000293396,LIT 400kV N0 1 TAMAREAU - TAVEL,RTE,TAMAREAU,TAVEL,380.0,4245.2830188679245,4500.0,,,1.995,28.294,336.126,91.0,False
17T000000029340L,LIT 400kV N0 2 TAMAREAU - TAVEL,RTE,TAMAREAU,TAVEL,380.0,4245.2830188679245,4500.0,,,2.009,28.503,338.61,91.0,False
17T000000029341J,LIT 400kV N0 1 TAUTE - TERRETTE,RTE,TAUTE,TERRETTE,380.0,3566.0377358490564,3780.0,,,0.28,3.682,61.136,13.998,False
17T000000029362B,LIT 400kV N0 2 TAUTE-TERRETTE,RTE,TAUTE,TERRETTE,380.0,3566.0377358490564,3780.0,,,0.28,3.682,61.136,13.998,False
17T0000000293671,LIT 400kV N0 1 TAVEL - TRICASTIN-POSTE (LE),RTE,TAVEL,TRICASTIN-POSTE (LE),380.0,2356.6037735849054,2498.0,,,1.294,12.506,155.668,41.959,False
17T000000029369Y,LIT 400kV N0 2 TAVEL - TRICASTIN-POSTE (LE),RTE,TAVEL,TRICASTIN-POSTE (LE),380.0,2356.6037735849054,2498.0,,,1.294,12.506,155.668,41.878,False
17T000000029370C,LIT 400kV N0 3 TAVEL - TRICASTIN-POSTE (LE),RTE,TAVEL,TRICASTIN-POSTE (LE),380.0,2449.056603773585,2596.0,,,1.686,15.385,204.148,51.028,False
17T000000029371A,LIT 400kV N0 4 TAVEL - TRICASTIN-POSTE (LE),RTE,TAVEL,TRICASTIN-POSTE (LE),380.0,3962.264150943396,4200.0,,,0.589,10.034,174.418,39.048,False
17T0000000293728,LIT 400kV N0 5 TAVEL - TRICASTIN-POSTE (LE),RTE,TAVEL,TRICASTIN-POSTE (LE),380.0,3962.264150943396,4200.0,,,0.589,10.025,174.256,39.045,False
17T0000000293655,LIT 225kV N0 1 TAVEL - VIRADEL,RTE,TAVEL,VIRADEL,220.0,1099.0566037735848,1165.0,,,2.891,18.245,173.838,46.486,False
17T0000000293663,LIT 225kV N0 2 TAVEL - VIRADEL,RTE,TAVEL,VIRADEL,220.0,1099.0566037735848,1165.0,,,2.908,18.35,197.424,46.832,False
17T000000029377Z,LIT 400kV N0 1 TERRETTE - TOURBE,RTE,TERRETTE,TOURBE,380.0,3566.0377358490564,3780.0,,,1.466,21.29,265.348,69.804,False
17T000000029378X,LIT 400kV N0 2 TERRETTE - TOURBE,RTE,TERRETTE,TOURBE,380.0,3566.0377358490564,3780.0,,,1.469,21.342,265.774,69.974,False
17T000000029522F,LIT 225kV N0 1 VAUPALIERE (LA)-YAINVILLE,RTE,VAUPALIERE (LA),YAINVILLE,220.0,799.0566037735848,847.0,,,1.433,6.577,59.196,16.018,False
17T000000029532C,LIT 400kV N0 1 VERGER - VILLERBON,RTE,VERGER,VILLERBON,380.0,2264.1509433962265,2400.0,,,0.805,8.172,100.984,26.844,False
17T000000029533A,LIT 400kV N0 2 VERGER - VILLERBON,RTE,VERGER,VILLERBON,380.0,2264.1509433962265,2400.0,,,0.806,8.182,101.058,26.822,False
17T000000029539Z,LIT 225kV N0 1 VERTEFEUILLE-WEPPES,RTE,VERTEFEUILLE,WEPPES,220.0,1370.754716981132,1453.0,,,0.758,5.074,36.432,12.642,False
17T-FR-00000046V,LIT 400kV N0 1 VILLARODIN - PIQUAGE A LA PRAZ-ST-ANDRE,RTE,VILLARODIN,PIQUAGE A LA PRAZ-ST-ANDRE,380.0,2561.320754716981,2715.0,,,0.356,5.038,32.49,11.475,False
17T000000029541B,LIT 225kV N0 1 VINCEY-VITTEL,RTE,VINCEY,VITTEL,220.0,981.132075471698,1040.0,,,2.119,14.104,101.88,35.257,False
17T-FR-00000036Y,LIT 400kV N0 1 WARANDE-WEPPES,RTE,WARANDE,WEPPES,380.0,3262.264150943396,3458.0,,,1.628,20.841,235.3,65.573,False
24T-V495-0000008,Bosaca - Varin,SEPS,Bosaca,Varin,380.0,0.0,0.0,,,2.305,28.255,396.323,100.4,False
24T-V496-000001Y,Bosaca - Krizovany,SEPS,Bosaca,Krizovany,380.0,0.0,0.0,,,1.381,15.912,265.04,60.3,False
24T-V483-000001Y,Bystricany - Krizovany,SEPS,Bystricany,Krizovany,380.0,0.0,0.0,,,1.776,22.272,324.08,80.0,False
24T-V275-000000D,Bystricany - P. Bystrica,SEPS,Bystricany,P. Bystrica,220.0,0.0,0.0,,,5.847,28.199,180.24,67.0,False
24T-V271-000000C,Bystricany - Sucany,SEPS,Bystricany,Sucany,220.0,0.0,0.0,,,5.048,19.747,218.948,61.8,False
24T-V484-000000R,Bystricany - Krizovany,SEPS,Bystricany,Krizovany,380.0,0.0,0.0,,,1.866,22.272,324.08,80.0,False
24T-V045-000000S,Cierny Vah - L. Mara,SEPS,Cierny Vah,L. Mara,380.0,0.0,0.0,,,1.04,10.845,145.858,37.3,False
24T-V429-0000005,Gabcikovo - P. Biskupice,SEPS,Gabcikovo,P. Biskupice,380.0,0.0,0.0,,,0.965,12.188,173.697,43.0,False
24T-V493-000000Q,H. Zdana - Sucany,SEPS,H. Zdana,Sucany,380.0,0.0,0.0,,,1.533,19.49,275.639,69.0,False
24T-V043-0000009,J. Bohunice - Bosaca,SEPS,J. Bohunice,Bosaca,380.0,0.0,0.0,,,0.94,11.506,165.716,41.0,False
24T-V044-0000000,J. Bohunice - Krizovany,SEPS,J. Bohunice,Krizovany,380.0,0.0,0.0,,,0.459,5.407,83.431,41.0,False
24T-V489-000000J,Kosice - Moldava,SEPS,Kosice,Moldava,380.0,0.0,0.0,,,0.265,3.327,48.407,11.9,False
24T-V488-000000S,Kosice - Lemesany,SEPS,Kosice,Lemesany,380.0,0.0,0.0,,,0.678,7.953,121.9,29.9,False
24T-V439-000000W,Krizovany - P. Biskupice,SEPS,Krizovany,P. Biskupice,380.0,0.0,0.0,,,1.255,13.907,172.151,45.8,False
24T-V283-000000L,Krizovany - Senica,SEPS,Krizovany,Senica,220.0,0.0,0.0,,,3.324,21.312,138.031,51.1,False
24T-V407-0000006,L. Mara - S. Nova Ves,SEPS,L. Mara,S. Nova Ves,380.0,0.0,0.0,,,2.536,25.758,327.994,85.7,False
24T-V406-000000F,L. Mara - Varin,SEPS,L. Mara,Varin,380.0,,0.0,,,1.668,18.467,251.284,63.6,False
24T-V461-0000000,L. Mara - Medzibrod,SEPS,L. Mara,Medzibrod,380.0,0.0,0.0,,,1.222,15.129,211.348,53.2,False
24T-V273-000000V,Lemesany - Sucany,SEPS,Lemesany,Sucany,220.0,0.0,0.0,,,15.389,78.86,465.282,181.2,False
24T-V071-000000Y,Lemesany - Vojany,SEPS,Lemesany,Vojany,220.0,0.0,0.0,,,4.984,32.974,221.49,83.0,False
24T-V487-0000000,Lemesany - Moldava,SEPS,Lemesany,Moldava,380.0,0.0,0.0,,,0.828,9.706,148.759,41.6,False
24T-V408-000000Y,Lemesany - S. Nova Ves,SEPS,Lemesany,S. Nova Ves,380.0,0.0,0.0,,,1.722,17.659,222.225,58.3,False
24T-V409-000000P,Lemesany - Vola,SEPS,Lemesany,Vola,380.0,0.0,0.0,,,2.308,24.226,290.504,77.8,False
24T-V426-000000W,Levice - R. Sobota,SEPS,Levice,R. Sobota,380.0,0.0,0.0,,,3.339,36.258,438.496,116.3,False
24T-V494-000000H,Medzibrod - Sucany,SEPS,Medzibrod,Sucany,380.0,0.0,0.0,,,1.408,17.585,245.837,62.0,False
24T-V427-000000N,Moldava - R. Sobota,SEPS,Moldava,R. Sobota,380.0,0.0,0.0,,,2.653,28.855,350.665,93.7,False
24T-V428-000000E,Moldava - V. Kapusany,SEPS,Moldava,V. Kapusany,380.0,0.0,0.0,,,2.583,27.946,339.12,90.3,False
24T-V498-000000I,P. Biskuipice - Stupava,SEPS,P. Biskupice,Stupava,380.0,0.0,0.0,,,1.041,12.016,191.419,45.2,False
24T-V279-000000E,Sala - Krizovany,SEPS,Sala,Krizovany,220.0,0.0,0.0,,,1.822,11.488,75.022,27.55,False
24T-V281-0000002,Siroka - Sucany,SEPS,Siroka,Sucany,220.0,0.0,0.0,,,2.442,14.996,105.562,37.2,False
24T-V282-000000U,Siroka - Sucany,SEPS,Siroka,Sucany,220.0,0.0,0.0,,,2.442,14.996,105.562,37.2,False
24T-V405-000000O,Sucany - Varin,SEPS,Sucany,Varin,380.0,0.0,0.0,,,0.525,5.486,68.864,18.8,False
24T-V492-000000Z,V. Dur - H. Zdana,SEPS,V. Dur,H. Zdana,380.0,0.0,0.0,,,1.393,17.526,253.198,62.9,False
24T-V046-000000J,V. Dur - Mochovce,SEPS,V. Dur,Mochovce,380.0,0.0,0.0,,,0.153,1.956,27.161,7.1,False
24T-V490-000000G,V. Dur - Levice,SEPS,V. Dur,Levice,380.0,0.0,0.0,,,0.411,4.463,55.615,14.7,False
24T-V047-000000A,V. Dur - Mochovce,SEPS,V. Dur,Mochovce,380.0,0.0,0.0,,,0.156,1.985,27.562,7.2,False
24T-V425-0000004,V. Dur - Krizovany,SEPS,V. Dur,Krizovany,380.0,0.0,0.0,,,1.809,19.632,239.032,64.1,False
24T-V491-0000007,V. Dur - Levice,SEPS,V. Dur,Levice,380.0,0.0,0.0,,,0.38,4.62,71.231,17.1,False
24T-V479-000000T,V. Dur - Gabcikovo,SEPS,V. Dur,Gabcikovo,380.0,0.0,0.0,,,2.053,25.744,374.598,92.47,False
24T-V048-0000001,Velky Dur - Mochovce,SEPS,Velky Dur,Mochovce,380.0,0.0,0.0,,,0.162,2.063,28.651,6.9,False
24T-V049-000000T,Velky Dur - Mochovce,SEPS,Velky Dur,Mochovce,380.0,0.0,0.0,,,0.162,2.042,28.066,7.1,False
24T-V410-000000M,Vola - V. Kapusany,SEPS,Vola,V. Kapusany,380.0,0.0,0.0,,,1.42,15.25,191.911,50.2,False
30TAIUL220GILC-O,Alba Iulia - Galceag,TEL,Alba Iulia,Galceag,220.0,0.0,0.0,,,4.1,24.4,157.001,58.0,False
30TAIUL220MINT-3,Alba Iulia - Mintia,TEL,Alba Iulia,Mintia,220.0,0.0,978.0,,,6.4,35.8,229.999,84.0,False
30TAIUL220SUGA-T,Alba Iulia - Sugag,TEL,Alba Iulia,Sugag,220.0,0.0,0.0,,,3.34,19.74,126.999,47.0,False
30TARAD400NADB-P,Arad - Nadab,TEL,Arad,Nadab,380.0,0.0,0.0,,,1.086,9.76,131.0,33.6,False
30TARAD220CARA-3,Arad - Calea Aradului,TEL,Arad,Calea Aradului,220.0,0.0,960.0,,,3.384,20.0,128.601,48.0,False
30TARAD220TIMI-5,Arad - Timisoara,TEL,Arad,Timisoara,220.0,0.0,960.0,,,3.8,22.6,145.0,54.0,False
30TAREF220RIUR-5,Arefu - Raureni,TEL,Arefu,Raureni,220.0,0.0,960.0,,,3.3,19.8,126.999,81.0,False
30TBACS400GUTI-C,Bacau Sud - Gutinas,TEL,Bacau Sud,Gutinas,380.0,0.0,1920.0,,,2.0,18.52,184.0,55.0,False
30TBACS400ROMN-Q,Bacau Sud - Roman Nord,TEL,Bacau Sud,Roman Nord,380.0,0.0,1920.0,,,2.06,19.44,193.001,58.0,False
30TBAMA220IERN-Y,Baia Mare 3 - Iernut,TEL,Baia Mare 3,Iernut,220.0,0.0,1062.0,,,10.8,63.8,410.0,152.0,False
30TBAMA220ROSI1B,Baia Mare 3 - Rosiori c1,TEL,Baia Mare 3,Rosiori,220.0,0.0,960.0,,,2.35,13.91,89.419,33.0,False
30TBAMA220ROSI29,Baia Mare 3 - Rosiori c2,TEL,Baia Mare 3,Rosiori,220.0,0.0,960.0,,,2.35,13.91,89.419,33.0,False
30TBAMA220TIHA-R,Baia Mare 3 - Tihau,TEL,Baia Mare 3,Tihau,220.0,0.0,960.0,,,4.1,24.2,155.0,57.0,False
30TBARB220FILE-I,Barbosi - Filesti,TEL,Barbosi,Filesti,220.0,0.0,978.0,,,0.5,2.8,18.001,7.0,False
30TBARU220HASD-G,Baru Mare - Hasdat,TEL,Baru Mare,Hasdat,220.0,0.0,1062.0,,,2.94,17.42,112.001,44.0,False
30TBRAD400BRAS-Y,Bradu - Brasov,TEL,Bradu,Brasov,380.0,0.0,1920.0,,,5.4,50.6,500.0,151.0,False
30TBRAD400TINT-R,Bradu - Tantareni,TEL,Bradu,Tantareni,380.0,0.0,1920.0,,,7.0,66.5,661.001,199.0,False
30TAREF220BRAD-U,Bradu - Arefu,TEL,Bradu,Arefu,220.0,0.0,960.0,,,5.3,31.2,200.0,74.0,False
30TBRAD220PITS-W,Bradu - Pitesti Sud,TEL,Bradu,Pitesti Sud,220.0,0.0,1062.0,,,0.45,2.7,16.999,6.0,False
30TBRAD220TIRG1B,Bradu - Targoviste A,TEL,Bradu,Targoviste A,220.0,0.0,1062.0,,,3.8,22.5,144.001,54.0,False
30TBRAD220TIRG29,Bradu - Targoviste B,TEL,Bradu,Targoviste B,220.0,0.0,1062.0,,,3.8,22.5,144.001,54.0,False
30TBRAS400DIRS-Y,Brasov - Darste,TEL,Brasov,Darste,380.0,0.0,1920.0,,,0.46,4.39,44.001,13.0,False
30TBRAS400SIBI-1,Brasov - Sibiu Sud,TEL,Brasov,Sibiu Sud,380.0,0.0,1920.0,,,4.5,42.3,420.999,126.0,False
30TBRAZ400DIRS-1,Brazi Vest - Darste,TEL,Brazi Vest,Darste,380.0,0.0,1920.0,,,4.05,38.24,380.001,114.0,False
30TBRAZ220FUND1P,Brazi Vest - Fundeni c1,TEL,Brazi Vest,Fundeni,220.0,0.0,1062.0,,,4.77,28.27,181.999,67.0,False
30TBRAZ220FUND2N,Brazi Vest - Fundeni c2,TEL,Brazi Vest,Fundeni,220.0,0.0,1062.0,,,4.77,28.27,181.999,67.0,False
30TBRAZ220TIRG1D,Brazi Vest - Targoviste A,TEL,Brazi Vest,Targoviste A,220.0,0.0,1062.0,,,3.6,21.2,136.0,50.0,False
30TBRAZ220TIRG2B,Brazi Vest - Targoviste B,TEL,Brazi Vest,Targoviste B,220.0,0.0,1062.0,,,3.6,21.2,136.0,50.0,False
30TBRAZ220TELE-U,Brazi Vest - Teleajen,TEL,Brazi Vest,Teleajen,220.0,0.0,0.0,,,1.3,12.4,123.0,32.8,False
30TBUCU400DOMN-Z,Bucuresti Sud - Domnesti,TEL,Bucuresti Sud,Domnesti,380.0,0.0,1920.0,,,1.21,11.4,113.399,44.0,False
30TBUCU400GIAL-R,Bucuresti Sud - Gura Ialomitei,TEL,Bucuresti Sud,Gura Ialomitei,380.0,0.0,1920.0,,,4.99,47.1,468.201,140.0,False
30TBUCU400PELI-W,Bucuresti Sud - Pelicanu,TEL,Bucuresti Sud,Pelicanu,380.0,0.0,1920.0,,,3.83,36.25,446.301,119.0,False
30TBUCU220GHMO-E,Bucuresti Sud - Ghizdaru d. Mostistea,TEL,Bucuresti Sud,d. Mostistea,220.0,0.0,0.0,,,0.35,2.05,13.0,4.8,False
30TBUCU220FUND1H,Bucuresti Sud - Fundeni c1,TEL,Bucuresti Sud,Fundeni,220.0,0.0,1062.0,,,1.8,10.5,67.579,25.0,False
30TBUCU220FUND2F,Bucuresti Sud - Fundeni c2,TEL,Bucuresti Sud,Fundeni,220.0,0.0,1062.0,,,1.8,10.5,67.579,25.0,False
30TBUCU220GHIZ-Y,Bucuresti Sud - Ghizdaru,TEL,Bucuresti Sud,Ghizdaru,220.0,0.0,960.0,,,5.14,30.4,196.001,72.0,False
30TCARA220SACA-P,Calea Aradului - Sacalaz,TEL,Calea Aradului,Sacalaz,220.0,0.0,960.0,,,0.553,3.269,21.022,47.63,False
30TCTRZ220IERN-6,Campia Turzii - Iernut,TEL,Campia Turzii,Iernut,220.0,0.0,978.0,,,4.8,26.9,173.001,51.0,False
30TCERN400CONS-W,Cernavoda - Constanta Nord,TEL,Cernavoda,Constanta Nord,380.0,0.0,1920.0,,,2.38,22.38,251.899,73.0,False
30TCERN400GIAL1X,Cernavoda - Gura Ialomitei c1,TEL,Cernavoda,Gura Ialomitei,380.0,0.0,1920.0,,,2.26,20.8,246.1,60.0,False
30TCERN400GIAL2V,Cernavoda - Gura Ialomitei c2,TEL,Cernavoda,Gura Ialomitei,380.0,0.0,1920.0,,,2.14,20.06,227.301,67.0,False
30TCERN400PELI-5,Cernavoda - Pelicanu,TEL,Cernavoda,Pelicanu,380.0,0.0,1920.0,,,3.23,30.2,344.9,95.0,False
30TCERN400GIAL3T,Cernavoda - Gura Ialomitei c3,TEL,Cernavoda,Gura Ialomitei,380.0,0.0,0.0,,,1.4948,15.232,224.4539,55.1,False
30TCERN400GIAL4R,Cernavoda - Gura Ialomitei c4,TEL,Cernavoda,Gura Ialomitei,380.0,0.0,0.0,,,2.1923,20.49,238.8449,67.5,False
30TCALF220CETA-C,Cetate - Calafat,TEL,Cetate,Calafat,220.0,0.0,0.0,,,2.5,14.78,95.13,36.0,False
30TCETA220PDFE14,Cetate - Portile de Fier c1,TEL,Cetate,Portile de Fier,220.0,0.0,1062.0,,,6.56,38.84,250.0,92.0,False
30TCETA220PDFE22,Cetate - Portile de Fier c2,TEL,Cetate,Portile de Fier,220.0,0.0,1062.0,,,6.56,38.84,249.999,92.0,False
30TAIUL220CJFL-3,Cluj Floresti - Alba Iulia,TEL,Cluj Floresti,Alba Iulia,220.0,0.0,978.0,,,7.2,40.4,260.001,96.0,False
30TCJFL220CTRZ-R,Cluj Floresti - Campia Turzii,TEL,Cluj Floresti,Campia Turzii,220.0,0.0,1062.0,,,1.98,11.76,142.999,41.0,False
30TCJFL220MARI-2,Cluj Floresti - Mariselu,TEL,Cluj Floresti,Mariselu,220.0,0.0,960.0,,,1.8,10.7,68.999,25.0,False
30TCRAI220ISAL1H,Craiova Nord - Isalnita c1,TEL,Craiova Nord,Isalnita,220.0,0.0,0.0,,,0.57,3.709,15.0,10.0,False
30TCRAI220ISAL2F,Craiova Nord - Isalnita c2,TEL,Craiova Nord,Isalnita,220.0,0.0,1062.0,,,0.68,3.84,26.0,10.0,False
30TCRAI220SARD-7,Craiova Nord - Sardanesti,TEL,Craiova Nord,Sardanesti,220.0,0.0,978.0,,,5.4,29.35,187.999,68.6,False
30TCRAI220SLAT-9,Craiova Nord - Slatina,TEL,Craiova Nord,Slatina,220.0,0.0,1920.0,,,2.0,10.32,265.999,49.0,False
30TBRAZ400DOMN-6,Domnesti - Brazi Vest,TEL,Domnesti,Brazi Vest,380.0,0.0,1920.0,,,2.27,21.46,213.0,64.0,False
30TDOMN400UREC-Q,Domnesti - Urechesti,TEL,Domnesti,Urechesti,380.0,0.0,1920.0,,,9.35,88.25,877.199,263.0,False
30TGUTI220IASI-A,FAI - Gutinas,TEL,FAI,Gutinas,220.0,0.0,1062.0,,,13.5,79.8,513.0,190.0,False
30TIASI220MUNV-I,FAI - Munteni,TEL,FAI,Munteni,220.0,0.0,960.0,,,5.28,31.2,200.0,74.0,False
30TIASI220SUCE-3,FAI - Suceava,TEL,FAI,Suceava,220.0,0.0,0.0,,,8.23,48.75,313.0,116.0,False
30TFINT220GHEO-R,Fantanele - Gheorgheni,TEL,Fantanele,Gheorgheni,220.0,0.0,978.0,,,6.2,32.7,210.0,78.0,False
30TFILE220LACS-F,Filesti - Lacu Sarat,TEL,Filesti,Lacu Sarat,220.0,0.0,978.0,,,2.1,12.2,77.999,29.0,False
30TBARB220FCSV-6,Focsani Vest - Barbosi,TEL,Focsani Vest,Barbosi,220.0,0.0,978.0,,,5.81,30.49,204.91,90.0,False
30TCLES400GADA-X,Gadalin - Cluj Est,TEL,Gadalin,Cluj Est,380.0,0.0,0.0,,,0.69,6.5,65.0,19.0,False
30TGHEO220STEJ-L,Gheorgheni - Stejaru,TEL,Gheorgheni,Stejaru,220.0,0.0,960.0,,,5.3,27.9,180.001,59.5,False
30TGHIZ220TMAG-W,Ghizdaru - Turnu Magurele,TEL,Ghizdaru,Turnu Magurele,220.0,0.0,1062.0,,,5.83,34.54,222.001,82.0,False
30TGRAD220ISAL-J,Gradiste - Isalnita,TEL,Gradiste,Isalnita,220.0,0.0,1062.0,,,2.564,15.167,290.99,60.0,False
30TGIAL400LACS-E,Gura Ialomitei - Lacu Sarat,TEL,Gura Ialomitei,Lacu Sarat,380.0,0.0,1920.0,,,2.38,23.7,232.999,71.0,False
30TBRAS400GUTI-F,Gutinas - Brasov,TEL,Gutinas,Brasov,380.0,0.0,1920.0,,,4.4,41.3,410.0,123.0,False
30TGUTI400SMIR-C,Gutinas - Smardan,TEL,Gutinas,Smardan,380.0,0.0,1920.0,,,4.77,45.04,448.001,134.0,False
30TDUMB220GUTI-U,Gutinas - Dumbrava,TEL,Gutinas,Dumbrava,220.0,0.0,1062.0,,,6.43,38.1,245.0,81.0,False
30TFCSV220GUTI-S,Gutinas - Focsani Vest,TEL,Gutinas,Focsani Vest,220.0,0.0,978.0,,,5.552,29.15,196.14,86.0,False
30TGUTI220MUNV-F,Gutinas - Munteni,TEL,Gutinas,Munteni,220.0,0.0,960.0,,,8.3,49.1,316.0,116.0,False
30THASD220MINT1W,Hasdat - Mintia,TEL,Hasdat,Mintia,220.0,0.0,978.0,,,1.83,10.82,70.001,26.0,False
30THASD220HDOT-D,Hasdat - Otelarie H,TEL,Hasdat,Otelarie H,220.0,0.0,978.0,,,0.53,3.12,19.999,7.0,False
30THASD220PEST-I,Hasdat - Pestis,TEL,Hasdat,Pestis,220.0,0.0,978.0,,,1.3,7.0,45.0,16.0,False
30TIAZU220RESI1Y,Iaz - Resita c1,TEL,Iaz,Resita,220.0,0.0,0.0,,,2.18,12.91,80.001,31.0,False
30TIAZU220RESI2W,Iaz - Resita c2,TEL,Iaz,Resita,220.0,0.0,0.0,,,2.18,12.91,80.001,31.0,False
30TGADA400IERN-T,Iernut - Gadalin,TEL,Iernut,Gadalin,380.0,0.0,1920.0,,,1.8,16.95,168.0,51.0,False
30TIERN400SIBI-3,Iernut - Sibiu Sud,TEL,Iernut,Sibiu Sud,380.0,0.0,1920.0,,,2.98,28.14,280.001,84.0,False
30TIERN220UNGH1L,Iernut - Ungheni c1,TEL,Iernut,Ungheni,220.0,0.0,978.0,,,2.28,12.31,78.998,29.0,False
30TIERN220UNGH2J,Iernut - Ungheni c2,TEL,Iernut,Ungheni,220.0,0.0,0.0,,,1.13,10.0,97.0,29.0,False
30TISAC400LACS-W,Isaccea - Lacu Sarat,TEL,Isaccea,Lacu Sarat,380.0,0.0,1920.0,,,2.38,22.49,223.499,67.0,False
30TISAC400RAHM-V,Isaccea - Rahman,TEL,Isaccea,Rahman,380.0,0.0,1920.0,,,1.66,16.89,230.0,55.3,False
30TISAC400SMIR1G,Isaccea - Smardan c1,TEL,Isaccea,Smardan,380.0,0.0,1920.0,,,2.0,18.1,197.0,57.1,False
30TISAC400SMIR2E,Isaccea - Smardan c2,TEL,Isaccea,Smardan,380.0,0.0,1920.0,,,2.0,18.1,197.0,56.9,False
30TISAC400STPA-8,Isaccea - Stupina,TEL,Isaccea,Stupina,380.0,0.0,0.0,,,1.6,23.4,333.0,82.9,False
30TISAC400TULC-7,Isaccea - Tulcea Vest,TEL,Isaccea,Tulcea Vest,380.0,0.0,1920.0,,,1.0,9.57,94.999,29.0,False
30TLOTR220SIBI12,Lotru - Sibiu Sud c1,TEL,Lotru,Sibiu Sud,220.0,0.0,1062.0,,,6.25,36.96,236.999,85.0,False
30TLOTR220SIBI20,Lotru - Sibiu Sud c2,TEL,Lotru,Sibiu Sud,220.0,0.0,1062.0,,,6.25,36.96,236.999,85.0,False
30TCERN400MEDG-O,Medgidia Sud - Cernavoda,TEL,Medgidia Sud,Cernavoda,380.0,0.0,0.0,,,0.71,6.23,80.5,21.0,False
30TARAD400MINT-8,Mintia - Arad,TEL,Mintia,Arad,380.0,0.0,1920.0,,,4.89,46.1,458.201,138.0,False
30TMINT220PEST17,Mintia - Pestis c1,TEL,Mintia,Pestis,220.0,0.0,1062.0,,,1.33,7.84,49.998,19.0,False
30TMINT220PEST2,Mintia - Pestis c2,TEL,Mintia,Pestis,220.0,0.0,1062.0,,,1.33,7.84,49.998,19.0,False
30TMINT220TIMI-O,Mintia - Timisoara,TEL,Mintia,Timisoara,220.0,0.0,1062.0,,,9.2,54.7,352.0,130.0,False
30TORAD400NADAB7,Nadab - Oradea Sud,TEL,Nadab,Oradea Sud,380.0,0.0,1920.0,,,2.348,21.059,283.8999,33.6,False
30TORAD400ROSI-1,Oradea Sud - Rosiori,TEL,Oradea Sud,Rosiori,380.0,0.0,1920.0,,,4.71,44.24,442.0,133.0,False
30TBARU220PARO-D,Paroseni - Baru Mare,TEL,Paroseni,Baru Mare,220.0,0.0,978.0,,,1.6,8.5,55.0,20.0,False
30TPARO220TRGJ-Q,Paroseni - Targiu Jiu Nord,TEL,Paroseni,Targu Jiu Nord,220.0,0.0,978.0,,,3.0,15.83,102.001,38.0,False
30THDOT220PEST-E,Pestis - Otelarie H,TEL,Pestis,Otelarie H,220.0,0.0,978.0,,,0.83,4.73,30.429,11.0,False
30TPDFE400UREC-L,Portile de Fier - Urechesti,TEL,Portile de Fier,Urechesti,380.0,0.0,1920.0,,,3.03,28.4,281.999,85.0,False
30TPDFE220RESI1S,Portile de Fier - Resita c1,TEL,Portile de Fier,Resita,220.0,0.0,960.0,,,8.3,49.14,316.0,117.0,False
30TPDFE220RESI2Q,Portile de Fier - Resita c2,TEL,Portile de Fier,Resita,220.0,0.0,960.0,,,8.3,49.14,316.0,117.0,False
30TDROB220PDFE1S,Portile de Fier - Turnu Severin Est c1,TEL,Portile de Fier,Turnu Severin Est,220.0,0.0,960.0,,,0.92,5.45,35.0,13.0,False
30TDROB220PDFE2Q,Portile de Fier - Turnu Severin Est c2,TEL,Portile de Fier,Turnu Severin Est,220.0,0.0,1062.0,,,0.92,5.45,35.0,13.0,False
30TRIUR220STUP-M,Raureni - Stuparei,TEL,Raureni,Stuparei,220.0,0.0,960.0,,,0.9,5.1,32.999,12.0,False
30TRESI220TIMI1L,Resita - Timisoara c1,TEL,Resita,Timisoara,220.0,0.0,960.0,,,5.2,30.7,197.0,73.0,False
30TRESI220TIMI2J,Resita - Timisoara c2,TEL,Resita,Timisoara,220.0,0.0,960.0,,,5.2,30.7,197.0,73.0,False
30THASD220RETE-A,Retezat - Hasdat,TEL,Retezat,Hasdat,220.0,0.0,0.0,,,0.98,13.8,136.999,41.0,False
30TROMN400SUCE-S,Roman Nord - Suceava,TEL,Roman Nord,Suceava,380.0,0.0,1920.0,,,3.53,33.34,331.001,99.5,False
30TGADA400ROSI-A,Rosiori - Gadalin,TEL,Rosiori,Gadalin,380.0,0.0,1920.0,,,4.2,39.7,394.999,119.0,False
30TROSI220VETI--R,Rosiori - Vetis,TEL,Rosiori,Vetis,220.0,0.0,0.0,,,2.45,14.7,94.499,35.0,False
30TSACA220TIMI-K,Sacalaz - Timisoara,TEL,Sacalaz,Timisoara,220.0,0.0,960.0,,,1.7,10.3,65.999,25.0,False
30TSARD220UREC-9,Sardanesti - Urechesti,TEL,Sardanesti,Urechesti,220.0,0.0,978.0,,,5.14,28.34,181.999,65.9,False
30TMINT400SIBI-Z,Sibiu Sud - Mintia,TEL,Sibiu Sud,Mintia,380.0,0.0,1920.0,,,4.62,43.58,432.999,130.0,False
30TSIBI400TINT-1,Sibiu Sud - Tantareni,TEL,Sibiu Sud,Tantareni,380.0,0.0,1920.0,,,9.23,87.1,865.999,264.0,False
30TBUCU400SLAT-R,Slatina - Bucuresti Sud,TEL,Slatina,Bucuresti Sud,380.0,0.0,1920.0,,,6.14,58.0,575.998,172.0,False
30TDRGO400SLAT-G,Slatina - Draganesti Olt,TEL,Slatina,Draganesti Olt,380.0,0.0,0.0,,,1.11,11.45,114.498,34.0,False
30TPDFE400SLAT-S,Slatina - Portile de Fier,TEL,Slatina,Portile de Fier,380.0,0.0,1920.0,,,5.6,52.8,526.0,158.0,False
30TSLAT400TINTC,Slatina - Tantareni,TEL,Slatina,Tantareni,380.0,0.0,1920.0,,,2.98,28.14,280.001,84.0,False
30TGRAD220SLAT-7,Slatina - Gradiste,TEL,Slatina,Gradiste,220.0,0.0,1062.0,,,1.263,7.47,93.051,23.3,False
30TLACS400SMIR-F,Smardan - Lacu Sarat,TEL,Smardan,Lacu Sarat,380.0,0.0,1920.0,,,1.2,11.36,113.0,34.0,False
30TTLP220TELEAJC,Stalpu - Teleajen,TEL,Stalpu,Teleajen,220.0,0.0,0.0,,,1.9,17.9,177.999,53.0,False
30TDUMB220STEJ-K,Stejaru - Dumbrava,TEL,Stejaru,Dumbrava,220.0,0.0,1062.0,,,2.4,14.2,90.999,34.0,False
30TBRAD220STUP-1,Stuparei - Bradu,TEL,Stuparei,Bradu,220.0,0.0,1062.0,,,5.0,29.7,190.999,71.0,False
30TTINT400UREC-4,Tantareni - Urechesti,TEL,Tantareni,Urechesti,380.0,0.0,1920.0,,,2.5,23.3,232.0,70.0,False
30TCONS400TARV-Y,Tariverde - Constanta Nord,TEL,Tariverde,Constanta Nord,380.0,0.0,1920.0,,,1.6769,15.8627,176.399,49.5,False
30TCJFL220TIHA-L,Tihau - Cluj Floresti,TEL,Tihau,Cluj Floresti,220.0,0.0,960.0,,,4.7,28.0,180.001,67.0,False
30TSALJ220TIHA-N,Tihau - Salaj,TEL,Tihau,Salaj,220.0,0.0,960.0,,,1.92,11.34,73.001,27.0,False
30TTARV400TULC1W,Tulcea Vest - Tariverde,TEL,Tulcea Vest,Tariverde,380.0,0.0,0.0,,,2.3935,22.6628,288.537,74.8,False
30TCRAI220TMAG-0,Turnu Magurele - Craiova Nord,TEL,Turnu Magurele,Craiova Nord,220.0,0.0,1062.0,,,8.55,50.6,325.001,120.0,False
30TFINT220UNGH-0,Ungheni - Fantanele,TEL,Ungheni,Fantanele,220.0,0.0,978.0,,,2.0,11.3,73.001,26.0,False
30TTRGJ220UREC-1,Urechesti - Targu Jiu Nord,TEL,Urechesti,Targu Jiu Nord,220.0,0.0,978.0,,,1.35,7.57,48.999,18.0,False
11TD400000598-LE,Altbach - Muehlhausen ws,TRANSNETBW,Altbach,Muehlhausen,380.0,,,2544.0,3060.0,0.86,8.02,140.27,31.47,False
11TD400000597-LI,Altbach - Wendlingen bl,TRANSNETBW,Altbach,Wendlingen,380.0,2000.0,,,,0.13,2.04,31.89,7.5,False
11TD400000568-LT,Altlussheim - Daxlanden bl,TRANSNETBW,Altlussheim,Daxlanden,220.0,2267.0,,,,1.14,8.82,183.78,37.85,False
11TD400000580-LE,Altlussheim - GKM bl,TRANSNETBW,Altlussheim,GKMB,220.0,,,2505.0,3000.0,0.63,4.66,91.8,21.06,False
11TD400000559-LU,Beuren - Gurtweil ge,TRANSNETBW,Beuren,Gurtweil,220.0,2000.0,,,,2.32,18.52,385.03,77.4,False
11TD400000569-LP,Beuren - Stockach bl,TRANSNETBW,Beuren,Stockach,220.0,1980.0,,,,0.37,2.93,60.79,12.2,False
11TD400000581-LA,Birkenfeld - Daxlanden ge,TRANSNETBW,Birkenfeld,Daxlanden,220.0,,,1123.0,1283.0,0.97,6.83,141.21,29.3,False
11TD400000566-L0,Buehl - Weier gn,TRANSNETBW,Buehl,Weier,220.0,,,1261.0,1595.0,1.7,8.5,111.56,28.9,False
11TD400000600-LB,Buenzwangen - Laichingen gn,TRANSNETBW,Buenzwangen,Laichingen,380.0,,,2511.0,3000.0,1.09,12.41,192.17,48.1,False
11TD400000601-L7,Buenzwangen - Wendlingen ge,TRANSNETBW,Buenzwangen,Wendlingen,380.0,3150.0,,,,0.23,3.36,55.54,12.8,False
11TD400000538-L7,Buers - Obermooweiler bl,TRANSNETBW,Buers,Obermooweiler,380.0,,,2472.0,2660.0,2.24,20.4,345.42,78.5,False
11TD400000537-LB,Buers - Obermooweiler ws,TRANSNETBW,Buers,Obermooweiler,380.0,2400.0,,,,2.28,20.5,347.15,78.5,False
11TD400000588-LJ,Daxlanden - Eichstetten gn,TRANSNETBW,Daxlanden,Eichstetten,380.0,,,2352.0,2920.0,3.62,31.02,542.24,120.7,False
11TD400000577-LS,Daxlanden - Eichstetten rt,TRANSNETBW,Daxlanden,Eichstetten,380.0,,,2523.0,3000.0,3.62,30.41,547.27,120.7,False
11TD400000590-L9,Daxlanden - KarlsruheWest ge,TRANSNETBW,Daxlanden,KarlsruheWest,220.0,769.0,,,,0.08,0.7,11.37,3.5,False
11TD400000584-LZ,Daxlanden - KarlsruheWest rt,TRANSNETBW,Daxlanden,KarlsruheWest,220.0,769.0,,,,0.08,0.7,11.37,3.5,False
11T-D4-D7-00004Q,Daxlanden - Kuehmoos ge,TRANSNETBW,Daxlanden,Kuehmoos,380.0,2565.0,,,,6.06,51.62,898.5,204.2,False
11TD400000586-LR,Daxlanden - Oberwald rt,TRANSNETBW,Daxlanden,Oberwald,220.0,,,1535.0,1916.0,0.47,3.34,63.02,13.5,False
11TD400000562-LG,Daxlanden - Philippsburg ge,TRANSNETBW,Daxlanden,Philippsburg,380.0,3150.0,,,,0.59,8.71,138.23,32.6,False
11TD400000585-LV,Daxlanden - Philippsburg rt,TRANSNETBW,Daxlanden,Philippsburg,380.0,3150.0,,,,0.59,8.71,138.14,32.7,False
11TD400000552-LL,Daxlanden - RDK7 sw,TRANSNETBW,Daxlanden,RDK7,380.0,1200.0,,,,0.01,0.15,1.79,0.5,False
11TD400000547-L6,Daxlanden - RDK8 gn,TRANSNETBW,Daxlanden,RDK8,380.0,,,2720.0,3000.0,0.02,0.16,2.8,0.5,False
11TD400000526-LK,Dellmensingen - Laichingen ws,TRANSNETBW,Dellmensingen,Laichingen,380.0,,,2478.0,3000.0,0.62,6.65,101.03,23.3,False
11TD400000535-LJ,Dellmensingen - Obermooweiler gn,TRANSNETBW,Dellmensingen,Obermooweiler,380.0,,,2488.0,2880.0,2.29,19.22,341.33,76.1,False
11TD400000593-LY,Dellmensingen - Rotensohl bl,TRANSNETBW,Dellmensingen,Rotensohl,380.0,,,1800.0,2000.0,1.89,18.54,276.59,67.1,False
11TD400000571-LF,Eichstetten - Gurtweil ge,TRANSNETBW,Eichstetten,Gurtweil,220.0,,,1092.0,1200.0,4.65,22.72,256.86,72.3,False
11TD400000572-LB,Eichstetten - Gurtweil rt,TRANSNETBW,Eichstetten,Gurtweil,220.0,,,1092.0,1485.0,4.65,22.72,256.86,72.3,False
11TD400000573-L7,Eichstetten - Kuehmoos ws,TRANSNETBW,Eichstetten,Kuehmoos,380.0,,,2508.0,3000.0,2.5,21.01,377.93,83.4,False
11TD400000579-LK,Eichstetten - Weier ge,TRANSNETBW,Eichstetten,Weier,220.0,2500.0,,,,1.46,11.18,240.02,48.8,False
11TD400000578-LO,Eichstetten - Weier rt,TRANSNETBW,Eichstetten,Weier,220.0,,,1261.0,1595.0,2.88,14.35,187.77,48.8,False
11TD400000528-LC,Endersbach - Wendlingen bl,TRANSNETBW,Endersbach,Wendlingen,380.0,,,2509.0,3150.0,0.5,5.21,89.88,20.3,False
11T0-0000-0097-8,Engstlatt - Oberjettingen ws,TRANSNETBW,Engstlatt,Oberjettingen,380.0,,,2485.0,3150.0,0.85,8.96,144.73,33.8,False
11TD40000A548-L6,Engstlatt - Trossingen rt,TRANSNETBW,Engstlatt,Trossingen,380.0,,,2720.0,3120.0,0.76,9.9,159.78,37.3,False
11TD400000529-L8,GKN2 - Grossgartach sw,TRANSNETBW,GKN2,Grossgartach,380.0,,,2621.0,3000.0,0.47,4.35,75.81,16.9,False
11TD400000545-LE,Goldshoefe - Kupferzell gn,TRANSNETBW,Goldshoefe,Kupferzell,380.0,,,2656.0,3150.0,1.53,13.87,249.66,55.2,False
11TD400000544-LI,Goldshoefe - Rotensohl gn,TRANSNETBW,Goldshoefe,Rotensohl,380.0,2000.0,,,,0.52,5.44,86.55,20.4,False
11T0-0000-1507-D,Grossgartach - Großgartach C2 gn,TRANSNETBW,Grossgartach,Großgartach C2,380.0,5000.0,,,,0.05,0.5,1.57,0.01,False
11TD400000527-LG,Grossgartach - Heilbronn rt,TRANSNETBW,Grossgartach,Heilbronn,380.0,2000.0,,,,0.21,1.9,29.91,7.0,False
11TD400000551-LP,Grossgartach - Hueffenhardt bl,TRANSNETBW,Grossgartach,Hueffenhardt,380.0,,,2610.0,3150.0,0.52,4.8,81.34,18.5,False
11TD400000524-LS,Grossgartach - Kupferzell ws,TRANSNETBW,Grossgartach,Kupferzell,380.0,,,2099.0,2583.0,1.25,13.66,190.13,47.7,False
11TD40000A530-L6,Grossgartach - Pulverdingen rt,TRANSNETBW,Grossgartach  2,Pulverdingen,380.0,,,2507.0,3150.0,0.76,7.87,126.36,29.6,False
11TD400000525-LO,Grossgartach - Pulverdingen ws,TRANSNETBW,Grossgartach,Pulverdingen,380.0,,,2500.0,3150.0,0.76,7.86,126.26,29.6,False
11TD400000534-LN,Gruenkraut - Herbertingen rt,TRANSNETBW,Gruenkraut,Herbertingen,380.0,,,1722.0,1800.0,1.4,12.67,153.59,41.1,False
11TD40000A536-LJ,Gruenkraut - Obermooweiler bl,TRANSNETBW,Gruenkraut,Obermooweiler,380.0,1800.0,,,,0.47,4.67,82.64,18.2,False
11TD400000543-LM,Hoepfingen - Hueffenhardt ge,TRANSNETBW,Hoepfingen,Hueffenhardt,380.0,,,2630.0,3150.0,1.36,12.11,204.27,45.4,False
11TD40000A575-L3,Karlsruhe Ost - Oberwald rt,TRANSNETBW,Karlsruhe,Oberwald,220.0,720.0,,,,0.18,0.89,10.62,2.63,False
11TD400000565-L4,Kuehmoos - Schwoerstadt ge,TRANSNETBW,Kuehmoos,Schwoerstadt,220.0,,,1227.0,1500.0,0.57,2.96,34.93,9.6,False
11TD400000557-L1,Kuehmoos - Schwoerstadt gn,TRANSNETBW,Kuehmoos,Schwoerstadt,220.0,,,1227.0,1500.0,0.56,2.93,35.66,9.6,False
11TD400000605-LS,Kupferzell - Stalldorf rot,TRANSNETBW,Kupferzell,Stalldorf,380.0,,,3160.0,3600.0,0.99,11.39,217.81,46.78,False
11T0-0000-0099-2,Marbach - Pulverdingen gn,TRANSNETBW,Marbach,Pulverdingen,220.0,,,1274.0,1500.0,0.55,4.89,74.64,17.77,False
11TD400000602-L3,Metzingen - Wendlingen ge,TRANSNETBW,Metzingen,Wendlingen,380.0,2000.0,,,,0.4,6.06,96.95,22.7,False
11TD400000550-LT,Muehlhausen - Pulverdingen bl,TRANSNETBW,Muehlhausen,Pulverdingen,380.0,,,2480.0,3106.0,0.77,8.0,134.4,30.7,False
11TD400000563-LC,Neurott - Heidelberg Sued ge,TRANSNETBW,Heidelberg,Neurott,220.0,542.0,,,,0.18,0.9,11.69,3.0,False
11TD400000570-LJ,Neurott - Heidelberg Sued rt,TRANSNETBW,Heidelberg,Neurott,220.0,542.0,,,,0.18,0.9,11.69,3.0,False
11TD400000589-LF,Neurott - Philippsburg gn,TRANSNETBW,Neurott,Philippsburg,380.0,3000.0,,,,0.44,6.12,95.16,22.17,False
11TD400000582-L6,Neurott - Wiesloch bl,TRANSNETBW,Neurott,Wiesloch,220.0,625.0,,,,0.47,2.94,35.97,9.6,False
11TD400000519-LD,Oberjettingen - Pulverdingen ws,TRANSNETBW,Oberjettingen,Pulverdingen,380.0,,,2486.0,3120.0,1.17,12.1,194.97,45.6,False
11T0-0000-1642-7,Y-Bruchsal (- Philippsburg - Pulverdingen) ws,TRANSNETBW,Y-Bruchsal,Bruchsal/Kaendelweg,380.0,3600.0,,,,0.14,1.23,24.54,5.2,False
11TD400000521-24,Y-Bruchsal/Kaendelweg (-Philippsburg - Pulverdingen) rt,TRANSNETBW,Y-Bruchsal/Kaendelweg,Bruchsal/Kaendelweg,380.0,583.0,,,,0.14,1.24,24.69,5.2,False
11T0-0000-1478-O,Y-Buehl (-Daxlanden - Kuppenheim) rt,TRANSNETBW,Y-Buehl,Buehl,220.0,,,1308.0,1574.0,1.24,6.29,83.32,21.47,False
11T0-0000-1479-L,Y-Daxlanden (-Buehl - Kuppenheim) rt,TRANSNETBW,Y-Buehl,Daxlanden,220.0,,,1319.0,1584.0,1.16,5.71,77.47,19.8,False
11TD400000574-24,Y-Daxlanden (-Kuppenheim - Weier) ge,TRANSNETBW,Daxlanden,Y-Daxlanden,220.0,,,2524.0,2797.0,0.59,4.56,98.17,19.8,False
11T0-0000-1365-5,Y-Dellmensingen (-Goldshoefe - Niederstotzingen) ws,TRANSNETBW,Y-Dellmensingen,Dellmensingen,380.0,,,1800.0,2404.0,1.09,11.49,164.27,40.7,False
11T0-0000-0950-0,Y-Endersbach (-Grossgartach - Muehlhausen) gn,TRANSNETBW,Y-Endersbach,Endersbach,380.0,,,2720.0,3150.0,0.45,4.26,75.02,16.7,False
11TD400000587-1Q,Y-Engstlatt (-Kuehmoos - Villingen) gn,TRANSNETBW,Y-Engstlatt,Engstlatt,380.0,,,2887.0,3120.0,1.11,14.75,236.97,55.4,False
11TD400000520-1A,Y-Engstlatt (-Oberjettingen - Pulverdingen) rt,TRANSNETBW,Engstlatt,Y-Oberjettingen,380.0,,,2486.0,3120.0,0.86,9.02,145.58,34.0,False
11T0-0000-1638-U,Y-GKM (-Neurott - Weinheim) rt,TRANSNETBW,GKM,GKMB,220.0,2080.0,,,,0.48,3.93,77.28,15.93,False
11T0-0000-1366-2,Y-Goldshoefe (-Dellmensingen - Niederstotzingen) ws,TRANSNETBW,Y-Dellmensingen,Goldshoefe,380.0,,,2565.0,3150.0,1.2,12.38,199.62,46.7,False
11T0-0000-0951-Y,Y-Grossgartach (-Endersbach - Muelhausen) gn,TRANSNETBW,Y-Endersbach,Grossgartach,380.0,,,2720.0,3150.0,0.55,5.33,170.78,27.1,False
11T0-0000-1625-6,Y-Gurtweil (-Laufenburg - Stockach) ge-rt,TRANSNETBW,Y-Gurtweil,Gurtweil,220.0,,,1236.0,1547.0,0.01,0.05,0.02,0.01,False
11TD400000542-1T,Y-Hueffenhardt (-Neurott - Wiesloch) ge,TRANSNETBW,Y-Hueffenhardt,Hueffenhardt,380.0,,,2622.0,3150.0,0.9,8.08,144.8,31.8,False
11TD400000587-2O,Y-Kuehmoos (-Engstlatt - Villingen) gn,TRANSNETBW,Y-Engstlatt,Kuehmoos,380.0,,,2578.0,3000.0,1.54,17.75,321.35,68.0,False
11T0-0000-1480-7,Y-Kuppenheim (-Buehl - Daxlanden) rt,TRANSNETBW,Y-Buehl,Kuppenheim,220.0,855.0,,,,0.01,0.05,0.41,0.1,False
11TD400000574-16,Y-Kuppenheim (-Daxlanden - Weier) ge,TRANSNETBW,Y-Daxlanden,Kuppenheim,220.0,615.0,,,,0.01,0.05,0.41,0.1,False
11T0-0000-0952-V,Y-Muehlhausen (-Endersbach - Grossgartach) gn,TRANSNETBW,Y-Endersbach,Muehlhausen,380.0,,,2720.0,3150.0,0.24,2.43,38.42,8.9,False
11T0-0000-1639-R,Y-Neurott (-GKM - Weinheim) rt,TRANSNETBW,GKMB,Neurott,220.0,1290.0,,,,0.79,6.55,127.8,26.48,False
11TD400000542-2R,Y-Neurott (-Hueffenhardt - Wiesloch) ge,TRANSNETBW,Y-Hueffenhardt,Neurott,380.0,,,2622.0,3150.0,0.2,2.06,33.33,7.5,False
11T0-0000-1368-X,Y-Niederstotzingen (-Dellmensingen - Goldshoefe) ws,TRANSNETBW,Y-Dellmensingen,Niederstotzingen,380.0,556.0,,,,0.01,0.06,0.82,0.2,False
11TD400000520-28,Y-Oberjettingen (-Engstlatt - Pulverdingen) rt,TRANSNETBW,Y-Oberjettingen,Oberjettingen,380.0,3120.0,,,,0.05,0.1,1.57,0.02,False
11T0-0000-1643-4,Y-Philippsburg (-Bruchsal - Pulverdingen) ws,TRANSNETBW,Y-Bruchsal,Philippsburg,380.0,,,3006.0,3600.0,0.32,4.43,68.24,16.2,False
11TD400000521-16,Y-Philippsburg (-Bruchsal/Kaendelweg - Pulverdingen) rt,TRANSNETBW,Y-Bruchsal/Kaendelweg,Philippsburg,380.0,,,2976.0,3600.0,0.32,4.41,68.27,16.3,False
11T0-0000-1644-1,Y-Pulverdingen (-Bruchsal - Philippsburg) ws,TRANSNETBW,Y-Bruchsal,Pulverdingen,380.0,,,2976.0,3150.0,1.03,14.02,216.8,51.5,False
11TD40000A521-36,Y-Pulverdingen (-Bruchsal/Kaendelweg -Philippsburg) rt,TRANSNETBW,Y-Bruchsal/Kaendelweg,Pulverdingen,380.0,,,2976.0,3150.0,1.03,14.01,216.42,51.5,False
11TD400000520-36,Y-Pulverdingen (-Engstlatt - Oberjettingen) rt,TRANSNETBW,Y-Oberjettingen,Pulverdingen,380.0,,,2486.0,2880.0,1.17,12.1,194.59,45.6,False
11T0-0000-1626-3,Y-Stokach (-Gurtweil - Laufenburg) ge-rt,TRANSNETBW,Y-Gurtweil,Stockach,220.0,1500.0,,,,2.1,16.8,347.37,69.71,False
11TD400000587-3M,Y-Villingen (-Engstlatt - Kuehmoss) gn,TRANSNETBW,Y-Engstlatt,Villingen,380.0,478.0,,,,0.45,3.82,78.23,16.2,False
11TD40000A574-36,Y-Weier (-Daxlanden - Kuppenheim) ge,TRANSNETBW,Y-Daxlanden,Weier,220.0,,,2524.0,2797.0,1.4,10.75,230.69,46.71,False
11T0-0000-1640-D,Y-Weinheim (-GKM - Neurott) rt,TRANSNETBW,GKM,Weinheim,220.0,,,2505.0,2912.0,0.1,0.2,1.57,0.12,False
11TD400000542-3P,Y-Wiesloch (-Hueffenhardt - Neurott) ge,TRANSNETBW,Y-Hueffenhardt,Wiesloch,380.0,720.0,,,,0.06,0.56,9.86,2.2,False
19T1100000068086,PILA KRZEWINA-ZYDOWO KIERZKOWO,PSE,PILA KRZEWINA,ZYDOWO KIERZKOWO,220.0,606.6037735849056,705.0,643.0,705.0,7.53,49.12,306.18,115.3,False
19T110000006812F,KROMOLICE-OSTROW c.2,PSE,KROMOLICE,OSTROW,380.0,2122.6415094339623,2250.0,2250.0,2250.0,2.69,33.43,435.12,112.5,False
19T110000006813D,KRAJNIK-PLEWISKA c.2,PSE,KRAJNIK,PLEWISKA,380.0,2122.6415094339623,2250.0,2180.0,2250.0,4.56,61.36,825.64,209.9,False
19T110000006829Z,LUBLIN SYSTEMOWA-CHELM,PSE,LUBLIN SYSTEMOWA,CHELM,380.0,1886.7924528301885,2000.0,2000.0,2000.0,1.754,21.076,251.52,68.0,False
19T1100000068159,OSTROLEKA-STANISLAWOW,PSE,Ostroleka,Stanislawow,380.0,2122.6415094339623,2250.0,2250.0,2250.0,2.15,30.3,411.12,104.1,False
30T-STUP400MEDSA,Medgidia Sud - Stupina,TEL,Medgidia Sud,Stupina,380.0,0.0,0.0,,,0.968,14.243,148.686,51.091,False
22T20240228----9,MASSENHOVEN – MEERHOUT 380.22,ELIA,MASSENHOVEN,MEERHOUT,380.0,,2448.32,,,1.1954,10.468,114.3092,32.309,False
11T0-0000-1946-H,Alfstedt - Dollern gelb,TENNETGMBH,Alfstedt,Dollern,380.0,,,2216.0,3989.0,0.8446,9.541,125.6166,32.46,False
11T0-0000-1945-K,Alfstedt - Dollern rot,TENNETGMBH,Alfstedt,Dollern,380.0,,,2216.0,3989.0,0.8447,9.3822,122.6195,32.46,False
11T0-0000-1943-Q,Alfstedt - Elsfleth/W schwarz,TENNETGMBH,Elsfleth/W,Alfstedt,380.0,,,2216.0,3989.0,1.7578,19.899,261.7449,67.67,False
11T0-0000-1944-N,Alfstedt - Farge blau,TENNETGMBH,Farge,Alfstedt,380.0,,,2216.0,3989.0,1.5664,17.266,225.3873,58.49,False
11TD2L000000002N,Algermissen - Grohnde 2,TENNETGMBH,Grohnde,Algermissen,380.0,,,2720.0,3150.0,1.4836,13.616,204.3606,53.81,False
11T0-0000-1911-7,Algermissen - Mehrum/N 2,TENNETGMBH,Algermissen,Mehrum/N,380.0,,,2720.0,3150.0,0.37,3.5084,62.5554,13.95,False
11TD2L000000003L,Altheim - Sittling 219,TENNETGMBH,Altheim,Sittling,220.0,,,834.0,1501.2,4.07,18.26,129.1195,45.62,False
11TD2L000000004J,Altheim - Sittling 220,TENNETGMBH,Altheim,Sittling,220.0,,,834.0,1501.2,4.07,18.26,129.1195,45.58,False
11T0-0000-0044-0,Aschaffenburg - Bergrheinfeld/W 418,TENNETGMBH,Aschaffenburg,Bergrheinfeld/W,380.0,,,2616.0,3000.0,2.1407,22.444,352.0186,83.61,False
11TD2L000000006F,Aschaffenburg - Grosskrotzenburg 412,TENNETGMBH,Grosskrotzenburg,Aschaffenburg,380.0,,,2616.0,3000.0,0.7564,8.3809,121.3283,29.83,False
11TD2L0000000099,Audorf - Audorf/S T421,TENNETGMBH,Audorf,Audorf,220.0,1441.0,,,,0.0001,0.05,0.03142,0.35,False
11T0-0000-0017-3,Audorf - Audorf/S T422,TENNETGMBH,Audorf,Audorf/S,220.0,1441.0,,,,0.01,0.05,0.0,0.4,False
11TD2L000000014G,Audorf - Kiel/S gelb,TENNETGMBH,Kiel/S,Audorf,220.0,949.0,,,,2.1177,12.232,93.8865,31.58,False
11TD2L000000015E,Audorf - Kiel/W rot,TENNETGMBH,Kiel/W,Audorf,220.0,949.0,,,,1.6498,9.531,73.15199,24.61,False
11T0-0000-1517-9,Audorf/S - Handewitt blau,TENNETGMBH,Handewitt,Audorf/S,380.0,,,2216.0,3989.0,1.7369,19.863,256.2346,67.05,False
11T0-0000-1516-C,Audorf/S - Handewitt gruen,TENNETGMBH,Audorf/S,Handewitt,380.0,,,2216.0,3989.0,1.7369,19.863,256.2346,67.05,False
11T0-0000-0039-Q,Audorf/S - Kummerfeld schwarz,TENNETGMBH,Audorf/S,Kummerfeld,380.0,3600.0,,,,1.131,20.42,404.6371,85.43,False
11T0-0000-1475-X,Audorf/S - Schuby/W schwarz,TENNETGMBH,Schuby/W,Audorf/S,380.0,3349.0,,,,0.5524,9.879,196.9245,41.64,False
11T0-0000-1473-2,Audorf/S - Schuby/W weiss,TENNETGMBH,Schuby/W,Audorf/S,380.0,3349.0,,,,0.5524,9.879,196.9245,41.64,False
11TD2L0000000625,Bechterdissen - Eickum 1,TENNETGMBH,Bechterdissen,Eickum,380.0,,,2720.0,3150.0,0.4123,3.7494,66.56406,14.94,False
11T0-0000-1548-V,Bechterdissen - Eickum 3,TENNETGMBH,Bechterdissen,Eickum,380.0,,,2720.0,3150.0,0.4123,3.7494,66.56406,14.95,False
11TD2L000000017A,Bechterdissen - Elsen 1,TENNETGMBH,Elsen,Bechterdissen,380.0,,,2720.0,3150.0,0.8902,7.9797,144.4253,31.97,False
11TD2L000000335X,Bechterdissen - Elsen 2,TENNETGMBH,Elsen,Bechterdissen,380.0,,,2748.0,3150.0,0.8913,7.9777,144.3907,31.96,False
11TD2L0000003055,Bechterdissen - Lage A03,TENNETGMBH,Bechterdissen,Lage,220.0,,,1310.0,2000.0,0.6367,3.764,43.82522,12.03,False
11TD2L000000356P,Bechterdissen - Veltheim A01,TENNETGMBH,Bechterdissen,Veltheim,220.0,,,918.0,1310.0,1.9653,9.941,133.8004,34.22,False
11T0-0000-0029-U,Bergrheinfeld/W - Grafenrheinfeld 426,TENNETGMBH,Grafenrheinfeld,Bergrheinfeld/W,380.0,2880.0,,,,0.0681,0.7724,14.44504,3.13,False
11TD2L000000359J,Bergrheinfeld/W - Grafenrheinfeld 427,TENNETGMBH,Grafenrheinfeld,Bergrheinfeld/W,380.0,2880.0,,,,0.0681,0.7724,14.45133,3.16,False
11T0-0000-1675-N,Bergrheinfeld/W - Grafenrheinfeld 487,TENNETGMBH,Grafenrheinfeld,Bergrheinfeld/W,380.0,2880.0,,,,0.0688,0.7942,14.38849,3.19,False
11T0-0000-0045-Y,Bergrheinfeld/W - Grosskrotzenburg 417,TENNETGMBH,Grosskrotzenburg,Bergrheinfeld/W,380.0,,,2616.0,4000.0,2.8799,30.645,470.5257,112.77,False
11TD2L000000024D,Bergshausen - Borken 1,TENNETGMBH,Borken,Bergshausen,380.0,,,2616.0,3150.0,0.8773,7.554,132.6695,29.74,False
11TD2L000000262Y,Bergshausen - Borken 2,TENNETGMBH,Bergshausen,Borken,380.0,,,2616.0,3150.0,0.8892,7.3531,137.1085,29.74,False
11T0-0000-1833-Z,Bergshausen - Wuergassen 1,TENNETGMBH,Bergshausen,Wuergassen,380.0,,,2616.0,3150.0,1.6925,14.327,253.9695,56.64,False
11TD2L0000000285,Borken - Giessen/N 1,TENNETGMBH,Borken,Giessen/N,380.0,,,2612.0,3150.0,2.14,18.42,323.584,72.37,False
11TD2L0000000293,Borken - Giessen/N 2,TENNETGMBH,Borken,Giessen/N,380.0,,,2612.0,3150.0,2.14,18.42,323.584,72.34,False
11TD2L000000030I,Borken - Mecklar 1,TENNETGMBH,Borken,Mecklar,380.0,,,2616.0,4000.0,1.1063,10.215,185.9697,40.86,False
11TD2L000000031G,Borken - Mecklar 2,TENNETGMBH,Borken,Mecklar,380.0,,,2616.0,4000.0,1.1063,10.215,185.9697,40.86,False
11TD2L000000034A,Brokdorf - Itzehoe/W gruen,TENNETGMBH,Itzehoe/W,Brokdorf,220.0,915.0,,,,1.4948,8.2153,64.10419,21.87,False
11TD2L0000000374,Brunsbuettel - Buettel blau,TENNETGMBH,Buettel,Brunsbuettel,380.0,,,2216.0,3154.0,0.1152,1.5098,19.66637,5.33,False
11TD2L0000000382,Brunsbuettel - Buettel gruen,TENNETGMBH,Buettel,Brunsbuettel,380.0,,,2216.0,3154.0,0.1152,1.5098,19.66637,5.38,False
11TD2L0000000390,Brunsbuettel - Itzehoe/W rot,TENNETGMBH,Itzehoe/W,Brunsbuettel,220.0,1699.0,,,,0.4747,5.551,69.98526,18.25,False
11TD2L000000344W,Brunsbuettel - Suederdonn blau,TENNETGMBH,Suederdonn,Brunsbuettel,380.0,3349.0,,,,0.193,3.491,64.40266,14.1,False
11TD2L000000343Y,Brunsbuettel - Suederdonn gelb,TENNETGMBH,Suederdonn,Brunsbuettel,380.0,3349.0,,,,0.196,3.543,65.34513,14.19,False
11TD2L0000000439,Buettel - Wilster/W gelb,TENNETGMBH,Wilster/W,Buettel,380.0,,,2216.0,3154.0,0.234,2.9,39.89822,9.29,False
11TD2L0000000447,Buettel - Wilster/W rot,TENNETGMBH,Wilster/W,Buettel,380.0,,,2216.0,3154.0,0.234,2.9,39.89822,9.27,False
11TD2L0000000455,Conneforde - Cloppenburg/O gruen,TENNETGMBH,Cloppenburg/O,Conneforde,220.0,,,759.0,949.0,3.7529,21.53,204.1093,55.74,False
11TD2L0000000463,Conneforde - Cloppenburg/O rot,TENNETGMBH,Cloppenburg/O,Conneforde,220.0,,,759.0,949.0,3.7536,21.434,204.1407,55.75,False
11T0-0000-0079-A,Conneforde - Conneforde/O blau,TENNETGMBH,Conneforde,Conneforde/O,380.0,4000.0,,,,0.0013,0.05,0.51522,0.1,False
11T0-0000-0999-V,Conneforde - Conneforde/O rot,TENNETGMBH,Conneforde,Conneforde/O,380.0,4000.0,,,,0.0013,0.05,0.51522,0.1,False
11TD2L0000000471,Conneforde - Diele rot,TENNETGMBH,Conneforde,Diele,380.0,2994.0,,,,1.4727,16.643,219.5157,56.63,False
11TD2L000000049Y,Conneforde - Diele weiss,TENNETGMBH,Conneforde,Diele,380.0,,,2216.0,2400.0,1.4729,16.647,219.5879,56.65,False
11T0-0000-1677-H,Conneforde - Emden/O gelb,TENNETGMBH,Emden/O,Conneforde,380.0,2570.0,,,,0.7576,13.75,1042.249,65.03,False
11T0-0000-1614-D,Conneforde - Fedderwarden blau,TENNETGMBH,Conneforde,Fedderwarden,220.0,,,2216.0,3000.0,0.6907,8.2335,115.7646,28.88,False
11T0-0000-1613-G,Conneforde - Fedderwarden rot,TENNETGMBH,Conneforde,Fedderwarden,220.0,,,2216.0,3000.0,0.6906,8.2312,115.84,28.87,False
11T0-0000-1678-E,Conneforde/O - Emden/O blau,TENNETGMBH,Emden/O,Conneforde/O,380.0,2570.0,,,,0.7659,13.913,1060.822,65.59,False
11TD2L0000002342,Conneforde/O - Unterweser gelb,TENNETGMBH,Conneforde/O,Unterweser,380.0,,,2216.0,2400.0,0.8164,9.4039,122.2645,31.54,False
11TD2L0000000536,Diele - Doerpen/W gelb,TENNETGMBH,Diele,Doerpen/W,380.0,,,2216.0,3150.0,0.4823,5.42,70.69525,18.36,False
11TD2L000000102J,Dipperz - Grosskrotzenburg 1,TENNETGMBH,Dipperz,Grosskrotzenburg,380.0,,,2204.0,2400.0,2.4585,22.654,397.8827,89.14,False
11TD2L000000337T,Dipperz - Grosskrotzenburg 2,TENNETGMBH,Dipperz,Grosskrotzenburg,380.0,,,2204.0,3000.0,2.4585,22.654,397.8827,89.15,False
11T0-0000-1568-N,Dollern - Stade/W schwarz,TENNETGMBH,Stade/W,Dollern,380.0,,,2216.0,3150.0,0.1896,3.5079,67.49084,13.73,False
11T0-0000-1567-Q,Dollern - Stade/W weiss,TENNETGMBH,Stade/W,Dollern,380.0,,,2216.0,3115.0,0.1896,3.5079,67.49084,13.74,False
11TD2L0000002326,Elsen - Twistetal 1,TENNETGMBH,Elsen,Twistetal,380.0,,,2720.0,3150.0,1.4948,13.704,242.7101,54.22,False
11TD2L0000002318,Elsen - Twistetal 2,TENNETGMBH,Elsen,Twistetal,380.0,,,2720.0,3150.0,1.4949,13.704,242.7006,54.21,False
11T0-0000-1005-7,Elsfleth/W - Farge gruen,TENNETGMBH,Elsfleth/W,Farge,380.0,,,2216.0,3154.0,0.2253,2.6731,37.20903,9.5,False
11T0-0000-0982-J,Elsfleth/W - Ganderkesee rot,TENNETGMBH,Elsfleth/W,Ganderkesee,380.0,,,2216.0,3989.0,0.7587,8.809,111.2124,29.39,False
11T0-0000-1003-D,Elsfleth/W - Niedervieland gruen,TENNETGMBH,Elsfleth/W,Niedervieland,380.0,,,2216.0,3150.0,0.7634,8.962,119.2077,30.64,False
11T0-0000-0981-M,Elsfleth/W - Unterweser rot,TENNETGMBH,Unterweser,Elsfleth/W,380.0,2216.0,,,,0.7059,7.9788,104.593,27.13,False
11TD2L0000000641,Eltmann - Grafenrheinfeld 422,TENNETGMBH,Grafenrheinfeld,Eltmann,380.0,,,3216.0,4000.0,0.78,8.83,161.1637,35.45,False
11TD2L000000088O,Eltmann - Redwitz 428,TENNETGMBH,Eltmann,Redwitz,380.0,,,3216.0,3282.0,1.2561,14.359,257.4975,58.27,False
11T0-0000-1830-7,Emden/Borssum - Emden/O schwarz,TENNETGMBH,Emden/Borssum,Emden/O,220.0,1250.0,,,,0.0722,0.4119,3.16044,1.07,False
11T0-0000-1831-4,Emden/Borssum - Emden/O weiss,TENNETGMBH,Emden/Borssum,Emden/O,220.0,1250.0,,,,0.0722,0.4119,3.16044,1.07,False
11T0-0000-2106-U,Erzhausen - Godenau 3,TENNETGMBH,Godenau,Erzhausen,220.0,713.0,,,,1.584,7.6635,51.11371,18.52,False
11T0-0000-0103-E,Etzenricht - Mechlenreuth 437,TENNETGMBH,Etzenricht,Mechlenreuth,380.0,,,2204.0,3282.0,2.321,26.271,338.2459,88.25,False
11TD2L000000176R,Etzenricht - Schwandorf 248,TENNETGMBH,Etzenricht,Schwandorf,220.0,,,1102.0,1845.0,2.2595,17.208,121.8058,44.18,False
11TD2L0000000706,Etzenricht - Schwandorf 457,TENNETGMBH,Schwandorf,Etzenricht,380.0,,,2204.0,3115.0,1.18,12.832,164.3053,42.95,False
11T0-0000-1488-K,Fedderwarden - Conneforde gelb,TENNETGMBH,Conneforde,Fedderwarden,380.0,2570.0,,,,0.3648,6.5314,898.772,34.94,False
11T0-0000-1489-H,Fedderwarden - Conneforde gruen,TENNETGMBH,Conneforde,Fedderwarden,380.0,2570.0,,,,0.3638,6.5351,872.9606,34.94,False
11T0-0000-1616-7,Fedderwarden - Maade schwarz,TENNETGMBH,Fedderwarden,Maade,220.0,,,2216.0,2500.0,0.1303,1.4926,20.52402,5.17,False
11T0-0000-1615-A,Fedderwarden - Maade weiss,TENNETGMBH,Fedderwarden,Maade,220.0,,,2216.0,2500.0,0.1304,1.4952,20.45491,5.17,False
11TD2L0000000730,Frankfurt/SW - Karben 3,TENNETGMBH,Karben,Frankfurt/SW,380.0,2204.0,,,,0.7744,6.8514,120.323,26.85,False
11TD2L000000074Z,Ganderkesee - Niedervieland schwarz,TENNETGMBH,Niedervieland,Ganderkesee,380.0,,,2216.0,3150.0,0.3592,4.1417,61.17624,15.07,False
11TD2L000000075X,Giessen/N - Asslar 4,TENNETGMBH,Giessen/N,Asslar,380.0,,,2612.0,3150.0,0.4027,3.4671,60.88407,1.14,False
11TD2L000000076V,Giessen/N - Dillenburg 3,TENNETGMBH,Giessen/N,Dillenburg,380.0,,,2612.0,3150.0,1.0619,9.606,168.713,25.73,False
11T0-0000-0055-U,Giessen/N - Karben 1,TENNETGMBH,Giessen/N,Karben,380.0,,,2616.0,4000.0,1.498,12.9,226.5088,50.7,False
11TD2L0000003144,Giessen/N - Karben 2,TENNETGMBH,Giessen/N,Karben,380.0,,,2612.0,4000.0,1.5195,12.852,227.8943,50.7,False
11TD2L000000085U,Grafenrheinfeld - Oberhaid 423,TENNETGMBH,Grafenrheinfeld,Oberhaid,380.0,,,3216.0,4000.0,1.0702,12.378,225.2114,49.56,False
11TD2L000000086S,Grafenrheinfeld - Raitersaich 433,TENNETGMBH,Grafenrheinfeld,Raitersaich,380.0,2400.0,,,,2.0,21.703,408.0929,88.03,False
11TD2L000000087Q,Grafenrheinfeld - Raitersaich 434,TENNETGMBH,Grafenrheinfeld,Raitersaich,380.0,2400.0,,,,2.0,21.703,405.2654,88.03,False
11T0-0000-1913-1,Grohnde - Mehrum/N 1,TENNETGMBH,Grohnde,Mehrum/N,380.0,,,2720.0,3150.0,1.8533,17.122,302.8527,68.59,False
11TD2L000000092X,Grohnde - Wuergassen 2,TENNETGMBH,Wuergassen,Grohnde,380.0,,,2620.0,3150.0,1.6737,14.412,253.1181,56.77,False
11TD2L000000101L,Grosskrotzenburg - Frankfurt/N 3,TENNETGMBH,Grosskrotzenburg,Frankfurt/N,220.0,1250.0,,,,1.2682,6.3195,84.4146,21.61,False
11TD2L0000003128,Grosskrotzenburg - Karben 1,TENNETGMBH,Karben,Grosskrotzenburg,380.0,,,2616.0,4000.0,0.5869,4.9398,88.29134,19.66,False
11TD2L0000003136,Grosskrotzenburg - Karben 3,TENNETGMBH,Karben,Grosskrotzenburg,380.0,,,2616.0,4000.0,0.5869,4.9398,88.29134,19.6,False
11TD2L000000103H,Grosskrotzenburg - Trennfeld 217,TENNETGMBH,Grosskrotzenburg,Trennfeld,220.0,,,834.0,1278.0,6.39,28.892,229.3363,75.86,False
11TD2L000000104F,Grosskrotzenburg - Trennfeld 218,TENNETGMBH,Grosskrotzenburg,Trennfeld,220.0,,,834.0,1278.0,6.39,28.892,229.3363,75.85,False
11TD2L000000105D,Hamburg/N - Brokdorf blau,TENNETGMBH,Hamburg/N,Brokdorf,220.0,,,732.0,915.0,3.4769,18.642,145.7008,49.12,False
11TD2L000000106B,Hamburg/N - Itzehoe/W rot,TENNETGMBH,Hamburg/N,Itzehoe/W,220.0,,,732.0,915.0,3.7374,19.839,154.9842,51.81,False
11TD2L0000001079,Hamburg/N - Luebeck gelb,TENNETGMBH,Luebeck,Hamburg/N,220.0,,,949.0,1200.0,3.29,18.765,144.8431,48.78,False
11TD2L0000001087,Hamburg/N - Luebeck rot,TENNETGMBH,Luebeck,Hamburg/N,220.0,,,949.0,1250.0,3.2897,18.764,144.84,48.77,False
11T0-0000-0926-V,Handewitt - Jardelund blau,TENNETGMBH,Jardelund,Handewitt,380.0,,,2216.0,3989.0,0.4219,4.7236,61.16367,15.97,False
11T0-0000-0925-Y,Handewitt - Jardelund gruen,TENNETGMBH,Jardelund,Handewitt,380.0,,,2216.0,3989.0,0.4219,4.7236,61.16367,15.96,False
11TD2L0000001095,Hattorf - Helmstedt 2,TENNETGMBH,Hattorf,Helmstedt,380.0,,,2748.0,3000.06,0.7136,6.5115,118.658,26.14,False
11T0-0000-1634-5,Heide/W - Husum/N schwarz,TENNETGMBH,Husum/N,Heide/W,380.0,3349.0,,,,0.6114,11.021,214.0995,45.84,False
11T0-0000-1635-2,Heide/W - Husum/N weiss,TENNETGMBH,Husum/N,Heide/W,380.0,3349.0,,,,0.6114,11.021,214.0995,45.84,False
11T0-0000-1861-T,Husum/N - Klixbuell/S schwarz,TENNETGMBH,Husum/N,Klixbuell/S,380.0,3349.0,,,,0.513,9.3284,181.8511,38.7,False
11T0-0000-1860-W,Husum/N - Klixbuell/S weiss,TENNETGMBH,Husum/N,Klixbuell/S,380.0,3349.0,,,,0.5129,9.3274,181.8322,38.7,False
11TD2L000000115A,Ingolstadt - Raitersaich 265,TENNETGMBH,Ingolstadt,Raitersaich,220.0,,,1102.0,1984.0,4.8348,36.648,271.6881,92.95,False
11TD2L0000001168,Ingolstadt - Raitersaich 266,TENNETGMBH,Ingolstadt,Raitersaich,220.0,,,1103.0,1984.0,4.557,34.543,256.0995,92.94,False
11TD2L0000001176,Ingolstadt - Sittling 227,TENNETGMBH,Sittling,Ingolstadt,220.0,,,1374.0,2000.0,1.36,7.311,93.30529,24.38,False
11TD2L0000001184,Ingolstadt - Sittling 228,TENNETGMBH,Sittling,Ingolstadt,220.0,,,1374.0,2000.0,1.36,7.311,93.30529,24.39,False
11TD2L0000001192,Irsching - Ottenhofen 421,TENNETGMBH,Irsching,Ottenhofen,380.0,,,2204.0,2326.0,2.09,22.738,291.2256,76.16,False
11TD2L000000120H,Irsching - Raitersaich 424,TENNETGMBH,Irsching,Raitersaich,380.0,,,2204.0,2400.0,2.4345,26.763,494.7286,100.73,False
11TD2L000000121F,Irsching - Raitersaich 425,TENNETGMBH,Irsching,Raitersaich,380.0,,,2204.0,2500.0,2.4345,26.763,494.7286,100.79,False
11TD2L000000122D,Irsching - Zolling 262,TENNETGMBH,Zolling,Irsching,220.0,1600.0,,,,1.117,12.212,155.6471,40.15,False
11TD2L000000123B,Isar - Ottenhofen 443,TENNETGMBH,Isar,Ottenhofen,380.0,2400.0,,,,1.41,17.295,250.0708,61.31,False
11TD2L0000001249,Isar - Ottenhofen 444,TENNETGMBH,Isar,Ottenhofen,380.0,3115.0,,,,1.41,17.291,256.6681,61.31,False
11TD2L0000001257,Isar - Ottenhofen 446,TENNETGMBH,Isar,Ottenhofen,380.0,2400.0,,,,1.35,16.677,266.0929,61.32,False
11TD2L0000001265,Isar - Pleinting 451,TENNETGMBH,Isar,Pleinting,380.0,2400.0,,,,1.43,15.587,287.1415,63.46,False
11TD2L0000001273,Isar - Pleinting 452,TENNETGMBH,Isar,Pleinting,380.0,2400.0,,,,1.43,15.587,287.1415,63.46,False
11TD2L0000001346,Kiel/W - Kiel/S blau,TENNETGMBH,Kiel/W,Kiel/S,220.0,,,949.0,1200.0,1.2969,7.4918,57.49115,19.34,False
11T0-0000-1914-Z,Klein Ilsede - Mehrum/N 1,TENNETGMBH,Mehrum/N,Klein Ilsede,380.0,,,2720.0,3150.0,0.2874,2.695,48.21402,10.75,False
11TD2L000000166U,Kruemmel - Lueneburg gruen,TENNETGMBH,Lueneburg,Kruemmel,380.0,,,2748.0,4000.0,0.7773,7.0664,125.6071,28.02,False
11TD2L0000002261,Kruemmel - Stadorf blau/2,TENNETGMBH,Kruemmel,Stadorf,380.0,,,2748.0,4000.0,1.4876,13.575,237.9725,53.47,False
11T0-0000-1684-M,Kuehtai - Silz 264,TENNETGMBH,Kuehtai,Silz,220.0,9999.0,,,,0.5,2.84,32.71655,9.08,False
11T0-0000-1685-J,Kuehtai - Silz 265,TENNETGMBH,Kuehtai,Silz,220.0,9999.0,,,,0.5,2.84,32.71655,9.09,False
11T0-0000-0969-6,Kummerfeld - Dollern gruen,TENNETGMBH,Kummerfeld,Dollern,380.0,3154.0,,,,0.4151,7.1298,120.1314,27.47,False
11T0-0000-1694-I,Lamspringe - Wahle 3,TENNETGMBH,Wahle,Lamspringe,380.0,2480.0,,,,0.6343,12.068,658.9344,69.95,False
11T0-0000-1695-F,Lamspringe - Wahle 4,TENNETGMBH,Wahle,Lamspringe,380.0,2570.0,,,,0.6343,12.068,599.5584,69.95,False
11TD2L0000001419,Landesbergen - Grohnde 1,TENNETGMBH,Landesbergen,Grohnde,380.0,,,2620.0,3150.0,2.137,18.4,322.9557,72.45,False
11TD2L0000001427,Landesbergen - Grohnde 2,TENNETGMBH,Landesbergen,Grohnde,380.0,,,2620.0,3150.0,2.1372,18.402,323.2008,72.46,False
11TD2L0000001435,Landesbergen - Hannover/W 3,TENNETGMBH,Landesbergen,Hannover/W,220.0,,,1048.0,1310.0,2.5523,12.718,169.8879,43.26,False
11TD2L0000001443,Landesbergen - Hannover/W 4,TENNETGMBH,Landesbergen,Hannover/W,220.0,1008.0,,,,2.5523,12.718,169.8879,43.27,False
11TD2L0000003322,Landesbergen - Ohlensehlen 1,TENNETGMBH,Ohlensehlen,Landesbergen,380.0,2616.0,,,,0.4956,4.2672,74.76991,16.71,False
11TD2L000000149U,Landesbergen - Ovenstaedt 4,TENNETGMBH,Ovenstaedt,Landesbergen,380.0,,,2620.0,3150.0,0.7159,6.4821,113.8513,25.69,False
11T0-0000-2069-2,Landesbergen - Sottrum 3,TENNETGMBH,Sottrum,Landesbergen,380.0,3013.0,,,,2.0496,23.606,306.914,79.95,False
11TD2L000000157V,Lehrte - Godenau 1,TENNETGMBH,Godenau,Lehrte,220.0,,,667.0,834.0,4.04,20.36,137.2876,48.63,False
11TD2L000000158T,Lehrte - Landesbergen 1,TENNETGMBH,Landesbergen,Lehrte,220.0,,,1044.0,1200.0,4.38,21.84,292.1681,74.39,False
11TD2L000000159R,Lehrte - Mehrum 1,TENNETGMBH,Mehrum,Lehrte,220.0,,,834.0,1250.0,1.1505,5.7883,45.0473,14.71,False
11TD2L0000001605,Lehrte - Mehrum 2,TENNETGMBH,Mehrum,Lehrte,220.0,,,834.0,1250.0,1.1505,5.7883,45.0473,14.71,False
11TD2L0000001613,Lehrte - Wahle 1,TENNETGMBH,Wahle,Lehrte,220.0,,,834.0,1250.0,1.6013,7.7,178.5336,62.22,False
11TD2L0000001621,Ludersheim - Raitersaich 237,TENNETGMBH,Ludersheim,Raitersaich,220.0,,,1447.0,2000.0,1.6768,7.6299,224.0144,78.63,False
11TD2L000000164Y,Ludersheim - Schwandorf 223,TENNETGMBH,Schwandorf,Ludersheim,220.0,,,1094.0,1163.0,4.9313,18.545,239.8292,63.43,False
11TD2L000000165W,Ludersheim - Sittling 221,TENNETGMBH,Ludersheim,Sittling,220.0,,,1040.0,1102.0,3.36,16.867,383.9026,147.06,False
11TD2L000000168Q,Maade - Inhausen schwarz,TENNETGMBH,Inhausen,Maade,220.0,1440.0,,,,0.2191,2.3161,34.38787,8.36,False
11TD2L000000169O,Maade - Voslapp weiss,TENNETGMBH,Voslapp,Maade,220.0,1440.0,,,,0.1501,1.5834,23.62478,5.73,False
11TD2L0000001710,Marienberg - Neufinsing 250,TENNETGMBH,Marienberg,Neufinsing,220.0,,,1102.0,1163.0,2.32,19.15,158.6504,51.42,False
11TD2L000000172Z,Marienberg - Neufinsing 251,TENNETGMBH,Marienberg,Neufinsing,220.0,,,1102.0,1163.0,2.32,19.15,158.6504,51.42,False
11T0-0000-1689-7,Mechlenreuth - Redwitz 476,TENNETGMBH,Redwitz,Mechlenreuth,380.0,4000.0,,,,0.6723,12.307,236.8698,50.82,False
11T0-0000-1688-A,Mechlenreuth - Redwitz 477,TENNETGMBH,Redwitz,Mechlenreuth,380.0,4000.0,,,,0.6718,12.299,236.7222,50.78,False
11TD2L000000177P,Mecklar - Dipperz 1,TENNETGMBH,Mecklar,Dipperz,380.0,,,2204.0,3000.0,1.4951,12.873,226.0847,50.57,False
11TD2L000000178N,Mecklar - Dipperz 2,TENNETGMBH,Mecklar,Dipperz,380.0,,,2204.0,3000.0,1.4951,12.873,226.0847,50.57,False
11TD2L000000181Y,Mehrum - Hallendorf 1,TENNETGMBH,Mehrum,Hallendorf,220.0,,,667.0,834.0,2.5,11.76,91.42034,30.6,False
11T0-0000-1893-B,Mehrum - Mehrum/N T421,TENNETGMBH,Mehrum,Mehrum,220.0,1413.0,,,,0.0281,0.06,57.56026,0.41,False
11T0-0000-1892-E,Mehrum - Mehrum/N T422,TENNETGMBH,Mehrum,Mehrum,220.0,1413.0,,,,0.0281,0.06,57.56026,0.45,False
11T0-0000-1912-4,Mehrum/N - Wahle 2,TENNETGMBH,Mehrum/N,Wahle,380.0,,,2720.0,3150.0,0.5426,5.0221,89.56681,19.97,False
11TD2L000000338R,Meissen - Veltheim A08,TENNETGMBH,Meissen,Veltheim,220.0,,,886.0,1108.0,0.8398,3.3259,42.44292,11.14,False
11TD2L000000184S,Neufinsing - Oberbachern 263,TENNETGMBH,Oberbachern,Neufinsing,220.0,2000.0,,,,1.07,11.503,153.938,39.28,False
11TD2L000000185Q,Neufinsing - Oberbachern 264,TENNETGMBH,Oberbachern,Neufinsing,220.0,2000.0,,,,1.07,11.503,153.938,39.27,False
11TD2L000000186O,Neufinsing - Ottenhofen 286,TENNETGMBH,Neufinsing,Ottenhofen,220.0,1807.0,,,,0.15,1.564,21.36283,5.45,False
11TD2L000000187M,Neufinsing - Ottenhofen 287,TENNETGMBH,Neufinsing,Ottenhofen,220.0,1807.0,,,,0.15,1.564,21.36283,5.45,False
11TD2L000000188K,Neufinsing - Zolling 258,TENNETGMBH,Neufinsing,Zolling,220.0,2204.0,,,,0.89,9.742,138.5443,32.77,False
11TD2L000000193R,Oberbachern - Oberbrunn 269,TENNETGMBH,Oberbrunn,Oberbachern,220.0,2000.0,,,,0.84,9.469,115.2965,30.92,False
11TD2L000000194P,Oberbachern - Oberbrunn 270,TENNETGMBH,Oberbrunn,Oberbachern,220.0,2000.0,,,,0.84,9.469,115.2965,30.92,False
11TD2L000000195N,Oberbachern - Ottenhofen 461,TENNETGMBH,Ottenhofen,Oberbachern,380.0,,,2204.0,3115.0,1.2,13.127,166.8186,44.19,False
11TD2L000000196L,Oberbachern - Ottenhofen 462,TENNETGMBH,Ottenhofen,Oberbachern,380.0,,,2204.0,2326.0,1.2,13.127,166.8186,44.12,False
11TD2L000000197J,Oberhaid - Redwitz 435,TENNETGMBH,Oberhaid,Redwitz,380.0,,,3220.0,3282.0,0.9141,10.631,193.2268,43.33,False
11T0-0000-1547-Y,Ovenstaedt - Eickum 3,TENNETGMBH,Ovenstaedt,Eickum,380.0,,,2720.0,3150.0,1.2483,11.452,202.2526,45.42,False
11TD2L000000199F,Ovenstaedt - Eickum 4,TENNETGMBH,Ovenstaedt,Eickum,380.0,,,2720.0,3150.0,1.2483,11.452,202.2526,45.39,False
11T0-0000-2070-P,Ovenstaedt - Sottrum 2,TENNETGMBH,Sottrum,Ovenstaedt,380.0,3013.0,,,,2.2616,26.048,338.6637,87.93,False
11TD2L000000204B,Pleinting - Schwandorf 226,TENNETGMBH,Schwandorf,Pleinting,220.0,,,1102.0,1440.0,5.9299,45.462,318.7837,112.56,False
11TD2L0000002075,Raitersaich - Trennfeld 211,TENNETGMBH,Raitersaich,Trennfeld,220.0,,,834.0,1501.0,5.0651,26.435,577.3305,229.81,False
11TD2L000000255V,Redwitz - Wuergau 436,TENNETGMBH,Wuergau,Redwitz,380.0,,,3216.0,3282.0,0.4581,5.3954,96.7799,21.32,False
11T0-0000-1906-X,Redwitz - Wuergau 457,TENNETGMBH,Wuergau,Redwitz,380.0,,,3216.0,4000.0,0.4576,5.3973,96.66053,21.31,False
11TD2L0000002083,Regensburg - Schwandorf 275,TENNETGMBH,Schwandorf,Regensburg,220.0,,,804.0,1440.0,1.872,14.844,99.7236,35.82,False
11T0-0000-1472-5,Schuby/W - Handewitt gelb,TENNETGMBH,Handewitt,Schuby/W,380.0,3349.0,,,,0.3536,6.4586,125.7391,26.8,False
11T0-0000-1471-8,Schuby/W - Handewitt rot,TENNETGMBH,Handewitt,Schuby/W,380.0,3349.0,,,,0.3536,6.4586,125.7391,26.8,False
11TD2L0000002148,Siems - Herrenwyk/Baltic Cable gelb,TENNETGMBH,Herrenwyk/Baltic Cable,Siems,380.0,1699.0,,,,0.074,0.93,12.566,3.48,False
11TD2L0000002156,Siems - Luebeck blau,TENNETGMBH,Siems,Luebeck,220.0,950.0,,,,0.16,1.1,725.7079,9.99,False
11TD2L0000002164,Sottrum - Blockland blau,TENNETGMBH,Sottrum,Blockland,220.0,949.0,,,,2.71,14.98,114.9823,38.71,False
11TD2L0000002180,Sottrum - Dollern gruen,TENNETGMBH,Sottrum,Dollern,380.0,,,2216.0,3154.0,1.34,15.41,201.0619,52.59,False
11TD2L000000219Z,Sottrum - Dollern schwarz,TENNETGMBH,Sottrum,Dollern,380.0,,,2216.0,3150.0,1.34,15.41,201.0619,52.58,False
11TD2L000000228Y,Stadorf - Lueneburg 1,TENNETGMBH,Lueneburg,Stadorf,380.0,,,2748.0,4000.0,0.7102,6.5054,112.3057,25.44,False
11T0-0000-0971-Q,Suederdonn - Heide/W blau,TENNETGMBH,Heide/W,Suederdonn,380.0,3349.0,,,,0.3031,5.4686,105.0863,22.62,False
11T0-0000-0970-T,Suederdonn - Heide/W gruen,TENNETGMBH,Heide/W,Suederdonn,380.0,3349.0,,,,0.3031,5.4686,105.0863,22.62,False
11TD2L0000002350,Unterweser - Conneforde rot,TENNETGMBH,Conneforde,Unterweser,220.0,1898.0,,,,0.835,9.348,121.2655,31.64,False
11T0-0000-1004-A,Unterweser - Elsfleth/W weiss,TENNETGMBH,Unterweser,Elsfleth/W,380.0,2216.0,,,,0.7059,7.9802,104.6119,27.14,False
11TD2L0000003411,Veltheim - Bechterdissen A07,TENNETGMBH,Bechterdissen,Veltheim,220.0,,,886.0,1108.0,2.3448,9.4215,120.4487,31.8,False
11TD2L0000003403,Veltheim - Lage A06,TENNETGMBH,Lage,Veltheim,220.0,,,886.0,1108.0,2.8627,12.266,151.9274,40.7,False
11TD2L000000237X,Voslapp - Inhausen rot,TENNETGMBH,Voslapp,Inhausen,220.0,1440.0,,,,0.0662,0.7027,10.32013,2.52,False
11TD2L000000239T,Wahle - Braunschweig/N 1,TENNETGMBH,Wahle,Braunschweig/N,220.0,,,667.0,834.0,0.8421,4.2365,31.73323,10.57,False
11TD2L0000002407,Wahle - Braunschweig/N 2,TENNETGMBH,Wahle,Braunschweig/N,220.0,,,667.0,834.0,0.8421,4.2365,31.73323,10.57,False
11TD2L0000002415,Wahle - Gleidingen 2,TENNETGMBH,Wahle,Gleidingen,220.0,,,1360.0,1600.0,0.36,1.83,26.35796,6.54,False
11TD2L0000002423,Wahle - Hallendorf 3,TENNETGMBH,Wahle,Hallendorf,220.0,,,1360.0,1440.0,0.94,4.64,62.36062,15.97,False
11TD2L0000002431,Wahle - Hattorf 2,TENNETGMBH,Wahle,Hattorf,380.0,,,2748.0,3000.0,0.9866,9.035,162.5586,36.18,False
11TD2L0000002431,Wahle - Hattorf 2,TENNETGMBH,Wahle,Hattorf,380.0,,,2748.0,3000.0,0.9866,9.035,162.5586,36.18,False
11TD2L000000245Y,Wahle - Helmstedt 1,TENNETGMBH,Wahle,Helmstedt,380.0,,,2748.0,3150.0,0.7136,6.5115,118.658,62.32,False
11TD2L000000246W,Wahle - Klein Ilsede 3,TENNETGMBH,Klein Ilsede,Wahle,380.0,,,2720.0,3150.0,0.2591,2.3326,42.19159,9.21,False
11TD2L000000247U,Wahle - Stadorf 1,TENNETGMBH,Stadorf,Wahle,380.0,,,2616.0,4000.0,2.5279,21.765,382.269,85.74,False
11TD2L000000248S,Wahle - Stadorf 2,TENNETGMBH,Stadorf,Wahle,380.0,,,2616.0,4000.0,2.5279,21.765,382.269,85.8,False
11TD2L000000249Q,Wilster/W - Audorf/S blau,TENNETGMBH,Audorf/S,Wilster/W,380.0,,,2216.0,3989.0,1.318,15.41,194.7788,50.89,False
11TD2L0000002504,Wilster/W - Audorf/S rot,TENNETGMBH,Audorf/S,Wilster/W,380.0,,,2216.0,3989.0,1.318,15.41,194.7788,50.85,False
11T0-0000-1569-K,Wilster/W - Stade/W gelb,TENNETGMBH,Wilster/W,Stade/W,380.0,,,2216.0,3150.0,1.4198,18.168,259.4924,62.55,False
11T0-0000-1570-6,Wilster/W - Stade/W rot,TENNETGMBH,Wilster/W,Stade/W,380.0,,,2216.0,3150.0,1.4198,18.168,259.4924,62.56,False
11T0-0000-0035-1,Wuergassen - Goettingen 3,TENNETGMBH,Goettingen,Wuergassen,220.0,,,834.0,1501.0,5.5092,26.653,270.3875,78.5,False
11T0-0000-0036-Z,Wuergassen - Goettingen 4,TENNETGMBH,Goettingen,Wuergassen,220.0,687.0,,,,5.5092,26.653,270.3309,78.53,False
11T0-0000-0984-D,Y-Altheim (-Simbach - St. Peter) 233/230,TENNETGMBH,Altheim,Y-Simbach,220.0,,,834.0,1501.0,5.4449,26.419,670.196,70.71,False
11T0-0000-0986-7,Y-Altheim (-Simbach - St. Peter) 234/230,TENNETGMBH,Altheim,Y-Simbach,220.0,,,834.0,1501.0,5.4449,26.419,670.2023,71.1,False
11T0-0000-1073-M,Y-Bergshausen (-Sandershausen/O - Wuergassen) 2,TENNETGMBH,Bergshausen,Y-Wuergassen,380.0,,,2616.0,3150.0,0.3404,2.8865,50.8561,11.39,False
11T0-0000-1123-0,Y-Blockland (-Huntorf - Conneforde) weiss,TENNETGMBH,Y-Huntorf,Blockland,220.0,949.0,,,,3.19,18.182,140.7434,47.43,False
11T0-0000-1465-0,Y-Borken (-Waldeck - Twistetal) 2,TENNETGMBH,Y-Waldeck,Borken,380.0,3875.0,,,,0.5498,4.7346,83.15166,18.64,False
11T0-0000-1015-3,Y-Borken (-Waldeck - Twistetal) 3,TENNETGMBH,Y-Waldeck,Borken,380.0,,,2720.0,3150.0,0.5088,4.7346,83.15166,18.63,False
11T0-0000-1121-6,Y-Conneforde (-Huntorf - Blockland) weiss,TENNETGMBH,Y-Huntorf,Conneforde,220.0,1251.0,,,,1.803,10.257,79.79645,26.34,False
11T0-0000-1118-Q,Y-Conneforde (-Huntorf - Sottrum) gelb,TENNETGMBH,Y-Huntorf,Conneforde,220.0,949.0,,,,1.803,10.257,79.79645,26.34,False
11T0-0000-1018-V,Y-Diele (-Rhede - Doerpen/W) schwarz,TENNETGMBH,Y-Rhede,Diele,380.0,2216.0,,,,0.3447,3.8708,50.57021,13.12,False
11T0-0000-1041-3,Y-Doernigheim (-Frankfurt/N - Grosskrotzenburg) 1,TENNETGMBH,Y-Doernigheim,Doernigheim,220.0,559.0,,,,0.006,0.05,0.31416,0.09,False
11T0-0000-1044-V,Y-Doernigheim (-Frankfurt/N - Grosskrotzenburg) 2,TENNETGMBH,Y-Doernigheim,Doernigheim,220.0,558.0,,,,0.006,0.05,0.31416,0.07,False
11T0-0000-0990-L,Y-Doerpen/W (-Niederlangen - Meppen) EOWS,TENNETGMBH,Y-Niederlangen,Doerpen/W,380.0,,,2216.0,3400.0,0.338,3.787,49.09681,12.93,False
11T0-0000-1020-E,Y-Doerpen/W (-Rhede - Diele) schwarz,TENNETGMBH,Y-Rhede,Doerpen/W,380.0,2216.0,,,,0.1371,1.5438,20.05907,5.22,False
11T0-0000-2171-H,Y-Erzhausen (-Hardegsen - Lehrte) 2,TENNETGMBH,Erzhausen,Y-Erzhausen,220.0,758.0,,,,0.4431,2.0417,15.01995,5.2,False
11T0-0000-1042-0,Y-Frankfurt/N (-Doernigheim - Grosskrotzenburg) 1,TENNETGMBH,Y-Doernigheim,Frankfurt/N,220.0,1250.0,,,,0.7962,3.7824,85.99168,12.93,False
11T0-0000-1045-S,Y-Frankfurt/N (-Doernigheim - Grosskrotzenburg) 2,TENNETGMBH,Frankfurt/N,Y-Doernigheim,220.0,1250.0,,,,0.787,3.7632,49.95132,12.93,False
11T0-0000-0988-1,Y-Frankfurt/SW (-Karben - Kriftel) 2,TENNETGMBH,Y-Frankfurt/SW,Frankfurt/SW,380.0,2400.0,,,,0.1575,1.3256,23.49283,5.64,False
11T0-0000-1054-R,Y-Gleidingen (-Hallendorf - Mehrum) 2,TENNETGMBH,Y-Hallendorf,Gleidingen,220.0,1360.0,,,,0.58,2.81,36.00266,8.43,False
11T0-0000-1838-K,Y-Grohnde (-Voerden - Wuergassen) 1,TENNETGMBH,Y-Voerden,Grohnde,380.0,3150.0,,,,0.8651,7.3179,129.4745,28.95,False
11T0-0000-1040-6,Y-Grosskrotzenburg (-Doernigheim - Frankfurt/N) 1,TENNETGMBH,Y-Doernigheim,Grosskrotzenburg,220.0,1250.0,,,,0.535,2.5578,34.55752,8.7,False
11T0-0000-1043-Y,Y-Grosskrotzenburg (-Doernigheim - Frankfurt/N) 2,TENNETGMBH,Grosskrotzenburg,Y-Doernigheim,220.0,1250.0,,,,0.535,2.5578,34.55752,8.73,False
11T0-0000-2028-L,Y-Hardegsen (-Erzhausen - Lamspringe) 4,TENNETGMBH,Hardegsen,Y-Erzhausen,380.0,3711.0,,,,0.4872,8.9236,174.082,37.02,False
11T0-0000-2025-U,Y-Hardegsen (-Erzhausen - Lamspringe) 5,TENNETGMBH,Hardegsen,Y-Erzhausen,380.0,3711.0,,,,0.4872,8.9236,174.082,37.02,False
11T0-0000-2170-K,Y-Hardegsen (-Erzhausen - Lehrte) 2,TENNETGMBH,Hardegsen,Y-Erzhausen,220.0,600.0,,,,2.6131,12.876,82.66787,30.1,False
11T0-0000-1122-3,Y-Huntorf (-Conneforde - Blockland) weiss,TENNETGMBH,Y-Huntorf,Huntorf,220.0,949.0,,,,0.367,2.12,16.33628,5.52,False
11T0-0000-1119-N,Y-Huntorf (-Conneforde - Sottrum) gelb,TENNETGMBH,Y-Huntorf,Huntorf,220.0,949.0,,,,0.7444,4.3,33.06841,5.52,False
11T0-0000-0989-Z,Y-Karben (-Frankfurt/SW - Kriftel) 2,TENNETGMBH,Y-Frankfurt/SW,Karben,380.0,2620.0,,,,0.6282,5.4983,97.93287,21.2,False
11T0-0000-1842-Y,Y-Kriegenbrunn (-Raitersaich - Wuergau) 431/438,TENNETGMBH,Kriegenbrunn,Y-Kriegenbrunn,380.0,,,2206.0,3000.0,0.0759,0.6513,13.07217,2.75,False
11T0-0000-1908-R,Y-Kriegenbrunn (-Raitersaich - Wuergau) 438/432,TENNETGMBH,Kriegenbrunn,Y-Kriegenbrunn,380.0,,,2206.0,3000.0,0.0759,0.6513,13.06903,2.75,False
10T1001C--00069I,Y-Kruen (-Oberbrunn - Silz) 250,TENNETGMBH,Kruen,Y-Kruen,220.0,1247.0,,,,0.03,0.269,2.51327,0.74,False
11T0-0000-1874-G,Y-Kruen (-Oberbrunn - Silz) 251,TENNETGMBH,Kruen,Y-Kruen,220.0,1247.0,,,,0.03,0.269,2.51327,0.74,False
11T0-0000-2027-O,Y-Lamspringe (-Hardegsen - Erzhausen) 4,TENNETGMBH,Lamspringe,Y-Erzhausen,380.0,3711.0,,,,0.1379,2.4999,48.43394,10.35,False
11T0-0000-2024-X,Y-Lamspringe (-Hardegsen - Erzhausen) 5,TENNETGMBH,Lamspringe,Y-Erzhausen,380.0,3711.0,,,,0.1379,2.4999,48.43394,10.35,False
11T0-0000-1046-P,Y-Landesbergen (-Wechold - Sottrum) gelb/2,TENNETGMBH,Y-Wechold,Landesbergen,220.0,,,886.0,1108.0,3.3462,12.87,168.4679,42.61,False
11T0-0000-1049-G,Y-Landesbergen (-Wechold - Sottrum) rot/1,TENNETGMBH,Y-Wechold,Landesbergen,220.0,,,886.0,1108.0,3.3462,12.87,168.4679,42.69,False
11T0-0000-2169-Y,Y-Lehrte (-Erzhausen - Hardegsen) 2,TENNETGMBH,Y-Erzhausen,Lehrte,220.0,,,667.0,834.0,5.205,25.647,164.6697,60.97,False
11T0-0000-1053-U,Y-Mehrum (-Gleidingen - Hallendorf) 2,TENNETGMBH,Mehrum,Y-Hallendorf,220.0,834.0,,,,2.407,11.29,84.82301,29.22,False
11T0-0000-0991-I,Y-Niederlangen (-Doerpen/W - Meppen) EOWS,TENNETGMBH,Y-Niederlangen,Niederlangen,380.0,750.0,,,,0.0081,0.0932,1.20951,0.33,False
10T1001C--00070X,Y-Oberbrunn (-Kruen - Silz) 250,TENNETGMBH,Oberbrunn,Y-Kruen,220.0,2124.0,,,,1.78,21.994,251.0133,71.41,False
11T0-0000-1872-M,Y-Oberbrunn (-Kruen - Silz) 251,TENNETGMBH,Oberbrunn,Y-Kruen,220.0,2124.0,,,,1.78,21.994,251.0133,71.41,False
11T0-0000-2172-E,Y-Pirach1 (-Pirach2 - Pleinting) 296/257,TENNETGMBH,Pirach,Pirach,220.0,838.0,,,,0.0189,0.05,18.16155,0.81,False
11T0-0000-2174-8,Y-Pirach2 (-Pirach1 - Pleinting) 296/257,TENNETGMBH,Pirach,Pirach,220.0,816.0,,,,0.0011,0.05,0.07854,0.81,False
11T0-0000-1060-Z,Y-Plattling (-Pleinting - Schwandorf) 465,TENNETGMBH,Plattling,Y-Plattling,380.0,816.0,,,,0.003,0.05,0.47752,0.12,False
11T0-0000-2173-B,Y-Pleinting (-Pirach1 - Pirach2) 296/257,TENNETGMBH,Pleinting,Pirach,220.0,1745.0,,,,4.6828,24.785,679.6459,92.12,False
11T0-0000-1059-C,Y-Pleinting (-Plattling - Schwandorf) 465,TENNETGMBH,Pleinting,Y-Plattling,380.0,2400.0,,,,0.6134,6.9224,88.23163,23.22,False
11T0-0000-1843-V,Y-Raitersaich (-Kriegenbrunn - Wuergau) 431/438,TENNETGMBH,Raitersaich,Y-Kriegenbrunn,380.0,,,2748.0,3971.0,0.6799,6.0617,112.9088,24.63,False
11T0-0000-1909-O,Y-Raitersaich (-Kriegenbrunn - Wuergau) 438/432,TENNETGMBH,Raitersaich,Y-Kriegenbrunn,380.0,,,2748.0,3971.0,0.6799,6.0456,113.2921,24.63,False
11T0-0000-1019-S,Y-Rhede (-Diele - Doerpen/W) schwarz,TENNETGMBH,Rhede,Y-Rhede,380.0,150.0,,,,0.4801,5.5295,71.90634,0.02,False
11T0-0000-1072-P,Y-Sandershausen/O (-Bergshausen - Wuergassen) 2,TENNETGMBH,Sandershausen/O,Y-Wuergassen,380.0,320.0,,,,0.0005,0.05,0.0754,0.02,False
11T0-0000-1061-W,Y-Schwandorf (-Plattling - Pleinting) 465,TENNETGMBH,Schwandorf,Y-Plattling,380.0,2543.0,,,,2.3602,26.488,342.7226,89.48,False
10T1001C--00071V,Y-Silz (-Kruen - Oberbrunn) 250,TENNETGMBH,Silz,Y-Kruen,220.0,2080.0,,,,1.05,12.758,157.0482,42.2,False
11T0-0000-1873-J,Y-Silz (-Kruen - Oberbrunn) 251,TENNETGMBH,Silz,Y-Kruen,220.0,2080.0,,,,1.0328,12.069,167.7296,42.19,False
11T0-0000-0985-A,Y-Simbach (-St. Peter - Altheim) 233/230,TENNETGMBH,Simbach,Y-Simbach,220.0,,,1102.0,1274.0,0.0552,1.019,19.19513,3.96,False
11T0-0000-0987-4,Y-Simbach (-St. Peter - Altheim) 234/230,TENNETGMBH,Simbach,Y-Simbach,220.0,,,1102.0,1274.0,0.0552,1.0228,19.22026,3.96,False
11T0-0000-1120-9,Y-Sottrum (-Huntorf - Conneforde) gelb,TENNETGMBH,Y-Huntorf,Sottrum,220.0,883.0,,,,4.631,25.778,200.1195,67.32,False
11T0-0000-1048-J,Y-Sottrum (-Wechold - Landesbergen) gelb/2,TENNETGMBH,Y-Wechold,Sottrum,220.0,,,886.0,1108.0,2.613,10.05,131.5542,33.8,False
11T0-0000-1052-X,Y-Sottrum (-Wechold - Landesbergen) rot/1,TENNETGMBH,Y-Wechold,Sottrum,220.0,,,886.0,1108.0,2.613,10.05,131.5542,33.81,False
11T0-0000-1467-V,Y-Twistetal (-Waldeck - Borken) 2,TENNETGMBH,Y-Waldeck,Twistetal,380.0,3875.0,,,,0.6371,5.9284,104.1187,23.33,False
11T0-0000-1017-Y,Y-Twistetal (-Waldeck - Borken) 3,TENNETGMBH,Y-Waldeck,Twistetal,380.0,,,2720.0,3150.0,0.6371,5.9284,104.1187,23.33,False
11T0-0000-1839-H,Y-Voerden (-Grohnde - Wuergassen) 1,TENNETGMBH,Y-Voerden,Voerden,380.0,883.0,,,,0.0071,0.0705,1.09013,0.26,False
11T0-0000-1466-Y,Y-Waldeck (-Borken - Twistetal) 2,TENNETGMBH,Waldeck,Y-Waldeck,380.0,2400.0,,,,0.0994,0.8565,15.04195,3.38,False
11T0-0000-1016-0,Y-Waldeck (-Borken - Twistetal) 3,TENNETGMBH,Waldeck,Y-Waldeck,380.0,2400.0,,,,0.092,0.8565,15.04195,3.36,False
11T0-0000-1047-M,Y-Wechold (-Landesbergen - Sottrum) gelb/2,TENNETGMBH,Y-Wechold,Wechold,220.0,,,962.0,1108.0,0.0598,0.2301,3.00965,0.77,False
11T0-0000-1050-2,Y-Wechold (-Landesbergen - Sottrum) rot/1,TENNETGMBH,Y-Wechold,Wechold,220.0,,,962.0,1108.0,0.0598,0.2301,3.00965,0.76,False
11T0-0000-1071-S,Y-Wuergassen (-Sandershausen/O - Bergshausen) 2,TENNETGMBH,Wuergassen,Y-Wuergassen,380.0,,,2620.0,3150.0,1.3518,11.431,203.0317,45.22,False
11T0-0000-1840-3,Y-Wuergassen (-Voerden - Grohnde) 1,TENNETGMBH,Wuergassen,Y-Voerden,380.0,3150.0,,,,0.8312,7.02,124.5799,27.82,False
11T0-0000-1844-S,Y-Wuergau (-Kriegenbrunn - Raitersaich) 431/438,TENNETGMBH,Wuergau,Y-Kriegenbrunn,380.0,,,2748.0,3971.0,1.5617,14.17,256.1497,56.64,False
11T0-0000-1910-A,Y-Wuergau (-Kriegenbrunn - Raitersaich) 438/432,TENNETGMBH,Wuergau,Y-Kriegenbrunn,380.0,,,2748.0,3971.0,1.5612,14.166,256.1089,56.63,False
11T0-0000-0698-C,Y-Leupolz (-Bidingen - Oberottmarshausen) ALLG O,AMPRION GMBH,Leupolz,Y-Bidngen,380.0,2720.0,,,,0.834,7.71,133.7,31.0,False
11T0-0000-0769-G,Y-Oberottmarshausen (-Bidingen - Leupolz) ALLG O,AMPRION GMBH,Oberottmarshausen,Y-Bidngen,380.0,2720.0,,,,1.37,12.68,220.9,51.0,False
11T0-0000-0125-0,Y-Amelsbueren (-Hanekenfaehr - Westerkappeln) AMELSB,AMPRION GMBH,Amelsbueren,Y-Hanekenfaehr,220.0,,,1290.0,1773.0,2.306,12.35,161.7,43.0,False
11T0-0000-0306-W,Y-Hanekenfaehr (-Amelsbueren - Westerkappeln) AMELSB,AMPRION GMBH,Hanekenfaehr,Y-Hanekenfaehr,220.0,1274.0,,,,2.017,10.37,202.0,44.0,False
11T0-0000-0546-6,Y-Westerkappeln (-Amelsbueren - Hanekenfaehr) AMELSB,AMPRION GMBH,Westerkappeln,Y-Hanekenfaehr,220.0,,,841.0,1031.0,3.428,16.84,114.5,42.0,False
11T0-0000-0549-Y,Arpe - Uentrop ARPE W,AMPRION GMBH,Arpe,Uentrop,380.0,2257.0,,,,1.991,17.08,294.7,68.0,False
11T0-0000-0724-A,Meitingen - Oberottmarshausen AUGSBU O,AMPRION GMBH,Meitingen,Oberottmarshausen,380.0,2720.0,,,,1.408,13.26,221.6,52.0,False
11T0-0000-0694-O,Lechhausen - Oberottmarshausen AUGSBU W,AMPRION GMBH,Lechhausen,Oberottmarshausen,380.0,2720.0,,,,0.961,9.01,152.0,35.0,False
11T0-0000-0506-M,St. Barbara - Uchtelfangen BABARA,AMPRION GMBH,St. Barbara,Uchtelfangen,220.0,,,,1290.0,1.124,5.896,77.3,20.0,False
11T0-0000-0307-T,Benteler - Hanekenfaehr BENTLR,AMPRION GMBH,Benteler,Hanekenfaehr,220.0,1282.0,,,,0.073,0.373,4.6,1.0,False
11T0-0000-0843-0,Meckenheim - Sechtem BGEIST W,AMPRION GMBH,Meckenheim,Sechtem,380.0,,,,2720.0,0.571,5.513,98.7,22.0,False
11T0-0000-0376-4,Maximiliansau - Mutterstadt BIENWD W,AMPRION GMBH,Maximiliansau,Mutterstadt,220.0,,,,2000.0,2.632,14.22,185.8,49.0,False
11T0-0000-0120-F,Y-Altenkleusheim (-Bixterheide - Opladen) BIGGE O,AMPRION GMBH,Altenkleusheim,Y-Bixterheide,220.0,,,,740.0,4.368,21.2,296.8,76.0,False
11T0-0000-0175-H,Y-Bixterheide (-Altenkleusheim - Opladen) BIGGE O,AMPRION GMBH,Bixterheide,Y-Bixterheide,220.0,,,,1392.0,0.665,3.722,43.6,12.0,False
11T0-0000-0419-E,Y-Opladen (-Altenkleusheim - Bixterheide) BIGGE O,AMPRION GMBH,Opladen,Y-Bixterheide,220.0,,,,1392.0,3.144,17.05,218.1,58.0,False
11T0-0000-0114-7,Y-Altenkleusheim (-Garenfeld - Opladen) BIGGE W,AMPRION GMBH,Altenkleusheim,Y-Garenfeld,220.0,,,,741.0,4.447,21.31,216.9,65.0,False
11T0-0000-0274-F,Y-Garenfeld (-Altenkleusheim - Opladen) BIGGE W,AMPRION GMBH,Garenfeld,Y-Garenfeld,220.0,,,,1392.0,0.722,4.048,27.3,10.0,False
11T0-0000-0420-0,Y-Opladen (-Altenkleusheim - Garenfeld) BIGGE W,AMPRION GMBH,Opladen,Y-Garenfeld,220.0,,,,1392.0,3.145,17.05,218.1,58.0,False
11T0-0000-0272-L,Bixterheide - Garenfeld BIXTRH N,AMPRION GMBH,Bixterheide,Garenfeld,220.0,,,,1392.0,1.377,7.707,70.6,22.0,False
11T0-0000-0740-E,Mittelbexbach - Uchtelfangen BLIES N,AMPRION GMBH,Mittelbexbach,Uchtelfangen,380.0,,,,3150.0,0.598,5.092,88.8,20.0,False
11T0-0000-0741-B,Mittelbexbach - Uchtelfangen BLIES S,AMPRION GMBH,Mittelbexbach,Uchtelfangen,380.0,,,,3150.0,0.598,5.107,88.6,20.0,False
11T0-0000-1620-L,Y-Y (-Buers - Herbertingen - Tiengen - Werben) BLUDNZ W,AMPRION GMBH,Y-Werben,Y-Tiengen,220.0,1020.0,,,,3.532,33.4,253.9,88.0,False
11T0-0000-1880-O,Y-Herbertingen (-Buers - Tiengen - Werben) BLUDNZ W,AMPRION GMBH,Herbertingen,Y-Tiengen,220.0,1200.0,,,,0.01,0.11,0.8,0.0,False
11T0-0000-0962-R,Y-Tiengen (-Buers - Herbertingen - Werben) BLUDNZ W,AMPRION GMBH,Tiengen,Y-Tiengen,220.0,896.0,,,,7.506,47.6,299.7,114.0,False
11T0-0000-0176-E,Bochum - Eiberg BOCHUM W,AMPRION GMBH,Bochum,Eiberg,220.0,,,,2000.0,0.735,3.877,47.0,13.0,False
11T0-0000-0194-C,Bocklemuend - Brauweiler BOCKLE N,AMPRION GMBH,Bocklemuend,Brauweiler,220.0,718.0,,,,0.273,1.419,17.2,5.0,False
11T0-0000-0195-9,Bocklemuend - Brauweiler BOCKLE S,AMPRION GMBH,Bocklemuend,Brauweiler,220.0,718.0,,,,0.273,1.419,17.2,5.0,False
11T0-0000-0534-G,Luestringen - Wehrendorf BOHMTE O,AMPRION GMBH,Luestringen,Wehrendorf,220.0,740.0,,,,1.61,7.56,66.8,21.0,False
11T0-0000-0535-D,Luestringen - Wehrendorf BOHMTE W,AMPRION GMBH,Luestringen,Wehrendorf,220.0,740.0,,,,1.611,7.566,64.8,21.0,False
11T0-0000-0642-D,Hanekenfaehr - Westerkappeln BRAMGAU,AMPRION GMBH,Hanekenfaehr,Westerkappeln,380.0,,,,3400.0,1.65,15.26,264.5,61.0,False
11T0-0000-0927-S,Brauweiler - Rommerskirchen BRAUWL W,AMPRION GMBH,Brauweiler,Rommerskirchen,380.0,,,,3400.0,0.122,2.485,41.7,10.0,False
11T0-0000-0164-O,Bergmannsglueck - Buescherhof BUER S,AMPRION GMBH,Bergmannsglueck,Buescherhof,220.0,1290.0,,,,0.829,4.941,67.3,17.0,False
11T0-0000-0568-T,Buerstadt - Lambsheim BUERST W,AMPRION GMBH,Buerstadt,Lambsheim,380.0,,,,3400.0,0.455,4.226,73.6,17.0,False
11T0-0000-0576-V,Y-Buescherhof (-Karnap - Rosenblumendelle) BUESHR W,AMPRION GMBH,Buescherhof,Y-Karnap,380.0,2720.0,,,,0.146,1.341,23.4,5.0,False
11T0-0000-0657-V,Y-Karnap (-Buescherhof - Rosenblumendelle) BUESHR W,AMPRION GMBH,Karnap,Y-Karnap,380.0,2720.0,,,,0.024,0.235,3.7,1.0,False
11T0-0000-0838-Q,Y-Rosenblumendelle (-Buescherhof - Karnap) BUESHR W,AMPRION GMBH,Rosenblumendelle,Y-Karnap,380.0,2720.0,,,,0.303,2.847,47.8,11.0,False
11T0-0000-0928-P,Brauweiler - Knapsack BURBAC O,AMPRION GMBH,Brauweiler,Knapsack,380.0,,,,3150.0,0.345,3.197,55.1,13.0,False
11T0-0000-0280-N,Y-Gersteinwerk (-Poeppingshausen - Ruhrzink) CAPPEN N,AMPRION GMBH,Gersteinwerk,Y-Poeppinghausen,220.0,,,,1392.0,1.655,8.937,110.2,30.0,False
11T0-0000-0441-Q,Y-Poeppinghausen (-Gersteinwerk - Ruhrzink) CAPPEN N,AMPRION GMBH,Poeppinghausen,Y-Poeppinghausen,220.0,,,,1392.0,0.558,3.074,21.5,8.0,False
11T0-0000-0464-9,Y-Ruhrzink (-Gersteinwerk - Poeppinghausen) CAPPEN N,AMPRION GMBH,Ruhrzink,Y-Poeppinghausen,220.0,,,,1392.0,0.088,0.695,4.8,2.0,False
11T0-0000-0282-H,Elmenhorst - Gersteinwerk CAPPEN S,AMPRION GMBH,Elmenhorst,Gersteinwerk,220.0,,,,1392.0,1.509,8.233,102.2,28.0,False
11T0-0000-0727-1,Datteln - Mengede DATTLN O,AMPRION GMBH,Datteln,Mengede,380.0,2720.0,,,,0.271,2.562,42.6,10.0,False
11T0-0000-0728-Z,Datteln - Mengede DATTLN W,AMPRION GMBH,Datteln,Mengede,380.0,2720.0,,,,0.271,2.566,42.6,10.0,False
11T0-0000-0706-C,Dauersberg - Linde DAURSB O,AMPRION GMBH,Dauersberg,Linde,380.0,2720.0,,,,2.016,18.63,323.7,74.0,False
11T0-0000-0632-H,Dauersberg - Halfeshof DAURSB W,AMPRION GMBH,Dauersberg,Halfeshof,380.0,2720.0,,,,2.294,21.19,368.4,84.0,False
11T0-0000-1374-4,Y-Voehringen (-Buers - Werben) DELLM O,AMPRION GMBH,Voehringen,Y-Werben,220.0,1220.0,,,,6.622,42.77,431.6,130.0,False
11T0-0000-0382-C,Hamborn - Niederrhein DINSLK W,AMPRION GMBH,Hamborn,Niederrhein,220.0,,,841.0,1031.0,0.682,5.168,77.8,19.0,False
11T0-0000-0957-G,Y-Hoheneck (-Dellmensingen - Voehringen) DONAU O,AMPRION GMBH,Hoheneck,Y-Voehringen,380.0,,,,3150.0,2.849,25.57,418.5,99.0,False
11T0-0000-0956-J,Y-Voehringen (-Dellmensingen - Hoheneck) DONAU O,AMPRION GMBH,Voehringen,Y-Voehringen,380.0,,,,3150.0,0.465,4.311,74.7,17.0,False
11T0-0000-0413-W,Duennwald - Opladen DUENNW O,AMPRION GMBH,Duennwald,Opladen,220.0,,,,1548.0,0.593,3.479,31.4,10.0,False
11T0-0000-1376-Z,Duennwald - Opladen DUENNW W,AMPRION GMBH,Duennwald,Opladen,220.0,,,,1548.0,0.591,3.479,31.5,10.0,False
11T0-0000-0654-3,Eiberg - Karnap EIBERG N,AMPRION GMBH,Eiberg,Karnap,380.0,2580.0,,,,0.394,3.635,63.0,14.0,False
11T0-0000-1950-V,Altenkleusheim - Setzer Wiese EISERF,AMPRION GMBH,Altenkleusheim,Setzer Wiese,220.0,740.0,,,,1.0,4.638,42.2,13.0,False
11T0-0000-1673-T,Diefflen - Uchtelfangen ELLBCH N,AMPRION GMBH,Diefflen,Uchtelfangen,220.0,1360.0,,,,1.1,6.27,85.9,22.0,False
11T0-0000-0253-Q,Eller - Opladen ELLER O,AMPRION GMBH,Eller,Opladen,220.0,,,,1539.0,1.269,6.745,108.7,26.0,False
11T0-0000-0495-V,Eller - St. Peter ELLER W,AMPRION GMBH,Eller,St. Peter,220.0,,,1104.0,1344.0,0.919,5.496,51.4,16.0,False
11T0-0000-0259-8,Y-Elmenhorst (-Poeppinghausen - Ruhrzink) ELMENH S,AMPRION GMBH,Elmenhorst,Y-Elmenhorst,220.0,,,,1539.0,0.542,3.039,39.0,10.0,False
11T0-0000-0442-N,Y-Poeppinghausen (-Elmenhorst - Ruhrzink) ELMENH S,AMPRION GMBH,Poeppinghausen,Y-Elmenhorst,220.0,,,,1539.0,0.554,3.056,21.3,8.0,False
11T0-0000-0465-6,Y-Ruhrzink (-Elmenhorst - Poeppinghausen) ELMENH S,AMPRION GMBH,Ruhrzink,Y-Elmenhorst,220.0,,,,1539.0,0.088,0.695,4.8,2.0,False
11T0-0000-0207-Y,Buescherhof - Hamborn EMSHER N,AMPRION GMBH,Buescherhof,Hamborn,220.0,,,,1160.0,0.604,3.129,37.9,10.0,False
11T0-0000-0208-V,Buescherhof - Hamborn EMSHER S,AMPRION GMBH,Buescherhof,Hamborn,220.0,,,,1160.0,0.603,3.124,37.9,10.0,False
11T0-0000-1672-W,Diefflen - Ensdorf ENSDF N,AMPRION GMBH,Diefflen,Ensdorf,220.0,1160.0,,,,0.66,3.7,56.9,14.0,False
11T0-0000-0218-R,Y-Diefflen (-Ensdorf - Uchtelfangen) ENSDF S,AMPRION GMBH,Diefflen,Y-Diefflen,220.0,,,740.0,1031.0,0.2,1.34,19.9,5.0,False
11T0-0000-0265-G,Y-Ensdorf (-Diefflen - Uchtelfangen) ENSDF S,AMPRION GMBH,Ensdorf,Y-Diefflen,220.0,1360.0,,,,0.34,1.9,40.0,8.0,False
11T0-0000-0511-X,Y-Uchtelfangen (-Diefflen - Ensdorf) ENSDF S,AMPRION GMBH,Uchtelfangen,Y-Diefflen,220.0,1360.0,,,,0.94,5.15,108.7,23.0,False
11T0-0000-0149-H,Bauler - Niederstedem ENZ N,AMPRION GMBH,Bauler,Niederstedem,220.0,,,,1920.0,0.599,5.75,80.4,21.0,False
11T0-0000-0150-3,Bauler - Niederstedem ENZ S,AMPRION GMBH,Bauler,Niederstedem,220.0,,,,1920.0,0.599,5.758,80.6,21.0,False
11T0-0000-1382-6,Urberach Neu - Urberach ERLENS W,AMPRION GMBH,Urberach (NEU),Urberach,380.0,3150.0,,,,0.005,0.053,0.8,0.0,False
11T0-0000-0560-G,Bischofsheim - Urberach ERZHAU N,AMPRION GMBH,Bischofsheim,Urberach,380.0,,,,3150.0,1.271,12.33,198.4,47.0,False
11T0-0000-0763-Y,Buescherhof - Nordlicht ESSEN W,AMPRION GMBH,Buescherhof,Nordlicht,380.0,2720.0,,,,0.397,3.681,63.6,15.0,False
11T0-0000-0230-6,Duelken - Osterath FICHTH O,AMPRION GMBH,Duelken,Osterath,220.0,1282.0,,,,1.274,9.071,143.5,34.0,False
11T0-0000-0237-M,Edelstahl - Osterath FICHTH W,AMPRION GMBH,Edelstahl,Osterath,220.0,,,,1290.0,0.481,2.493,32.8,9.0,False
11T0-0000-0233-Y,Bayer - Duennwald FLITTA O,AMPRION GMBH,Bayer,Duennwald,220.0,623.0,,,,0.141,0.676,219.9,12.0,False
11T0-0000-1390-8,Y-Gohrpunkt (-Osterath - Rommerskirchen) FRIXHM N,AMPRION GMBH,Gohrpunkt,Y-Osterath,220.0,820.0,,,,0.005,0.05,0.4,0.0,False
11T0-0000-1388-P,Y-Osterath (-Gohrpunkt - Rommerskirchen) FRIXHM N,AMPRION GMBH,Osterath,Y-Osterath,220.0,,,,1360.0,0.794,5.88,177.2,31.0,False
11T0-0000-1389-M,Y-Rommerskirchen (-Gohrpunkt - Osterath) FRIXHM N,AMPRION GMBH,Rommerskirchen,Y-Osterath,220.0,,,,1360.0,0.582,3.131,40.7,11.0,False
11T0-0000-1862-Q,Rommerskirchen - St Peter FRIXHM S,AMPRION GMBH,St. Peter,Rommerskirchen,220.0,1290.0,,,,1.048,5.61,77.7,20.0,False
11T0-0000-0608-B,Y-Geithe (-Lippborg - Uentrop) GEITHE W,AMPRION GMBH,Geithe,Y-Lippborg,380.0,,,,2720.0,0.091,0.935,19.5,4.0,False
11T0-0000-0711-N,Y-Lippborg (-Geithe - Uentrop) GEITHE W,AMPRION GMBH,Lippborg,Y-Lippborg,380.0,,,,673.0,0.006,0.055,1.0,0.0,False
11T0-0000-0866-K,Y-Uentrop (-Geithe - Lippborg) GEITHE W,AMPRION GMBH,Uentrop,Y-Lippborg,380.0,,,,2580.0,0.031,0.28,4.3,1.0,False
11T0-0000-0275-C,Gellep - Osterath GELLEP W,AMPRION GMBH,Gellep,Osterath,220.0,1255.0,,,,0.554,3.129,29.7,9.0,False
11T0-0000-0941-1,Y-Gersteinwerk (-Guetersloh - Uentrop) GERSTE O,AMPRION GMBH,Gersteinwerk,Y-Gersteinwerk,380.0,,,,3096.0,0.363,3.133,54.2,12.0,False
11T0-0000-0943-W,Y-Guetersloh (-Gersteinwerk - Uentrop) GERSTE O,AMPRION GMBH,Guetersloh,Y-Gersteinwerk,380.0,,,,2720.0,1.181,10.62,198.8,44.0,False
11T0-0000-0942-Z,Y-Uentrop (-Gersteinwerk - Guetersloh) GERSTE O,AMPRION GMBH,Uentrop,Y-Gersteinwerk,380.0,,,,2720.0,0.405,3.767,64.6,15.0,False
11T0-0000-0755-W,Niederstedem - Osburg GILZEM O,AMPRION GMBH,Niederstedem,Osburg,380.0,,,,3400.0,1.356,11.62,201.5,46.0,False
11T0-0000-0169-9,Y-Bergmannsglueck (-Eiberg - Gelsenberg) GLADBK W,AMPRION GMBH,Bergmannsglueck,Y-Gelsenberg,220.0,,,,1290.0,0.434,2.56,27.1,8.0,False
11T0-0000-0246-L,Y-Eiberg (-Bergmannsglueck - Gelsenberg) GLADBK W,AMPRION GMBH,Eiberg,Y-Gelsenberg,220.0,,,,1290.0,0.924,5.15,46.1,15.0,False
11T0-0000-0279-0,Y-Gelsenberg (-Bergmannsglueck - Eiberg) GLADBK W,AMPRION GMBH,Gelsenberg,Y-Gelsenberg,220.0,,,,1290.0,0.005,0.05,0.4,0.0,False
11T0-0000-1392-2,Y-Bollenacker (-Brauweiler - Sechtem) GODORF O,AMPRION GMBH,Bollenacker,Y-Bollenacker,220.0,1290.0,,,,0.169,0.912,10.9,3.0,False
11T0-0000-1394-X,Y-Brauweiler (-Bollenacker - Sechtem) GODORF O,AMPRION GMBH,Brauweiler,Y-Bollenacker,220.0,1380.0,,,,0.23,4.45,77.3,18.0,False
11T0-0000-1395-U,Y-Sechtem (-Brauweiler - Bollenacker) GODORF O,AMPRION GMBH,Sechtem,Y-Bollenacker,220.0,1380.0,,,,0.09,1.671,28.9,7.0,False
11T0-0000-0311-6,Y-Hanekenfaehr (-Gronau - Kusenhorst) GRAFSH W,AMPRION GMBH,Hanekenfaehr,Y-Hanekenfaehr,220.0,,,,1274.0,2.372,19.97,184.0,58.0,False
11T0-0000-0344-M,Y-Kusenhorst (-Gronau - Hanekenfaehr) GRAFSH W,AMPRION GMBH,Kusenhorst,Y-Hanekenfaehr,220.0,,,,1274.0,3.299,27.52,172.8,66.0,False
11T0-0000-1397-O,Y-Gremberghoven (-Siegburg - Stockem) GREMBG O,AMPRION GMBH,Gremberghoven,Y-Stockem,220.0,1290.0,,,,0.714,3.762,43.7,12.0,False
11T0-0000-1398-L,Y-Siegburg (-Gremberghoven - Stockem) GREMBG O,AMPRION GMBH,Siegburg,Y-Stockem,220.0,1290.0,,,,0.441,2.472,32.0,8.0,False
11T0-0000-1399-I,Y-Stockem (-Gremberghoven - Siegburg) GREMBG O,AMPRION GMBH,Stockem,Y-Stockem,220.0,700.0,,,,0.005,0.05,0.4,0.0,False
11T0-0000-1402-X,Gremberghoven - Siegburg GREMBG W,AMPRION GMBH,Gremberghoven,Siegburg,220.0,1290.0,,,,1.14,6.223,75.9,21.0,False
11T0-0000-0872-S,Pfungstadt - Urberach (NEU) GRIESH O,AMPRION GMBH,Pfungstadt,Urberach (NEU),380.0,,,,3600.0,0.934,8.773,150.6,35.0,False
11T0-0000-1863-N,Reisholz - St Peter GRIND S,AMPRION GMBH,St. Peter,Reisholz,220.0,1290.0,,,,0.32,1.75,20.7,6.0,False
11T0-0000-0617-A,Gronau - Hanekenfaehr GRONAU W,AMPRION GMBH,Gronau,Hanekenfaehr,380.0,,,,3400.0,1.371,12.58,189.6,47.0,False
11T0-0000-1894-8,Gundelfingen - Koetz GUENZ N,AMPRION GMBH,Gundelfingen,Koetz,380.0,2720.0,,,,0.578,5.511,95.6,22.0,False
11T0-0000-0626-9,Gundelfingen - Voehringen GUENZ S,AMPRION GMBH,Gundelfingen,Voehringen,380.0,2720.0,,,,1.255,11.61,201.5,46.0,False
11T0-0000-0603-Q,Y-Enniger (-Guetersloh - Uentrop) GUETER S,AMPRION GMBH,Enniger,Y-Guetersloh,380.0,718.0,,,,0.005,0.05,0.4,0.0,False
11T0-0000-0631-K,Y-Guetersloh (-Enniger - Uentrop) GUETER S,AMPRION GMBH,Guetersloh,Y-Guetersloh,380.0,2565.0,,,,0.792,7.143,134.1,30.0,False
11T0-0000-0867-H,Y-Uentrop (-Enniger - Guetersloh) GUETER S,AMPRION GMBH,Uentrop,Y-Guetersloh,380.0,2565.0,,,,0.797,6.966,124.8,28.0,False
11T0-0000-0677-N,Y-Kruckel (-Lippborg - Uentrop) HAARST O,AMPRION GMBH,Kruckel,Y-Lippborg,380.0,3150.0,,,,0.666,12.98,240.1,53.0,False
11T0-0000-0712-K,Y-Lippborg (-Kruckel - Uentrop) HAARST O,AMPRION GMBH,Lippborg,Y-Lippborg,380.0,673.0,,,,0.007,0.07,1.2,0.0,False
11T0-0000-0868-E,Y-Uentrop (-Kruckel - Lippborg) HAARST O,AMPRION GMBH,Uentrop,Y-Lippborg,380.0,2580.0,,,,0.029,0.261,4.1,1.0,False
11T0-0000-0607-E,Geithe - Unna HAARST W,AMPRION GMBH,Geithe,Unna,380.0,2720.0,,,,0.429,7.41,136.0,30.0,False
11T0-0000-0738-V,St. Barbara - Mittelbexbach HAGARD O,AMPRION GMBH,St. Barbara,Mittelbexbach,380.0,673.0,,,,0.035,0.364,5.4,1.0,False
11T0-0000-0739-S,St.Barbara - Mittelbexbach HAGARD W,AMPRION GMBH,St. Barbara,Mittelbexbach,380.0,673.0,,,,0.036,0.375,5.6,1.0,False
11T0-0000-1955-G,Guetersloh - Hesseln HALLE W,AMPRION GMBH,Guetersloh,Hesseln,220.0,700.0,,,,0.251,5.243,84.4,20.0,False
11T0-0000-0618-7,Gronau - Kusenhorst HAMALD,AMPRION GMBH,Gronau,Kusenhorst,380.0,,,,3591.0,1.89,17.33,259.9,64.0,False
11T0-0000-1409-C,Dauersberg - Setzer Wiese HELLER O,AMPRION GMBH,Dauersberg,Setzer Wiese,220.0,1360.0,,,,2.565,13.88,178.3,48.0,False
11T0-0000-0480-D,Dauersberg - Setzer Wiese HELLER W,AMPRION GMBH,Dauersberg,Setzer Wiese,220.0,1310.0,,,,2.347,13.64,193.8,49.0,False
11T0-0000-1879-1,Y-Herbertingen (-Hoheneck - Metzingen) HERBTG W,AMPRION GMBH,Herbertingen,Y-Herbertingen,380.0,3240.0,,,,0.466,8.762,532.3,65.0,False
11T0-0000-0963-O,Y-Hoheneck (-Herbertingen - Metzingen) HERBTG W,AMPRION GMBH,Hoheneck,Y-Herbertingen,380.0,3072.0,,,,1.496,15.72,274.9,63.0,False
11T0-0000-0243-U,Eiberg - Garenfeld HERDEK N,AMPRION GMBH,Eiberg,Garenfeld,220.0,,,1217.0,1310.0,2.609,14.94,116.5,40.0,False
11T0-0000-0244-R,Eiberg - Garenfeld HERDEK S,AMPRION GMBH,Eiberg,Garenfeld,220.0,,,1140.0,1310.0,2.582,14.82,107.4,38.0,False
11T0-0000-0702-O,Kriftel - Limburg HESSEN O,AMPRION GMBH,Kriftel,Limburg,380.0,2720.0,,,,1.559,14.8,243.8,57.0,False
11T0-0000-0340-Y,Kusenhorst - Poeppinghausen HOCHLR O,AMPRION GMBH,Kusenhorst,Poeppinghausen,220.0,1290.0,,,,1.303,8.266,104.8,28.0,False
11T0-0000-0183-J,Y-Bochum (-Kusenhorst - Poeppinghausen) HOCHLR W,AMPRION GMBH,Bochum,Y-Poeppinghausen,220.0,1282.0,,,,0.688,3.755,40.3,12.0,False
11T0-0000-0345-J,Y-Kusenhorst (-Bochum - Poeppinghausen) HOCHLR W,AMPRION GMBH,Kusenhorst,Y-Poeppinghausen,220.0,1282.0,,,,0.68,5.104,65.7,17.0,False
11T0-0000-0443-K,Y-Poeppinghausen (-Bochum - Kusenhorst) HOCHLR W,AMPRION GMBH,Poeppinghausen,Y-Poeppinghausen,220.0,1282.0,,,,0.619,3.125,38.9,11.0,False
11T0-0000-0651-C,Eiberg - Huellen HUELLN W,AMPRION GMBH,Eiberg,Huellen,380.0,,,,3150.0,0.334,2.88,49.9,11.0,False
11T0-0000-0911-D,Ibbenbueren - Westerkappeln IBBENB S,AMPRION GMBH,Ibbenbueren,Westerkappeln,380.0,615.0,,,,0.343,3.153,55.4,13.0,False
11T0-0000-1956-D,Koetz - Voehringen ILLER N,AMPRION GMBH,Koetz,Voehringen,380.0,2720.0,,,,0.694,6.571,114.3,26.0,False
11T0-0000-0247-I,Y-Eiberg (-Hattingen - Opladen ) ITTERB O,AMPRION GMBH,Eiberg,Y-Mettmann,220.0,,,,1548.0,0.238,1.35,16.8,5.0,False
11T0-0000-0319-J,Y-Hattingen (-Eiberg - Opladen) ITTERB O,AMPRION GMBH,Hattingen,Y-Mettmann,220.0,,,,1548.0,0.381,1.994,25.4,7.0,False
11T0-0000-0421-Y,Y-Opladen (-Eiberg - Hattingen) ITTERB O,AMPRION GMBH,Opladen,Y-Mettmann,220.0,,,,1290.0,3.03,15.54,201.6,53.0,False
11T0-0000-1618-1,Eiberg - Reisholz ITTERB W,AMPRION GMBH,Eiberg,Reisholz,220.0,,,,978.0,3.63,19.14,220.8,62.0,False
11T0-0000-0693-R,Y-Lambsheim (-Mittelbexbach - Otterbach) KAILAU N,AMPRION GMBH,Lambsheim,Y-Otterbach,380.0,,,,3096.0,1.35,12.46,217.2,50.0,False
11T0-0000-0742-8,Y-Mittelbexbach (-Lambsheim - Otterbach) KAILAU N,AMPRION GMBH,Mittelbexbach,Y-Otterbach,380.0,,,,3096.0,1.18,10.06,174.7,40.0,False
11T0-0000-0809-Z,Y-Otterbach (-Lambsheim - Mittelbexbach) KAILAU N,AMPRION GMBH,Otterbach,Y-Otterbach,380.0,,,,3096.0,0.015,0.138,2.5,1.0,False
11T0-0000-0688-G,Lambsheim - Otterbach KAILAU S,AMPRION GMBH,Lambsheim,Otterbach,380.0,,,,3096.0,1.474,12.59,219.1,50.0,False
11T0-0000-0871-V,Dettingen - Urberach KARLST S,AMPRION GMBH,Dettingen,Urberach (NEU),380.0,,,,3600.0,0.565,5.252,91.2,21.0,False
11T0-0000-0414-T,Fuehlingen - Opladen KASSEL S,AMPRION GMBH,Fuehlingen,Opladen,220.0,1360.0,,,,0.257,1.387,17.9,5.0,False
11T0-0000-0658-S,Bischofsheim - Kelsterbach KELSTB N,AMPRION GMBH,Bischofsheim,Kelsterbach,380.0,2500.0,,,,0.501,4.955,91.3,20.0,False
11T0-0000-0915-1,Hattingen - Witten KEMNAD S,AMPRION GMBH,Hattingen,Witten,380.0,,,,3400.0,0.495,4.37,76.6,17.0,False
11T0-0000-0918-T,Leupolz - Woringen KEMPTE O,AMPRION GMBH,Leupolz,Woringen,380.0,2760.0,,,,0.695,6.702,116.2,27.0,False
11T0-0000-0776-L,Oberzier - Siersdorf KIRCHB S,AMPRION GMBH,Oberzier,Siersdorf,380.0,,,,3150.0,0.658,6.087,105.6,24.0,False
11T0-0000-0730-I,Kruckel - Mengede KIRCHL O,AMPRION GMBH,Kruckel,Mengede,380.0,,,,2720.0,0.45,4.181,72.1,17.0,False
11T0-0000-0802-J,Osterath - Rommerskirchen KNESTE W,AMPRION GMBH,Osterath,Rommerskirchen,380.0,2720.0,,,,0.828,7.666,133.9,31.0,False
11T0-0000-0897-5,Koblenz - Weissenthurm KOBLNZ N,AMPRION GMBH,Koblenz,Weissenthurm,380.0,,,,3400.0,0.311,2.714,47.5,11.0,False
11T0-0000-0540-O,Wengerrohr - Weissenthurm KONDLW,AMPRION GMBH,Wengerrohr,Weissenthurm,220.0,,,,1539.0,3.45,21.77,286.3,75.0,False
11T0-0000-0566-Z,Hoheneck - Rheinau KUGELB O,AMPRION GMBH,Hoheneck,Rheinau,380.0,,,,3400.0,2.494,21.35,369.8,85.0,False
11T0-0000-0567-W,Hoheneck - Rheinau KUGELB W,AMPRION GMBH,Hoheneck,Rheinau,380.0,,,,3400.0,2.474,21.32,369.4,85.0,False
11T0-0000-1421-S,Buerstadt - Rheinau KURPFA O,AMPRION GMBH,Buerstadt,Rheinau,380.0,,,,3400.0,0.795,6.793,117.8,27.0,False
11T0-0000-1422-P,Buerstadt - Rheinau KURPFA W,AMPRION GMBH,Buerstadt,Rheinau,380.0,,,,3400.0,0.794,6.792,117.7,27.0,False
11T0-0000-0681-0,Kusenhorst - Rosenblumendelle KUSENH,AMPRION GMBH,Kusenhorst,Rosenblumendelle,380.0,2580.0,,,,1.131,10.62,174.0,41.0,False
11T0-0000-0314-Y,Hattingen - Laer LAER W,AMPRION GMBH,Hattingen,Laer,220.0,1290.0,,,,0.916,5.588,78.3,20.0,False
11T0-0000-0689-D,Lambsheim - Weingarten LAMBSH W,AMPRION GMBH,Lambsheim,Weingarten,380.0,,,,3400.0,0.866,7.993,139.5,32.0,False
11T0-0000-0723-D,Lechhausen - Meitingen LECHHA W,AMPRION GMBH,Lechhausen,Meitingen,380.0,,,,2720.0,0.841,7.886,133.2,31.0,False
11T0-0000-0791-S,Linde - Opladen LEICHL O,AMPRION GMBH,Linde,Opladen,380.0,,,,2720.0,0.772,7.126,124.6,28.0,False
11T0-0000-0790-V,Halfeshof - Opladen LEICHL W,AMPRION GMBH,Halfeshof,Opladen,380.0,,,,2720.0,0.46,4.234,74.2,17.0,False
11T0-0000-0212-8,Dauersberg - Siegburg LEUSHD N,AMPRION GMBH,Dauersberg,Siegburg,220.0,1290.0,,,,3.031,16.03,183.2,52.0,False
11T0-0000-0213-5,Dauersberg - Siegburg LEUSHD S,AMPRION GMBH,Dauersberg,Siegburg,220.0,1290.0,,,,3.031,16.03,183.2,52.0,False
11T0-0000-0842-3,Liessem - Sechtem LIESSM O,AMPRION GMBH,Liessem,Sechtem,380.0,,,,2580.0,0.99,8.81,150.2,35.0,False
11T0-0000-1515-F,Dauersberg - Limburg LIMBG W,AMPRION GMBH,Dauersberg,Limburg,380.0,2720.0,,,,1.264,11.86,200.1,47.0,False
11T0-0000-0680-3,Kusenhorst - Niederrhein LIPPE N,AMPRION GMBH,Kusenhorst,Niederrhein,380.0,,,,3096.0,1.026,9.551,159.5,37.0,False
11T0-0000-1535-7,Y-Kusenhorst (-Niederrhein - Nordlicht) LIPPE S,AMPRION GMBH,Kusenhorst,Y-Kusenhorst,380.0,2580.0,,,,0.305,2.896,43.3,11.0,False
11T0-0000-1537-1,Y-Nordlicht (-Kusenhorst - Niederrhein) LIPPE S,AMPRION GMBH,Nordlicht,Y-Kusenhorst,380.0,2720.0,,,,0.35,3.48,52.2,13.0,False
11T0-0000-1536-4,Y-Niederrhein (-Kusenhorst - Nordlicht) LIPPE S,AMPRION GMBH,Niederrhein,Y-Kusenhorst,380.0,2720.0,,,,0.72,6.65,116.3,27.0,False
11T0-0000-0491-6,Spellen - Walsum LOENEN O,AMPRION GMBH,Spellen,Walsum,220.0,1360.0,,,,0.741,4.063,51.7,14.0,False
11T0-0000-0492-3,Spellen - Walsum LOENEN W,AMPRION GMBH,Spellen,Walsum,220.0,1360.0,,,,0.744,4.007,50.7,14.0,False
11T0-0000-0890-Q,Utfort - Walsum LOHHEI W,AMPRION GMBH,Utfort,Walsum,380.0,2580.0,,,,0.271,2.453,39.3,9.0,False
11T0-0000-2175-5,Y-Osterath (-Rath - Selbeck) MEERBU W,AMPRION GMBH,Osterath,Y-Rath,380.0,2720.0,,,,0.629,5.913,99.4,23.0,False
11T0-0000-2178-X,Y-Selbeck (-Osterath - Rath) MEERBU W,AMPRION GMBH,Rath,Y-Rath,380.0,2720.0,,,,0.189,1.659,31.9,7.0,False
11T0-0000-2176-2,Y-Rath (-Osterath - Selbeck) MEERBU W,AMPRION GMBH,Selbeck,Y-Rath,380.0,646.0,,,,0.222,2.037,35.8,8.0,False
11T0-0000-0721-J,Gundelfingen - Meitingen MEITGN N,AMPRION GMBH,Gundelfingen,Meitingen,380.0,2720.0,,,,1.049,9.94,174.8,40.0,False
11T0-0000-0722-G,Gundelfingen - Meitingen MEITGN S,AMPRION GMBH,Gundelfingen,Meitingen,380.0,2720.0,,,,1.049,9.94,175.0,40.0,False
11T0-0000-0729-W,Gersteinwerk - Mengede MENGED N,AMPRION GMBH,Gersteinwerk,Mengede,380.0,,,,3150.0,0.955,8.765,150.9,35.0,False
11T0-0000-0733-9,Lippe - Mengede MENGED S,AMPRION GMBH,Lippe,Mengede,380.0,,,,3150.0,0.282,2.595,45.3,10.0,False
11T0-0000-0640-J,Hanekenfaehr - Meppen MEPPEN,AMPRION GMBH,Hanekenfaehr,Meppen,380.0,,,,3600.0,1.304,11.93,205.5,47.0,False
11T0-0000-0234-V,Duennwald - Gremberghoven MERHM O,AMPRION GMBH,Duennwald,Gremberghoven,220.0,,,,1506.0,0.668,3.684,39.8,12.0,False
11T0-0000-0235-S,Duennwald - Gremberghoven MERHM W,AMPRION GMBH,Duennwald,Gremberghoven,220.0,,,,1506.0,0.668,3.684,39.8,12.0,False
11T0-0000-0898-2,Koblenz - Weissenthurm METTER,AMPRION GMBH,Koblenz,Weissenthurm,380.0,,,,3400.0,0.472,4.56,68.6,17.0,False
11T0-0000-0844-Y,Sechtem - Weissenthurm MITREI,AMPRION GMBH,Sechtem,Weissenthurm,380.0,2580.0,,,,1.827,15.85,271.7,63.0,False
11T0-0000-0370-M,Muendelheim - Utfort MUENDL N,AMPRION GMBH,Muendelheim,Utfort,220.0,,,,1846.0,0.809,5.801,93.6,22.0,False
11T0-0000-0368-2,Muendelheim - Uerdingen MUENDL S,AMPRION GMBH,Muendelheim,Uerdingen,220.0,1360.0,,,,0.477,2.55,33.6,9.0,False
11T0-0000-0643-A,Y-Hanekenfaehr (-Kottigerhook - Kusenhorst) MUENST,AMPRION GMBH,Hanekenfaehr,Y-Hanekenfaehr,380.0,,,,3600.0,1.479,13.62,203.4,50.0,False
11T0-0000-0669-L,Y-Kottigerhook (-Hanekenfaehr - Kusenhorst) MUENST,AMPRION GMBH,Kottigerhook,Y-Hanekenfaehr,380.0,,,,3400.0,0.005,0.05,0.4,0.0,False
11T0-0000-0684-S,Y-Kusenhorst (-Hanekenfaehr - Kottigerhook) MUENST,AMPRION GMBH,Kusenhorst,Y-Hanekenfaehr,380.0,,,,3600.0,1.784,16.35,245.6,61.0,False
11T0-0000-0124-3,Amelsbueren - Muenster MUNSTR O,AMPRION GMBH,Amelsbueren,Muenster,220.0,1004.0,,,,0.209,1.081,12.8,4.0,False
11T0-0000-0223-1,Diefflen - Saarwellingen NALBA O,AMPRION GMBH,Diefflen,Saarwellingen,220.0,581.0,,,,0.057,0.331,3.7,1.0,False
11T0-0000-0224-Z,Diefflen - Saarwellingen NALBA W,AMPRION GMBH,Diefflen,Saarwellingen,220.0,581.0,,,,0.11,0.477,3.7,1.0,False
11T0-0000-0666-U,Koblenz - Limburg NASSAU,AMPRION GMBH,Koblenz,Limburg,380.0,2720.0,,,,1.429,13.53,224.0,53.0,False
11T0-0000-0477-X,Sechtem - Weissenthurm NETTE O,AMPRION GMBH,Sechtem,Weissenthurm,220.0,,,,1632.0,1.686,15.66,279.7,63.0,False
11T0-0000-0717-5,Meckenheim - Weissenthurm NETTE W,AMPRION GMBH,Meckenheim,Weissenthurm,380.0,,,,2720.0,1.117,10.23,182.0,41.0,False
11T0-0000-0545-9,Ibbenbueren - Westerkappeln NIKE S,AMPRION GMBH,Ibbenbueren,Westerkappeln,220.0,700.0,,,,1.181,5.208,37.6,13.0,False
11T0-0000-1631-E,Niederstedem - Rommersheim NIMSTA O,AMPRION GMBH,Niederstedem,Rommersheim,380.0,,,,3400.0,1.01,8.7,150.4,35.0,False
11T0-0000-2062-N,Sechtem - Siegburg NKASSEL N,AMPRION GMBH,Sechtem,Siegburg,380.0,2720.0,,,,0.458,4.357,75.1,17.0,False
11T0-0000-0496-S,Norf - St. Peter NORF W,AMPRION GMBH,Norf,St. Peter,220.0,,,,1548.0,0.192,1.05,11.1,3.0,False
11T0-0000-0750-A,Niederrhein - Walsum NRHEIN W,AMPRION GMBH,Niederrhein,Walsum,380.0,2720.0,,,,0.519,4.78,83.5,19.0,False
11T0-0000-0891-N,Wehrendorf - Westerkappeln NSACHS N,AMPRION GMBH,Wehrendorf,Westerkappeln,380.0,,,,3400.0,1.69,15.65,270.9,62.0,False
11T0-0000-0641-G,Hanekenfaehr - Wehrendorf NSACHS S,AMPRION GMBH,Hanekenfaehr,Wehrendorf,380.0,,,,3400.0,2.034,18.83,325.9,75.0,False
11T0-0000-0390-E,Niederstedem - Quint NSTEDM O,AMPRION GMBH,Niederstedem,Quint,220.0,,,,2000.0,1.466,7.745,99.9,27.0,False
11T0-0000-2066-B,St. Huelfe - Wehrendorf OCHSMO O,AMPRION GMBH,St. Huelfe,Wehrendorf,380.0,3400.0,,,,0.421,8.206,151.4,34.0,False
11T0-0000-2067-8,St. Huelfe - Wehrendorf OCHSMO W,AMPRION GMBH,St. Huelfe,Wehrendorf,380.0,3400.0,,,,0.42,8.2,151.3,34.0,False
11T0-0000-1895-5,Y-Mettmann (-Ohligs - Opladen) OERKHS O,AMPRION GMBH,Mettmann,Y-Ohligs,380.0,,,,3400.0,0.25,2.37,40.6,9.0,False
11T0-0000-1486-Q,Y-Ohligs (-Mettmann - Opladen) OERKHS O,AMPRION GMBH,Ohligs,Y-Ohligs,380.0,,,,3400.0,0.01,0.08,1.5,0.0,False
11T0-0000-1487-N,Y-Opladen (-Mettmann - Ohligs) OERKHS O,AMPRION GMBH,Opladen,Y-Ohligs,380.0,,,,3400.0,0.47,4.52,77.5,18.0,False
11T0-0000-1849-D,Y-Mettmann (-Ohligs - St Peter) OERKHS W,AMPRION GMBH,Mettmann,Y-Ohligs,380.0,3400.0,,,,0.25,2.37,40.6,9.0,False
11T0-0000-1851-X,Y-Ohligs (-Mettmann - St Peter) OERKHS W,AMPRION GMBH,Ohligs,Y-Ohligs,380.0,3400.0,,,,0.01,0.08,1.5,0.0,False
11T0-0000-1852-U,Y-St Peter (-Ohligs - Mettmann) OERKHS W,AMPRION GMBH,St. Peter,Y-Ohligs,380.0,3400.0,,,,0.54,5.32,85.6,20.0,False
11T0-0000-1864-K,Bollenacker - Sechtem OLEFIN W,AMPRION GMBH,Bollenacker,Sechtem,220.0,1290.0,,,,0.259,2.583,39.8,10.0,False
11T0-0000-0793-M,Opladen - Rommerskirchen OPLADN N,AMPRION GMBH,Opladen,Rommerskirchen,380.0,,,,3096.0,0.628,5.582,97.0,22.0,False
11T0-0000-0794-J,Opladen - Rommerskirchen OPLADN S,AMPRION GMBH,Opladen,Rommerskirchen,380.0,,,,3096.0,0.628,5.585,97.1,22.0,False
11T0-0000-0445-E,Quint - Uchtelfangen OSBURG,AMPRION GMBH,Quint,Uchtelfangen,220.0,,,,1548.0,3.905,20.86,273.2,72.0,False
11T0-0000-1865-H,Guetersloh - Hesseln OSNING O,AMPRION GMBH,Guetersloh,Hesseln,380.0,481.0,,,,0.251,5.244,84.4,20.0,False
11T0-0000-1951-S,Y-St.Barbara (-BASF - Mutterstadt) OTTERB N,AMPRION GMBH,St. Barbara,Y-Mutterstadt,220.0,1360.0,,,,3.124,16.67,716.5,104.0,False
11T0-0000-1952-P,Y-BASF (-Mutterstadt - St.Barbara) OTTERB N,AMPRION GMBH,BASF,Y-Mutterstadt,220.0,1290.0,,,,0.854,4.513,55.4,15.0,False
11T0-0000-1953-M,Y-Mutterstadt (-BASF - St.Barbara) OTTERB N,AMPRION GMBH,Mutterstadt,Y-Mutterstadt,220.0,1290.0,,,,0.784,4.39,57.1,15.0,False
11T0-0000-2073-G,Homburg - Uchtelfangen OTTERB S,AMPRION GMBH,Homburg,Uchtelfangen,220.0,,,,820.0,1.763,9.038,116.9,31.0,False
11T0-0000-0829-R,Paffendorf - Rommerskirchen PAFFEN N,AMPRION GMBH,Paffendorf,Rommerskirchen,380.0,,,,3400.0,0.359,3.285,56.6,13.0,False
11T0-0000-0830-D,Paffendorf - Rommerskirchen PAFFEN S,AMPRION GMBH,Paffendorf,Rommerskirchen,380.0,,,,3400.0,0.359,3.273,56.8,13.0,False
11T0-0000-0678-K,Kruckel - Witten PERSEBEK,AMPRION GMBH,Kruckel,Witten,380.0,,,,3078.0,0.252,2.135,37.9,9.0,False
11T0-0000-0856-O,St. Peter - Rommerskirchen PETER S,AMPRION GMBH,St. Peter,Rommerskirchen,380.0,2720.0,,,,0.492,4.728,76.7,18.0,False
11T0-0000-0385-3,Niederrhein - Pfalzdorf PFALZD N,AMPRION GMBH,Niederrhein,Pfalzdorf,220.0,820.0,,,,2.355,11.17,189.4,44.0,False
11T0-0000-0386-0,Niederrhein - Pfalzdorf PFALZD S,AMPRION GMBH,Niederrhein,Pfalzdorf,220.0,820.0,,,,2.335,12.28,173.3,44.0,False
11T0-0000-0320-5,Y-Hattingen (-Laer - Poeppinghausen) POEPPI O,AMPRION GMBH,Hattingen,Y-Kruckel,220.0,1290.0,,,,1.054,5.39,67.2,18.0,False
11T0-0000-0351-R,Y-Laer (-Hattingen - Poeppinghausen) POEPPI O,AMPRION GMBH,Laer,Y-Kruckel,220.0,1290.0,,,,0.024,0.127,1.5,0.0,False
11T0-0000-0444-H,Y-Poeppinghausen (-Hattingen - Laer) POEPPI O,AMPRION GMBH,Poeppinghausen,Y-Kruckel,220.0,1290.0,,,,0.764,3.853,48.3,13.0,False
11T0-0000-0347-D,Laer - Poeppinghausen POEPPI W,AMPRION GMBH,Laer,Poeppinghausen,220.0,1290.0,,,,0.746,3.745,47.2,13.0,False
11T0-0000-0170-W,Y-Bergmannsglueck (-Bellendorf - Kusenhorst) POLSUM S,AMPRION GMBH,Bergmannsglueck,Y-Bellendorf,220.0,,,,1920.0,0.039,0.373,5.4,1.0,False
11T0-0000-0346-G,Y-Kusenhorst (-Bellendorf - Bergmannsglück) POLSUM S,AMPRION GMBH,Kusenhorst,Y-Bellendorf,220.0,,,,1920.0,0.389,2.931,41.2,10.0,False
11T0-0000-0806-7,Mittelbexbach - Otterbach RAMSTE S,AMPRION GMBH,Mittelbexbach,Otterbach,380.0,,,,3096.0,1.194,10.19,177.0,41.0,False
11T0-0000-0531-P,Ratsbusch - Wambel RATSBU N,AMPRION GMBH,Ratsbusch,Wambel,220.0,769.0,,,,0.105,0.583,5.9,2.0,False
11T0-0000-1438-3,Ratsbusch - Wambel RATSBU S,AMPRION GMBH,Ratsbusch,Wambel,220.0,769.0,,,,0.105,0.583,5.9,2.0,False
11T0-0000-1496-M,Emscherbruch - Mengede RECKLI N,AMPRION GMBH,Emscherbruch,Mengede,380.0,,,,3150.0,0.427,3.853,64.9,15.0,False
11T0-0000-2064-H,Emscherbruch - Mengede RECKLI S,AMPRION GMBH,Emscherbruch,Mengede,380.0,,,,3150.0,0.427,3.853,64.9,15.0,False
11T0-0000-0367-5,Muendelheim - Rheinhausen RHAUSN W,AMPRION GMBH,Muendelheim,Rheinhausen,220.0,,,,888.0,0.375,1.921,18.6,6.0,False
11T0-0000-1671-Z,Opladen - St. Peter RHFELD,AMPRION GMBH,Opladen,St. Peter,380.0,3400.0,,,,0.456,4.513,72.5,17.0,False
11T0-0000-0816-3,Buerstadt - Pfungstadt RIED O,AMPRION GMBH,Buerstadt,Pfungstadt,380.0,,,,3600.0,0.803,7.849,132.4,31.0,False
11T0-0000-0563-7,Y-Bischofsheim (-Buerstadt - Pfungstadt) RIED W,AMPRION GMBH,Bischofsheim,Y-Pfungstadt,380.0,,,,3600.0,0.668,6.58,109.8,26.0,False
11T0-0000-0573-3,Y-Buerstadt (-Bischofsheim - Pfungstadt) RIED W,AMPRION GMBH,Buerstadt,Y-Pfungstadt,380.0,,,,3600.0,0.795,7.833,130.0,30.0,False
11T0-0000-0819-V,Y-Pfungstadt (-Bischofsheim - Buerstadt) RIED W,AMPRION GMBH,Pfungstadt,Y-Pfungstadt,380.0,,,,3600.0,0.009,0.079,1.5,0.0,False
11T0-0000-0458-1,Brauweiler - Rommerskirchen ROKI O,AMPRION GMBH,Brauweiler,Rommerskirchen,220.0,,,,2052.0,0.424,3.415,43.1,12.0,False
11T0-0000-0930-8,Y-Hanekenfaehr (-Oechtel - Roxel) ROXEL O,AMPRION GMBH,Hanekenfaehr,Y-Oechtel,380.0,,,,3600.0,0.571,4.887,84.2,19.0,False
11T0-0000-0931-5,Y-Oechtel (-Hanekenfaehr - Roxel) ROXEL O,AMPRION GMBH,Oechtel,Y-Oechtel,380.0,,,,820.0,0.006,0.064,1.4,0.0,False
11T0-0000-0932-2,Y-Roxel (-Hanekenfaehr - Oechtel) ROXEL O,AMPRION GMBH,Roxel,Y-Oechtel,380.0,,,,3600.0,1.491,12.78,222.7,51.0,False
11T0-0000-0375-7,BASF - Mutterstadt ROXHM S,AMPRION GMBH,BASF,Mutterstadt,220.0,,,,1632.0,1.557,8.705,110.2,30.0,False
11T0-0000-1898-X,Eiberg - Mettmann RUHRTL O,AMPRION GMBH,Eiberg,Mettmann,380.0,3400.0,,,,0.783,7.508,130.8,30.0,False
11T0-0000-1846-M,Eiberg - Mettmann RUHRTL W,AMPRION GMBH,Eiberg,Mettmann,380.0,3400.0,,,,0.78,7.5,130.6,30.0,False
11T0-0000-0744-2,Nehden - Uentrop SAUERL N,AMPRION GMBH,Nehden,Uentrop,380.0,2565.0,,,,3.381,29.28,499.7,116.0,False
11T0-0000-0743-5,Arpe - Nehden SAUERL S,AMPRION GMBH,Arpe,Nehden,380.0,2580.0,,,,1.498,12.93,220.8,51.0,False
11T0-0000-0781-W,Y-Oberzier (-Paffendorf - Sechtem) SECHTM N,AMPRION GMBH,Oberzier,Y-Paffendorf,380.0,,,,3400.0,0.434,4.009,70.0,16.0,False
11T0-0000-0814-9,Y-Paffendorf (-Oberzier - Sechtem) SECHTM N,AMPRION GMBH,Paffendorf,Y-Paffendorf,380.0,,,,3400.0,0.287,2.682,47.6,11.0,False
11T0-0000-0848-M,Y-Sechtem (-Oberzier - Paffendorf) SECHTM N,AMPRION GMBH,Sechtem,Y-Paffendorf,380.0,,,,3400.0,0.789,7.269,126.9,29.0,False
11T0-0000-0782-T,Y-Oberzier (-Paffendorf - Sechtem) SECHTM S,AMPRION GMBH,Oberzier,Y-Paffendorf,380.0,,,,3400.0,0.434,4.009,70.0,16.0,False
11T0-0000-0815-6,Y-Paffendorf (-Oberzier - Sechtem) SECHTM S,AMPRION GMBH,Paffendorf,Y-Paffendorf,380.0,,,,3400.0,0.287,2.682,47.6,11.0,False
11T0-0000-0849-J,Y-Sechtem (-Oberzier - Paffendorf) SECHTM S,AMPRION GMBH,Sechtem,Y-Paffendorf,380.0,,,,3400.0,0.789,7.3,126.4,29.0,False
11T0-0000-0783-Q,Y-Oberzier (-Dahlem - Rommersheim) SELHN O,AMPRION GMBH,Oberzier,Y-Dahlem,380.0,,,,3400.0,1.784,15.24,264.1,61.0,False
11T0-0000-1629-V,Y-Rommersheim (-Dahlem - Oberzier) SELHN O,AMPRION GMBH,Rommersheim,Y-Dahlem,380.0,,,,3400.0,0.71,6.09,105.4,24.0,False
11T0-0000-0762-0,Y-Niederstedem (-Dahlem - Oberzier) SELHN W,AMPRION GMBH,Niederstedem,Y-Dahlem,380.0,,,,3400.0,1.703,14.68,253.7,58.0,False
11T0-0000-0784-N,Y-Oberzier (-Dahlem - Niederstedem) SELHN W,AMPRION GMBH,Oberzier,Y-Dahlem,380.0,,,,3400.0,1.784,15.24,264.2,61.0,False
11T0-0000-1950-V,Altenkleusheim - Setzer Wiese SETZE N,AMPRION GMBH,Altenkleusheim,Setzer Wiese,220.0,,,,740.0,1.002,4.631,84.4,19.0,False
11T0-0000-0166-I,Bergmannsglueck - Niederrhein SHERMB N,AMPRION GMBH,Bergmannsglueck,Niederrhein,220.0,1360.0,,,,1.757,10.02,115.9,33.0,False
11T0-0000-0516-I,FWH-S - Urberach SHWANH O,AMPRION GMBH,FWH-S,Urberach,220.0,551.0,,,,2.597,12.6,372.0,65.0,False
11T0-0000-0517-F,FWH-S - Urberach SHWANH W,AMPRION GMBH,FWH-S,Urberach,220.0,,,,551.0,2.608,12.65,357.4,64.0,False
11T0-0000-0548-0,Kruckel - Unna SHWERT N,AMPRION GMBH,Kruckel,Unna,380.0,3400.0,,,,0.374,7.098,132.1,29.0,False
11T0-0000-0481-A,Dausersberg - Eiserfeld SIEGRL O,AMPRION GMBH,Dauersberg,Eiserfeld,220.0,1310.0,,,,0.236,4.007,81.7,17.0,False
11T0-0000-0250-Z,Dauersberg - Eiserfeld SIEGRL W,AMPRION GMBH,Dauersberg,Eiserfeld,220.0,1360.0,,,,0.218,3.947,68.8,16.0,False
11T0-0000-0586-R,Dauersberg - Siegburg SIEGTA N,AMPRION GMBH,Dauersberg,Siegburg,380.0,2720.0,,,,1.419,13.19,229.6,53.0,False
11T0-0000-0587-O,Dauersberg - Sechtem SIEGTA S,AMPRION GMBH,Dauersberg,Sechtem,380.0,2720.0,,,,1.86,17.2,298.2,68.0,False
11T0-0000-0973-K,Bacharach - Weissenthurm SOONWD O,AMPRION GMBH,Bacharach,Weissenthurm,380.0,,,,3400.0,1.449,12.62,218.0,50.0,False
11T0-0000-0901-H,Waldlaubersheim - Weissenthurm SOONWD W,AMPRION GMBH,Waldlaubersheim,Weissenthurm,380.0,,,,3400.0,1.892,16.49,285.0,65.0,False
11T0-0000-0387-Y,Niederrhein - Spellen SPELLN S,AMPRION GMBH,Niederrhein,Spellen,220.0,1360.0,,,,0.404,2.17,28.5,8.0,False
11T0-0000-0416-N,Opladen - Rommerskirchen STOMM N,AMPRION GMBH,Opladen,Rommerskirchen,220.0,,,,1290.0,1.321,7.387,83.1,24.0,False
11T0-0000-0267-A,Fuehlingen - Rommerskirchen STOMM S,AMPRION GMBH,Fuehlingen,Rommerskirchen,220.0,,,,1300.0,1.024,5.516,71.8,19.0,False
11T0-0000-2074-D,Y-Muendelheim (-Osterath - Rheinhausen) STRATM O,AMPRION GMBH,Muendelheim,Y-Rheinhausen,220.0,,,,1632.0,0.025,0.127,1.8,0.0,False
11T0-0000-2075-A,Y-Osterath (-Muendelheim - Rheinhausen) STRATM O,AMPRION GMBH,Osterath,Y-Rheinhausen,220.0,,,,1506.0,0.842,4.61,48.9,14.0,False
11T0-0000-2076-7,Y-Rheinhausen (-Muendelheim - Osterath) STRATM O,AMPRION GMBH,Rheinhausen,Y-Rheinhausen,220.0,,,,888.0,0.383,1.965,19.4,6.0,False
11T0-0000-0364-E,Gellep - Muendelheim STRATM W,AMPRION GMBH,Gellep,Muendelheim,220.0,1290.0,,,,0.315,1.655,21.8,6.0,False
11T0-0000-1445-8,Norf - St. Peter STUERZ O,AMPRION GMBH,Norf,St. Peter,220.0,1290.0,,,,0.192,1.07,11.0,3.0,False
11T0-0000-0497-P,Norf - St. Peter STUERZ W,AMPRION GMBH,Norf,St. Peter,220.0,,,,1632.0,0.172,0.958,11.7,3.0,False
11T0-0000-0604-N,Ensdorf - Uchtelfangen TAUBNT N,AMPRION GMBH,Ensdorf,Uchtelfangen,380.0,2720.0,,,,0.64,5.887,103.2,24.0,False
11T0-0000-0605-K,Ensdorf - Uchtelfangen TAUBNT S,AMPRION GMBH,Ensdorf,Uchtelfangen,380.0,2720.0,,,,0.64,5.888,103.2,24.0,False
11T-D4-D7-00010V,Herbertingen - Tiengen TIENGN N,AMPRION GMBH,Herbertingen,Tiengen,380.0,1792.0,,,,3.931,35.53,403.0,114.0,False
11T0-0000-0805-A,Y-Osterath (-Selbeck - Utfort) TOESEE W,AMPRION GMBH,Osterath,Y-Osterath,380.0,2720.0,,,,0.451,3.65,70.8,15.0,False
11T0-0000-0851-2,Y-Selbeck (-Osterath - Utfort) TOESEE W,AMPRION GMBH,Selbeck,Y-Osterath,380.0,2720.0,,,,0.406,3.992,65.4,15.0,False
11T0-0000-0880-U,Y-Utfort (-Osterath - Selbeck) TOESEE W,AMPRION GMBH,Utfort,Y-Osterath,380.0,2720.0,,,,0.632,8.621,101.5,28.0,False
11T0-0000-0671-4,Kelsterbach - Kriftel TREBUR N,AMPRION GMBH,Kelsterbach,Kriftel,380.0,2500.0,,,,0.37,3.413,72.6,15.0,False
11T0-0000-0670-7,Bischofsheim - Kriftel TREBUR S,AMPRION GMBH,Bischofsheim,Kriftel,380.0,2720.0,,,,0.514,4.752,82.6,19.0,False
11T0-0000-0486-W,Sechtem - Siegburg TROISD O,AMPRION GMBH,Sechtem,Siegburg,220.0,,,,1360.0,1.004,5.289,61.0,17.0,False
11T0-0000-0487-T,Sechtem - Siegburg TROISD W,AMPRION GMBH,Sechtem,Siegburg,220.0,,,,1360.0,0.927,5.28,61.1,17.0,False
11T0-0000-0798-7,Osburg - Uchtelfangen UCHTLF O,AMPRION GMBH,Osburg,Uchtelfangen,380.0,,,,3400.0,1.449,12.34,214.6,49.0,False
11T0-0000-0756-T,Niederstedem - Uchtelfangen UCHTLF W,AMPRION GMBH,Niederstedem,Uchtelfangen,380.0,,,,3400.0,2.802,23.99,415.7,95.0,False
11T0-0000-0616-D,Y-Gersteinwerk (-Hanekenfaehr - Uentrop) UENTRO N,AMPRION GMBH,Gersteinwerk,Y-Gersteinwerk,380.0,,,,3600.0,0.339,3.131,54.3,12.0,False
11T0-0000-0644-7,Y-Hanekenfaehr (-Gersteinwerk - Uentrop) UENTRO N,AMPRION GMBH,Hanekenfaehr,Y-Gersteinwerk,380.0,,,,3600.0,2.891,26.27,449.9,104.0,False
11T0-0000-0869-B,Y-Uentrop (-Gersteinwerk - Hanekenfaehr) UENTRO N,AMPRION GMBH,Uentrop,Y-Gersteinwerk,380.0,,,,3600.0,0.405,3.767,64.6,15.0,False
11T0-0000-0840-9,Roxel - Uentrop UENTRO S,AMPRION GMBH,Roxel,Uentrop,380.0,,,,3400.0,1.656,14.25,246.7,57.0,False
11T0-0000-0113-A,Uerdingen - Utfort UERDIN W,AMPRION GMBH,Uerdingen,Utfort,220.0,,,,1160.0,0.875,4.693,48.3,14.0,False
11T0-0000-1446-5,Y-Duelken (-Edelstahl - Utfort) UTFORT W,AMPRION GMBH,Duelken,Y-Edelstahl,220.0,1360.0,,,,0.628,5.76,100.1,23.0,False
11T0-0000-1447-2,Y-Edelstahl (-Duelken - Utfort) UTFORT W,AMPRION GMBH,Edelstahl,Y-Edelstahl,220.0,1290.0,,,,0.201,1.006,13.0,3.0,False
11T0-0000-1449-X,Y-Utfort (-Duelken - Edelstahl) UTFORT W,AMPRION GMBH,Utfort,Y-Edelstahl,220.0,,,841.0,1031.0,1.67,7.82,65.4,22.0,False
11T0-0000-0831-A,Rommerskirchen - Sechtem VILLE O,AMPRION GMBH,Rommerskirchen,Sechtem,380.0,,,,3150.0,1.001,8.591,148.8,34.0,False
11T0-0000-1011-F,Rommerskirchen - Sechtem VILLE W,AMPRION GMBH,Rommerskirchen,Sechtem,380.0,,,,3096.0,0.989,8.594,148.9,34.0,False
11T0-0000-0883-L,Voehringen - Woringen VOEHRG O,AMPRION GMBH,Voehringen,Woringen,380.0,2760.0,,,,1.237,11.93,207.0,47.0,False
11T0-0000-2134-O,Rommerskirchen - Sechtem VORGBG O,AMPRION GMBH,Rommerskirchen,Sechtem,380.0,2760.0,,,,0.43,8.676,147.8,34.0,False
11T0-0000-2072-J,Brauweiler - Rommerskirchen VORGBG W,AMPRION GMBH,Brauweiler,Rommerskirchen,220.0,1300.0,,,,0.158,2.646,60.6,12.0,False
11T0-0000-0663-2,Knapsack - Sechtem WABERG W,AMPRION GMBH,Knapsack,Sechtem,380.0,,,,3150.0,0.348,3.442,53.9,13.0,False
11T0-0000-1455-4,Y-Hamborn (-Schwelgern - Walsum) WALSUM N,AMPRION GMBH,Hamborn,Y-Walsum,220.0,,,,1360.0,0.256,1.379,17.8,5.0,False
11T0-0000-1456-1,Y-Schwelgern (-Hamborn - Walsum) WALSUM N,AMPRION GMBH,Schwelgern,Y-Walsum,220.0,,,,700.0,0.085,0.464,5.8,2.0,False
11T0-0000-1457-Z,Y-Walsum (-Hamborn - Schwelgern) WALSUM N,AMPRION GMBH,Walsum,Y-Walsum,220.0,,,,1360.0,0.088,0.447,7.9,2.0,False
11T0-0000-0304-1,Y-Hamborn ( Schwelgern - Walsum) WALSUM S,AMPRION GMBH,Hamborn,Y-Schwelgern,220.0,,,,1360.0,0.256,1.379,17.8,5.0,False
11T0-0000-1456-1,Y-Schwelgern (-Hamborn - Walsum) WALSUM S,AMPRION GMBH,Schwelgern,Y-Schwelgern,220.0,,,,700.0,0.099,0.54,6.8,2.0,False
11T0-0000-0529-5,Y-Walsum (-Hamborn - Schwelgern) WALSUM S,AMPRION GMBH,Walsum,Y-Schwelgern,220.0,,,,1360.0,0.083,0.461,5.5,2.0,False
11T0-0000-0610-V,Gersteinwerk - Lippe WALTRO S,AMPRION GMBH,Gersteinwerk,Lippe,380.0,2720.0,,,,0.655,6.073,104.7,24.0,False
11T0-0000-0287-2,Gersteinwerk - Wambel WAMBEL O,AMPRION GMBH,Gersteinwerk,Wambel,220.0,1290.0,,,,1.173,7.896,90.5,26.0,False
11T0-0000-0289-X,Gersteinwerk - Wambel WAMBEL W,AMPRION GMBH,Gersteinwerk,Wambel,220.0,1290.0,,,,1.172,7.896,90.4,26.0,False
11T0-0000-1497-J,Emscherbruch - Kusenhorst WEHOLT O,AMPRION GMBH,Emscherbruch,Kusenhorst,380.0,,,,2844.0,0.581,5.297,87.6,21.0,False
11T0-0000-2065-E,Emscherbruch- Kusenhorst WEHOLT W,AMPRION GMBH,Emscherbruch,Kusenhorst,380.0,2580.0,,,,0.578,5.241,86.7,20.0,False
11T0-0000-2079-Z,Buerstadt - Maximiliansau WEINGT,AMPRION GMBH,Buerstadt,Maximiliansau,220.0,,,,1300.0,2.123,19.58,361.1,80.0,False
11T0-0000-0647-Z,Eiberg - Hattingen WEITMR W,AMPRION GMBH,Eiberg,Hattingen,380.0,,,,2844.0,0.672,6.539,103.4,25.0,False
11T0-0000-0184-G,Y-Bochum (-Hattingen - Welper) WELPER O,AMPRION GMBH,Bochum,Y-Welper,220.0,1290.0,,,,0.191,1.852,28.3,7.0,False
11T0-0000-0321-2,Y-Hattingen (-Bochum - Welper) WELPER O,AMPRION GMBH,Hattingen,Y-Welper,220.0,1290.0,,,,0.158,1.435,21.7,5.0,False
11T0-0000-0542-I,Y-Welper (-Bochum - Hattingen) WELPER O,AMPRION GMBH,Welper,Y-Welper,220.0,1290.0,,,,0.091,0.532,5.8,2.0,False
11T0-0000-0394-2,Niederstedem - Wengerrohr WENGER,AMPRION GMBH,Niederstedem,Wengerrohr,220.0,,,,1846.0,2.362,11.81,150.7,40.0,False
11T0-0000-0281-K,Amelsbueren - Gersteinwerk WERSE W,AMPRION GMBH,Amelsbueren,Gersteinwerk,220.0,,,,1539.0,1.655,8.318,104.8,28.0,False
11T0-0000-0389-S,Y-Niederrhein (-Ossenberg - Utfort) WESEL O,AMPRION GMBH,Niederrhein,Y-Ossenberg,220.0,,,823.0,1046.0,0.649,4.261,31.4,11.0,False
11T0-0000-0423-S,Y-Ossenberg (-Niederrhein - Utfort) WESEL O,AMPRION GMBH,Ossenberg,Y-Ossenberg,220.0,700.0,,,,0.296,1.579,20.9,5.0,False
11T0-0000-0523-N,Y-Utfort (-Ossenberg - Niederrhein) WESEL O,AMPRION GMBH,Utfort,Y-Ossenberg,220.0,,,630.0,978.0,0.581,3.618,26.1,9.0,False
11T0-0000-0714-E,Luestringen - Westerkappeln WESTER N,AMPRION GMBH,Luestringen,Westerkappeln,380.0,615.0,,,,0.495,4.724,82.9,19.0,False
11T0-0000-0715-B,Luestringen - Westerkappeln WESTER S,AMPRION GMBH,Luestringen,Westerkappeln,220.0,960.0,,,,0.505,4.679,80.5,19.0,False
11T0-0000-2054-L,Emscherbruch - Huellen WESTFL W,AMPRION GMBH,Emscherbruch,Huellen,380.0,,,,3096.0,0.203,1.791,31.3,7.0,False
11T0-0000-0994-9,Y-Dauersberg (-Asslar - Limburg) WESTW W1,AMPRION GMBH,Dauersberg,Y-Dauersberg,380.0,2720.0,,,,0.51,4.716,81.7,19.0,False
11T0-0000-0995-6,Y-Limburg (-Asslar - Dauersberg) WESTW W1,AMPRION GMBH,Limburg,Y-Dauersberg,380.0,2720.0,,,,0.755,7.141,118.3,28.0,False
11T0-0000-0537-7,Wehrendorf - Westerkappeln WIEHEN O,AMPRION GMBH,Wehrendorf,Westerkappeln,220.0,1360.0,,,,3.361,18.19,233.5,62.0,False
11T0-0000-0734-6,Mengede - Witten WITTEN W,AMPRION GMBH,Mengede,Witten,380.0,,,,2580.0,0.72,6.174,107.2,25.0,False
11T0-0000-0976-B,Y-Bacharach (-Buerstadt - Waldlaubersheim) WONNEG O,AMPRION GMBH,Bacharach,Y-Waldlaubersheim,380.0,,,,3078.0,0.443,3.867,67.1,15.0,False
11T0-0000-0977-8,Y-Buerstadt (-Bacharach - Waldlaubersheim) WONNEG O,AMPRION GMBH,Buerstadt,Y-Waldlaubersheim,380.0,,,,3078.0,1.741,14.86,257.1,59.0,False
11T0-0000-0975-E,Y-Waldlaubersheim (-Bacharach - Buerstadt) WONNEG O,AMPRION GMBH,Waldlaubersheim,Y-Waldlaubersheim,380.0,,,,3078.0,0.005,0.05,0.4,0.0,False
11T0-0000-0885-F,Buerstadt - Waldlaubersheim WONNEG W,AMPRION GMBH,Buerstadt,Waldlaubersheim,380.0,,,,3096.0,1.741,14.86,257.4,59.0,False
11T0-0000-0700-U,Liessem - Weissenthurm WTHURM O,AMPRION GMBH,Liessem,Weissenthurm,380.0,,,,2580.0,1.246,10.79,186.8,43.0,False
11T0-0000-1534-A,Niederrhein - Utfort ZENSEN S,AMPRION GMBH,Niederrhein,Utfort,380.0,2580.0,,,,0.79,7.19,122.0,28.0,False
11T0-0000-1462-9,Osterath - St. Peter ZONS O,AMPRION GMBH,Osterath,St. Peter,220.0,1360.0,,,,0.944,7.59,213.3,38.0,False
11T0-0000-0425-M,Norf - Osterath ZONS W,AMPRION GMBH,Norf,Osterath,220.0,,,,1548.0,1.73,9.289,116.6,31.0,False
49T000000000068R,Bergum-Vierverlaten 220 W,TENNET NL,Bergum,Vierverlaten,220.0,,2500.0,,,0.7755,8.5441,142.8237,32.4798,False
49T0000000000169,Bergum-Vierverlaten 220 Z,TENNET NL,Bergum,Vierverlaten,220.0,,2500.0,,,0.7768,8.5393,142.8285,32.4798,False
49T0000000000509,Beverwijk-Oostzaan 380 Z,TENNET NL,Beverwijk,Oostzaan,380.0,,2891.0,,,0.0,0.0,65.4243,0.0,False
49T0000000005776,Beverwijk-Wijk aan Zee 380 O,TENNET NL,Beverwijk,Wijk aan Zee,380.0,,1500.0,,,0.0638,1.0266,466.4637,5.8,False
49T0000000005784,Beverwijk-Wijk aan Zee 380 P,TENNET NL,Beverwijk,Wijk aan Zee,380.0,,1500.0,,,0.0638,1.0266,466.4637,5.8,False
49T0000000005792,Beverwijk-Wijk aan Zee 380 W,TENNET NL,Beverwijk,Wijk aan Zee,380.0,,1500.0,,,0.0638,1.0266,466.4637,5.8,False
49T000000000580H,Beverwijk-Wijk aan Zee 380 Z,TENNET NL,Beverwijk,Wijk aan Zee,380.0,,1500.0,,,0.0638,1.0266,466.4637,5.8,False
49T0000000000444,Bleiswijk-Krimpen 380 Z,TENNET NL,Bleiswijk,Krimpen,380.0,,4000.0,,,0.28311746343,4.5209244588,88.97983,18.559999466,False
49T000000000047Z,Bleiswijk-Vijfhuizen 380 O,TENNET NL,Bleiswijk,Vijfhuizen,380.0,,3000.0,,,0.629789,9.920326,1387.867,45.97,False
49T0000000000460,Bleiswijk-Vijfhuizen 380 P,TENNET NL,Bleiswijk,Vijfhuizen,380.0,,3000.0,,,0.629789,9.920326,1387.867,45.97,False
49T000000000057W,Borssele-Rilland 380 G,TENNET NL,Borssele,Rilland,380.0,,3300.0,2500.0,4000.0,0.8695635,10.18357,153.0682,37.2,False
49T000000000059S,Borssele-Rilland 380 Z,TENNET NL,Borssele,Rilland,380.0,,3300.0,2500.0,4000.0,0.8695635,10.18357,153.0682,37.2,False
49T000000000006C,Boxmeer-Dodewaard 380 Z,TENNET NL,Boxmeer,Dodewaard,380.0,,2875.0,,,0.97549807529,11.480607421,172.4847,41.916000769,False
49T000000000007A,Boxmeer-Dodewaard 380 Z,TENNET NL,Boxmeer,Dodewaard,380.0,,2875.0,,,1.3471506678,15.858223376,238.2494,57.900001526,False
49T0000000000088,Breukelen Kortrijk-Diemen 380 W,TENNET NL,Breukelen Kortrijk,Diemen,380.0,,3100.0,,,0.48435843719,5.6721326786,85.25732,20.719999313,False
49T000000000236W,Compenstatie Filterstation Eemshaven-Eemshaven Oudeschip 380 W,TENNET NL,Compenstatie Filterstation Eemshaven,Eemshaven Oudeschip,380.0,,900.0,,,0.02100021,0.1289996,53.07344,0.77,False
49T000000000237U,Compenstatie Filterstation Eemshaven-Eemshaven Oudeschip 380 Z,TENNET NL,Compenstatie Filterstation Eemshaven,Eemshaven Oudeschip,380.0,,900.0,,,0.02100021,0.1289996,53.07344,0.77,False
49T0000000000347,Crayestein-Krimpen 380 W,TENNET NL,Crayestein,Krimpen,380.0,,4000.0,,,0.2266118595,3.5957172186,71.69833,14.835000038,False
49T0000000000339,Crayestein-Krimpen 380 Z,TENNET NL,Crayestein,Krimpen,380.0,,4000.0,,,0.2266,3.5957,71.69833,14.835,False
49T0000000000096,Diemen-Lelystad 380 W,TENNET NL,Diemen,Lelystad,380.0,,3000.0,,,1.1802686575,13.713963488,209.651,50.430000305,False
49T000000000010L,Diemen-Lelystad 380 Z,TENNET NL,Diemen,Lelystad,380.0,,3000.0,,,1.1802686575,13.713963488,209.651,50.430000305,False
49T0000000000525,Diemen-Oostzaan 380 G,TENNET NL,Diemen,Oostzaan,380.0,,3000.0,,,0.36118834771,4.2297358173,63.57678,15.451000214,False
49T000000000219W,Diemen-Oostzaan 380 Z,TENNET NL,Diemen,Oostzaan,380.0,,3000.0,,,0.3615946,4.229672,63.57637,15.451,False
49T000000000011J,Dodewaard-Doetinchem Langerak 380 W,TENNET NL,Dodewaard,Doetinchem Langerak,380.0,,3100.0,,,1.1554971424,12.371992696,192.8592,45.400001526,False
49T000000000012H,Dodewaard-Doetinchem Langerak 380 Z,TENNET NL,Dodewaard,Doetinchem Langerak,380.0,,3100.0,,,1.1554971424,12.371992696,192.8592,45.400001526,False
49T000000000014D,Doetinchem Langerak-Hengelo 380 W,TENNET NL,Doetinchem Langerak,Hengelo,380.0,,3100.0,,,1.4910214256,16.040221527,247.7843,58.650001526,False
49T000000000015B,Doetinchem Langerak-Hengelo 380 Z,TENNET NL,Doetinchem Langerak,Hengelo,380.0,,3100.0,,,1.4910214256,16.040221527,247.7843,58.650001526,False
49T0000000000541,Eemshaven Oudeschip-Doekegat 380 W,TENNET NL,Eemshaven Oudeschip,Doekegat,380.0,,2500.0,,,0.054531,0.58473,9.356919,2.19,False
49T0000000000533,Eemshaven Oudeschip-Doekegat 380 Z,TENNET NL,Eemshaven Oudeschip,Doekegat,380.0,,2500.0,,,0.054531,0.58473,9.356919,2.19,False
49T000000000581F,Eemshaven Oudeschip-Eemshaven 380 W,TENNET NL,Eemshaven Oudeschip,Eemshaven,380.0,,4000.0,,,0.021823,0.3768,7.428044,1.57,False
49T000000000101I,Eemshaven Oudeschip-Eemshaven 380 Z,TENNET NL,Eemshaven Oudeschip,Eemshaven,380.0,,4000.0,,,0.021823,0.3768,7.428044,1.57,False
49T000000000100K,Eemshaven Oudeschip-Eemshaven Oudeschip 380 W,TENNET NL,Eemshaven Oudeschip,Eemshaven Oudeschip,380.0,,4800.0,,,0.01075,0.10879,1.933116,0.43,False
49T0000000001505,Eemshaven Oudeschip-Eemshaven Oudeschip 380 Z,TENNET NL,Eemshaven Oudeschip,Eemshaven Oudeschip,380.0,,4800.0,,,0.013,0.13156,2.337722,0.52,False
49T000000000583B,Eemshaven Oudeschip-Vierverlaten 380 W,TENNET NL,Eemshaven Oudeschip,Vierverlaten,380.0,,2500.0,,,0.6183495,9.958256,256.4743,40.415,False
N.A.,Eemshaven-Eemshaven Converterstation 380 1,TENNET NL,Eemshaven,Eemshaven Converterstation,380.0,,1488.0,,,0.0387,0.0507,0.1072,1.34,False
49T000000000193O,Eemshaven-Eemshaven Oost 220 W,TENNET NL,Eemshaven,Eemshaven Oost,220.0,,600.0,,,0.08299228549,0.11502161622,54.4505,0.78890001774,False
49T000000000194M,Eemshaven-Eemshaven Oost 220 Z,TENNET NL,Eemshaven,Eemshaven Oost,220.0,,600.0,,,0.081980399787,0.11291640252,53.1863,0.77340000868,False
49T000000000004G,Eemshaven-Meeden 380 W,TENNET NL,Eemshaven,Meeden,380.0,,4000.0,,,0.51488332743,8.8642523777,182.258,37.199999809,False
49T000000000003I,Eemshaven-Meeden 380 Z,TENNET NL,Eemshaven,Meeden,380.0,,4000.0,,,0.51963809578,8.8230595767,182.3658,37.199999809,False
49T000000000195K,Eemshaven-Robbenplaat 220 W,TENNET NL,Eemshaven,Robbenplaat,220.0,,4000.0,,,0.0,0.05,0.125664,0.04,False
49T000000000196I,Eemshaven-Robbenplaat 220 Z,TENNET NL,Eemshaven,Robbenplaat,220.0,,4000.0,,,0.0,0.05,0.125664,0.04,False
49T0000000000193,Eindhoven-Geertruidenberg 380 G,TENNET NL,Eindhoven,Geertruidenberg,380.0,,3100.0,,,1.4699724722,19.025576784,244.9655,63.900001526,False
49T000000000020I,Eindhoven-Geertruidenberg 380 W,TENNET NL,Eindhoven,Geertruidenberg,380.0,,3100.0,,,1.498463562,19.030214124,244.3273,63.900001526,False
49T000000000021G,Eindhoven-Geertruidenberg 380 Z,TENNET NL,Eindhoven,Geertruidenberg,380.0,,3100.0,,,1.5064365215,19.131469256,245.6273,64.239997864,False
49T000000000024A,Ens-Zwolle 380 W,TENNET NL,Ens,Zwolle,380.0,,3301.0,2826.0,4000.0,0.81002841327,8.7473574849,135.3747,32.0,False
49T0000000000258,Ens-Zwolle 380 Z,TENNET NL,Ens,Zwolle,380.0,,3301.0,2826.0,4000.0,0.81002841327,8.7473574849,135.3747,32.0,False
49T000000000197G,Hessenweg-Ens 220 W,TENNET NL,Hessenweg,Ens,220.0,,2500.0,,,0.74885960578,8.2606404082,138.1198,31.410099983,False
49T000000000198E,Hessenweg-Ens 220 Z,TENNET NL,Hessenweg,Ens,220.0,,2500.0,,,0.74885960578,8.2606404082,138.1198,31.410099983,False
N.A.,Hollandse Kust Zuid Landstation-Maasvlakte 380 W,TENNET NL,Hollandse Kust Zuid Landstation,Maasvlakte,380.0,,1200.0,,,0.0517,0.4536,316.6725,4.2,False
N.A.,Hollandse Kust Zuid Landstation-Maasvlakte 380 Z,TENNET NL,Hollandse Kust Zuid Landstation,Maasvlakte,380.0,,1200.0,,,0.0517,0.4536,316.6725,4.2,False
49T0000000000452,Krimpen-Bleiswijk 380 W,TENNET NL,Krimpen,Bleiswijk,380.0,,4000.0,,,0.28311746343,4.5209244588,88.97983,18.559999466,False
49T0000000000266,Krimpen-Breukelen Kortrijk 380 W,TENNET NL,Krimpen,Breukelen Kortrijk,380.0,,2500.0,,,0.87378544804,10.232560462,153.8047,37.37899971,False
49T000000000220A,Krimpen-Diemen 380 Z,TENNET NL,Krimpen,Diemen,380.0,,3100.0,,,1.359671563,15.904453039,239.0605,58.098999023,False
49T0000000000274,Krimpen-Geertruidenberg 380 W,TENNET NL,Krimpen,Geertruidenberg,380.0,,3300.0,,,0.79522985168,9.3130400562,139.9833,34.019999743,False
49T0000000000282,Krimpen-Geertruidenberg 380 Z,TENNET NL,Krimpen,Geertruidenberg,380.0,,3300.0,,,0.79522985168,9.3130400562,139.9833,34.019999743,False
49T000000000022E,Lelystad-Ens 380 W,TENNET NL,Lelystad,Ens,380.0,,4000.0,,,0.42116928141,5.7361952055,88.92314,21.0,False
49T000000000023C,Lelystad-Ens 380 Z,TENNET NL,Lelystad,Ens,380.0,,4000.0,,,0.42116928141,5.7361952055,88.92314,21.0,False
49T0000000000614,Louwsmeer-Bergum 220 W,TENNET NL,Louwsmeer,Bergum,220.0,,2500.0,,,0.25924202027,2.8518972767,47.69761,10.847000122,False
49T0000000000622,Louwsmeer-Bergum 220 Z,TENNET NL,Louwsmeer,Bergum,220.0,,2500.0,,,0.25941920603,2.8517129949,47.69922,10.847000122,False
49T000000000064Z,Louwsmeer-Oudehaske 220 W,TENNET NL,Louwsmeer,Oudehaske,220.0,,2750.0,,,0.68079769641,7.4893919371,125.2591,28.4854002,False
49T000000000065X,Louwsmeer-Oudehaske 220 Z,TENNET NL,Louwsmeer,Oudehaske,220.0,,2750.0,,,0.68126300544,7.4889079932,125.2633,28.4854002,False
49T000000000013F,Maasbracht-Dodewaard 380 W,TENNET NL,Maasbracht,Dodewaard,380.0,,2500.0,,,2.3161265362,27.280827308,409.8279,99.600002289,False
49T0000000000290,Maasbracht-Eindhoven 380 W,TENNET NL,Maasbracht,Eindhoven,380.0,,3300.0,,,1.1334271749,13.350664963,200.5604,48.741998672,False
49T000000000030F,Maasbracht-Eindhoven 380 Z,TENNET NL,Maasbracht,Eindhoven,380.0,,3300.0,,,1.1334271749,13.350664963,200.5604,48.741998672,False
49T0000000000711,Maasvlakte-Maasvlakte Converterstation 38080,TENNET NL,Maasvlakte,Maasvlakte Converterstation,380.0,,4000.0,,,0.0032116,0.050344,1.04304,0.217,False
49T0000000002137,Oostpolder-Robbenplaat 220 W,TENNET NL,Oostpolder,Robbenplaat,220.0,,800.0,,,0.0194555,0.2004835,55.08782,0.835,False
49T0000000002145,Oostpolder-Robbenplaat 220 Z,TENNET NL,Oostpolder,Robbenplaat,220.0,,800.0,,,0.0194555,0.2004835,55.08782,0.835,False
49T0000000000517,Oostzaan-Beverwijk 380 W,TENNET NL,Oostzaan,Beverwijk,380.0,,3300.0,,,0.3716683,4.352655,65.4243,15.9,False
49T000000000066V,Oudehaske-Ens 220 W,TENNET NL,Oudehaske,Ens,220.0,,2500.0,,,1.0467259033,11.515323931,192.5915,43.797600269,False
49T000000000067T,Oudehaske-Ens 220 Z,TENNET NL,Oudehaske,Ens,220.0,,2750.0,,,1.0467259033,11.515323931,192.5915,43.797600269,False
49T000000000058U,Rilland-Geertruidenberg 380 W,TENNET NL,Rilland,Geertruidenberg,380.0,,3300.0,2826.0,4000.0,1.573326,17.25469,259.0317,62.4,False
49T0000000000606,Rilland-Geertruidenberg 380 Z,TENNET NL,Rilland,Geertruidenberg,380.0,,3300.0,2826.0,4000.0,1.573326,17.25469,259.0317,62.4,False
49T0000000002161,Robbenplaat-Weiwerd 220 G,TENNET NL,Robbenplaat,Weiwerd,220.0,,2500.0,,,0.4262584091,6.1489650423,115.7931,24.800000191,False
49T000000000203A,Robbenplaat-Weiwerd 220 P,TENNET NL,Robbenplaat,Weiwerd,220.0,,2500.0,,,0.41636402341,5.9349008784,112.1255,24.0,False
49T0000000005849,Vierverlaten-Eemshaven Oudeschip 380 P,TENNET NL,Vierverlaten,Eemshaven Oudeschip,380.0,,2500.0,,,0.6183495,9.768306,256.4743,40.415,False
49T0000000002064,Vierverlaten-Zeyerveen 220 W,TENNET NL,Vierverlaten,Zeyerveen,220.0,,2750.0,,,0.55076795816,6.0536999702,108.8889,23.739999771,False
49T0000000002072,Vierverlaten-Zeyerveen 220 Z,TENNET NL,Vierverlaten,Zeyerveen,220.0,,2750.0,,,0.55076795816,6.0536999702,108.8889,23.739999771,False
49T000000000049V,Vijfhuizen-Beverwijk 380 W,TENNET NL,Vijfhuizen,Beverwijk,380.0,,3000.0,,,0.3666832,2.860119,164.002,12.2,False
49T000000000048X,Vijfhuizen-Beverwijk 380 Z,TENNET NL,Vijfhuizen,Beverwijk,380.0,,3000.0,,,0.3666832,2.860119,164.002,12.2,False
49T0000000000428,Wateringen-Bleiswijk 380 W,TENNET NL,Wateringen,Bleiswijk,380.0,,2500.0,,,0.446003,3.651508,1602.792,21.786,False
49T0000000000436,Wateringen-Bleiswijk 380 Z,TENNET NL,Wateringen,Bleiswijk,380.0,,2500.0,,,0.4455116,3.647485,1601.026,21.762,False
49T000000000041A,Wateringen-Westerlee 380 W,TENNET NL,Wateringen,Westerlee,380.0,,4000.0,,,0.1034427,1.662106,32.48979,6.8,False
49T000000000040C,Wateringen-Westerlee 380 Z,TENNET NL,Wateringen,Westerlee,380.0,,4000.0,,,0.1034427,1.662106,32.48979,6.8,False
49T000000000210D,Weiwerd-Delesto 220 W,TENNET NL,Weiwerd,Delesto,220.0,,525.0,,,0.1199995,0.4350003,6.27062,1.996,False
49T000000000211B,Weiwerd-Delesto 220 Z,TENNET NL,Weiwerd,Delesto,220.0,,525.0,,,0.1199995,0.4350003,6.27062,1.996,False
49T000000000201E,Weiwerd-Meeden 220 B,TENNET NL,Weiwerd,Meeden,220.0,,2500.0,,,0.49212261663,7.2483617168,139.7185,29.599999428,False
49T000000000202C,Weiwerd-Meeden 220 O,TENNET NL,Weiwerd,Meeden,220.0,,2500.0,,,0.49237201412,7.2080257792,140.388,29.599999428,False
49T000000000069P,Westerlee-Maasvlakte 380 W,TENNET NL,Westerlee,Maasvlakte,380.0,,4000.0,,,0.29902751092,13.246342093,224.1415,20.43200016,False
49T0000000000703,Westerlee-Maasvlakte 380 Z,TENNET NL,Westerlee,Maasvlakte,380.0,,4000.0,,,0.32065105252,13.22734344,229.4822,20.43200016,False
49T000000000575A,Wijk aan Zee-Hollandse Kust Noord Landstation 380 B,TENNET NL,Wijk aan Zee,Hollandse Kust Noord Landstation,380.0,,1200.0,,,0.002091,0.01836,12.8177,0.17,False
49T000000000574C,Wijk aan Zee-Hollandse Kust Noord Landstation 380 O,TENNET NL,Wijk aan Zee,Hollandse Kust Noord Landstation,380.0,,1200.0,,,0.002091,0.01836,12.8177,0.17,False
49T000000000574C,Wijk aan Zee-Hollandse Kust Noord Landstation 380 P,TENNET NL,Wijk aan Zee,Hollandse Kust Noord Landstation,380.0,,1200.0,,,0.002091,0.01836,12.8177,0.17,False
49T0000000005768,Wijk aan Zee-Hollandse Kust Noord Landstation 380 R,TENNET NL,Wijk aan Zee,Hollandse Kust Noord Landstation,380.0,,1200.0,,,0.002091,0.01836,12.8177,0.17,False
49T000000000575A,Wijk aan Zee-Hollandse Kust Noord Landstation 380 W,TENNET NL,Wijk aan Zee,Hollandse Kust Noord Landstation,380.0,,1200.0,,,0.002091,0.01836,12.8177,0.17,False
49T0000000005768,Wijk aan Zee-Hollandse Kust Noord Landstation 380 Z,TENNET NL,Wijk aan Zee,Hollandse Kust Noord Landstation,380.0,,1200.0,,,0.002091,0.01836,12.8177,0.17,False
49T0000000001513,Zeeuwse Kust Landstation-Borssele 380 O,TENNET NL,Zeeuwse Kust Landstation,Borssele,380.0,,600.0,,,0.00344277,0.00344277,6.955486,0.1107,False
49T0000000001521,Zeeuwse Kust Landstation-Borssele 380 P,TENNET NL,Zeeuwse Kust Landstation,Borssele,380.0,,600.0,,,0.00524657,0.00524657,10.59973,0.1687,False
49T000000000154Y,Zeeuwse Kust Landstation-Borssele 380 W,TENNET NL,Zeeuwse Kust Landstation,Borssele,380.0,,600.0,,,0.0090501,0.0090501,18.28407,0.291,False
49T000000000155W,Zeeuwse Kust Landstation-Borssele 380 Z,TENNET NL,Zeeuwse Kust Landstation,Borssele,380.0,,600.0,,,0.01089433,0.01089433,22.01,0.3503,False
49T000000000199C,Zeyerveen-Hessenweg 220 W,TENNET NL,Zeyerveen,Hessenweg,220.0,,2750.0,,,1.3019850254,18.720029831,230.906,64.052001953,False
49T000000000200G,Zeyerveen-Hessenweg 220 Z,TENNET NL,Zeyerveen,Hessenweg,220.0,,2750.0,,,1.3019850254,18.720029831,230.906,64.052001953,False
49T000000000000O,Zwolle-Hengelo 380 W,TENNET NL,Zwolle,Hengelo,380.0,,3100.0,,,1.5300884274,16.526449686,253.9931,60.309999228,False
49T000000000031D,Zwolle-Hengelo 380 Z,TENNET NL,Zwolle,Hengelo,380.0,,3100.0,,,1.5300884274,16.526449686,253.9931,60.309999228,False
49T000000000001M,Zwolle-Meeden 380 W,TENNET NL,Zwolle,Meeden,380.0,,4000.0,,,1.4968076061,25.632442662,522.3601,107.84999573,False
49T000000000002K,Zwolle-Meeden 380 Z,TENNET NL,Zwolle,Meeden,380.0,,4000.0,,,1.5012697599,25.634222258,522.3352,107.84999573,False
10T-DE-DK-00005A,Bentwisch - Bjaeverskov (DC cable),50HERTZ,Bentwisch,Bjaeverskov,380.0,1500.0,,,,,,,,True
10T-DE-PL-000039,Vierraden - Krajnik 507,50HERTZ,Vierraden,Krajnik,380.0,2520.0,,,,0.35,3.49,57.17699,13.1,True
10T-DE-PL-000047,Vierraden - Krajnik 508,50HERTZ,Vierraden,Krajnik,380.0,2520.0,,,,0.35,3.49,57.17699,13.1,True
10T-DE-PL-00002B,Hagenwerder - Mikulowa 567,50HERTZ,Hagenwerder,Mikulowa,380.0,2520.0,,,,0.233,2.53,28.71416,2.6,True
10T-DE-PL-00001D,Hagenwerder - Mikulowa 568,50HERTZ,Hagenwerder,Mikulowa,380.0,2520.0,,,,0.243,2.606,29.81371,2.4,True
10T-CZ-DE-00002U,Röhrsdorf - Hradec 445,50HERTZ,Röhrsdorf,Hradec Vychod,380.0,2520.0,,,,1.23,10.945,174.8296,51.9,True
10T-CZ-DE-00003S,Röhrsdorf - Hradec 446,50HERTZ,Röhrsdorf,Hradec Vychod,380.0,2520.0,,,,1.23,10.945,174.8296,51.9,True
11T-D2-D8-000302,Mecklar - Vieselbach 449-1,50HERTZ,Mecklar,Vieselbach,380.0,2520.0,,,,1.774,16.325,267.067,87.1,True
11T-D2-D8-000310,Mecklar - Eisenach 450-2,50HERTZ,Mecklar,Eisenach,380.0,2520.0,,,,0.833,6.886,139.801,15.6,True
11T-D2-D8-00008W,Krümmel - Krümmel 993,50HERTZ,Krümmel,Krümmel,380.0,4000.0,,,,0.004,0.2,0.031,0.2,True
11T-D2-D8-00009U,Krümmel - Krümmel 994,50HERTZ,Krümmel,Krümmel,380.0,4000.0,,,,0.004,0.2,0.031,0.2,True
11T-D2-D8-00063O,Hamburg/Süd - Dollern 981,50HERTZ,Hamburg/Süd,Dollern,380.0,2280.0,,,,0.457,3.548,71.0,28.6,True
11T-D2-D8-000051,Hamburg/Süd - Dollern 982,50HERTZ,Hamburg/Süd,Dollern,380.0,2280.0,,,,0.457,3.548,71.0,28.6,True
11T-D2-D8-000027,Brunsbüttel - Brunsbüttel 949,50HERTZ,Brunsbüttel,Brunsbüttel,380.0,2100.0,,,,0.002,0.2,0.346,0.2,True
11T-D2-D8-001007,Altenfeld - Redwitz 459,50HERTZ,Altenfeld,Redwitz,380.0,3600.0,,,,0.429,7.087,132.842,25.8,True
11T-D2-D8-001015,Altenfeld - Redwitz 460,50HERTZ,Altenfeld,Redwitz,380.0,3600.0,,,,0.9424403749989945,14.166686632362973,265.68449071408884,25.8,True
11T-D2-D8-000205,Helmstedt - Wolmirstedt 491-1,50HERTZ,Helmstedt,Wolmirstedt,380.0,3600.0,,,,0.871,6.527,104.961,46.9,True
11T-D2-D8-000213,Helmstedt - Wolmirstedt 492-2,50HERTZ,Helmstedt,Wolmirstedt,380.0,3600.0,,,,0.87,6.527,104.961,46.9,True
11T-D2-D8-00050X,Redwitz - Remptendorf 413,50HERTZ,Redwitz,Remptendorf,380.0,3600.0,,,,0.731,7.216,126.606,18.4,True
11T-D2-D8-00051V,Redwitz - Remptendorf 414,50HERTZ,Redwitz,Remptendorf,380.0,3600.0,,,,0.731,7.216,126.606,18.4,True
10T-AT-DE-00001B,St.Peter - Altheim 233/230,APG,St.Peter,Altheim,220.0,1077.0,,,,0.147,0.757,5.526,1.9,True
10T-AT-DE-000231,Meiningen - Buers  406A,APG,Meiningen,Buers,220.0,2040.0,,,,0.37,4.49,52.30751,28.9,True
10T-AT-DE-10024U,Walgauwerk - Buers  405A,APG,Walgauwerk,Buers,220.0,2040.0,,,,0.185,2.24,25.91813,34.5,True
10T-AT-DE-000061,Westtirol - Buers  422,APG,Westtirol,Buers,380.0,2300.0,,,,0.99,14.25,168.7035,92.0,True
10T-AT-DE-000053,Westtirol - Buers  421,APG,Westtirol,Buers,220.0,2140.0,,,,1.0,14.35,170.1172,92.0,True
10T-AT-HU-00001W,Neusiedl - Gyoer 246B,APG,Neusiedl,Gyoer,220.0,600.0,,,,3.325,17.105,113.7413,22.7,True
10T-AT-HU-00002U,Wien Suedost - Gyoer 245,APG,Wien Suedost,Gyoer,220.0,600.0,,,,4.992,25.665,170.7455,63.1,True
10T-AT-HU-00003S,Zurndorf - Gyoer 439B,APG,Zurndorf,Gyoer,380.0,2000.0,,,,0.745,10.355,128.2555,8.9,True
10T1001C--00037V,Westtirol - Voehringen 411,APG,Westtirol,Voehringen,220.0,1795.0,,,,2.2525,19.978,1081.25,47.0,True
10T-AT-DE-10007U,Westtirol - Leupolz 412,APG,Westtirol,Leupolz,380.0,2392.0,,,,1.33,10.65,177.9712,47.0,True
10T-AT-SI-00001T,Kainachtal - Maribor 473,APG,Kainachtal,Maribor,380.0,1920.0,,,,0.725,9.05,105.9973,33.7,True
10T-AT-SI-00002R,Kainachtal - Maribor 474,APG,Kainachtal,Maribor,380.0,1920.0,,,,0.725,9.05,105.9973,33.7,True
10T-AT-DE-000029,St.Peter - Pirach 256,APG,St.Peter,Pirach,220.0,1350.0,,,,0.134,0.698,9.364,1.9,True
10T-AT-DE-000037,St.Peter - Pleinting 258,APG,St.Peter,Pleinting,220.0,1350.0,,,,0.134,0.698,9.364,1.9,True
10T-AT-SI-00003P,Obersielach - Podlog 247,APG,Obersielach,Podlog,220.0,920.0,,,,1.99,13.44,93.03827,19.6,True
10T1001C--00133Z,Nauders - Pradella 429,APG,Nauders,Pradella,380.0,2300.0,,,,0.435,5.202,14.482,2.9,True
10T1001C--001320,Nauders - Pradella 430,APG,Nauders,Pradella,380.0,2300.0,,,,0.435,5.202,14.482,2.9,True
10T-AT-CH-00003T,Meiningen - Ruethi 407,APG,Meiningen,Ruethi,220.0,2400.0,,,,0.0414,0.5295,5.6405,2.4,True
10T-AT-CH-00004R,Meiningen - Ruethi 408,APG,Meiningen,Ruethi,220.0,2400.0,,,,0.0339,0.5095,5.78512,2.4,True
10T-AT-DE-000045,St.Peter - Simbach 234/230,APG,St.Peter,Simbach,220.0,1077.0,,,,0.147,0.757,5.526,1.9,True
10T-AT-CZ-00003X,Duernrohr - Slavetice 437,APG,Duernrohr,Slavetice,380.0,2250.0,,,,1.0335,14.265,187.3802,53.34,True
10T-AT-CZ-00004V,Duernrohr - Slavetice 438,APG,Duernrohr,Slavetice,380.0,2250.0,,,,1.0335,14.265,187.3802,53.34,True
10T1001C--001215,Zaya - Sokolnice 243,APG,Zaya,Sokolnice,220.0,800.0,,,,2.544,12.57,82.4668,13.67,True
10T1001C--001223,Zaya - Sokolnice 244,APG,Zaya,Sokolnice,220.0,800.0,,,,2.544,12.57,82.4668,13.67,True
10T-AT-IT-00001V,Lienz - Auronzo 261,APG,Lienz,Auronzo,220.0,704.0,,,,4.279,21.83,245.872,25.9,True
10T-AT-HU-00004Q,Zurndorf - Szombathely 440B,APG,Zurndorf,Szombathely,380.0,2000.0,,,,1.865,20.85,251.6415,8.9,True
10T-AT-CZ-000010,Sokolnice - Zaya - V243,CEPS,Sokolnice,Zaya,220.0,,,655.0,900.0,2.55,12.57,171.5,50.8,True
10T-AT-CZ-00002Z,Sokolnice - Zaya - V244,CEPS,Sokolnice,Zaya,220.0,,,655.0,900.0,2.55,12.57,171.5,50.8,True
10T-CZ-PL-00002E,Liskovec - Bujakow,CEPS,Liskovec,Bujakow,220.0,1050.0,,,,3.01,16.84,112.0,23.4,True
10T-CZ-PL-00003C,Liskovec - Kopanina,CEPS,Liskovec,Kopanina,220.0,1050.0,,,,2.92,16.71,119.0,23.4,True
10T-CZ-SK-00001Y,Liskovec - P. Bystrica,CEPS,Liskovec,P. Bystrica,220.0,655.0,,,,3.95,19.25,120.5,61.4,True
10T-CZ-SK-00002W,Nosovice - Varin,CEPS,Nosovice,Varin,380.0,1720.0,,,,1.06,11.95,131.0,40.4,True
10T-CZ-SK-00003U,Sokolnice - Krizovany,CEPS,Sokolnice,Krizovany,380.0,1720.0,,,,1.86,19.3,246.5,54.4,True
10T-AT-CZ-00003X,Slavetice - Durnrohr - V437,CEPS,Slavetice,Durnrohr,380.0,,,2250.0,3150.0,1.04,14.27,187.5,42.8,True
10T-AT-CZ-00004V,Slavetice - Durnrohr - V438,CEPS,Slavetice,Durnrohr,380.0,,,2250.0,3150.0,1.04,14.27,187.5,42.8,True
10T-CZ-DE-00001W,Hradec - Etzenricht,CEPS,Hradec,Etzenricht,380.0,2000.0,,,,1.68,21.86,342.5,129.2,True
10T-CZ-DE-00004Q,Prestice - Etzenricht,CEPS,Prestice,Etzenricht,380.0,,,2265.0,2400.0,1.18,14.5,225.5,75.7,True
10T1001A1001A09N,Detmarovice - Dobrzen,CEPS,Detmarovice,XDT_DB1,380.0,2000.0,,,,2.34,24.51,297.5,2.44,True
10T-CZ-PL-00004A,Nosovice - Wielopole,CEPS,Nosovice,Wielopole,380.0,2000.0,,,,1.952,20.496,248.8,38.8,True
10T-CZ-DE-00002U,Hradec - Rohrsdorf - V445,CEPS,Hradec,Rohrsdorf,380.0,,,2010.0,2400.0,1.23,10.94,174.5,29.6,True
10T-CZ-DE-00003S,Hradec - Rohrsdorf - V446,CEPS,Hradec,Rohrsdorf,380.0,,,2010.0,2400.0,1.23,10.94,174.5,29.6,True
10T-CZ-SK-00005Q,Sokolnice - Stupava,CEPS,Sokolnice,Stupava,380.0,2000.0,,,,1.3,15.74,230.5,56.6,True
10T-LU-DE-00003C,Heisdorf Quint Nord,Creos,HEISDORF,QUINT,220.0,1290.0,,,,1.46,7.43,62.83,26.0,True
10T1001C--00135V,Blooren - Niederstedem Süd,Creos,BLOOREN,Niederstedem,220.0,1290.0,,,,1.88,9.27,235.62,45.0,True
10T-LU-DE-00001G,Flebour Bauler Nord,Creos,FLEBOUR,BAULER,220.0,1290.0,,,,0.24,1.51,19.48,5.0,True
10T1001C--00096F,Flebour Bauler Süd,Creos,FLEBOUR,BAULER,220.0,1290.0,,,,0.24,1.51,19.48,5.0,True
10T-BE-LU-000011,Schifflange PST-Schifflange,Creos,SCHIFFLANGE,SCHIFFLANGE,220.0,982.0,,,,0.0,0.05,0.19,0.1,True
10T-AT-SI-00001T,Maribor - Kainachtal,ELES,Maribor,Kainachtal,380.0,1920.0,,,,0.718,9.0285,105.8701,28.82,True
10T-AT-SI-00002R,Maribor - Kainachtal,ELES,Maribor,Kainachtal,380.0,1920.0,,,,0.718,9.0285,105.8701,28.82,True
10T-HR-SI-00004Z,Krsko - Tumbri,ELES,Krsko,Tumbri,380.0,1920.0,,,,0.7164,7.574,87.93505,24.07,True
10T-HR-SI-00005X,Krsko - Tumbri,ELES,Krsko,Tumbri,380.0,1920.0,,,,0.7164,7.574,87.93505,24.07,True
10T-IT-SI-000025,Divaca - Redipuglia,ELES,Divaca,Redipuglia,380.0,2688.0,,,,0.6053,7.145,96.75005,24.35,True
10T-HR-SI-000014,Divaca - Melina,ELES,Divaca,Melina,380.0,1920.0,,,,1.0205,10.863,117.734,33.24,True
10T-HR-SI-000022,Divaca - Pehlin,ELES,Divaca,Pehlin,220.0,960.0,,,,1.575,11.035,74.10984,26.61,True
10T-AT-SI-00003P,Podlog - Obersielach,ELES,Podlog,Obersielach,220.0,960.0,,,,1.991,13.555,78.55614,32.75,True
10T-IT-SI-000017,Divaca - Padriciano,ELES,Divaca,Padriciano,220.0,960.0,,,,0.3405,2.389,16.02211,5.76,True
10T1001C--001029,Podlog - Zerjavinec,ELES,Podlog,Zerjavinec,220.0,780.0,,,,4.29,25.01,167.3,60.69,True
10T1001C--001037,Cirkovce - Zerjavinec,ELES,Cikovce,Zerjavinec,380.0,1600.0,,,,2.403,17.873,221.9371,97.8,True
10T1001C--00101B,Cirkovce - Hevitz,ELES,Cirkovce,Hevitz,380.0,1600.0,,,,2.0246,22.964,288.9506,67.8,True
10T-BE-NL-00002G,MAASBRACHT – VAN EYCK BLACK/27,ELIA,VAN EYCK,Maasbracht,380.0,,2448.32,2186.0,2570.7360000000003,0.1365705,1.57575,22.88,5.5,True
10T-BE-NL-00001I,MAASBRACHT – VAN EYCK WHITE/28,ELIA,VAN EYCK,Maasbracht,380.0,,2238.88,1999.0,2350.824,0.138358,1.577807,22.95722,5.5,True
10T-BE-FR-10004U,AVELGEM – MASTAING 380.79,ELIA,AVELGEM,MASTAING,380.0,,4400.0,,,0.65365,11.80415,142.6495,38.45,True
10T-BE-FR-000031,AVELGEM – AVELIN 380.80,ELIA,AVELGEM,AVELIN,380.0,,4400.0,,,0.3843,6.5545,79.2085,21.35,True
10T-BE-NL-00003E,RILLAND – ZANDVLIET GREY/29,ELIA,ZANDVLIET,Rilland,380.0,,4000.0,,,0.0799,1.0667,12.77574,3.4745,True
10T-BE-NL-00004C,RILLAND – ZANDVLIET WHITE/30,ELIA,ZANDVLIET,Rilland,380.0,,4000.0,,,0.0799,1.0667,12.77574,3.4745,True
22T201903146---W,ALEGRO HVDC,ELIA,ALEGRO CONVERTOR STATION,Oberzier,380.0,,1635.0,,,0.0009,0.05,7.445575,0.1,True
10T-BE-FR-00007U,CHOOZ – MONCEAU 220.48,ELIA,MONCEAU,CHOOZ,220.0,,1184.96,,,1.662482,5.858391,38.2394,29.4,True
22T20211201R---K,BELVAL-OXYLUX,ELIA,BELVAL,OXYLUX,220.0,1290.0,,,,0.218,1.124,14.31182,1.0,True
22T201907102---7,Y – SANEM (– AUBANGE – SCHIFFLANGE) 220.512,ELIA,Y – DIFFERDANGE 220kV,SANEM,220.0,,1161.0,,,0.08810049,0.3079408,2.137795,1.519,True
22T201907102---7,Y – AUBANGE (– SCHIFFLANGE – SANEM) 220.512,ELIA,Y – DIFFERDANGE 220kV,AUBANGE,220.0,,1176.0,,,0.58373,4.23675,26.10859,9.415,True
22T201907102---7,Y – SCHIFFLANGE (– AUBANGE – SANEM) 220.512,ELIA,Y – DIFFERDANGE 220kV,SCHIFFLANGE,220.0,,1050.0,,,0.5301,2.9287,379.549,11.876,True
10T-BE-FR-000023,AUBANGE – MOULAINE 220.513,ELIA,AUBANGE,MOULAINE,220.0,,1299.2,1160.0,1364.16,0.440385,3.475195,13.71395,7.85,True
10T-BE-FR-00008S,AUBANGE – MONT-SAINT-MARTIN 220.514,ELIA,AUBANGE,MT-SAINT-MARTIN,220.0,,1299.2,1160.0,1364.16,0.106812,0.8065661,6.263595,1.935,True
10T-BE-FR-000015,ACHENE – LONNY 380.19,ELIA,ACHENE,LONNY,380.0,,2238.88,1999.0,2350.824,0.78435,9.541349,94.12199,31.5,True
22T20181019----P,GEZELLE – NEMO CONVERTOR STATION 380.114,ELIA,GEZELLE,NEMO CONVERTOR STATION,380.0,,1635.0,,,0.008,0.05,56.18559,0.755,True
10T-HR-HU-000033,Pecs - Ernestinovo1 491A,HOPS,Pecs,Ernestinovo,380.0,1920.0,,,,1.28,13.47,161.48,43.7,True
10T-HR-HU-000041,Pecs - Ernestinovo2 491B,HOPS,Pecs,Ernestinovo,380.0,1920.0,,,,1.28,13.47,161.48,43.7,True
10T-RS-HR-00001B,Ernestinovo-S. Mitrovica,HOPS,Ernestinovo,S. Mitrovica,380.0,1740.0,,,,1.46,15.17,164.29,51.53,True
10T-BA-HR-00001V,Gradacac - Dakovo,HOPS,Gradacac,Dakovo,220.0,720.0,,,,1.77,9.17,60.34,27.3,True
10T-HR-SI-000014,Melina - Divaca,HOPS,Melina,Divaca,380.0,1920.0,,,,1.02,10.86,117.73,25.736,True
10T-BA-HR-00002T,Mostar - Konjsko,HOPS,Mostar,Konjsko,380.0,1920.0,,,,1.75,17.71,196.06,68.556,True
10T-BA-HR-00003R,Mostar - Zakucac,HOPS,Mostar,Zakucac,220.0,780.0,,,,3.79,19.79,129.7,49.463,True
10T-HR-SI-000022,Pehlin - Divaca,HOPS,Pehlin,Divaca,220.0,960.0,,,,1.58,11.03,74.11,24.61,True
10T-BA-HR-00004P,Prijedor - Meduric,HOPS,Prijedor,Meduric,220.0,780.0,,,,2.27,11.48,75.88,32.4,True
10T1001C--00027Y,Prijedor - Sisak,HOPS,Prijedor,Sisak,220.0,780.0,,,,3.23,16.85,114.17,60.8,True
10T-BA-HR-00019C,Trebinje - Plat 1,HOPS,Trebinje,Plat,220.0,960.0,,,,0.43,2.28,14.79,1.324,True
10T-BA-HR-00005N,Tuzla - Dakovo,HOPS,Tuzla,Dakovo,220.0,720.0,,,,3.69,18.95,124.7,26.3,True
10T-HR-SI-00004Z,Tumbri - Krsko 1,HOPS,Tumbri,Krsko,380.0,1920.0,,,,0.72,7.57,87.94,16.0,True
10T-HR-SI-00005X,Tumbri - Krsko 2,HOPS,Tumbri,Krsko,380.0,1920.0,,,,0.72,7.57,87.94,16.0,True
10T-BA-HR-00006L,Ugljevik - Ernestinovo,HOPS,Ugljevik,Ernestinovo,380.0,1920.0,,,,1.57,17.01,181.46,52.6,True
10T1001C--001029,Zerjavinec - Podlog,HOPS,Zerjavinec,Podlog,220.0,780.0,,,,4.3,25.01,167.29,37.5,True
10T1001C--001037,Zerjavinec-Cirkovce,HOPS,Zerjavinec,Cirkovce,380.0,1920.0,,,,2.75,29.05,335.87,97.8,True
10T-HR-HU-000025,Zerjavinec-Heviz,HOPS,Zerjavinec,Heviz,380.0,1920.0,,,,2.56,26.58,294.79,97.67,True
10T-HU-RO-000016,Arad - Sandorfalva,MAVIR,Arad,Sandorfalva,380.0,,1600.0,,,1.695,17.91,183.47,53.5,True
10T-AT-HU-00001W,Gyor - Neusiedl,MAVIR,Gyor,Neusiedl,220.0,,600.0,,,3.3,17.15,109.64,58.9,True
10T-AT-HU-00002U,Gyor - Wien,MAVIR,Gyor,Wien,220.0,,600.0,,,4.955,25.63,165.25,58.9,True
10T-AT-HU-00003S,Gyor - Zurndorf,MAVIR,Gyor,Zurndorf,380.0,,2000.0,,,0.744,10.44,128.18,59.0,True
10T-HU-UA-00002F,Kisvarda - Mukachevo,MAVIR,Kisvarda,Mukachevo,220.0,,820.0,,,2.157,11.15,74.14,29.4,True
10T-HU-RO-000024,Nadab - Bekescsaba,MAVIR,Nadab,Bekescsaba,380.0,,2000.0,,,0.898,8.91,79.8,38.81,True
10T-HR-HU-000033,Pecs - Ernestinovo1 491A,MAVIR,Pecs,Ernestinovo,380.0,,2000.0,,,1.276,13.47,160.54,42.3,True
10T-HR-HU-000041,Pecs - Ernestinovo2 491B,MAVIR,Pecs,Ernestinovo,380.0,,2000.0,,,1.276,13.47,160.53,42.3,True
10T-HU-SR-00001A,Sandorfalva - Subotica,MAVIR,Sandorfalva,Subotica,380.0,,1600.0,,,0.715,8.15,81.05,20.64,True
10T1001C--000421,Szabolcsbaka - Mukachevo,MAVIR,Szabolcsbaka,Mukachevo,380.0,,2000.0,,,0.697,7.94,102.42,27.47,True
10T1001C--00048Q,Szabolcsbaka - Zahidno Ukrainska,MAVIR,Szabolcsbaka,Zahidno Ukrainska,750.0,,2000.0,,,2.225,34.81,420.97,19.08,True
10T-AT-HU-00004Q,Szombathely - Zurndorf,MAVIR,Szombathely,Zurndorf,380.0,,2000.0,,,1.769,19.46,235.31,125.9,True
10T-HU-UA-00004B,Tiszalok - Mukachevo,MAVIR,Tiszalok,Mukachevo,220.0,,820.0,,,4.845,25.3,165.88,96.7,True
10T-HU-SK-00001T,Levice - God,MAVIR,Levice,God,380.0,,2000.0,,,1.255,14.1,154.57,51.0,True
10T1001C--00055T,Gonyu - Velky Dur,MAVIR,Gonyu,Velky Dur,380.0,,2000.0,,,1.088,13.57,197.48,0.98,True
10T1001C--00056R,Gonyu - Gabcikovo,MAVIR,Gonyu,Gabcikovo,380.0,,2000.0,,,0.4,4.9,70.56,0.98,True
10T1001C--00054V,Sajoivanka - Rimavska Sobota,MAVIR,Sajoivanka,Rimavska Sobota,380.0,,2000.0,,,0.624,7.28,95.51,23.39,True
10T-HU-SK-00002R,Gyor - Gabcikovo,MAVIR,Gyor,Gabcikovo,380.0,,2000.0,,,0.575,6.87,81.68,29.8,True
10T-HR-HU-000025,Zerjavinec - Heviz,MAVIR,Zerjavinec,Heviz,380.0,,2000.0,,,2.523,26.21,301.28,69.9,True
10T1001C--00101B,Heviz - Cirkovce,MAVIR,Heviz,Cirkovce,380.0,,1600.0,,,1.337,17.737,287.2986482,68.185,True
10T-LT-PL-00001B,ELK BIS-ALYTUS,PSE,ELK BIS,ALYTUS,380.0,,2760.0,2220.0,2970.0,2.144,23.216,320.8312,111.67,True
10T-LT-PL-000029,ELK BIS-ALYTUS,PSE,ELK BIS,ALYTUS,380.0,,2760.0,2220.0,2970.0,2.144,23.216,320.8312,111.67,True
10T-PL-SK-00002U,KROSNO-LEMESANY 2,PSE,KROSNO,LEMESANY,380.0,,2000.0,2000.0,2000.0,3.57,35.34,231.0,42.55,True
10T-PL-SK-00001W,KROSNO-LEMESANY 1,PSE,KROSNO,LEMESANY,380.0,,2000.0,2000.0,2000.0,3.57,35.34,231.0,42.51,True
10T-PL-UA-00001K,ZAMOSC-DOBROTWOR,PSE,ZAMOSC,DOBROTWOR,220.0,,925.4,701.6,1000.0,3.5671,20.797,134.6694,62.43,True
10T-CZ-PL-00002E,BUJAKOW-LISKOWIEC,PSE,BUJAKOW,LISKOWIEC,220.0,,1050.0,995.0,1050.0,3.0105,16.838,112.0041,61.977,True
10T-CZ-PL-00003C,KOPANINA-LISKOWIEC,PSE,KOPANINA,LISKOWIEC,220.0,,1050.0,995.0,1050.0,2.9234,17.555,118.3678,62.213,True
10T-DE-PL-000047,KRAJNIK-VIERRADEN c.1,PSE,KRAJNIK,VIERRADEN,380.0,,2380.0,2180.0,2380.0,0.352,3.888,50.5,12.85,True
10T-DE-PL-000039,KRAJNIK-VIERRADEN c.2,PSE,KRAJNIK,VIERRADEN,380.0,,2380.0,2180.0,2380.0,0.352,3.888,50.5,12.84,True
10T-DE-PL-00001D,MIKULOWA-HAGENWERDER,PSE,MIKULOWA,HAGENWERDER,380.0,,2380.0,1920.0,2500.0,0.224,2.304,28.3687,11.953,True
10T-PL-SE-000016,SLUPSK-STARNO,PSE,SLUPSK,STARNO,380.0,,1333.0,1333.0,1333.0,0.016,0.048,0.0125,12.5,True
10T-DE-PL-00002B,MIKULOWA-HAGENWERDER,PSE,MIKULOWA,HAGENWERDER,380.0,,2380.0,1920.0,2500.0,0.224,2.32,30.25,12.02,True
10T-CZ-PL-00004A,WIELOPOLE-NOSOVICE,PSE,WIELOPOLE,NOSOVICE,380.0,,2000.0,1610.0,2000.0,1.344,12.816,160.9,48.115,True
10T1001C--00134X,RZESZOW-KHMELNYTSKYI,PSE,RZESZOW,KHMELNYTSKYI,380.0,,1500.0,1500.0,1500.0,6.33,113.6,1604.0,114.2,True
10T-BE-FR-000015,LIT 400kV N0 1 ACHENE - LONNY,RTE,ACHENE,LONNY,380.0,,2240.0,,,1.57,19.76,244.0,64.164,True
10T-ES-FR-000010,LIT 225 kV ARKALE-ARGIA (BAYONNE SUD),RTE,ARKALE,ARGIA,220.0,,1207.0,,,2.25,14.301,115.97,37.14,True
10T-BE-FR-000023,LIT 225kV N0 1 AUBANGE - MOULAINE,RTE,AUBANGE,MOULAINE,220.0,,1300.0,,,0.791,6.325,42.51,15.204,True
10T-BE-FR-00008S,LIT 225kV N0 1 AUBANGE - MT-SAINT-MARTIN,RTE,AUBANGE,MT-SAINT-MARTIN,220.0,,1300.0,,,0.235,1.879,12.632,4.518,True
10T-BE-FR-10004U,LIT 400kV N0 1 AVELGEM - MASTAING,RTE,AVELGEM,MASTAING,380.0,,4325.0,,,1.885,22.003,308.932,76.148,True
10T-BE-FR-000031,LIT 400kV N0 2 AVELGEM - AVELIN,RTE,AVELGEM,AVELIN,380.0,,4325.0,,,1.068,13.566,154.952,19.619,True
10T-ES-FR-00003X,LIT 225 kV BIESCAS-PRAGNERES,RTE,BIESCAS,PRAGNERES,220.0,,931.0,,,4.426,20.387,129.296,47.93,True
10T-FR-IT-00004O,LIT 225KV N0 1 CAMPOROSSO - MENTO / .CAM,RTE,CAMPOROSSO,MENTON/TRINITE VICTOR,220.0,,1165.0,,,0.73,4.42,30.834,10.893,True
10T-DE-FR-00003E,LIT 225kV N0 1 EICHSTETTEN - VOGELGRUN,RTE,EICHSTETTEN,VOGELGRUN,220.0,,1283.0,,,1.073,5.952,10.17,18.417,True
10T-DE-FR-00002G,LIT 400kV N0 1 EICHSTETTEN - MUHLBACH,RTE,EICHSTETTEN,MUHLBACH,380.0,,2850.0,,,0.763,8.205,70.214,31.792,True
10T-DE-FR-00004C,LIT 225kV N0 1 ENSDORF - ST-AVOLD,RTE,ENSDORF,ST-AVOLD,220.0,,740.0,,,1.671,7.682,99.77,20.319,True
10T-DE-FR-00005A,LIT 400kV N0 1 ENSDORF - VIGY,RTE,ENSDORF,VIGY,380.0,,2720.0,,,0.736,10.275,178.81,40.209,True
10T-DE-FR-000068,LIT 400kV N0 2 ENSDORF - VIGY,RTE,ENSDORF,VIGY,380.0,,2720.0,,,0.735,10.272,178.746,40.195,True
10T-ES-FR-00004V,LIT 400 kV HERNANI-ARGIA (BAYONNE SUD),RTE,HERNANI,ARGIA,380.0,,2350.0,,,1.519,16.847,175.612,50.643,True
10T-BE-FR-00007U,LIT 225kV N0 1 MONCEAU - CHOOZ,RTE,MONCEAU,CHOOZ,220.0,,1184.0,,,3.085,22.481,108.862,57.994,True
10T-FR-IT-00001U,LIT 400KV N0 1 RONDISSONE - ALBERTVILLE,RTE,RONDISSONE,ALBERTVILLE,380.0,,2370.0,,,3.028,53.581,946.954,173.27,True
10T-FR-IT-00002S,LIT 400KV N0 2 RONDISSONE - ALBERTVILLE,RTE,RONDISSONE,ALBERTVILLE,380.0,,2370.0,,,3.029,53.551,946.98,173.233,True
10T-FR-IT-00003Q,LIT 400KV N0 1 VENAUS - VILLARODIN,RTE,VENAUS,VILLARODIN,380.0,,2715.0,,,0.96,11.59,86.922,29.308,True
10T-ES-FR-00006R,LIT 400 kV VICH-BAIXAS,RTE,VICH,BAIXAS,380.0,,2309.0,,,3.016,32.945,422.072,106.71,True
10T-HU-SK-00002R,Gabcikovo - Gyor,SEPS,Gabcikovo,Gyor,380.0,2000.0,,,,0.565,6.709,58.006,13.7,True
10T-HU-SK-00001T,Levice - God,SEPS,Levice,God,380.0,2000.0,,,,1.247,14.034,155.862,36.22,True
10T1001C--00055T,V.Dur - Gonyu,SEPS,V.Dur,Gonyu,380.0,2000.0,,,,1.111,13.231,203.533,95.5,True
10T1001C--00056R,Gabcikovo - Gonyu,SEPS,Gabcikovo,Gonyu,380.0,2000.0,,,,0.388,4.621,70.537,33.0,True
10T1001C--00054V,R.Sobota - Sajoivanka,SEPS,R.Sobota,Sajoivanka,380.0,2000.0,,,,0.694,8.072,90.029,27.8,True
10T-SK-UA-00001W,V.Kapusany - Mukachevo,SEPS,V.Kapusany,Mukachevo,380.0,,,1570.0,1980.0,0.829,8.703,87.8,12.44,True
10T-PL-SK-00001W,Lemesany - Krosno 1,SEPS,Lemesany,Krosno,380.0,2000.0,,,,1.739,17.763,255.33,79.22,True
10T-PL-SK-00002U,Lemesany - Krosno 2,SEPS,Lemesany,Krosno,380.0,2000.0,,,,1.735,17.752,255.33,79.22,True
10T-CZ-SK-00002W,Nosovice - Varin,SEPS,Nosovice,Varin,380.0,,,1720.0,2000.0,1.133,11.261,139.166,34.69,True
10T-CZ-SK-00003U,Krizovany - Sokolnice,SEPS,Krizovany,Sokolnice,380.0,2000.0,,,,1.789,19.382,234.115,71.43,True
10T-CZ-SK-00005Q,Sokolnice - Stupava,SEPS,Sokolnice,Stupava,380.0,2000.0,,,,1.165,14.897,210.455,54.13,True
10T-CZ-SK-00001Y,Liskovec - P. Bystrica,SEPS,Liskovec,P. Bystrica,220.0,,,665.0,835.0,4.06,20.7,124.05,33.73,True
10T-HU-RO-000016,Arad - Sandorfalva,TEL,Arad,Sandorfalva,380.0,1920.0,,,,1.69,17.9,185.6,55.0,True
10T-HU-RO-000024,Nadab - Bekescsaba,TEL,Nadab,Bekescsaba,380.0,2000.0,,,,0.66,5.6,86.86,20.8,True
10T-RO-RS-00001V,Portile de Fier - Djerdap c1,TEL,Portile de Fier,Djerdap,380.0,1920.0,,,,0.03,0.32,3.31,0.75,True
10T-RO-UA-000010,Rosiori - Mukacevo c1,TEL,Rosiori,Mukacevo,380.0,1920.0,,,,2.02,19.03,189.18,39.0,True
10T-BG-RO-00001A,Tantareni - Kozlodui c1,TEL,Tantareni,Kozlodui,380.0,1920.0,,,,1.9,16.74,214.0,102.0,True
10T-RO-BG-00002A,Tantareni - Kozlodui c2,TEL,Tantareni,Kozlodui,380.0,1920.0,,,,1.9,16.74,214.0,102.0,True
10T-RO-BG-00001C,Rahman - Dobrudja,TEL,Dobrudja,Rahman,380.0,2000.0,,,,2.13,25.83,338.71,94.2,True
30TISAC400VULC-W,Isaccea - Vulcanesti,TEL,Isaccea,Vulcanesti,380.0,1440.0,,,,0.58,8.57,112.45,6.1,True
10T-AT-DE-000231,Buers - Meiningen gn (406A),TRANSNETBW,Buers,Meiningen,220.0,2040.0,,,,0.37,4.49,52.4,0.0,True
10T-AT-DE-10024U,Buers - Walgau or (405A),TRANSNETBW,Buers,Walgau,220.0,2040.0,,,,0.19,2.24,25.92,0.0,True
10T-AT-DE-000061,Buers - Westtirol rt (422),TRANSNETBW,Buers,Westtirol,380.0,1965.0,,,,0.99,14.27,168.7,0.0,True
10T-AT-DE-000053,Buers - Westtirol ws (421),TRANSNETBW,Buers,Westtirol,220.0,2154.0,,,,1.0,14.37,170.12,0.0,True
11T-D4-D7-00002U,Daxlanden - Maximiliansau sw (Goldgrund),TRANSNETBW,Daxlanden,Maximiliansau,220.0,2500.0,,,,0.07,0.62,11.0,0.0,True
11T-D4-D7-00003S,Daxlanden - Weingarten ge (Germersheim S),TRANSNETBW,Daxlanden,Weingarten,380.0,,3150.0,,,0.445,4.09,71.41,0.0,True
11T-D4-D7-00005O,Dellmensingen - Voehringen gn (Donau W),TRANSNETBW,Dellmensingen,Vöhringen,380.0,,3150.0,,,0.25,2.1,36.55,0.0,True
10T-DE-FR-00002G,Eichstetten - Muhlbach rt (Ill),TRANSNETBW,Eichstetten,Muhlbach,380.0,,3000.0,,,0.38,4.1,70.34,17.38,True
10T-DE-FR-00003E,Eichstetten - Vogelgrun ge (Kaiserstuhl),TRANSNETBW,Eichstetten,Vogelgrun,220.0,,1302.0,,,0.54,2.98,32.52,17.01,True
11T-D2-D4-000014,Grafenrheinfeld - Hoepfingen ge (411),TRANSNETBW,Grafenrheinfeld,Hoepfingen,380.0,,3150.0,,,0.96,11.75,210.83,42.25,True
11T-D2-D4-000022,Grafenrheinfeld - Stalldorf rt (416),TRANSNETBW,Grafenrheinfeld,Stalldorf,380.0,,3150.0,,,0.59,6.79,123.46,4.3,True
10T1001C--000227,Gurtweil - Oftringen bl,TRANSNETBW,Gurtweil,Oftringen,220.0,,1265.0,,,1.29,9.13,141.97,22.18,True
11T0-0000-1884-C,Herbertingen - Herbertingen (Amprion)  rt-Uebergabe 42,TRANSNETBW,Herbertingen,Herbertingen Amprion,380.0,1836.0,,,,0.0,0.05,4.4,0.0,True
11T0-0000-1883-F,Herbertingen - Herbertingen (Amprion) sw-Uebergabe 41,TRANSNETBW,Herbertingen,Herbertingen Amprion,380.0,1792.0,,,,0.0,0.05,0.63,0.3,True
11T-D4-D7-00014N,Hoheneck - Pulverdingen ws,TRANSNETBW,Hoheneck,Pulverdingen,380.0,,3150.0,,,0.14,1.74,27.21,12.86,True
10T-CH-DE-00008V,Kuehmoos - Laufenburg br (Heimbach),TRANSNETBW,Kuehmoos,Laufenburg,380.0,,2400.0,,,0.13,1.1,20.17,8.23,True
10T-CH-DE-00009T,Kuehmoos - Laufenburg ge (Seelbach),TRANSNETBW,Kuehmoos,Laufenburg,380.0,,2400.0,,,0.13,1.11,19.23,8.8,True
10T-CH-DE-000107,Kuehmoos - Laufenburg rt (Murg),TRANSNETBW,Kuehmoos,Laufenburg,380.0,,2400.0,,,0.14,1.13,20.12,8.29,True
10T-CH-DE-000123,Kuehmoos - Laufenburg ws (Hotzenwald),TRANSNETBW,Kuehmoos,Laufenburg,220.0,,1418.0,,,0.29,1.47,26.08,8.58,True
11T-D4-D7-00012R,Kuehmoos - Tiengen gr,TRANSNETBW,Kuehmoos,Tiengen,220.0,1282.0,,,,0.67,3.53,81.36,0.0,True
10T-CH-DE-000050,Laufenburg - Trossingen rt,TRANSNETBW,Laufenburg,Trossingen,380.0,,2400.0,,,0.89,10.74,181.9,81.5,True
11T-D4-D7-00001W,Y-Buers (-Herbertingen - Tiengen - Werben) BLUDNZ W,TRANSNETBW,Buers,Y-Werben,220.0,1710.0,,,,0.6,9.08,70.42,47.07,True
11T-D4-D7-00023M,Y-Dellmensingen (-Hoheneck - Voehringen rt) DONAU O,TRANSNETBW,Dellmensingen,Y-Voehringen,380.0,,3150.0,,,0.01,0.05,0.57,0.25,True
10T-CH-DE-000115,Y-Kuehmoos (-Laufenburg - Lindenholz) bl,TRANSNETBW,Kuehmoos,Y-Kuehmoos,220.0,,1520.0,,,0.33,1.69,19.95,10.24,True
11T0-0000-1627-0,Y-Laufenburg (-Gurtweil - Stokach) rtge,TRANSNETBW,Gurtweil,Y-Laufenburg,220.0,,1547.0,,,0.45,3.1,57.87,22.86,True
11T-D4-D7-00016J,Y-Metzingen (-Herbertingen - Hoheneck) sw HERBTG W,TRANSNETBW,Y-Hoheneck,Metzingen,380.0,3150.0,,,,0.24,0.36,5.84,2.71,True
11T0-0000-1937-I,Asphard - Eichstetten rt/sw,TRANSNETBW,Asphard,Eichstetten,380.0,,2530.0,,,2.89,24.98,434.58,55.4,True
10T1001C--001401,Medgidia Sud - Varna,TEL,Medgidia Sud,Varna,380.0,2000.0,,,,1.315,19.199,246.9851,43.412,True
10T1001A1001A09N,DOBRZEN-DETMAROVICE,PSE,DOBRZEN,DETMAROVICE,380.0,,2000.0,1610.0,2000.0,2.336,24.432,298.35,132.583,True
11T-D2-D8-001007,Altenfeld - Redwitz 459,TENNETGMBH,Redwitz,Altenfeld,380.0,3600.0,,,,0.47,7.08,132.85,30.95,True
11T-D2-D8-001015,Altenfeld - Redwitz 460,TENNETGMBH,Redwitz,Altenfeld,380.0,3600.0,,,,0.47,7.08,132.85,30.95,True
11T0-0000-0032-A,Audorf/S - Hamburg/N 50H weiss,TENNETGMBH,Audorf/S,Hamburg/N 50H,380.0,3600.0,,,,0.46,8.25,164.15,69.04,True
11T-D2-D7-00030A,Dettingen - Grosskrotzenburg US1,TENNETGMBH,Grosskrotzenburg,Dettingen,380.0,,,2720.0,3600.0,0.06,0.56,9.9,2.4,True
10T-DE-NL-00001V,Diele - Meeden 380 schwarz,TENNETGMBH,Meeden,Diele,380.0,,,2216.0,2500.0,0.34,3.85,54.98,9.73,True
10T-DE-NL-00002T,Diele - Meeden 380 weiss,TENNETGMBH,Meeden,Diele,380.0,,,2216.0,2500.0,0.67,3.85,109.96,9.72,True
11T-D2-D7-00020D,Dillenburg - Dauersberg WO2,TENNETGMBH,Dillenburg,Dauersberg,380.0,2612.0,,,,1.07,9.68,167.13,40.64,True
11T0-0000-1934-R,Ganderkesee - St.Huelfe Hunte SW,TENNETGMBH,Ganderkesee,St. Huelfe,380.0,2570.0,,,,0.68,12.78,1566.52,73.76,True
11T0-0000-1935-O,Ganderkesee - St.Huelfe Hunte WS,TENNETGMBH,Ganderkesee,St. Huelfe,380.0,2570.0,,,,0.68,12.78,878.42,73.76,True
11T-D2-D4-000014,Grafenrheinfeld - Hoepfingen 411,TENNETGMBH,Grafenrheinfeld,Hoepfingen,380.0,3150.0,,,,0.96,11.75,210.83,50.13,True
11T-D2-D4-000022,Grafenrheinfeld - Stalldorf 416,TENNETGMBH,Grafenrheinfeld,Stalldorf,380.0,3150.0,,,,0.59,6.79,123.46,50.14,True
11T0-0000-0072-V,Guetersloh - Bechterdissen SN2,TENNETGMBH,Bechterdissen,Guetersloh,380.0,2720.0,,,,0.35,3.26,59.85,13.23,True
11T-D2-D7-00257J,Guetersloh - Bechterdissen SS1,TENNETGMBH,Bechterdissen,Guetersloh,380.0,2720.0,,,,0.35,3.26,59.85,13.22,True
11TD2L000000319V,Hamburg/N - Hamburg/N 50H blau,TENNETGMBH,Hamburg/N,Hamburg/N 50H,220.0,1347.0,,,,0.08,0.85,11.5,2.93,True
11T-D2-D8-000035,Hamburg/N - Hamburg/N 50H rot,TENNETGMBH,Hamburg/N,Hamburg/N 50H,220.0,1347.0,,,,0.09,0.79,13.82,4.02,True
11T0-0000-0966-F,Hamburg/N 50H - Dollern blau,TENNETGMBH,Dollern,Hamburg/N 50H,380.0,3154.0,,,,0.31,5.5,97.8,43.25,True
11T-D2-D8-00063O,Hamburg/S - Dollern 981,TENNETGMBH,Dollern,Hamburg/S,380.0,2580.0,,,,0.45,3.54,65.2,14.34,True
11T-D2-D8-000051,Hamburg/S - Dollern 982,TENNETGMBH,Dollern,Hamburg/S,380.0,2580.0,,,,0.45,3.54,65.2,14.34,True
10T1001C--00063U,Handewitt - Kassoe 1,TENNETGMBH,Handewitt,Kassoe,380.0,3349.0,,,,0.23,4.97,86.39,9.24,True
10T1001C--00064S,Handewitt - Kassoe 2,TENNETGMBH,Handewitt,Kassoe,380.0,3349.0,,,,0.23,4.97,86.39,9.24,True
11T-D2-D7-00002F,Hanekenfaehr - Doerpen/W EWBL,TENNETGMBH,Doerpen/W,Hanekenfaehr,380.0,,,2216.0,3400.0,1.12,10.84,165.35,32.8,True
11T-D2-D8-000205,Helmstedt - Wolmirstedt 491,TENNETGMBH,Helmstedt,Wolmirstedt,380.0,,,2619.0,3150.0,0.75,6.81,105.64,1.8,True
11T-D2-D8-000213,Helmstedt - Wolmirstedt 492,TENNETGMBH,Helmstedt,Wolmirstedt,380.0,,,2619.0,3150.0,0.75,6.81,105.64,1.79,True
10T-CZ-DE-00001W,Hradec - Etzenricht 441,TENNETGMBH,Etzenricht,Hradec,380.0,2000.0,,,,1.77,21.71,349.04,33.77,True
10T-DE-DK-00001I,Jardelund - Kassoe 1,TENNETGMBH,Jardelund,Kassoe,380.0,2216.0,,,,0.3,3.47,43.67,0.97,True
10T-DE-DK-00002G,Jardelund - Kassoe 2,TENNETGMBH,Kassoe,Jardelund,380.0,2216.0,,,,0.3,3.47,43.67,0.96,True
11T-D2-D8-00008W,Kruemmel 50H - Kruemmel 993,TENNETGMBH,Kruemmel,Kruemmel 50H,380.0,3600.0,,,,0.0,0.05,0.57,0.01,True
11T-D2-D8-00009U,Kruemmel 50H - Kruemmel 994,TENNETGMBH,Kruemmel,Kruemmel 50H,380.0,3600.0,,,,0.0,0.05,0.77,0.23,True
11T-D2-D8-000310,Mecklar - Eisenach 450-2,TENNETGMBH,Mecklar,Eisenach,380.0,,,2748.0,3000.0,0.83,6.84,124.1,42.61,True
11T-D2-D8-000302,Mecklar - Vieselbach 449-1,TENNETGMBH,Mecklar,Vieselbach,380.0,,,2748.0,3000.0,1.78,16.33,267.11,42.62,True
11T-D2-D7-000504,Meitingen - Oberbachern 419,TENNETGMBH,Oberbachern,Meitingen,380.0,2400.0,,,,0.54,6.23,112.95,49.85,True
11T-D2-D7-000512,Meitingen - Oberbachern 420,TENNETGMBH,Oberbachern,Meitingen,380.0,2400.0,,,,0.54,6.23,112.95,49.85,True
11T-D2-D7-00010G,Nehden - Twistetal TO3,TENNETGMBH,Twistetal,Nehden,380.0,2580.0,,,,0.47,4.44,75.91,10.98,True
11T-D2-D7-00011E,Nehden - Twistetal TW4,TENNETGMBH,Twistetal,Nehden,380.0,2580.0,,,,0.47,4.44,75.91,10.99,True
10T-NO-DE-00002J,Nordlink Cable,TENNETGMBH,Wilster/W,Ertsmyra,380.0,1095.0,,,,0.1,0.1,0.0,623.0,True
10T-NO-DE-00002J,Nordlink Cable,TENNETGMBH,Wilster/W,Ertsmyra,380.0,1095.0,,,,0.1,0.1,0.0,623.0,True
11T-D2-D7-00004B,Ohlensehlen - Wehrendorf DS1,TENNETGMBH,Ohlensehlen,Wehrendorf,380.0,,,2616.0,3150.0,0.62,5.24,88.87,22.42,True
10T-AT-DE-000029,Pirach - St. Peter 256,TENNETGMBH,St. Peter,Pirach,220.0,,,1360.0,2000.0,2.37,12.63,166.26,40.24,True
10T-AT-DE-000037,Pleinting - St. Peter 258,TENNETGMBH,Pleinting,St. Peter,220.0,,,1360.0,2000.0,2.57,13.52,532.51,46.44,True
10T-CZ-DE-00004Q,Prestice - Etzenricht 442,TENNETGMBH,Etzenricht,Prestice,380.0,2265.0,,,,1.19,14.52,244.39,33.79,True
11T-D2-D8-00050X,Redwitz - Remptendorf 413,TENNETGMBH,Redwitz,Remptendorf,380.0,3600.0,,,,0.73,7.22,126.61,37.59,True
11T-D2-D8-00051V,Redwitz - Remptendorf 414,TENNETGMBH,Redwitz,Remptendorf,380.0,3600.0,,,,0.73,7.21,126.61,37.57,True
10T1001C--000332,Silz - Vill - Thaur  273C,TENNETGMBH,Silz,Vill,220.0,1572.0,,,,1.11,6.4,59.64,47.0,True
10T1001C--000324,Silz - Vill - Thaur 274C,TENNETGMBH,Silz,Vill,220.0,1572.0,,,,1.11,6.4,59.64,47.0,True
11T-D2-D7-000318,Urberach - Grosskrotzenburg UN2,TENNETGMBH,Grosskrotzenburg,Urberach,380.0,,,2720.0,3600.0,0.32,2.98,52.42,11.43,True
10T1001C--000340,Westtirol - Silz 274E,TENNETGMBH,Silz,Westtirol,220.0,2080.0,,,,0.1,1.26,14.79,7.84,True
10T1001C--00035Z,Westtirol - Silz 413,TENNETGMBH,Silz,Westtirol,220.0,2080.0,,,,0.09,1.14,15.52,7.83,True
10T1001C--00036X,Westtirol - Silz 414,TENNETGMBH,Silz,Westtirol,220.0,2080.0,,,,0.09,1.14,15.51,7.84,True
11T0-0000-1238-D,Y-Asslar (-Dauersberg - Limburg) WW1,TENNETGMBH,Asslar,Y-Dauersberg,380.0,2612.0,,,,0.52,4.57,78.29,17.79,True
11T0-0000-1074-J,Y-Brunsbuettel (-Brunsbuettel 50H - Hamburg/N 50H) 951,TENNETGMBH,Brunsbuettel,Brunsbuettel 50H,380.0,3600.0,,,,0.01,0.11,1.79,0.82,True
11T0-0000-1077-A,Y-Brunsbuettel (-Brunsbuettel 50H - Hamburg/N 50H) 952,TENNETGMBH,Brunsbuettel,Brunsbuettel 50H,380.0,3600.0,,,,0.01,0.08,1.27,0.6,True
11T0-0000-1032-4,Y-Kriftel (-Frankfurt/SW - Karben) 2,TENNETGMBH,Y-Frankfurt/SW,Kriftel,380.0,2760.0,,,,0.13,1.4,19.38,26.84,True
11T0-0000-0983-G,Y-Meppen (-Niederlangen - Doerpen/W) EOWS,TENNETGMBH,Y-Niederlangen,Meppen,380.0,,,2216.0,3400.0,0.26,2.96,38.48,33.28,True
10T1001C--00061Y,Y-St. Peter (-Simbach - Altheim) 233/230,TENNETGMBH,St. Peter,Y-Simbach,220.0,,,1102.0,1984.0,0.34,2.42,18.11,7.51,True
10T1001C--00062W,Y-St. Peter (-Simbach - Altheim) 234/230,TENNETGMBH,St. Peter,Y-Simbach,220.0,,,1102.0,1984.0,0.34,2.41,18.13,7.51,True
10T-CH-DE-000034,Beznau - Tiengen AARE O,AMPRION GMBH,Beznau,Tiengen,220.0,,2187.0,,,0.245,1.91,16.2,5.0,True
10T-CH-DE-000026,Beznau - Tiengen AARE W,AMPRION GMBH,Beznau,Tiengen,380.0,,1093.0,,,0.157,1.707,18.4,5.0,True
10T-CH-DE-000131,Laufenburg - Tiengen ANDLSB,AMPRION GMBH,Laufenburg,Tiengen,380.0,,2140.0,,,0.403,3.599,41.8,12.0,True
10T-DE-NL-00007J,Doetinchem - Niederrhein DOETM SW,AMPRION GMBH,Doetinchem,Niederrhein,380.0,3600.0,,,,0.362,7.205,153.6,32.0,True
10T1001C--000235,Doetinchem - Niederrhein DOETM WS,AMPRION GMBH,Doetinchem,Niederrhein,380.0,3600.0,,,,0.48,7.31,135.0,30.0,True
10T-DE-NL-00004P,Gronau - Hengelo HENGL SW,AMPRION GMBH,Gronau,Hengelo,380.0,,2720.0,,,0.303,2.907,47.4,11.0,True
10T-DE-NL-00003R,Gronau - Hengelo HENGL WS,AMPRION GMBH,Gronau,Hengelo,380.0,,2720.0,,,0.303,2.907,47.4,11.0,True
10T-DE-NL-00005N,Maasbracht - Oberzier SELFK WS,AMPRION GMBH,Maasbracht,Oberzier,380.0,,2720.0,,,0.72,6.96,117.2,27.0,True
10T-DE-NL-00006L,Maasbracht - Siersdorf SELFK SW,AMPRION GMBH,Maasbracht,Siersdorf,380.0,,2720.0,,,0.495,4.935,81.6,19.0,True
10T-LU-DE-00001G,Bauler - Flebour FLE BA N,AMPRION GMBH,Bauler,Flebour,220.0,1290.0,,,,0.235,1.512,19.5,5.0,True
10T1001C--00096F,Bauler - Flebour FLE BA S,AMPRION GMBH,Bauler,Flebour,220.0,1290.0,,,,0.235,1.512,19.5,5.0,True
10T1001C--00135V,Blooren - Niederstedem BLONST S,AMPRION GMBH,Niederstedem,Blooren,220.0,1290.0,,,,1.884,9.275,238.6,45.0,True
10T-LU-DE-00003C,Heisdorf - Quint HEI QU N,AMPRION GMBH,Quint,Heisdorf,220.0,1290.0,,,,1.416,7.3,97.7,26.0,True
10T-DE-FR-00004C,Ensdorf - St. Avold AVOLD,AMPRION GMBH,St. Avold,Ensdorf,220.0,740.0,,,,0.925,4.067,47.6,13.0,True
10T-DE-FR-00005A,Ensdorf - Vigy VIGY1 N,AMPRION GMBH,Ensdorf,Vigy,380.0,2720.0,,,,0.365,5.13,89.2,20.0,True
10T-DE-FR-000068,Ensdorf - Vigy VIGY2 S,AMPRION GMBH,Ensdorf,Vigy,380.0,2720.0,,,,0.365,5.13,89.2,20.0,True
10T-AT-DE-10007U,Leupolz - Westtirol FUESSN O,AMPRION GMBH,Leupolz,Westtirol,380.0,2400.0,,,,1.275,10.67,176.7,41.0,True
10T1001C--00037V,Voehringen - Westtirol FUESSN W,AMPRION GMBH,Voehringen,Westtirol,220.0,1282.0,,,,2.302,19.97,339.4,79.0,True
10T-AT-DE-00025Y,Y-Werben  (-Buers - Herbertingen - Tiengen) BLUDNZ W,AMPRION GMBH,Werben,Y-Werben,220.0,1480.0,,,,0.006,0.05,0.5,0.0,True
10T-AT-DE-00026W,Y-Werben (-Buers - Voehringen) DELLM O,AMPRION GMBH,Werben,Y-Werben,220.0,1540.0,,,,0.01,0.059,0.4,0.0,True
22T201903146---W,Oberzier - Lixhe ALEGRO,AMPRION GMBH,Oberzier,Lixhe,380.0,3600.0,,,,0.005,0.05,0.4,40.0,True
11T-D4-D7-00002U,Daxlanden - Maximiliansau GOLDGR,AMPRION GMBH,Maximiliansau,Daxlanden,220.0,2500.0,,,,0.068,0.623,11.0,2.0,True
11T-D4-D7-00003S,Daxlanden - Weingarten GERMHM S,AMPRION GMBH,Weingarten,Daxlanden,380.0,,,2720.0,3150.0,0.443,4.082,71.3,16.0,True
11T-D4-D7-00005O,Dellmensingen - Voehringen DONAU W,AMPRION GMBH,Voehringen,Dellmensingen,380.0,,,2580.0,3150.0,0.247,2.107,36.7,8.0,True
11T0-0000-1883-F,Herbertingen - Herbertingen UEB 41HE,AMPRION GMBH,Herbertingen,Herbertingen,380.0,1792.0,,,,0.004,0.05,0.6,0.0,True
11T0-0000-1884-C,Herbertingen - Herbertingen UEB 42HE,AMPRION GMBH,Herbertingen,Herbertingen,380.0,1836.0,,,,0.005,0.055,8.6,1.0,True
11T-D4-D7-00014N,Hoheneck - Pulverdingen HO PU WS,AMPRION GMBH,Hoheneck,Pulverdingen,380.0,,,2747.0,3150.0,0.132,1.743,27.2,7.0,True
11T-D4-D7-00012R,Kuehmoos - Tiengen KUEMOS,AMPRION GMBH,Tiengen,Kuehmoos,220.0,1290.0,,,,0.672,3.532,81.4,16.0,True
11T0-0000-1543-9,Mutterstadt - GKM RHEIN N,AMPRION GMBH,Mutterstadt,GKM,220.0,1380.0,,,,0.328,1.88,20.5,6.0,True
11T0-0000-1544-6,Mutterstadt - GKM RHEIN S,AMPRION GMBH,Mutterstadt,GKM,220.0,1380.0,,,,0.328,1.88,20.5,6.0,True
11T-D4-D7-00001W,Y-Buers (-Herbertingen - Tiengen - Werben) BLUDNZ W,AMPRION GMBH,Y-Werben,Bürs,220.0,1710.0,,,,0.592,9.08,70.4,24.0,True
11T0-0000-0954-P,Y-Buers (-Voehringen - Werben) DELLM O,AMPRION GMBH,Y-Werben,Bürs,220.0,1710.0,,,,0.513,9.13,69.7,24.0,True
11T-D4-D7-00023M,Y-Dellmensingen (-Hoheneck - Voehringen) DONAU O,AMPRION GMBH,Y-Voehringen,Dellmensingen,380.0,,,2676.0,3150.0,0.004,0.05,0.7,0.0,True
11T-D4-D7-00016J,Y-Metzingen (-Herbertingen - Hoheneck) HERBTG W,AMPRION GMBH,Y-Herbertingen,Metzingen,380.0,3150.0,,,,0.024,0.356,5.8,1.0,True
11T0-0000-1543-9,Mutterstadt - GKM RHEIN N,AMPRION GMBH,Mutterstadt,GKM,220.0,1380.0,,,,0.33,1.88,20.5,5.93,True
11T0-0000-1544-6,Mutterstadt - GKM RHEIN S,AMPRION GMBH,Mutterstadt,GKM,220.0,1380.0,,,,0.33,1.88,20.5,5.93,True
11T0-0000-0072-V,Bechterdissen - Guetersloh SENNE N2,AMPRION GMBH,Guetersloh,Bechterdissen,380.0,2720.0,,,,0.345,3.257,59.8,13.0,True
11T-D2-D7-00257J,Bechterdissen - Guetersloh SENNE S1,AMPRION GMBH,Guetersloh,Bechterdissen,380.0,2720.0,,,,0.345,3.257,59.8,13.0,True
11T-D2-D7-00020D,Dauersberg - Dillenburg WESTW O2,AMPRION GMBH,Dauersberg,Dillenburg,380.0,2612.0,,,,1.072,9.68,167.2,38.0,True
11T-D2-D7-00030A,Dettingen - Grosskrotzenburg UMAIN S1,AMPRION GMBH,Dettingen,Großkrotzenburg,380.0,2720.0,,,,0.06,0.56,9.8,2.0,True
11T-D2-D7-00002F,Doerpen West - Hanekenfaehr EMSLD WB,AMPRION GMBH,Hanekenfaehr,Doerpen West,380.0,,,2216.0,3400.0,1.115,10.78,164.8,40.0,True
11T0-0000-1934-R,Ganderkesee - St. Huelfe HUNTE SW,AMPRION GMBH,St. Huelfe,Ganderkesee,380.0,3150.0,,,,0.013,0.361,403.7,12.0,True
11T0-0000-1935-O,Ganderkesee - St. Huelfe HUNTE WS,AMPRION GMBH,St. Huelfe,Ganderkesee,380.0,3150.0,,,,0.013,0.361,403.7,12.0,True
11T-D2-D7-000318,Grosskrotzenburg - Urberach UMAIN N2,AMPRION GMBH,Urberach,Großkrotzenburg,380.0,2720.0,,,,0.32,2.97,51.7,12.0,True
11T0-0000-0030-G,Kriftel - Frankfurt TAUNUS 2,AMPRION GMBH,Kriftel,Frankfurt,380.0,2760.0,,,,0.13,1.395,19.4,5.0,True
11T-D2-D7-000504,Meitingen - Oberbachern OBACHE N,AMPRION GMBH,Meitingen,Oberbachern,380.0,2400.0,,,,0.538,6.23,113.0,25.0,True
11T-D2-D7-000512,Meitingen - Oberbachern OBACHE S,AMPRION GMBH,Meitingen,Oberbachern,380.0,2400.0,,,,0.538,6.23,113.0,25.0,True
11T0-0000-0983-G,Meppen - Niederlangen EMSLD OW,AMPRION GMBH,Meppen,Niederlangen,380.0,,,2216.0,3400.0,0.257,2.96,38.5,10.0,True
11T-D2-D7-00010G,Nehden - Twistetal TWIST O3,AMPRION GMBH,Nehden,Twistetal,380.0,2580.0,,,,0.47,4.438,75.9,18.0,True
11T-D2-D7-00011E,Nehden - Twistetal TWIST W4,AMPRION GMBH,Nehden,Twistetal,380.0,2580.0,,,,0.47,4.438,75.9,18.0,True
11T-D2-D7-00004B,Ohlensehlen - Wehrendorf DUEMM S1,AMPRION GMBH,Wehrendorf,Ohlensehlen,380.0,,,2616.0,3150.0,0.876,8.02,138.8,32.0,True
11T0-0000-1238-D,Y-Asslar (-Dauersberg - Limburg) WESTW W1,AMPRION GMBH,Y-Dauersberg,Asslar,380.0,2612.0,,,,0.521,4.571,78.2,18.0,True
10T-BE-NL-00003E,Rilland-Zandvliet 380 G,TENNET NL,Rilland,Zandvliet,380.0,,3100.0,,,0.0945,0.9763,6.655464,6.6,True
10T-BE-NL-00004C,Rilland-Zandvliet 380 W,TENNET NL,Rilland,Zandvliet,380.0,,3100.0,,,0.0886,0.9763,6.736096,6.6,True
10T-BE-NL-00002G,Maasbracht-Van Eyck 380 W,TENNET NL,Maasbracht,Van Eyck,380.0,,2875.0,,,0.1386,1.578,22.957,8.1,True
10T-BE-NL-00001I,Maasbracht-Van Eyck 380 Z,TENNET NL,Maasbracht,Van Eyck,380.0,,2875.0,,,0.1364,1.5757,22.8371,8.1,True
10T-DE-NL-00003R,Gronau-Hengelo 380 W,TENNET NL,Gronau,Hengelo,380.0,,3100.0,,,0.3,2.9001,45.52139,16.4,True
10T-DE-NL-00004P,Gronau-Hengelo 380 Z,TENNET NL,Gronau,Hengelo,380.0,,3100.0,,,0.3,2.9001,45.52139,16.4,True
10T-DE-NL-00005N,Maasbracht-Oberzier 380 W,TENNET NL,Maasbracht,Oberzier,380.0,,2875.0,,,0.7259,7.1484,120.4381,10.5,True
10T-DE-NL-00006L,Maasbracht-Siersdorf 380 Z,TENNET NL,Maasbracht,Siersdorf,380.0,,2875.0,,,0.4985,4.8831,81.80093,10.5,True
10T-DE-NL-00002T,Diele-Meeden 380 W,TENNET NL,Diele,Meeden,380.0,,1520.0,,,0.3264,3.7075,52.97226,16.5,True
10T-DE-NL-00001V,Diele-Meeden 380 Z,TENNET NL,Diele,Meeden,380.0,,1520.0,,,0.3264,3.7075,52.97226,16.5,True
10T1001C--000235,Doetinchem-Niederrhein 380 W,TENNET NL,Doetinchem,Niederrhein,380.0,,4000.0,,,0.4789,7.2212,131.4207,22.18,True
10T-DE-NL-00007J,Doetinchem-Niederrhein 380 Z,TENNET NL,Doetinchem,Niederrhein,380.0,,4000.0,,,0.4708,7.1976,130.7829,22.18,True
