hour,eic,direction,cont_name,branch_eic,branch_name,substation_from,substation_to,element_type
2024-08-28 22:00:00+00:00,10T-AT-SI-00003P,DIRECT,Kainachtal - Obersielach 471,14T-380-0-00471D,Kainachtal - Obersielach 471,Kainachtal,Obersielach,Line
2024-08-28 22:00:00+00:00,10T-AT-SI-00003P,DIRECT,Kainachtal - Maribor 473 400 kV Maribor - Kainachtal 1,10T-AT-SI-00001T,Kainachtal - Maribor 473,Kainachtal,Maribor,TieLine
2024-08-28 22:00:00+00:00,10T-AT-SI-00003P,DIRECT,Kainachtal - Maribor 473 400 kV Maribor - Kainachtal 1,10T-AT-SI-00001T,400 kV Maribor - Kainachtal 1,Maribor,Kainachtal,TieLine
2024-08-28 22:00:00+00:00,10T-AT-SI-00003P,DIRECT,400 kV Cirkovce - Podlog,28T000000000301K,400 kV Cirkovce - Podlog,Cirkovce,Podlog,Line
2024-08-28 22:00:00+00:00,10T-AT-SI-00003P,OPPOSITE,400 kV Cirkovce - Podlog,28T000000000301K,400 kV Cirkovce - Podlog,Cirkovce,Podlog,Line
2024-08-28 22:00:00+00:00,10T-AT-SI-00003P,DIRECT,400 kV Cirkovce - Krsko,28T000000000300M,400 kV Cirkovce - Krsko,Cirkovce,Krsko,Line
2024-08-28 22:00:00+00:00,10T-AT-DE-000037,DIRECT,Pirach Neu - Pleinting 296/257 Pirach Neu - Pirach 296/257,11T0-0000-2108-O,Pirach Neu - Pleinting 296/257,Pirach Neu,Pleinting,Line
2024-08-28 22:00:00+00:00,10T-AT-DE-000037,DIRECT,Pirach Neu - Pleinting 296/257 Pirach Neu - Pirach 296/257,11T0-0000-2108-O,Pirach Neu - Pirach 296/257,Pirach Neu,Pirach,Line
2024-08-28 22:00:00+00:00,14T-220-0-0273BO,DIRECT,Strass - Thaur 274B,14T-220-0-0274BL,Strass - Thaur 274B,Strass,Thaur,Line
2024-08-28 22:00:00+00:00,10T-AT-CZ-00003X,OPPOSITE,Slavetice - Durnrohr - V438  Duernrohr 1 - Slavetice 438,10T-AT-CZ-00004V,Slavetice - Durnrohr - V438,Slavetice,Durnrohr,TieLine
2024-08-28 22:00:00+00:00,10T-AT-CZ-00003X,OPPOSITE,Slavetice - Durnrohr - V438  Duernrohr 1 - Slavetice 438,10T-AT-CZ-00004V,Duernrohr 1 - Slavetice 438,Duernrohr 1,Slavetice,TieLine
2024-08-28 22:00:00+00:00,10T-AT-SI-00001T,DIRECT,Kainachtal - Maribor 474 400 kV Maribor - Kainachtal 2,10T-AT-SI-00002R,Kainachtal - Maribor 474,Kainachtal,Maribor,TieLine
2024-08-28 22:00:00+00:00,10T-AT-SI-00001T,DIRECT,Kainachtal - Maribor 474 400 kV Maribor - Kainachtal 2,10T-AT-SI-00002R,400 kV Maribor - Kainachtal 2,Maribor,Kainachtal,TieLine
2024-08-28 22:00:00+00:00,10T-AT-SI-00001T,OPPOSITE,Kainachtal - Maribor 474 400 kV Maribor - Kainachtal 2,10T-AT-SI-00002R,Kainachtal - Maribor 474,Kainachtal,Maribor,TieLine
2024-08-28 22:00:00+00:00,10T-AT-SI-00001T,OPPOSITE,Kainachtal - Maribor 474 400 kV Maribor - Kainachtal 2,10T-AT-SI-00002R,400 kV Maribor - Kainachtal 2,Maribor,Kainachtal,TieLine
2024-08-28 22:00:00+00:00,14T-38220-WT041O,OPPOSITE,Westtirol 2 - Voehringen 411 Westtirol - Voehringen FUESSN W,10T1001C--00037V,Westtirol 2 - Voehringen 411,Westtirol 2,Voehringen,TieLine
2024-08-28 22:00:00+00:00,14T-38220-WT041O,OPPOSITE,Westtirol 2 - Voehringen 411 Westtirol - Voehringen FUESSN W,10T1001C--00037V,Westtirol - Voehringen FUESSN W,Westtirol,Voehringen,TieLine
2024-08-28 22:00:00+00:00,14T-38220-WT041O,OPPOSITE,Buers - Westtirol ws (421) Westtirol 1 - Buers 421,10T-AT-DE-000053,Buers - Westtirol ws (421),Buers,Westtirol,TieLine
2024-08-28 22:00:00+00:00,14T-38220-WT041O,OPPOSITE,Buers - Westtirol ws (421) Westtirol 1 - Buers 421,10T-AT-DE-000053,Westtirol 1 - Buers 421,Buers,Westtirol,TieLine
2024-08-28 22:00:00+00:00,14T-38220-ZZ041D,DIRECT,Zell am Ziller 1 - Zell am Ziller 2 ZZRHU42,14T-38220-ZZ042B,Zell am Ziller 1 - Zell am Ziller 2 ZZRHU42,Zell am Ziller 1,Zell am Ziller 2,Transformer
2024-08-28 22:00:00+00:00,10T-BE-FR-000015,DIRECT,Avelgem - Horta 380.102,22T20161020---1E,Avelgem - Horta 380.102,Avelgem,Horta,Line
2024-08-28 22:00:00+00:00,10T-BE-FR-000015,OPPOSITE,Avelgem - Horta 380.102,22T20161020---1E,Avelgem - Horta 380.102,Avelgem,Horta,Line
2024-08-28 22:00:00+00:00,10T-BE-FR-000015,OPPOSITE,Lixhe - Van Eyck 380.91 Alegro HVDC,22T20180102---2W,Lixhe - Van Eyck 380.91,Lixhe,Van Eyck,Line
2024-08-28 22:00:00+00:00,10T-BE-FR-000015,OPPOSITE,Lixhe - Van Eyck 380.91 Alegro HVDC,22T201903146---W,NA,NA,NA,
2024-08-28 22:00:00+00:00,10T-BE-FR-000015,OPPOSITE,PST Van Eyck 2,22T-BE-PST--002U,PST Van Eyck 2,Van Eyck,Van Eyck,PST
2024-08-28 22:00:00+00:00,22T-BE-IN-LI018R,DIRECT,Y-Van Eyck (-Andre Dumont - Gramme) 380.12 Y-Andre Dumont (-Gramme - Van Eyck) 380.12 Y-Gramme (-Andre Dumont - Van Eyck) 380.12,22T20161020---48,Y-Van Eyck (-Andre Dumont - Gramme) 380.12,Van Eyck,Zuttendaal,Line
2024-08-28 22:00:00+00:00,22T-BE-IN-LI018R,DIRECT,Y-Van Eyck (-Andre Dumont - Gramme) 380.12 Y-Andre Dumont (-Gramme - Van Eyck) 380.12 Y-Gramme (-Andre Dumont - Van Eyck) 380.12,22T20161020---48,Y-Andre Dumont (-Gramme - Van Eyck) 380.12,Andre Dumont,Zuttendaal,Line
2024-08-28 22:00:00+00:00,22T-BE-IN-LI018R,DIRECT,Y-Van Eyck (-Andre Dumont - Gramme) 380.12 Y-Andre Dumont (-Gramme - Van Eyck) 380.12 Y-Gramme (-Andre Dumont - Van Eyck) 380.12,22T20161020---48,Y-Gramme (-Andre Dumont - Van Eyck) 380.12,Gramme,Zuttendaal,Line
2024-08-28 22:00:00+00:00,22T-BE-PST--001W,DIRECT,PST Van Eyck 2,22T-BE-PST--002U,PST Van Eyck 2,Van Eyck,Van Eyck,PST
2024-08-28 22:00:00+00:00,22T-BE-PST--002U,DIRECT,Achene - Lonny 380.19 Achene - Lonny 19,10T-BE-FR-000015,Achene - Lonny 380.19,Achene,Lonny,TieLine
2024-08-28 22:00:00+00:00,22T-BE-PST--002U,DIRECT,Achene - Lonny 380.19 Achene - Lonny 19,10T-BE-FR-000015,Achene - Lonny 19,Achene,Lonny,TieLine
2024-08-28 22:00:00+00:00,22T-BE-PST--002U,DIRECT,Y-Bruegel (-Mercator - Verbrande Brug) 380.36 Y-Mercator (-Bruegel - Verbrande Brug) 380.36 Y-Verbrande Brug (-Bruegel - Mercator) 380.36,22T-BE-IN-LI006Y,Y-Bruegel (-Mercator - Verbrande Brug) 380.36,Bruegel,Buggenhout,Line
2024-08-28 22:00:00+00:00,22T-BE-PST--002U,DIRECT,Y-Bruegel (-Mercator - Verbrande Brug) 380.36 Y-Mercator (-Bruegel - Verbrande Brug) 380.36 Y-Verbrande Brug (-Bruegel - Mercator) 380.36,22T-BE-IN-LI006Y,Y-Mercator (-Bruegel - Verbrande Brug) 380.36,Mercator,Buggenhout,Line
2024-08-28 22:00:00+00:00,22T-BE-PST--002U,DIRECT,Y-Bruegel (-Mercator - Verbrande Brug) 380.36 Y-Mercator (-Bruegel - Verbrande Brug) 380.36 Y-Verbrande Brug (-Bruegel - Mercator) 380.36,22T-BE-IN-LI006Y,Y-Verbrande Brug (-Bruegel - Mercator) 380.36,Verbrande Brug,Buggenhout,Line
2024-08-28 22:00:00+00:00,22T-BE-PST--002U,DIRECT,PST Van Eyck 1,22T-BE-PST--001W,PST Van Eyck 1,Van Eyck,Van Eyck,PST
2024-08-28 22:00:00+00:00,22T-BE-PST--002U,OPPOSITE,Y-Bruegel (-Courcelles - Drogenbos) 380.33 Y-Courcelles (-Bruegel - Drogenbos) 380.33 Y-Drogenbos (-Bruegel - Courcelles) 380.33,22T-BE-IN-LI0017,Y-Bruegel (-Courcelles - Drogenbos) 380.33,Bruegel,Mekingen,Line
2024-08-28 22:00:00+00:00,22T-BE-PST--002U,OPPOSITE,Y-Bruegel (-Courcelles - Drogenbos) 380.33 Y-Courcelles (-Bruegel - Drogenbos) 380.33 Y-Drogenbos (-Bruegel - Courcelles) 380.33,22T-BE-IN-LI0017,Y-Courcelles (-Bruegel - Drogenbos) 380.33,Courcelles,Mekingen,Line
2024-08-28 22:00:00+00:00,22T-BE-PST--002U,OPPOSITE,Y-Bruegel (-Courcelles - Drogenbos) 380.33 Y-Courcelles (-Bruegel - Drogenbos) 380.33 Y-Drogenbos (-Bruegel - Courcelles) 380.33,22T-BE-IN-LI0017,Y-Drogenbos (-Bruegel - Courcelles) 380.33,Drogenbos,Mekingen,Line
2024-08-28 22:00:00+00:00,22T-BE-PST--002U,OPPOSITE,Gramme - Achene 380.10,22T-BE-IN-LI0130,Gramme - Achene 380.10,Achene,Gramme,Line
2024-08-28 22:00:00+00:00,22T-BE-PST--002U,OPPOSITE,PST Van Eyck 1,22T-BE-PST--001W,PST Van Eyck 1,Van Eyck,Van Eyck,PST
2024-08-28 22:00:00+00:00,22T-BE-IN-LI02AK,DIRECT,Doel - Zandvliet 380.26,22T20170512----9,Doel - Zandvliet 380.26,Doel,Zandvliet,Line
2024-08-28 22:00:00+00:00,22T-BE-PST--002U,DIRECT,Alegro HVDC,22T201903146---W,NA,NA,NA,
2024-08-28 22:00:00+00:00,22T-BE-PST--002U,OPPOSITE,Alegro HVDC,22T201903146---W,NA,NA,NA,
2024-08-28 22:00:00+00:00,10T-CZ-SK-00001Y,DIRECT,Nosovice - Varin  Nosovice - Varin,10T-CZ-SK-00002W,Nosovice - Varin,Nosovice,Varin,TieLine
2024-08-28 22:00:00+00:00,10T-CZ-SK-00001Y,DIRECT,Nosovice - Varin  Nosovice - Varin,10T-CZ-SK-00002W,Nosovice - Varin,Nosovice,Varin,TieLine
2024-08-28 22:00:00+00:00,10T-CZ-SK-00001Y,OPPOSITE,Nosovice - Varin  Nosovice - Varin,10T-CZ-SK-00002W,Nosovice - Varin,Nosovice,Varin,TieLine
2024-08-28 22:00:00+00:00,10T-CZ-SK-00001Y,OPPOSITE,Nosovice - Varin  Nosovice - Varin,10T-CZ-SK-00002W,Nosovice - Varin,Nosovice,Varin,TieLine
2024-08-28 22:00:00+00:00,10T-CZ-SK-00002W,DIRECT,Krizovany - Sokolnice Sokolnice - Krizovany,10T-CZ-SK-00003U,Krizovany - Sokolnice,Krizovany,Sokolnice,TieLine
2024-08-28 22:00:00+00:00,10T-CZ-SK-00002W,DIRECT,Krizovany - Sokolnice Sokolnice - Krizovany,10T-CZ-SK-00003U,Sokolnice - Krizovany,Sokolnice,Krizovany,TieLine
2024-08-28 22:00:00+00:00,10T-CZ-SK-00002W,OPPOSITE,Krizovany - Sokolnice Sokolnice - Krizovany,10T-CZ-SK-00003U,Krizovany - Sokolnice,Krizovany,Sokolnice,TieLine
2024-08-28 22:00:00+00:00,10T-CZ-SK-00002W,OPPOSITE,Krizovany - Sokolnice Sokolnice - Krizovany,10T-CZ-SK-00003U,Sokolnice - Krizovany,Sokolnice,Krizovany,TieLine
2024-08-28 22:00:00+00:00,10T1001C--001223,DIRECT,Sokolnice - Zaya - V243 Zaya - Sokolnice 243,10T1001C--001215,Sokolnice - Zaya - V243,Sokolnice,Zaya,TieLine
2024-08-28 22:00:00+00:00,10T1001C--001223,DIRECT,Sokolnice - Zaya - V243 Zaya - Sokolnice 243,10T1001C--001215,Zaya - Sokolnice 243,Zaya,Sokolnice,TieLine
2024-08-28 22:00:00+00:00,10T1001C--001223,OPPOSITE,Sokolnice - Zaya - V243 Zaya - Sokolnice 243,10T1001C--001215,Sokolnice - Zaya - V243,Sokolnice,Zaya,TieLine
2024-08-28 22:00:00+00:00,10T1001C--001223,OPPOSITE,Sokolnice - Zaya - V243 Zaya - Sokolnice 243,10T1001C--001215,Zaya - Sokolnice 243,Zaya,Sokolnice,TieLine
2024-08-28 22:00:00+00:00,10T-CZ-SK-00003U,DIRECT,Nosovice - Varin  Nosovice - Varin,10T-CZ-SK-00002W,Nosovice - Varin,Nosovice,Varin,TieLine
2024-08-28 22:00:00+00:00,10T-CZ-SK-00003U,DIRECT,Nosovice - Varin  Nosovice - Varin,10T-CZ-SK-00002W,Nosovice - Varin,Nosovice,Varin,TieLine
2024-08-28 22:00:00+00:00,10T-CZ-SK-00003U,OPPOSITE,Nosovice - Varin  Nosovice - Varin,10T-CZ-SK-00002W,Nosovice - Varin,Nosovice,Varin,TieLine
2024-08-28 22:00:00+00:00,10T-CZ-SK-00003U,OPPOSITE,Nosovice - Varin  Nosovice - Varin,10T-CZ-SK-00002W,Nosovice - Varin,Nosovice,Varin,TieLine
2024-08-28 22:00:00+00:00,10T-CZ-SK-00003U,DIRECT,Sokolnice - Stupava  Sokolnice - Stupava,10T-CZ-SK-00005Q,Sokolnice - Stupava,Sokolnice,Stupava,TieLine
2024-08-28 22:00:00+00:00,10T-CZ-SK-00003U,DIRECT,Sokolnice - Stupava  Sokolnice - Stupava,10T-CZ-SK-00005Q,Sokolnice - Stupava,Stupava,Sokolnice,TieLine
2024-08-28 22:00:00+00:00,10T-CZ-SK-00003U,OPPOSITE,Sokolnice - Stupava  Sokolnice - Stupava,10T-CZ-SK-00005Q,Sokolnice - Stupava,Sokolnice,Stupava,TieLine
2024-08-28 22:00:00+00:00,10T-CZ-SK-00003U,OPPOSITE,Sokolnice - Stupava  Sokolnice - Stupava,10T-CZ-SK-00005Q,Sokolnice - Stupava,Stupava,Sokolnice,TieLine
2024-08-28 22:00:00+00:00,10T-CZ-SK-00003U,DIRECT,H. Zivotice - Krasikov,27T-TLI-V458---B,H. Zivotice - Krasikov,H. Zivotice,Krasikov,Line
2024-08-28 22:00:00+00:00,10T-CZ-SK-00003U,OPPOSITE,H. Zivotice - Krasikov,27T-TLI-V458---B,H. Zivotice - Krasikov,H. Zivotice,Krasikov,Line
2024-08-28 22:00:00+00:00,10T-CZ-DE-00001W,OPPOSITE,Prestice - Etzenricht  Etzenricht - Prestice 442,10T-CZ-DE-00004Q,Prestice - Etzenricht,Prestice,Etzenricht,TieLine
2024-08-28 22:00:00+00:00,10T-CZ-DE-00001W,OPPOSITE,Prestice - Etzenricht  Etzenricht - Prestice 442,10T-CZ-DE-00004Q,Etzenricht - Prestice 442,Etzenricht,Prestice,TieLine
2024-08-28 22:00:00+00:00,10T-CZ-DE-00004Q,OPPOSITE,Hradec - Etzenricht  Etzenricht - Hradec 441,10T-CZ-DE-00001W,Hradec - Etzenricht,Hradec,Etzenricht,TieLine
2024-08-28 22:00:00+00:00,10T-CZ-DE-00004Q,OPPOSITE,Hradec - Etzenricht  Etzenricht - Hradec 441,10T-CZ-DE-00001W,Etzenricht - Hradec 441,Etzenricht,Hradec,TieLine
2024-08-28 22:00:00+00:00,11TD2L000000003L,DIRECT,Altheim - Sittling 220,11TD2L000000004J,Altheim - Sittling 220,Altheim,Sittling,Line
2024-08-28 22:00:00+00:00,11TD2L000000003L,OPPOSITE,Altheim - Sittling 220,11TD2L000000004J,Altheim - Sittling 220,Altheim,Sittling,Line
2024-08-28 22:00:00+00:00,11T0-0000-0781-W,DIRECT,Y-Oberzier (-Paffendorf - Sechtem) SECHTM S Y-Paffendorf (-Oberzier - Sechtem) SECHTM S Y-Sechtem (-Oberzier - Paffendorf) SECHTM S,11T0-0000-0782-T,Y-Oberzier (-Paffendorf - Sechtem) SECHTM S,Oberzier,Y-Paffendorf,Line
2024-08-28 22:00:00+00:00,11T0-0000-0781-W,DIRECT,Y-Oberzier (-Paffendorf - Sechtem) SECHTM S Y-Paffendorf (-Oberzier - Sechtem) SECHTM S Y-Sechtem (-Oberzier - Paffendorf) SECHTM S,11T0-0000-0815-6,Y-Paffendorf (-Oberzier - Sechtem) SECHTM S,Paffendorf,Y-Paffendorf,Line
2024-08-28 22:00:00+00:00,11T0-0000-0781-W,DIRECT,Y-Oberzier (-Paffendorf - Sechtem) SECHTM S Y-Paffendorf (-Oberzier - Sechtem) SECHTM S Y-Sechtem (-Oberzier - Paffendorf) SECHTM S,11T0-0000-0849-J,Y-Sechtem (-Oberzier - Paffendorf) SECHTM S,Sechtem,Y-Paffendorf,Line
2024-08-28 22:00:00+00:00,10T-DE-NL-00005N,DIRECT,Alegro HVDC,22T201903146---W,NA,NA,NA,
2024-08-28 22:00:00+00:00,10T-DE-NL-00005N,DIRECT,Ensdorf - Vigy VIGY2 S Ensdorf - Vigy VIGY2 S,10T-DE-FR-000068,Ensdorf - Vigy VIGY2 S,Ensdorf,Vigy,TieLine
2024-08-28 22:00:00+00:00,10T-DE-NL-00005N,DIRECT,Ensdorf - Vigy VIGY2 S Ensdorf - Vigy VIGY2 S,10T-DE-FR-000068,Ensdorf - Vigy VIGY2 S,Ensdorf,Vigy,TieLine
2024-08-28 22:00:00+00:00,10T-DE-NL-00005N,DIRECT,Gramme - Achene 380.10,22T-BE-IN-LI0130,Gramme - Achene 380.10,Achene,Gramme,Line
2024-08-28 22:00:00+00:00,10T-DE-NL-00005N,DIRECT,Boxmeer - Dodewaard 380 Zwart,49T000000000006C,Boxmeer - Dodewaard 380 Zwart,Boxmeer,Dodewaard,Line
2024-08-28 22:00:00+00:00,10T-DE-NL-00005N,DIRECT,Maasbracht - Dodewaard 380 Wit,49T000000000013F,Maasbracht - Dodewaard 380 Wit,Dodewaard,Maasbracht,Line
2024-08-28 22:00:00+00:00,10T-DE-NL-00005N,DIRECT,Avelgem - Horta 380.102,22T20161020---1E,Avelgem - Horta 380.102,Avelgem,Horta,Line
2024-08-28 22:00:00+00:00,10T-DE-FR-000068,OPPOSITE,Ensdorf - Vigy VIGY1 N Ensdorf - Vigy VIGY1 N,10T-DE-FR-00005A,Ensdorf - Vigy VIGY1 N,Ensdorf,Vigy,TieLine
2024-08-28 22:00:00+00:00,10T-DE-FR-000068,OPPOSITE,Ensdorf - Vigy VIGY1 N Ensdorf - Vigy VIGY1 N,10T-DE-FR-00005A,Ensdorf - Vigy VIGY1 N,Ensdorf,Vigy,TieLine
2024-08-28 22:00:00+00:00,10T-DE-FR-000068,DIRECT,Ensdorf - Vigy VIGY1 N Ensdorf - Vigy VIGY1 N,10T-DE-FR-00005A,Ensdorf - Vigy VIGY1 N,Ensdorf,Vigy,TieLine
2024-08-28 22:00:00+00:00,10T-DE-FR-000068,DIRECT,Ensdorf - Vigy VIGY1 N Ensdorf - Vigy VIGY1 N,10T-DE-FR-00005A,Ensdorf - Vigy VIGY1 N,Ensdorf,Vigy,TieLine
2024-08-28 22:00:00+00:00,11T0-0000-0781-W,DIRECT,PST Oberzier TR 442 E,11T0-0000-2133-R,PST Oberzier TR 442 E,Oberzier,Oberzier,PST
2024-08-28 22:00:00+00:00,10T-CZ-DE-00002U,OPPOSITE,Hradec - Rohrsdorf - V446  Hradec - Rohrsdorf 446,10T-CZ-DE-00003S,Hradec - Rohrsdorf - V446,Hradec,Rohrsdorf,TieLine
2024-08-28 22:00:00+00:00,10T-CZ-DE-00002U,OPPOSITE,Hradec - Rohrsdorf - V446  Hradec - Rohrsdorf 446,10T-CZ-DE-00003S,Hradec - Rohrsdorf 446,Hradec,Rohrsdorf,TieLine
2024-08-28 22:00:00+00:00,11T0-0000-0011-L,DIRECT,,,,,,
2024-08-28 22:00:00+00:00,11T0-0000-0013-F,DIRECT,Hagenwerder - Mikulowa 567 Mikulowa - Hagenwerder 567,10T-DE-PL-00002B,Hagenwerder - Mikulowa 567,Hagenwerder,Mikulowa,TieLine
2024-08-28 22:00:00+00:00,11T0-0000-0013-F,DIRECT,Hagenwerder - Mikulowa 567 Mikulowa - Hagenwerder 567,10T-DE-PL-00002B,Mikulowa - Hagenwerder 567,Mikulowa 567,Hagenwerder,TieLine
2024-08-28 22:00:00+00:00,11TD8L555------W,OPPOSITE,Dresden/Sued - Schmoelln 556,11TD8L556------O,Dresden/Sued - Schmoelln 556,Dresden/Sued,Schmoelln,Line
2024-08-28 22:00:00+00:00,10T-HR-SI-000022,OPPOSITE,,,,,,
2024-08-28 22:00:00+00:00,10T-HR-SI-000022,DIRECT,Melina - Divaca 400 kV Divaca - Melina,10T-HR-SI-000014,Melina - Divaca,Melina,Divaca,TieLine
2024-08-28 22:00:00+00:00,10T-HR-SI-000022,DIRECT,Melina - Divaca 400 kV Divaca - Melina,10T-HR-SI-000014,400 kV Divaca - Melina,Divaca,Melina,TieLine
2024-08-28 22:00:00+00:00,10T-HR-SI-000022,OPPOSITE,Melina - Divaca 400 kV Divaca - Melina,10T-HR-SI-000014,Melina - Divaca,Melina,Divaca,TieLine
2024-08-28 22:00:00+00:00,10T-HR-SI-000022,OPPOSITE,Melina - Divaca 400 kV Divaca - Melina,10T-HR-SI-000014,400 kV Divaca - Melina,Divaca,Melina,TieLine
2024-08-28 22:00:00+00:00,10T-HR-HU-000033,OPPOSITE,Pecs - Ernestinovo2 491B Ernestinovo - Pecs 2,10T-HR-HU-000041,Pecs - Ernestinovo2 491B,Pecs,Ernestinovo,TieLine
2024-08-28 22:00:00+00:00,10T-HR-HU-000033,OPPOSITE,Pecs - Ernestinovo2 491B Ernestinovo - Pecs 2,10T-HR-HU-000041,Ernestinovo - Pecs 2,Ernestinovo,Pecs 2,TieLine
2024-08-28 22:00:00+00:00,10T-HR-SI-000014,DIRECT,,,,,,
2024-08-28 22:00:00+00:00,10T-HR-SI-000014,DIRECT,Pehlin - Divaca 220kV Divaca - Pehlin,10T-HR-SI-000022,Pehlin - Divaca,Pehlin,Divaca,TieLine
2024-08-28 22:00:00+00:00,10T-HR-SI-000014,DIRECT,Pehlin - Divaca 220kV Divaca - Pehlin,10T-HR-SI-000022,220kV Divaca - Pehlin,Divaca,Pehlin,TieLine
2024-08-28 22:00:00+00:00,10T-HR-SI-00004Z,OPPOSITE,Tumbri - Krsko 2 400 kV Krsko - Tumbri 2,10T-HR-SI-00005X,Tumbri - Krsko 2,Tumbri,Krsko,TieLine
2024-08-28 22:00:00+00:00,10T-HR-SI-00004Z,OPPOSITE,Tumbri - Krsko 2 400 kV Krsko - Tumbri 2,10T-HR-SI-00005X,400 kV Krsko - Tumbri 2,Krsko,Tumbri,TieLine
2024-08-28 22:00:00+00:00,15T-M000002791-J,DIRECT,Gabcikovo - Gyor Gabcikovo - Gyor,10T-HU-SK-00002R,Gabcikovo - Gyor,Gabcikovo,Gyor,TieLine
2024-08-28 22:00:00+00:00,15T-M000002791-J,DIRECT,Gabcikovo - Gyor Gabcikovo - Gyor,10T-HU-SK-00002R,Gabcikovo - Gyor,Gabcikovo,Gyor,TieLine
2024-08-28 22:00:00+00:00,10T-HU-UA-00002F,DIRECT,Szabolcsbaka - Mukachevo,10T1001C--000421,Szabolcsbaka - Mukachevo,Szabolcsbaka,Mukachevo,TieLine
2024-08-28 22:00:00+00:00,10T-HU-UA-00002F,OPPOSITE,Szabolcsbaka - Mukachevo,10T1001C--000421,Szabolcsbaka - Mukachevo,Szabolcsbaka,Mukachevo,TieLine
2024-08-28 22:00:00+00:00,10T1001C--00056R,DIRECT,Gabcikovo - Gyor Gabcikovo - Gyor,10T-HU-SK-00002R,Gabcikovo - Gyor,Gabcikovo,Gyor,TieLine
2024-08-28 22:00:00+00:00,10T1001C--00056R,DIRECT,Gabcikovo - Gyor Gabcikovo - Gyor,10T-HU-SK-00002R,Gabcikovo - Gyor,Gabcikovo,Gyor,TieLine
2024-08-28 22:00:00+00:00,10T1001C--00056R,OPPOSITE,Gonyu - Gyor,15T-M000002791-J,Gonyu - Gyor,Gonyu,Gyor,Line
2024-08-28 22:00:00+00:00,10T1001C--00056R,OPPOSITE,Gabcikovo - Gyor Gabcikovo - Gyor,10T-HU-SK-00002R,Gabcikovo - Gyor,Gabcikovo,Gyor,TieLine
2024-08-28 22:00:00+00:00,10T1001C--00056R,OPPOSITE,Gabcikovo - Gyor Gabcikovo - Gyor,10T-HU-SK-00002R,Gabcikovo - Gyor,Gabcikovo,Gyor,TieLine
2024-08-28 22:00:00+00:00,10T1001C--00101B,DIRECT,Zerjavinec - Heviz Zerjavinec - Heviz,10T-HR-HU-000025,Zerjavinec - Heviz,Zerjavinec,Heviz,TieLine
2024-08-28 22:00:00+00:00,10T1001C--00101B,DIRECT,Zerjavinec - Heviz Zerjavinec - Heviz,10T-HR-HU-000025,Zerjavinec - Heviz,Zerjavinec,Heviz,TieLine
2024-08-28 22:00:00+00:00,10T1001C--00101B,OPPOSITE,Zerjavinec - Heviz Zerjavinec - Heviz,10T-HR-HU-000025,Zerjavinec - Heviz,Zerjavinec,Heviz,TieLine
2024-08-28 22:00:00+00:00,10T1001C--00101B,OPPOSITE,Zerjavinec - Heviz Zerjavinec - Heviz,10T-HR-HU-000025,Zerjavinec - Heviz,Zerjavinec,Heviz,TieLine
2024-08-28 22:00:00+00:00,10T-DE-NL-00002T,DIRECT,Gronau - Hanekenfaehr GRONAU W,11T0-0000-0617-A,Gronau - Hanekenfaehr GRONAU W,Gronau,Hanekenfaehr,Line
2024-08-28 22:00:00+00:00,10T-DE-NL-00002T,DIRECT,Y-Doerpen West (-Meppen - Niederlangen) EMSLD OW Y-Niederlangen (-Meppen - Doerpen West) EMSLD OW Y-Meppen (-Doerpen West - Niederlangen) EMSLD OW Meppen - Niederlangen - Doerpen West EMSLD OW,11T0-0000-0990-L,Y-Doerpen West (-Meppen - Niederlangen) EMSLD OW,Doerpen West,Y Niederlangen,Line
2024-08-28 22:00:00+00:00,10T-DE-NL-00002T,DIRECT,Y-Doerpen West (-Meppen - Niederlangen) EMSLD OW Y-Niederlangen (-Meppen - Doerpen West) EMSLD OW Y-Meppen (-Doerpen West - Niederlangen) EMSLD OW Meppen - Niederlangen - Doerpen West EMSLD OW,11T0-0000-0991-I,Y-Niederlangen (-Meppen - Doerpen West) EMSLD OW,Niederlangen,Y Niederlangen,Line
2024-08-28 22:00:00+00:00,10T-DE-NL-00002T,DIRECT,Y-Doerpen West (-Meppen - Niederlangen) EMSLD OW Y-Niederlangen (-Meppen - Doerpen West) EMSLD OW Y-Meppen (-Doerpen West - Niederlangen) EMSLD OW Meppen - Niederlangen - Doerpen West EMSLD OW,11T-D2-D7-00001H,Y-Meppen (-Doerpen West - Niederlangen) EMSLD OW,Meppen,Y Niederlangen,Line
2024-08-28 22:00:00+00:00,10T-DE-NL-00002T,DIRECT,Y-Doerpen West (-Meppen - Niederlangen) EMSLD OW Y-Niederlangen (-Meppen - Doerpen West) EMSLD OW Y-Meppen (-Doerpen West - Niederlangen) EMSLD OW Meppen - Niederlangen - Doerpen West EMSLD OW,11T-D2-D7-00001H,NA,NA,NA,
2024-08-28 22:00:00+00:00,10T-DE-NL-00005N,DIRECT,Gronau - Kusenhorst HAMALD,11T0-0000-0618-7,Gronau - Kusenhorst HAMALD,Gronau,Kusenhorst,Line
2024-08-28 22:00:00+00:00,49T000000000000O,DIRECT,Zwolle - Hengelo 380 Zwart,49T000000000031D,Zwolle - Hengelo 380 Zwart,Zwolle,Hengelo,Line
2024-08-28 22:00:00+00:00,49T0000000000274,DIRECT,Krimpen a/d IJssel - Geertruidenberg 380 Zwart,49T0000000000282,Krimpen a/d IJssel - Geertruidenberg 380 Zwart,Krimpen a/d IJssel,Geertruidenberg,Line
2024-08-28 22:00:00+00:00,19T000000001304A,OPPOSITE,Krosno Iskrzynia - Tarnow,19T000000000296P,Krosno Iskrzynia - Tarnow,Krosno Iskrzynia,Tarnow,Line
2024-08-28 22:00:00+00:00,19T000000004057N,DIRECT,Mikulowa AT2,19T000000004058L,Mikulowa AT2,Mikulowa AT2,Mikulowa AT2,Transformer
2024-08-28 22:00:00+00:00,19T000000004057N,OPPOSITE,Mikulowa AT2,19T000000004058L,Mikulowa AT2,Mikulowa AT2,Mikulowa AT2,Transformer
2024-08-28 22:00:00+00:00,19T0000000063830,DIRECT,Hagenwerder - Mikulowa 568 Mikulowa - Hagenwerder 568,10T-DE-PL-00001D,Hagenwerder - Mikulowa 568,Hagenwerder,Mikulowa,TieLine
2024-08-28 22:00:00+00:00,19T0000000063830,DIRECT,Hagenwerder - Mikulowa 568 Mikulowa - Hagenwerder 568,10T-DE-PL-00001D,Mikulowa - Hagenwerder 568,Mikulowa 568,Hagenwerder,TieLine
2024-08-28 22:00:00+00:00,19T0000000063830,OPPOSITE,Hagenwerder - Mikulowa 568 Mikulowa - Hagenwerder 568,10T-DE-PL-00001D,Hagenwerder - Mikulowa 568,Hagenwerder,Mikulowa,TieLine
2024-08-28 22:00:00+00:00,19T0000000063830,OPPOSITE,Hagenwerder - Mikulowa 568 Mikulowa - Hagenwerder 568,10T-DE-PL-00001D,Mikulowa - Hagenwerder 568,Mikulowa 568,Hagenwerder,TieLine
2024-08-28 22:00:00+00:00,10T1001A1001A09N,DIRECT,Nosovice - Wielopole  Wielopole - Nosovice,10T-CZ-PL-00004A,Nosovice - Wielopole,Nosovice,Wielopole,TieLine
2024-08-28 22:00:00+00:00,10T1001A1001A09N,DIRECT,Nosovice - Wielopole  Wielopole - Nosovice,10T-CZ-PL-00004A,Wielopole - Nosovice,Wielopole,Nosovice,TieLine
2024-08-28 22:00:00+00:00,10T-CZ-PL-00004A,DIRECT,Dobrzen - Detmarovice Dobrzen - Detmarovice,10T1001A1001A09N,Dobrzen - Detmarovice,Dobrzen,Detmarovice,TieLine
2024-08-28 22:00:00+00:00,10T-CZ-PL-00004A,DIRECT,Dobrzen - Detmarovice Dobrzen - Detmarovice,10T1001A1001A09N,Dobrzen - Detmarovice,Detmarovice,Dobrzen,TieLine
2024-08-28 22:00:00+00:00,10T-CZ-PL-00004A,OPPOSITE,Dobrzen - Detmarovice Dobrzen - Detmarovice,10T1001A1001A09N,Dobrzen - Detmarovice,Dobrzen,Detmarovice,TieLine
2024-08-28 22:00:00+00:00,10T-CZ-PL-00004A,OPPOSITE,Dobrzen - Detmarovice Dobrzen - Detmarovice,10T1001A1001A09N,Dobrzen - Detmarovice,Detmarovice,Dobrzen,TieLine
2024-08-28 22:00:00+00:00,30TPARO220TRGJ-Q,OPPOSITE,Portile de Fier - Resita c1 Portile de Fier - Resita c2,30TPDFE220RESI1S,Portile de Fier - Resita c1,Portile de Fier,Resita c1,Line
2024-08-28 22:00:00+00:00,30TPARO220TRGJ-Q,OPPOSITE,Portile de Fier - Resita c1 Portile de Fier - Resita c2,30TPDFE220RESI2Q,Portile de Fier - Resita c2,Portile de Fier,Resita c2,Line
2024-08-28 22:00:00+00:00,30TPARO220TRGJ-Q,OPPOSITE,Resita - Timisoara c1 Resita - Timisoara c2,30TRESI220TIMI1L,Resita - Timisoara c1,Resita,Timisoara c1,Line
2024-08-28 22:00:00+00:00,30TPARO220TRGJ-Q,OPPOSITE,Resita - Timisoara c1 Resita - Timisoara c2,30TRESI220TIMI2J,Resita - Timisoara c2,Resita,Timisoara c2,Line
2024-08-28 22:00:00+00:00,30TPARO220TRGJ-Q,OPPOSITE,Sibiu Sud - Tantareni,30TSIBI400TINT-1,Sibiu Sud - Tantareni,Sibiu Sud,Tantareni,Line
2024-08-28 22:00:00+00:00,30TRESI220TIMI1L,DIRECT,Resita - Timisoara c2,30TRESI220TIMI2J,Resita - Timisoara c2,Resita,Timisoara c2,Line
2024-08-28 22:00:00+00:00,30TPDFE220RESI1S,DIRECT,Portile de Fier - Djerdap,10T-RO-RS-00001V,Portile de Fier - Djerdap,Portile de Fier,Djerdap,TieLine
2024-08-28 22:00:00+00:00,30T-ROSI400AT--1,DIRECT,Rosiori - Gadalin,30TGADA400ROSI-A,Rosiori - Gadalin,Rosiori,Gadalin,Line
2024-08-28 22:00:00+00:00,10T-RO-RS-00001V,OPPOSITE,Tantareni - Kozlodui c2 Tantareni - Kozlodui c1,10T-BG-RO-00001A,Tantareni - Kozlodui c2,Tantareni,Kozlodui,TieLine
2024-08-28 22:00:00+00:00,10T-RO-RS-00001V,OPPOSITE,Tantareni - Kozlodui c2 Tantareni - Kozlodui c1,10T-RO-BG-00002A,Tantareni - Kozlodui c1,Tantareni,Kozlodui,TieLine
2024-08-28 22:00:00+00:00,10T1001C--00101B,DIRECT,Kainachtal - Maribor 473 400 kV Maribor - Kainachtal 1,10T-AT-SI-00001T,Kainachtal - Maribor 473,Kainachtal,Maribor,TieLine
2024-08-28 22:00:00+00:00,10T1001C--00101B,DIRECT,Kainachtal - Maribor 473 400 kV Maribor - Kainachtal 1,10T-AT-SI-00001T,400 kV Maribor - Kainachtal 1,Maribor,Kainachtal,TieLine
2024-08-28 22:00:00+00:00,10T1001C--00101B,DIRECT,Zerjavinec - Cirkovce 400 kV Cirkovce - Zerjavinec,10T1001C--001037,Zerjavinec - Cirkovce,Zerjavinec,Cirkovce,TieLine
2024-08-28 22:00:00+00:00,10T1001C--00101B,DIRECT,Zerjavinec - Cirkovce 400 kV Cirkovce - Zerjavinec,10T1001C--001037,400 kV Cirkovce - Zerjavinec,Cirkovce,Zerjavinec,TieLine
2024-08-28 22:00:00+00:00,10T1001C--00101B,OPPOSITE,Kainachtal - Maribor 473 400 kV Maribor - Kainachtal 1,10T-AT-SI-00001T,Kainachtal - Maribor 473,Kainachtal,Maribor,TieLine
2024-08-28 22:00:00+00:00,10T1001C--00101B,OPPOSITE,Kainachtal - Maribor 473 400 kV Maribor - Kainachtal 1,10T-AT-SI-00001T,400 kV Maribor - Kainachtal 1,Maribor,Kainachtal,TieLine
2024-08-28 22:00:00+00:00,10T1001C--00101B,OPPOSITE,Zerjavinec - Cirkovce 400 kV Cirkovce - Zerjavinec,10T1001C--001037,Zerjavinec - Cirkovce,Zerjavinec,Cirkovce,TieLine
2024-08-28 22:00:00+00:00,10T1001C--00101B,OPPOSITE,Zerjavinec - Cirkovce 400 kV Cirkovce - Zerjavinec,10T1001C--001037,400 kV Cirkovce - Zerjavinec,Cirkovce,Zerjavinec,TieLine
2024-08-28 22:00:00+00:00,10T-HU-SK-00001T,DIRECT,R.Sobota - Sajoivanka  R.Sobota - Sajoivanka,10T1001C--00054V,R.Sobota - Sajoivanka,R.Sobota,Sajoivanka,TieLine
2024-08-28 22:00:00+00:00,10T-HU-SK-00001T,DIRECT,R.Sobota - Sajoivanka  R.Sobota - Sajoivanka,10T1001C--00054V,R.Sobota - Sajoivanka,R.Sobota,Sajoivanka,TieLine
2024-08-28 22:00:00+00:00,10T-SK-UA-00001W,DIRECT,R.Sobota - Sajoivanka  R.Sobota - Sajoivanka,10T1001C--00054V,R.Sobota - Sajoivanka,R.Sobota,Sajoivanka,TieLine
2024-08-28 22:00:00+00:00,10T-SK-UA-00001W,DIRECT,R.Sobota - Sajoivanka  R.Sobota - Sajoivanka,10T1001C--00054V,R.Sobota - Sajoivanka,R.Sobota,Sajoivanka,TieLine
2024-08-28 22:00:00+00:00,24T-V429-0000005,DIRECT,V.Dur - Krizovany,24T-V425-0000004,V.Dur - Krizovany,V.Dur,Krizovany,Line
2024-08-28 22:00:00+00:00,24T-V493-000000Q,DIRECT,Bosaca - Varin,24T-V495-0000008,Bosaca - Varin,Bosaca,Varin,Line
2024-08-28 22:00:00+00:00,24T-V490-000000G,DIRECT,V.Dur - Levice 2,24T-V491-0000007,V.Dur - Levice 2,V.Dur,Levice,Line
2024-08-28 22:00:00+00:00,24T-V425-0000004,DIRECT,Gabcikovo - P.Biskupice,24T-V429-0000005,Gabcikovo - P.Biskupice,Gabcikovo,P.Biskupice,Line
2024-08-28 22:00:00+00:00,10T-SK-UA-00001W,OPPOSITE,R.Sobota - Sajoivanka  R.Sobota - Sajoivanka,10T1001C--00054V,R.Sobota - Sajoivanka,R.Sobota,Sajoivanka,TieLine
2024-08-28 22:00:00+00:00,10T-SK-UA-00001W,OPPOSITE,R.Sobota - Sajoivanka  R.Sobota - Sajoivanka,10T1001C--00054V,R.Sobota - Sajoivanka,R.Sobota,Sajoivanka,TieLine
2024-08-28 22:00:00+00:00,10T-CZ-SK-00002W,OPPOSITE,Lemesany - Krosno Iskrz 1 Lemesany - Krosno Iskrz 1,10T-PL-SK-00001W,Lemesany - Krosno Iskrz 1,Lemesany,Krosno Iskrz,TieLine
2024-08-28 22:00:00+00:00,10T-CZ-SK-00002W,OPPOSITE,Lemesany - Krosno Iskrz 1 Lemesany - Krosno Iskrz 1,10T-PL-SK-00001W,Lemesany - Krosno Iskrz 1,Lemesany,Krosno Iskrz 1,TieLine
2024-08-28 22:00:00+00:00,10T-CZ-SK-00002W,OPPOSITE,Lemesany - Krosno Iskrz 2 Lemesany - Krosno Iskrz 2,10T-PL-SK-00002U,Lemesany - Krosno Iskrz 2,Lemesany,Krosno Iskrz,TieLine
2024-08-28 22:00:00+00:00,10T-CZ-SK-00002W,OPPOSITE,Lemesany - Krosno Iskrz 2 Lemesany - Krosno Iskrz 2,10T-PL-SK-00002U,Lemesany - Krosno Iskrz 2,Lemesany,Krosno Iskrz 2,TieLine
2024-08-28 22:00:00+00:00,10T-CZ-SK-00002W,OPPOSITE,Sp.Nova Ves - Lemesany,24T-V408-000000Y,Sp.Nova Ves - Lemesany,Sp.Nova Ves,Lemesany,Line
2024-08-28 22:00:00+00:00,24T-V425-0000004,OPPOSITE,Gabcikovo - P.Biskupice,24T-V429-0000005,Gabcikovo - P.Biskupice,Gabcikovo,P.Biskupice,Line
2024-08-28 23:00:00+00:00,14T-221-0-00223Q,OPPOSITE,Hessenberg - Weissenbach 224,14T-220-0-00224Y,Hessenberg - Weissenbach 224,Hessenberg,Weissenbach,Line
2024-08-28 23:00:00+00:00,10T-AT-SI-00003P,DIRECT,Kainachtal - Obersielach 471,14T-380-0-00471D,Kainachtal - Obersielach 471,Kainachtal,Obersielach,Line
2024-08-28 23:00:00+00:00,10T-AT-SI-00003P,DIRECT,Kainachtal - Maribor 473 400 kV Maribor - Kainachtal 1,10T-AT-SI-00001T,Kainachtal - Maribor 473,Kainachtal,Maribor,TieLine
2024-08-28 23:00:00+00:00,10T-AT-SI-00003P,DIRECT,Kainachtal - Maribor 473 400 kV Maribor - Kainachtal 1,10T-AT-SI-00001T,400 kV Maribor - Kainachtal 1,Maribor,Kainachtal,TieLine
2024-08-28 23:00:00+00:00,10T-AT-SI-00003P,OPPOSITE,Kainachtal - Maribor 473 400 kV Maribor - Kainachtal 1,10T-AT-SI-00001T,Kainachtal - Maribor 473,Kainachtal,Maribor,TieLine
2024-08-28 23:00:00+00:00,10T-AT-SI-00003P,OPPOSITE,Kainachtal - Maribor 473 400 kV Maribor - Kainachtal 1,10T-AT-SI-00001T,400 kV Maribor - Kainachtal 1,Maribor,Kainachtal,TieLine
2024-08-28 23:00:00+00:00,10T-AT-SI-00003P,DIRECT,400 kV Cirkovce - Podlog,28T000000000301K,400 kV Cirkovce - Podlog,Cirkovce,Podlog,Line
2024-08-28 23:00:00+00:00,10T-AT-SI-00003P,OPPOSITE,400 kV Cirkovce - Podlog,28T000000000301K,400 kV Cirkovce - Podlog,Cirkovce,Podlog,Line
2024-08-28 23:00:00+00:00,10T-AT-SI-00003P,DIRECT,400 kV Cirkovce - Krsko,28T000000000300M,400 kV Cirkovce - Krsko,Cirkovce,Krsko,Line
2024-08-28 23:00:00+00:00,10T-AT-DE-000037,DIRECT,Pirach Neu - Pleinting 296/257 Pirach Neu - Pirach 296/257,11T0-0000-2108-O,Pirach Neu - Pleinting 296/257,Pirach Neu,Pleinting,Line
2024-08-28 23:00:00+00:00,10T-AT-DE-000037,DIRECT,Pirach Neu - Pleinting 296/257 Pirach Neu - Pirach 296/257,11T0-0000-2108-O,Pirach Neu - Pirach 296/257,Pirach Neu,Pirach,Line
2024-08-28 23:00:00+00:00,14T-220-0-0273BO,DIRECT,Strass - Thaur 274B,14T-220-0-0274BL,Strass - Thaur 274B,Strass,Thaur,Line
2024-08-28 23:00:00+00:00,10T-AT-CZ-00003X,OPPOSITE,Slavetice - Durnrohr - V438  Duernrohr 1 - Slavetice 438,10T-AT-CZ-00004V,Slavetice - Durnrohr - V438,Slavetice,Durnrohr,TieLine
2024-08-28 23:00:00+00:00,10T-AT-CZ-00003X,OPPOSITE,Slavetice - Durnrohr - V438  Duernrohr 1 - Slavetice 438,10T-AT-CZ-00004V,Duernrohr 1 - Slavetice 438,Duernrohr 1,Slavetice,TieLine
2024-08-28 23:00:00+00:00,10T-AT-SI-00001T,DIRECT,Kainachtal - Maribor 474 400 kV Maribor - Kainachtal 2,10T-AT-SI-00002R,Kainachtal - Maribor 474,Kainachtal,Maribor,TieLine
2024-08-28 23:00:00+00:00,10T-AT-SI-00001T,DIRECT,Kainachtal - Maribor 474 400 kV Maribor - Kainachtal 2,10T-AT-SI-00002R,400 kV Maribor - Kainachtal 2,Maribor,Kainachtal,TieLine
2024-08-28 23:00:00+00:00,10T-AT-SI-00001T,OPPOSITE,Kainachtal - Maribor 474 400 kV Maribor - Kainachtal 2,10T-AT-SI-00002R,Kainachtal - Maribor 474,Kainachtal,Maribor,TieLine
2024-08-28 23:00:00+00:00,10T-AT-SI-00001T,OPPOSITE,Kainachtal - Maribor 474 400 kV Maribor - Kainachtal 2,10T-AT-SI-00002R,400 kV Maribor - Kainachtal 2,Maribor,Kainachtal,TieLine
2024-08-28 23:00:00+00:00,14T-38220-WT041O,OPPOSITE,Westtirol 2 - Voehringen 411 Westtirol - Voehringen FUESSN W,10T1001C--00037V,Westtirol 2 - Voehringen 411,Westtirol 2,Voehringen,TieLine
2024-08-28 23:00:00+00:00,14T-38220-WT041O,OPPOSITE,Westtirol 2 - Voehringen 411 Westtirol - Voehringen FUESSN W,10T1001C--00037V,Westtirol - Voehringen FUESSN W,Westtirol,Voehringen,TieLine
2024-08-28 23:00:00+00:00,14T-38220-WT041O,DIRECT,Buers - Westtirol ws (421) Westtirol 1 - Buers 421,10T-AT-DE-000053,Buers - Westtirol ws (421),Buers,Westtirol,TieLine
2024-08-28 23:00:00+00:00,14T-38220-WT041O,DIRECT,Buers - Westtirol ws (421) Westtirol 1 - Buers 421,10T-AT-DE-000053,Westtirol 1 - Buers 421,Buers,Westtirol,TieLine
2024-08-28 23:00:00+00:00,14T-38220-WT041O,OPPOSITE,Buers - Westtirol ws (421) Westtirol 1 - Buers 421,10T-AT-DE-000053,Buers - Westtirol ws (421),Buers,Westtirol,TieLine
2024-08-28 23:00:00+00:00,14T-38220-WT041O,OPPOSITE,Buers - Westtirol ws (421) Westtirol 1 - Buers 421,10T-AT-DE-000053,Westtirol 1 - Buers 421,Buers,Westtirol,TieLine
2024-08-28 23:00:00+00:00,14T-38220-ZZ041D,DIRECT,Zell am Ziller 1 - Zell am Ziller 2 ZZRHU42,14T-38220-ZZ042B,Zell am Ziller 1 - Zell am Ziller 2 ZZRHU42,Zell am Ziller 1,Zell am Ziller 2,Transformer
2024-08-28 23:00:00+00:00,10T-BE-FR-000015,DIRECT,Avelgem - Horta 380.102,22T20161020---1E,Avelgem - Horta 380.102,Avelgem,Horta,Line
2024-08-28 23:00:00+00:00,10T-BE-FR-000015,OPPOSITE,Avelgem - Horta 380.102,22T20161020---1E,Avelgem - Horta 380.102,Avelgem,Horta,Line
2024-08-28 23:00:00+00:00,10T-BE-FR-000015,OPPOSITE,Lixhe - Van Eyck 380.91 Alegro HVDC,22T20180102---2W,Lixhe - Van Eyck 380.91,Lixhe,Van Eyck,Line
2024-08-28 23:00:00+00:00,10T-BE-FR-000015,OPPOSITE,Lixhe - Van Eyck 380.91 Alegro HVDC,22T201903146---W,NA,NA,NA,
2024-08-28 23:00:00+00:00,10T-BE-FR-000015,OPPOSITE,PST Van Eyck 2,22T-BE-PST--002U,PST Van Eyck 2,Van Eyck,Van Eyck,PST
2024-08-28 23:00:00+00:00,22T-BE-IN-LI018R,DIRECT,Y-Van Eyck (-Andre Dumont - Gramme) 380.12 Y-Andre Dumont (-Gramme - Van Eyck) 380.12 Y-Gramme (-Andre Dumont - Van Eyck) 380.12,22T20161020---48,Y-Van Eyck (-Andre Dumont - Gramme) 380.12,Van Eyck,Zuttendaal,Line
2024-08-28 23:00:00+00:00,22T-BE-IN-LI018R,DIRECT,Y-Van Eyck (-Andre Dumont - Gramme) 380.12 Y-Andre Dumont (-Gramme - Van Eyck) 380.12 Y-Gramme (-Andre Dumont - Van Eyck) 380.12,22T20161020---48,Y-Andre Dumont (-Gramme - Van Eyck) 380.12,Andre Dumont,Zuttendaal,Line
2024-08-28 23:00:00+00:00,22T-BE-IN-LI018R,DIRECT,Y-Van Eyck (-Andre Dumont - Gramme) 380.12 Y-Andre Dumont (-Gramme - Van Eyck) 380.12 Y-Gramme (-Andre Dumont - Van Eyck) 380.12,22T20161020---48,Y-Gramme (-Andre Dumont - Van Eyck) 380.12,Gramme,Zuttendaal,Line
2024-08-28 23:00:00+00:00,22T-BE-PST--001W,DIRECT,PST Van Eyck 2,22T-BE-PST--002U,PST Van Eyck 2,Van Eyck,Van Eyck,PST
2024-08-28 23:00:00+00:00,22T-BE-PST--002U,DIRECT,Achene - Lonny 380.19 Achene - Lonny 19,10T-BE-FR-000015,Achene - Lonny 380.19,Achene,Lonny,TieLine
2024-08-28 23:00:00+00:00,22T-BE-PST--002U,DIRECT,Achene - Lonny 380.19 Achene - Lonny 19,10T-BE-FR-000015,Achene - Lonny 19,Achene,Lonny,TieLine
2024-08-28 23:00:00+00:00,22T-BE-PST--002U,DIRECT,Y-Bruegel (-Mercator - Verbrande Brug) 380.36 Y-Mercator (-Bruegel - Verbrande Brug) 380.36 Y-Verbrande Brug (-Bruegel - Mercator) 380.36,22T-BE-IN-LI006Y,Y-Bruegel (-Mercator - Verbrande Brug) 380.36,Bruegel,Buggenhout,Line
2024-08-28 23:00:00+00:00,22T-BE-PST--002U,DIRECT,Y-Bruegel (-Mercator - Verbrande Brug) 380.36 Y-Mercator (-Bruegel - Verbrande Brug) 380.36 Y-Verbrande Brug (-Bruegel - Mercator) 380.36,22T-BE-IN-LI006Y,Y-Mercator (-Bruegel - Verbrande Brug) 380.36,Mercator,Buggenhout,Line
2024-08-28 23:00:00+00:00,22T-BE-PST--002U,DIRECT,Y-Bruegel (-Mercator - Verbrande Brug) 380.36 Y-Mercator (-Bruegel - Verbrande Brug) 380.36 Y-Verbrande Brug (-Bruegel - Mercator) 380.36,22T-BE-IN-LI006Y,Y-Verbrande Brug (-Bruegel - Mercator) 380.36,Verbrande Brug,Buggenhout,Line
2024-08-28 23:00:00+00:00,22T-BE-PST--002U,DIRECT,PST Van Eyck 1,22T-BE-PST--001W,PST Van Eyck 1,Van Eyck,Van Eyck,PST
2024-08-28 23:00:00+00:00,22T-BE-PST--002U,OPPOSITE,Y-Bruegel (-Courcelles - Drogenbos) 380.33 Y-Courcelles (-Bruegel - Drogenbos) 380.33 Y-Drogenbos (-Bruegel - Courcelles) 380.33,22T-BE-IN-LI0017,Y-Bruegel (-Courcelles - Drogenbos) 380.33,Bruegel,Mekingen,Line
2024-08-28 23:00:00+00:00,22T-BE-PST--002U,OPPOSITE,Y-Bruegel (-Courcelles - Drogenbos) 380.33 Y-Courcelles (-Bruegel - Drogenbos) 380.33 Y-Drogenbos (-Bruegel - Courcelles) 380.33,22T-BE-IN-LI0017,Y-Courcelles (-Bruegel - Drogenbos) 380.33,Courcelles,Mekingen,Line
2024-08-28 23:00:00+00:00,22T-BE-PST--002U,OPPOSITE,Y-Bruegel (-Courcelles - Drogenbos) 380.33 Y-Courcelles (-Bruegel - Drogenbos) 380.33 Y-Drogenbos (-Bruegel - Courcelles) 380.33,22T-BE-IN-LI0017,Y-Drogenbos (-Bruegel - Courcelles) 380.33,Drogenbos,Mekingen,Line
2024-08-28 23:00:00+00:00,22T-BE-PST--002U,OPPOSITE,Gramme - Achene 380.10,22T-BE-IN-LI0130,Gramme - Achene 380.10,Achene,Gramme,Line
2024-08-28 23:00:00+00:00,22T-BE-PST--002U,OPPOSITE,PST Van Eyck 1,22T-BE-PST--001W,PST Van Eyck 1,Van Eyck,Van Eyck,PST
2024-08-28 23:00:00+00:00,22T-BE-IN-LI02AK,DIRECT,Doel - Zandvliet 380.26,22T20170512----9,Doel - Zandvliet 380.26,Doel,Zandvliet,Line
2024-08-28 23:00:00+00:00,22T-BE-PST--002U,DIRECT,Alegro HVDC,22T201903146---W,NA,NA,NA,
2024-08-28 23:00:00+00:00,22T-BE-PST--002U,OPPOSITE,Alegro HVDC,22T201903146---W,NA,NA,NA,
2024-08-28 23:00:00+00:00,10T-CZ-DE-00001W,DIRECT,Prestice - Etzenricht  Etzenricht - Prestice 442,10T-CZ-DE-00004Q,Prestice - Etzenricht,Prestice,Etzenricht,TieLine
2024-08-28 23:00:00+00:00,10T-CZ-DE-00001W,DIRECT,Prestice - Etzenricht  Etzenricht - Prestice 442,10T-CZ-DE-00004Q,Etzenricht - Prestice 442,Etzenricht,Prestice,TieLine
2024-08-28 23:00:00+00:00,10T-CZ-DE-00003S,DIRECT,Hradec - Rohrsdorf - V445  Hradec - Rohrsdorf 445,10T-CZ-DE-00002U,Hradec - Rohrsdorf - V445,Hradec,Rohrsdorf,TieLine
2024-08-28 23:00:00+00:00,10T-CZ-DE-00003S,DIRECT,Hradec - Rohrsdorf - V445  Hradec - Rohrsdorf 445,10T-CZ-DE-00002U,Hradec - Rohrsdorf 445,Hradec,Rohrsdorf,TieLine
2024-08-28 23:00:00+00:00,10T-CZ-SK-00001Y,DIRECT,Nosovice - Varin  Nosovice - Varin,10T-CZ-SK-00002W,Nosovice - Varin,Nosovice,Varin,TieLine
2024-08-28 23:00:00+00:00,10T-CZ-SK-00001Y,DIRECT,Nosovice - Varin  Nosovice - Varin,10T-CZ-SK-00002W,Nosovice - Varin,Nosovice,Varin,TieLine
2024-08-28 23:00:00+00:00,10T-CZ-SK-00001Y,OPPOSITE,Nosovice - Varin  Nosovice - Varin,10T-CZ-SK-00002W,Nosovice - Varin,Nosovice,Varin,TieLine
2024-08-28 23:00:00+00:00,10T-CZ-SK-00001Y,OPPOSITE,Nosovice - Varin  Nosovice - Varin,10T-CZ-SK-00002W,Nosovice - Varin,Nosovice,Varin,TieLine
2024-08-28 23:00:00+00:00,10T-CZ-SK-00002W,DIRECT,Krizovany - Sokolnice Sokolnice - Krizovany,10T-CZ-SK-00003U,Krizovany - Sokolnice,Krizovany,Sokolnice,TieLine
2024-08-28 23:00:00+00:00,10T-CZ-SK-00002W,DIRECT,Krizovany - Sokolnice Sokolnice - Krizovany,10T-CZ-SK-00003U,Sokolnice - Krizovany,Sokolnice,Krizovany,TieLine
2024-08-28 23:00:00+00:00,10T-CZ-SK-00002W,OPPOSITE,Krizovany - Sokolnice Sokolnice - Krizovany,10T-CZ-SK-00003U,Krizovany - Sokolnice,Krizovany,Sokolnice,TieLine
2024-08-28 23:00:00+00:00,10T-CZ-SK-00002W,OPPOSITE,Krizovany - Sokolnice Sokolnice - Krizovany,10T-CZ-SK-00003U,Sokolnice - Krizovany,Sokolnice,Krizovany,TieLine
2024-08-28 23:00:00+00:00,10T1001C--001223,OPPOSITE,Sokolnice - Zaya - V243 Zaya - Sokolnice 243,10T1001C--001215,Sokolnice - Zaya - V243,Sokolnice,Zaya,TieLine
2024-08-28 23:00:00+00:00,10T1001C--001223,OPPOSITE,Sokolnice - Zaya - V243 Zaya - Sokolnice 243,10T1001C--001215,Zaya - Sokolnice 243,Zaya,Sokolnice,TieLine
2024-08-28 23:00:00+00:00,10T1001C--001215,DIRECT,Sokolnice - Zaya - V244 Zaya - Sokolnice 244,10T1001C--001223,Sokolnice - Zaya - V244,Sokolnice,Zaya,TieLine
2024-08-28 23:00:00+00:00,10T1001C--001215,DIRECT,Sokolnice - Zaya - V244 Zaya - Sokolnice 244,10T1001C--001223,Zaya - Sokolnice 244,Zaya,Sokolnice,TieLine
2024-08-28 23:00:00+00:00,10T1001C--001215,OPPOSITE,Sokolnice - Zaya - V244 Zaya - Sokolnice 244,10T1001C--001223,Sokolnice - Zaya - V244,Sokolnice,Zaya,TieLine
2024-08-28 23:00:00+00:00,10T1001C--001215,OPPOSITE,Sokolnice - Zaya - V244 Zaya - Sokolnice 244,10T1001C--001223,Zaya - Sokolnice 244,Zaya,Sokolnice,TieLine
2024-08-28 23:00:00+00:00,10T-CZ-SK-00003U,DIRECT,Nosovice - Varin  Nosovice - Varin,10T-CZ-SK-00002W,Nosovice - Varin,Nosovice,Varin,TieLine
2024-08-28 23:00:00+00:00,10T-CZ-SK-00003U,DIRECT,Nosovice - Varin  Nosovice - Varin,10T-CZ-SK-00002W,Nosovice - Varin,Nosovice,Varin,TieLine
2024-08-28 23:00:00+00:00,10T-CZ-SK-00003U,OPPOSITE,Nosovice - Varin  Nosovice - Varin,10T-CZ-SK-00002W,Nosovice - Varin,Nosovice,Varin,TieLine
2024-08-28 23:00:00+00:00,10T-CZ-SK-00003U,OPPOSITE,Nosovice - Varin  Nosovice - Varin,10T-CZ-SK-00002W,Nosovice - Varin,Nosovice,Varin,TieLine
2024-08-28 23:00:00+00:00,10T-CZ-SK-00003U,DIRECT,Sokolnice - Stupava  Sokolnice - Stupava,10T-CZ-SK-00005Q,Sokolnice - Stupava,Sokolnice,Stupava,TieLine
2024-08-28 23:00:00+00:00,10T-CZ-SK-00003U,DIRECT,Sokolnice - Stupava  Sokolnice - Stupava,10T-CZ-SK-00005Q,Sokolnice - Stupava,Stupava,Sokolnice,TieLine
2024-08-28 23:00:00+00:00,10T-CZ-SK-00003U,OPPOSITE,Sokolnice - Stupava  Sokolnice - Stupava,10T-CZ-SK-00005Q,Sokolnice - Stupava,Sokolnice,Stupava,TieLine
2024-08-28 23:00:00+00:00,10T-CZ-SK-00003U,OPPOSITE,Sokolnice - Stupava  Sokolnice - Stupava,10T-CZ-SK-00005Q,Sokolnice - Stupava,Stupava,Sokolnice,TieLine
2024-08-28 23:00:00+00:00,10T-CZ-SK-00003U,DIRECT,H. Zivotice - Krasikov,27T-TLI-V458---B,H. Zivotice - Krasikov,H. Zivotice,Krasikov,Line
2024-08-28 23:00:00+00:00,10T-CZ-SK-00003U,OPPOSITE,H. Zivotice - Krasikov,27T-TLI-V458---B,H. Zivotice - Krasikov,H. Zivotice,Krasikov,Line
2024-08-28 23:00:00+00:00,10T-CZ-DE-00004Q,OPPOSITE,Hradec - Etzenricht  Etzenricht - Hradec 441,10T-CZ-DE-00001W,Hradec - Etzenricht,Hradec,Etzenricht,TieLine
2024-08-28 23:00:00+00:00,10T-CZ-DE-00004Q,OPPOSITE,Hradec - Etzenricht  Etzenricht - Hradec 441,10T-CZ-DE-00001W,Etzenricht - Hradec 441,Etzenricht,Hradec,TieLine
2024-08-28 23:00:00+00:00,11TD2L000000003L,DIRECT,Altheim - Sittling 220,11TD2L000000004J,Altheim - Sittling 220,Altheim,Sittling,Line
2024-08-28 23:00:00+00:00,11TD2L000000003L,OPPOSITE,Altheim - Sittling 220,11TD2L000000004J,Altheim - Sittling 220,Altheim,Sittling,Line
2024-08-28 23:00:00+00:00,11T0-0000-0781-W,DIRECT,Y-Oberzier (-Paffendorf - Sechtem) SECHTM S Y-Paffendorf (-Oberzier - Sechtem) SECHTM S Y-Sechtem (-Oberzier - Paffendorf) SECHTM S,11T0-0000-0782-T,Y-Oberzier (-Paffendorf - Sechtem) SECHTM S,Oberzier,Y-Paffendorf,Line
2024-08-28 23:00:00+00:00,11T0-0000-0781-W,DIRECT,Y-Oberzier (-Paffendorf - Sechtem) SECHTM S Y-Paffendorf (-Oberzier - Sechtem) SECHTM S Y-Sechtem (-Oberzier - Paffendorf) SECHTM S,11T0-0000-0815-6,Y-Paffendorf (-Oberzier - Sechtem) SECHTM S,Paffendorf,Y-Paffendorf,Line
2024-08-28 23:00:00+00:00,11T0-0000-0781-W,DIRECT,Y-Oberzier (-Paffendorf - Sechtem) SECHTM S Y-Paffendorf (-Oberzier - Sechtem) SECHTM S Y-Sechtem (-Oberzier - Paffendorf) SECHTM S,11T0-0000-0849-J,Y-Sechtem (-Oberzier - Paffendorf) SECHTM S,Sechtem,Y-Paffendorf,Line
2024-08-28 23:00:00+00:00,10T-DE-NL-00005N,DIRECT,Alegro HVDC,22T201903146---W,NA,NA,NA,
2024-08-28 23:00:00+00:00,10T-DE-NL-00005N,DIRECT,Ensdorf - Vigy VIGY2 S Ensdorf - Vigy VIGY2 S,10T-DE-FR-000068,Ensdorf - Vigy VIGY2 S,Ensdorf,Vigy,TieLine
2024-08-28 23:00:00+00:00,10T-DE-NL-00005N,DIRECT,Ensdorf - Vigy VIGY2 S Ensdorf - Vigy VIGY2 S,10T-DE-FR-000068,Ensdorf - Vigy VIGY2 S,Ensdorf,Vigy,TieLine
2024-08-28 23:00:00+00:00,10T-DE-NL-00005N,DIRECT,Gramme - Achene 380.10,22T-BE-IN-LI0130,Gramme - Achene 380.10,Achene,Gramme,Line
2024-08-28 23:00:00+00:00,10T-DE-NL-00005N,DIRECT,Boxmeer - Dodewaard 380 Zwart,49T000000000006C,Boxmeer - Dodewaard 380 Zwart,Boxmeer,Dodewaard,Line
2024-08-28 23:00:00+00:00,10T-DE-NL-00005N,DIRECT,Maasbracht - Dodewaard 380 Wit,49T000000000013F,Maasbracht - Dodewaard 380 Wit,Dodewaard,Maasbracht,Line
2024-08-28 23:00:00+00:00,10T-DE-NL-00005N,DIRECT,Avelgem - Horta 380.102,22T20161020---1E,Avelgem - Horta 380.102,Avelgem,Horta,Line
2024-08-28 23:00:00+00:00,10T-DE-FR-000068,OPPOSITE,Ensdorf - Vigy VIGY1 N Ensdorf - Vigy VIGY1 N,10T-DE-FR-00005A,Ensdorf - Vigy VIGY1 N,Ensdorf,Vigy,TieLine
2024-08-28 23:00:00+00:00,10T-DE-FR-000068,OPPOSITE,Ensdorf - Vigy VIGY1 N Ensdorf - Vigy VIGY1 N,10T-DE-FR-00005A,Ensdorf - Vigy VIGY1 N,Ensdorf,Vigy,TieLine
2024-08-28 23:00:00+00:00,10T-DE-FR-000068,DIRECT,Ensdorf - Vigy VIGY1 N Ensdorf - Vigy VIGY1 N,10T-DE-FR-00005A,Ensdorf - Vigy VIGY1 N,Ensdorf,Vigy,TieLine
2024-08-28 23:00:00+00:00,10T-DE-FR-000068,DIRECT,Ensdorf - Vigy VIGY1 N Ensdorf - Vigy VIGY1 N,10T-DE-FR-00005A,Ensdorf - Vigy VIGY1 N,Ensdorf,Vigy,TieLine
2024-08-28 23:00:00+00:00,11T0-0000-0781-W,DIRECT,PST Oberzier TR 442 E,11T0-0000-2133-R,PST Oberzier TR 442 E,Oberzier,Oberzier,PST
2024-08-28 23:00:00+00:00,10T-CZ-DE-00002U,OPPOSITE,Hradec - Rohrsdorf - V446  Hradec - Rohrsdorf 446,10T-CZ-DE-00003S,Hradec - Rohrsdorf - V446,Hradec,Rohrsdorf,TieLine
2024-08-28 23:00:00+00:00,10T-CZ-DE-00002U,OPPOSITE,Hradec - Rohrsdorf - V446  Hradec - Rohrsdorf 446,10T-CZ-DE-00003S,Hradec - Rohrsdorf 446,Hradec,Rohrsdorf,TieLine
2024-08-28 23:00:00+00:00,11T0-0000-0011-L,DIRECT,,,,,,
2024-08-28 23:00:00+00:00,11T0-0000-0013-F,DIRECT,Hagenwerder - Mikulowa 568 Mikulowa - Hagenwerder 568,10T-DE-PL-00001D,Hagenwerder - Mikulowa 568,Hagenwerder,Mikulowa,TieLine
2024-08-28 23:00:00+00:00,11T0-0000-0013-F,DIRECT,Hagenwerder - Mikulowa 568 Mikulowa - Hagenwerder 568,10T-DE-PL-00001D,Mikulowa - Hagenwerder 568,Mikulowa 568,Hagenwerder,TieLine
2024-08-28 23:00:00+00:00,11TD8L555------W,OPPOSITE,Dresden/Sued - Schmoelln 556,11TD8L556------O,Dresden/Sued - Schmoelln 556,Dresden/Sued,Schmoelln,Line
2024-08-28 23:00:00+00:00,10T-HR-SI-000022,OPPOSITE,,,,,,
2024-08-28 23:00:00+00:00,10T-HR-SI-000022,DIRECT,Melina - Divaca 400 kV Divaca - Melina,10T-HR-SI-000014,Melina - Divaca,Melina,Divaca,TieLine
2024-08-28 23:00:00+00:00,10T-HR-SI-000022,DIRECT,Melina - Divaca 400 kV Divaca - Melina,10T-HR-SI-000014,400 kV Divaca - Melina,Divaca,Melina,TieLine
2024-08-28 23:00:00+00:00,10T-HR-SI-000022,OPPOSITE,Melina - Divaca 400 kV Divaca - Melina,10T-HR-SI-000014,Melina - Divaca,Melina,Divaca,TieLine
2024-08-28 23:00:00+00:00,10T-HR-SI-000022,OPPOSITE,Melina - Divaca 400 kV Divaca - Melina,10T-HR-SI-000014,400 kV Divaca - Melina,Divaca,Melina,TieLine
2024-08-28 23:00:00+00:00,10T-HR-HU-000033,OPPOSITE,Pecs - Ernestinovo2 491B Ernestinovo - Pecs 2,10T-HR-HU-000041,Pecs - Ernestinovo2 491B,Pecs,Ernestinovo,TieLine
2024-08-28 23:00:00+00:00,10T-HR-HU-000033,OPPOSITE,Pecs - Ernestinovo2 491B Ernestinovo - Pecs 2,10T-HR-HU-000041,Ernestinovo - Pecs 2,Ernestinovo,Pecs 2,TieLine
2024-08-28 23:00:00+00:00,10T-HR-SI-000014,DIRECT,,,,,,
2024-08-28 23:00:00+00:00,10T-HR-SI-000014,DIRECT,Pehlin - Divaca 220kV Divaca - Pehlin,10T-HR-SI-000022,Pehlin - Divaca,Pehlin,Divaca,TieLine
2024-08-28 23:00:00+00:00,10T-HR-SI-000014,DIRECT,Pehlin - Divaca 220kV Divaca - Pehlin,10T-HR-SI-000022,220kV Divaca - Pehlin,Divaca,Pehlin,TieLine
2024-08-28 23:00:00+00:00,10T-HR-SI-00004Z,OPPOSITE,Tumbri - Krsko 2 400 kV Krsko - Tumbri 2,10T-HR-SI-00005X,Tumbri - Krsko 2,Tumbri,Krsko,TieLine
2024-08-28 23:00:00+00:00,10T-HR-SI-00004Z,OPPOSITE,Tumbri - Krsko 2 400 kV Krsko - Tumbri 2,10T-HR-SI-00005X,400 kV Krsko - Tumbri 2,Krsko,Tumbri,TieLine
2024-08-28 23:00:00+00:00,15T-M000002791-J,DIRECT,Gabcikovo - Gyor Gabcikovo - Gyor,10T-HU-SK-00002R,Gabcikovo - Gyor,Gabcikovo,Gyor,TieLine
2024-08-28 23:00:00+00:00,15T-M000002791-J,DIRECT,Gabcikovo - Gyor Gabcikovo - Gyor,10T-HU-SK-00002R,Gabcikovo - Gyor,Gabcikovo,Gyor,TieLine
2024-08-28 23:00:00+00:00,10T-HU-UA-00002F,DIRECT,Szabolcsbaka - Mukachevo,10T1001C--000421,Szabolcsbaka - Mukachevo,Szabolcsbaka,Mukachevo,TieLine
2024-08-28 23:00:00+00:00,10T-HU-UA-00002F,OPPOSITE,Szabolcsbaka - Mukachevo,10T1001C--000421,Szabolcsbaka - Mukachevo,Szabolcsbaka,Mukachevo,TieLine
2024-08-28 23:00:00+00:00,10T1001C--00056R,DIRECT,Gabcikovo - Gyor Gabcikovo - Gyor,10T-HU-SK-00002R,Gabcikovo - Gyor,Gabcikovo,Gyor,TieLine
2024-08-28 23:00:00+00:00,10T1001C--00056R,DIRECT,Gabcikovo - Gyor Gabcikovo - Gyor,10T-HU-SK-00002R,Gabcikovo - Gyor,Gabcikovo,Gyor,TieLine
2024-08-28 23:00:00+00:00,10T1001C--00056R,OPPOSITE,Gonyu - Gyor,15T-M000002791-J,Gonyu - Gyor,Gonyu,Gyor,Line
2024-08-28 23:00:00+00:00,10T1001C--00056R,OPPOSITE,Gabcikovo - Gyor Gabcikovo - Gyor,10T-HU-SK-00002R,Gabcikovo - Gyor,Gabcikovo,Gyor,TieLine
2024-08-28 23:00:00+00:00,10T1001C--00056R,OPPOSITE,Gabcikovo - Gyor Gabcikovo - Gyor,10T-HU-SK-00002R,Gabcikovo - Gyor,Gabcikovo,Gyor,TieLine
2024-08-28 23:00:00+00:00,10T1001C--00101B,DIRECT,Zerjavinec - Heviz Zerjavinec - Heviz,10T-HR-HU-000025,Zerjavinec - Heviz,Zerjavinec,Heviz,TieLine
2024-08-28 23:00:00+00:00,10T1001C--00101B,DIRECT,Zerjavinec - Heviz Zerjavinec - Heviz,10T-HR-HU-000025,Zerjavinec - Heviz,Zerjavinec,Heviz,TieLine
2024-08-28 23:00:00+00:00,10T1001C--00101B,OPPOSITE,Zerjavinec - Heviz Zerjavinec - Heviz,10T-HR-HU-000025,Zerjavinec - Heviz,Zerjavinec,Heviz,TieLine
2024-08-28 23:00:00+00:00,10T1001C--00101B,OPPOSITE,Zerjavinec - Heviz Zerjavinec - Heviz,10T-HR-HU-000025,Zerjavinec - Heviz,Zerjavinec,Heviz,TieLine
2024-08-28 23:00:00+00:00,10T-DE-NL-00002T,DIRECT,Y-Doerpen West (-Meppen - Niederlangen) EMSLD OW Y-Niederlangen (-Meppen - Doerpen West) EMSLD OW Y-Meppen (-Doerpen West - Niederlangen) EMSLD OW Meppen - Niederlangen - Doerpen West EMSLD OW,11T0-0000-0990-L,Y-Doerpen West (-Meppen - Niederlangen) EMSLD OW,Doerpen West,Y Niederlangen,Line
2024-08-28 23:00:00+00:00,10T-DE-NL-00002T,DIRECT,Y-Doerpen West (-Meppen - Niederlangen) EMSLD OW Y-Niederlangen (-Meppen - Doerpen West) EMSLD OW Y-Meppen (-Doerpen West - Niederlangen) EMSLD OW Meppen - Niederlangen - Doerpen West EMSLD OW,11T0-0000-0991-I,Y-Niederlangen (-Meppen - Doerpen West) EMSLD OW,Niederlangen,Y Niederlangen,Line
2024-08-28 23:00:00+00:00,10T-DE-NL-00002T,DIRECT,Y-Doerpen West (-Meppen - Niederlangen) EMSLD OW Y-Niederlangen (-Meppen - Doerpen West) EMSLD OW Y-Meppen (-Doerpen West - Niederlangen) EMSLD OW Meppen - Niederlangen - Doerpen West EMSLD OW,11T-D2-D7-00001H,Y-Meppen (-Doerpen West - Niederlangen) EMSLD OW,Meppen,Y Niederlangen,Line
2024-08-28 23:00:00+00:00,10T-DE-NL-00002T,DIRECT,Y-Doerpen West (-Meppen - Niederlangen) EMSLD OW Y-Niederlangen (-Meppen - Doerpen West) EMSLD OW Y-Meppen (-Doerpen West - Niederlangen) EMSLD OW Meppen - Niederlangen - Doerpen West EMSLD OW,11T-D2-D7-00001H,NA,NA,NA,
2024-08-28 23:00:00+00:00,10T-DE-NL-00005N,DIRECT,Gronau - Kusenhorst HAMALD,11T0-0000-0618-7,Gronau - Kusenhorst HAMALD,Gronau,Kusenhorst,Line
2024-08-28 23:00:00+00:00,49T000000000000O,DIRECT,Zwolle - Hengelo 380 Zwart,49T000000000031D,Zwolle - Hengelo 380 Zwart,Zwolle,Hengelo,Line
2024-08-28 23:00:00+00:00,49T0000000000274,DIRECT,Krimpen a/d IJssel - Geertruidenberg 380 Zwart,49T0000000000282,Krimpen a/d IJssel - Geertruidenberg 380 Zwart,Krimpen a/d IJssel,Geertruidenberg,Line
2024-08-28 23:00:00+00:00,19T000000001304A,OPPOSITE,Krosno Iskrzynia - Tarnow,19T000000000296P,Krosno Iskrzynia - Tarnow,Krosno Iskrzynia,Tarnow,Line
2024-08-28 23:00:00+00:00,19T000000004057N,OPPOSITE,Mikulowa AT2,19T000000004058L,Mikulowa AT2,Mikulowa AT2,Mikulowa AT2,Transformer
2024-08-28 23:00:00+00:00,19T0000000063830,OPPOSITE,Hagenwerder - Mikulowa 568 Mikulowa - Hagenwerder 568,10T-DE-PL-00001D,Hagenwerder - Mikulowa 568,Hagenwerder,Mikulowa,TieLine
2024-08-28 23:00:00+00:00,19T0000000063830,OPPOSITE,Hagenwerder - Mikulowa 568 Mikulowa - Hagenwerder 568,10T-DE-PL-00001D,Mikulowa - Hagenwerder 568,Mikulowa 568,Hagenwerder,TieLine
2024-08-28 23:00:00+00:00,10T1001A1001A09N,DIRECT,Nosovice - Wielopole  Wielopole - Nosovice,10T-CZ-PL-00004A,Nosovice - Wielopole,Nosovice,Wielopole,TieLine
2024-08-28 23:00:00+00:00,10T1001A1001A09N,DIRECT,Nosovice - Wielopole  Wielopole - Nosovice,10T-CZ-PL-00004A,Wielopole - Nosovice,Wielopole,Nosovice,TieLine
2024-08-28 23:00:00+00:00,10T-CZ-PL-00004A,DIRECT,Dobrzen - Detmarovice Dobrzen - Detmarovice,10T1001A1001A09N,Dobrzen - Detmarovice,Dobrzen,Detmarovice,TieLine
2024-08-28 23:00:00+00:00,10T-CZ-PL-00004A,DIRECT,Dobrzen - Detmarovice Dobrzen - Detmarovice,10T1001A1001A09N,Dobrzen - Detmarovice,Detmarovice,Dobrzen,TieLine
2024-08-28 23:00:00+00:00,10T-CZ-PL-00004A,OPPOSITE,Dobrzen - Detmarovice Dobrzen - Detmarovice,10T1001A1001A09N,Dobrzen - Detmarovice,Dobrzen,Detmarovice,TieLine
2024-08-28 23:00:00+00:00,10T-CZ-PL-00004A,OPPOSITE,Dobrzen - Detmarovice Dobrzen - Detmarovice,10T1001A1001A09N,Dobrzen - Detmarovice,Detmarovice,Dobrzen,TieLine
2024-08-28 23:00:00+00:00,30TPARO220TRGJ-Q,OPPOSITE,Portile de Fier - Djerdap,10T-RO-RS-00001V,Portile de Fier - Djerdap,Portile de Fier,Djerdap,TieLine
2024-08-28 23:00:00+00:00,30TPARO220TRGJ-Q,OPPOSITE,Portile de Fier - Resita c1 Portile de Fier - Resita c2,30TPDFE220RESI1S,Portile de Fier - Resita c1,Portile de Fier,Resita c1,Line
2024-08-28 23:00:00+00:00,30TPARO220TRGJ-Q,OPPOSITE,Portile de Fier - Resita c1 Portile de Fier - Resita c2,30TPDFE220RESI2Q,Portile de Fier - Resita c2,Portile de Fier,Resita c2,Line
2024-08-28 23:00:00+00:00,30TPARO220TRGJ-Q,OPPOSITE,Sibiu Sud - Mintia,30TMINT400SIBI-Z,Sibiu Sud - Mintia,Sibiu Sud,Mintia,Line
2024-08-28 23:00:00+00:00,30TRESI220TIMI1L,DIRECT,Resita - Timisoara c2,30TRESI220TIMI2J,Resita - Timisoara c2,Resita,Timisoara c2,Line
2024-08-28 23:00:00+00:00,30TPDFE220RESI1S,DIRECT,Portile de Fier - Djerdap,10T-RO-RS-00001V,Portile de Fier - Djerdap,Portile de Fier,Djerdap,TieLine
2024-08-28 23:00:00+00:00,30T-ROSI400AT--1,DIRECT,Rosiori - Gadalin,30TGADA400ROSI-A,Rosiori - Gadalin,Rosiori,Gadalin,Line
2024-08-28 23:00:00+00:00,10T-RO-RS-00001V,OPPOSITE,Tantareni - Kozlodui c2 Tantareni - Kozlodui c1,10T-BG-RO-00001A,Tantareni - Kozlodui c2,Tantareni,Kozlodui,TieLine
2024-08-28 23:00:00+00:00,10T-RO-RS-00001V,OPPOSITE,Tantareni - Kozlodui c2 Tantareni - Kozlodui c1,10T-RO-BG-00002A,Tantareni - Kozlodui c1,Tantareni,Kozlodui,TieLine
2024-08-28 23:00:00+00:00,30TPARO220TRGJ-Q,OPPOSITE,Isaccea - Vulcanesti,30TISAC400VULC-W,Isaccea - Vulcanesti,Isaccea,Vulcanesti,TieLine
2024-08-28 23:00:00+00:00,10T1001C--00101B,DIRECT,Kainachtal - Maribor 473 400 kV Maribor - Kainachtal 1,10T-AT-SI-00001T,Kainachtal - Maribor 473,Kainachtal,Maribor,TieLine
2024-08-28 23:00:00+00:00,10T1001C--00101B,DIRECT,Kainachtal - Maribor 473 400 kV Maribor - Kainachtal 1,10T-AT-SI-00001T,400 kV Maribor - Kainachtal 1,Maribor,Kainachtal,TieLine
2024-08-28 23:00:00+00:00,10T1001C--00101B,DIRECT,Zerjavinec - Cirkovce 400 kV Cirkovce - Zerjavinec,10T1001C--001037,Zerjavinec - Cirkovce,Zerjavinec,Cirkovce,TieLine
2024-08-28 23:00:00+00:00,10T1001C--00101B,DIRECT,Zerjavinec - Cirkovce 400 kV Cirkovce - Zerjavinec,10T1001C--001037,400 kV Cirkovce - Zerjavinec,Cirkovce,Zerjavinec,TieLine
2024-08-28 23:00:00+00:00,10T1001C--00101B,OPPOSITE,Kainachtal - Maribor 473 400 kV Maribor - Kainachtal 1,10T-AT-SI-00001T,Kainachtal - Maribor 473,Kainachtal,Maribor,TieLine
2024-08-28 23:00:00+00:00,10T1001C--00101B,OPPOSITE,Kainachtal - Maribor 473 400 kV Maribor - Kainachtal 1,10T-AT-SI-00001T,400 kV Maribor - Kainachtal 1,Maribor,Kainachtal,TieLine
2024-08-28 23:00:00+00:00,10T1001C--00101B,OPPOSITE,Zerjavinec - Cirkovce 400 kV Cirkovce - Zerjavinec,10T1001C--001037,Zerjavinec - Cirkovce,Zerjavinec,Cirkovce,TieLine
2024-08-28 23:00:00+00:00,10T1001C--00101B,OPPOSITE,Zerjavinec - Cirkovce 400 kV Cirkovce - Zerjavinec,10T1001C--001037,400 kV Cirkovce - Zerjavinec,Cirkovce,Zerjavinec,TieLine
2024-08-28 23:00:00+00:00,10T-HU-SK-00001T,DIRECT,R.Sobota - Sajoivanka  R.Sobota - Sajoivanka,10T1001C--00054V,R.Sobota - Sajoivanka,R.Sobota,Sajoivanka,TieLine
2024-08-28 23:00:00+00:00,10T-HU-SK-00001T,DIRECT,R.Sobota - Sajoivanka  R.Sobota - Sajoivanka,10T1001C--00054V,R.Sobota - Sajoivanka,R.Sobota,Sajoivanka,TieLine
2024-08-28 23:00:00+00:00,10T-SK-UA-00001W,DIRECT,R.Sobota - Sajoivanka  R.Sobota - Sajoivanka,10T1001C--00054V,R.Sobota - Sajoivanka,R.Sobota,Sajoivanka,TieLine
2024-08-28 23:00:00+00:00,10T-SK-UA-00001W,DIRECT,R.Sobota - Sajoivanka  R.Sobota - Sajoivanka,10T1001C--00054V,R.Sobota - Sajoivanka,R.Sobota,Sajoivanka,TieLine
2024-08-28 23:00:00+00:00,24T-V429-0000005,DIRECT,V.Dur - Krizovany,24T-V425-0000004,V.Dur - Krizovany,V.Dur,Krizovany,Line
2024-08-28 23:00:00+00:00,24T-V493-000000Q,DIRECT,Bosaca - Varin,24T-V495-0000008,Bosaca - Varin,Bosaca,Varin,Line
2024-08-28 23:00:00+00:00,24T-V490-000000G,DIRECT,V.Dur - Levice 2,24T-V491-0000007,V.Dur - Levice 2,V.Dur,Levice,Line
2024-08-28 23:00:00+00:00,24T-V425-0000004,DIRECT,Gabcikovo - P.Biskupice,24T-V429-0000005,Gabcikovo - P.Biskupice,Gabcikovo,P.Biskupice,Line
2024-08-28 23:00:00+00:00,10T-SK-UA-00001W,OPPOSITE,R.Sobota - Sajoivanka  R.Sobota - Sajoivanka,10T1001C--00054V,R.Sobota - Sajoivanka,R.Sobota,Sajoivanka,TieLine
2024-08-28 23:00:00+00:00,10T-SK-UA-00001W,OPPOSITE,R.Sobota - Sajoivanka  R.Sobota - Sajoivanka,10T1001C--00054V,R.Sobota - Sajoivanka,R.Sobota,Sajoivanka,TieLine
2024-08-28 23:00:00+00:00,24T-V425-0000004,OPPOSITE,Gabcikovo - P.Biskupice,24T-V429-0000005,Gabcikovo - P.Biskupice,Gabcikovo,P.Biskupice,Line
2024-08-29 00:00:00+00:00,10T-AT-SI-00003P,DIRECT,Kainachtal - Obersielach 471,14T-380-0-00471D,Kainachtal - Obersielach 471,Kainachtal,Obersielach,Line
2024-08-29 00:00:00+00:00,10T-AT-SI-00003P,DIRECT,Kainachtal - Maribor 473 400 kV Maribor - Kainachtal 1,10T-AT-SI-00001T,Kainachtal - Maribor 473,Kainachtal,Maribor,TieLine
2024-08-29 00:00:00+00:00,10T-AT-SI-00003P,DIRECT,Kainachtal - Maribor 473 400 kV Maribor - Kainachtal 1,10T-AT-SI-00001T,400 kV Maribor - Kainachtal 1,Maribor,Kainachtal,TieLine
2024-08-29 00:00:00+00:00,10T-AT-SI-00003P,OPPOSITE,Kainachtal - Maribor 473 400 kV Maribor - Kainachtal 1,10T-AT-SI-00001T,Kainachtal - Maribor 473,Kainachtal,Maribor,TieLine
2024-08-29 00:00:00+00:00,10T-AT-SI-00003P,OPPOSITE,Kainachtal - Maribor 473 400 kV Maribor - Kainachtal 1,10T-AT-SI-00001T,400 kV Maribor - Kainachtal 1,Maribor,Kainachtal,TieLine
2024-08-29 00:00:00+00:00,10T-AT-SI-00003P,DIRECT,400 kV Cirkovce - Podlog,28T000000000301K,400 kV Cirkovce - Podlog,Cirkovce,Podlog,Line
2024-08-29 00:00:00+00:00,10T-AT-SI-00003P,OPPOSITE,400 kV Cirkovce - Podlog,28T000000000301K,400 kV Cirkovce - Podlog,Cirkovce,Podlog,Line
2024-08-29 00:00:00+00:00,10T-AT-SI-00003P,DIRECT,400 kV Cirkovce - Krsko,28T000000000300M,400 kV Cirkovce - Krsko,Cirkovce,Krsko,Line
2024-08-29 00:00:00+00:00,10T-AT-DE-000037,DIRECT,Pirach Neu - Pleinting 296/257 Pirach Neu - Pirach 296/257,11T0-0000-2108-O,Pirach Neu - Pleinting 296/257,Pirach Neu,Pleinting,Line
2024-08-29 00:00:00+00:00,10T-AT-DE-000037,DIRECT,Pirach Neu - Pleinting 296/257 Pirach Neu - Pirach 296/257,11T0-0000-2108-O,Pirach Neu - Pirach 296/257,Pirach Neu,Pirach,Line
2024-08-29 00:00:00+00:00,14T-220-0-0273BO,DIRECT,Strass - Thaur 274B,14T-220-0-0274BL,Strass - Thaur 274B,Strass,Thaur,Line
2024-08-29 00:00:00+00:00,10T-AT-CZ-00003X,OPPOSITE,Slavetice - Durnrohr - V438  Duernrohr 1 - Slavetice 438,10T-AT-CZ-00004V,Slavetice - Durnrohr - V438,Slavetice,Durnrohr,TieLine
2024-08-29 00:00:00+00:00,10T-AT-CZ-00003X,OPPOSITE,Slavetice - Durnrohr - V438  Duernrohr 1 - Slavetice 438,10T-AT-CZ-00004V,Duernrohr 1 - Slavetice 438,Duernrohr 1,Slavetice,TieLine
2024-08-29 00:00:00+00:00,10T-AT-SI-00001T,DIRECT,Kainachtal - Maribor 474 400 kV Maribor - Kainachtal 2,10T-AT-SI-00002R,Kainachtal - Maribor 474,Kainachtal,Maribor,TieLine
2024-08-29 00:00:00+00:00,10T-AT-SI-00001T,DIRECT,Kainachtal - Maribor 474 400 kV Maribor - Kainachtal 2,10T-AT-SI-00002R,400 kV Maribor - Kainachtal 2,Maribor,Kainachtal,TieLine
2024-08-29 00:00:00+00:00,10T-AT-SI-00001T,OPPOSITE,Kainachtal - Maribor 474 400 kV Maribor - Kainachtal 2,10T-AT-SI-00002R,Kainachtal - Maribor 474,Kainachtal,Maribor,TieLine
2024-08-29 00:00:00+00:00,10T-AT-SI-00001T,OPPOSITE,Kainachtal - Maribor 474 400 kV Maribor - Kainachtal 2,10T-AT-SI-00002R,400 kV Maribor - Kainachtal 2,Maribor,Kainachtal,TieLine
2024-08-29 00:00:00+00:00,14T-38220-WT041O,OPPOSITE,Westtirol 2 - Voehringen 411 Westtirol - Voehringen FUESSN W,10T1001C--00037V,Westtirol 2 - Voehringen 411,Westtirol 2,Voehringen,TieLine
2024-08-29 00:00:00+00:00,14T-38220-WT041O,OPPOSITE,Westtirol 2 - Voehringen 411 Westtirol - Voehringen FUESSN W,10T1001C--00037V,Westtirol - Voehringen FUESSN W,Westtirol,Voehringen,TieLine
2024-08-29 00:00:00+00:00,14T-38220-WT041O,OPPOSITE,Leupolz - Westtirol 412 Leupolz - Westtirol FUESSN O,10T-AT-DE-10007U,Leupolz - Westtirol 412,Leupolz,Westtirol,TieLine
2024-08-29 00:00:00+00:00,14T-38220-WT041O,OPPOSITE,Leupolz - Westtirol 412 Leupolz - Westtirol FUESSN O,10T-AT-DE-10007U,Leupolz - Westtirol FUESSN O,Leupolz,Westtirol,TieLine
2024-08-29 00:00:00+00:00,14T-38220-WT041O,OPPOSITE,Buers - Westtirol rt (422) Westtirol 2 - Buers 422,10T-AT-DE-000061,Buers - Westtirol rt (422),Buers,Westtirol,TieLine
2024-08-29 00:00:00+00:00,14T-38220-WT041O,OPPOSITE,Buers - Westtirol rt (422) Westtirol 2 - Buers 422,10T-AT-DE-000061,Westtirol 2 - Buers 422,Buers,Westtirol,TieLine
2024-08-29 00:00:00+00:00,14T-38220-WT041O,DIRECT,Buers - Westtirol ws (421) Westtirol 1 - Buers 421,10T-AT-DE-000053,Buers - Westtirol ws (421),Buers,Westtirol,TieLine
2024-08-29 00:00:00+00:00,14T-38220-WT041O,DIRECT,Buers - Westtirol ws (421) Westtirol 1 - Buers 421,10T-AT-DE-000053,Westtirol 1 - Buers 421,Buers,Westtirol,TieLine
2024-08-29 00:00:00+00:00,14T-38220-WT041O,OPPOSITE,Buers - Westtirol ws (421) Westtirol 1 - Buers 421,10T-AT-DE-000053,Buers - Westtirol ws (421),Buers,Westtirol,TieLine
2024-08-29 00:00:00+00:00,14T-38220-WT041O,OPPOSITE,Buers - Westtirol ws (421) Westtirol 1 - Buers 421,10T-AT-DE-000053,Westtirol 1 - Buers 421,Buers,Westtirol,TieLine
2024-08-29 00:00:00+00:00,14T-38220-ZZ041D,DIRECT,Zell am Ziller 1 - Zell am Ziller 2 ZZRHU42,14T-38220-ZZ042B,Zell am Ziller 1 - Zell am Ziller 2 ZZRHU42,Zell am Ziller 1,Zell am Ziller 2,Transformer
2024-08-29 00:00:00+00:00,10T-BE-FR-000015,DIRECT,Avelgem - Horta 380.102,22T20161020---1E,Avelgem - Horta 380.102,Avelgem,Horta,Line
2024-08-29 00:00:00+00:00,10T-BE-FR-000015,DIRECT,PST Van Eyck 2,22T-BE-PST--002U,PST Van Eyck 2,Van Eyck,Van Eyck,PST
2024-08-29 00:00:00+00:00,10T-BE-FR-000015,OPPOSITE,Avelgem - Horta 380.102,22T20161020---1E,Avelgem - Horta 380.102,Avelgem,Horta,Line
2024-08-29 00:00:00+00:00,10T-BE-FR-000015,OPPOSITE,PST Van Eyck 2,22T-BE-PST--002U,PST Van Eyck 2,Van Eyck,Van Eyck,PST
2024-08-29 00:00:00+00:00,22T-BE-IN-LI018R,DIRECT,Y-Van Eyck (-Andre Dumont - Gramme) 380.12 Y-Andre Dumont (-Gramme - Van Eyck) 380.12 Y-Gramme (-Andre Dumont - Van Eyck) 380.12,22T20161020---48,Y-Van Eyck (-Andre Dumont - Gramme) 380.12,Van Eyck,Zuttendaal,Line
2024-08-29 00:00:00+00:00,22T-BE-IN-LI018R,DIRECT,Y-Van Eyck (-Andre Dumont - Gramme) 380.12 Y-Andre Dumont (-Gramme - Van Eyck) 380.12 Y-Gramme (-Andre Dumont - Van Eyck) 380.12,22T20161020---48,Y-Andre Dumont (-Gramme - Van Eyck) 380.12,Andre Dumont,Zuttendaal,Line
2024-08-29 00:00:00+00:00,22T-BE-IN-LI018R,DIRECT,Y-Van Eyck (-Andre Dumont - Gramme) 380.12 Y-Andre Dumont (-Gramme - Van Eyck) 380.12 Y-Gramme (-Andre Dumont - Van Eyck) 380.12,22T20161020---48,Y-Gramme (-Andre Dumont - Van Eyck) 380.12,Gramme,Zuttendaal,Line
2024-08-29 00:00:00+00:00,22T-BE-PST--001W,DIRECT,PST Van Eyck 2,22T-BE-PST--002U,PST Van Eyck 2,Van Eyck,Van Eyck,PST
2024-08-29 00:00:00+00:00,22T-BE-PST--002U,DIRECT,Achene - Lonny 380.19 Achene - Lonny 19,10T-BE-FR-000015,Achene - Lonny 380.19,Achene,Lonny,TieLine
2024-08-29 00:00:00+00:00,22T-BE-PST--002U,DIRECT,Achene - Lonny 380.19 Achene - Lonny 19,10T-BE-FR-000015,Achene - Lonny 19,Achene,Lonny,TieLine
2024-08-29 00:00:00+00:00,22T-BE-PST--002U,DIRECT,Y-Bruegel (-Mercator - Verbrande Brug) 380.36 Y-Mercator (-Bruegel - Verbrande Brug) 380.36 Y-Verbrande Brug (-Bruegel - Mercator) 380.36,22T-BE-IN-LI006Y,Y-Bruegel (-Mercator - Verbrande Brug) 380.36,Bruegel,Buggenhout,Line
2024-08-29 00:00:00+00:00,22T-BE-PST--002U,DIRECT,Y-Bruegel (-Mercator - Verbrande Brug) 380.36 Y-Mercator (-Bruegel - Verbrande Brug) 380.36 Y-Verbrande Brug (-Bruegel - Mercator) 380.36,22T-BE-IN-LI006Y,Y-Mercator (-Bruegel - Verbrande Brug) 380.36,Mercator,Buggenhout,Line
2024-08-29 00:00:00+00:00,22T-BE-PST--002U,DIRECT,Y-Bruegel (-Mercator - Verbrande Brug) 380.36 Y-Mercator (-Bruegel - Verbrande Brug) 380.36 Y-Verbrande Brug (-Bruegel - Mercator) 380.36,22T-BE-IN-LI006Y,Y-Verbrande Brug (-Bruegel - Mercator) 380.36,Verbrande Brug,Buggenhout,Line
2024-08-29 00:00:00+00:00,22T-BE-PST--002U,DIRECT,PST Van Eyck 1,22T-BE-PST--001W,PST Van Eyck 1,Van Eyck,Van Eyck,PST
2024-08-29 00:00:00+00:00,22T-BE-PST--002U,OPPOSITE,Achene - Lonny 380.19 Achene - Lonny 19,10T-BE-FR-000015,Achene - Lonny 380.19,Achene,Lonny,TieLine
2024-08-29 00:00:00+00:00,22T-BE-PST--002U,OPPOSITE,Achene - Lonny 380.19 Achene - Lonny 19,10T-BE-FR-000015,Achene - Lonny 19,Achene,Lonny,TieLine
2024-08-29 00:00:00+00:00,22T-BE-PST--002U,OPPOSITE,Y-Bruegel (-Courcelles - Drogenbos) 380.33 Y-Courcelles (-Bruegel - Drogenbos) 380.33 Y-Drogenbos (-Bruegel - Courcelles) 380.33,22T-BE-IN-LI0017,Y-Bruegel (-Courcelles - Drogenbos) 380.33,Bruegel,Mekingen,Line
2024-08-29 00:00:00+00:00,22T-BE-PST--002U,OPPOSITE,Y-Bruegel (-Courcelles - Drogenbos) 380.33 Y-Courcelles (-Bruegel - Drogenbos) 380.33 Y-Drogenbos (-Bruegel - Courcelles) 380.33,22T-BE-IN-LI0017,Y-Courcelles (-Bruegel - Drogenbos) 380.33,Courcelles,Mekingen,Line
2024-08-29 00:00:00+00:00,22T-BE-PST--002U,OPPOSITE,Y-Bruegel (-Courcelles - Drogenbos) 380.33 Y-Courcelles (-Bruegel - Drogenbos) 380.33 Y-Drogenbos (-Bruegel - Courcelles) 380.33,22T-BE-IN-LI0017,Y-Drogenbos (-Bruegel - Courcelles) 380.33,Drogenbos,Mekingen,Line
2024-08-29 00:00:00+00:00,22T-BE-PST--002U,OPPOSITE,Y-Bruegel (-Mercator - Verbrande Brug) 380.36 Y-Mercator (-Bruegel - Verbrande Brug) 380.36 Y-Verbrande Brug (-Bruegel - Mercator) 380.36,22T-BE-IN-LI006Y,Y-Bruegel (-Mercator - Verbrande Brug) 380.36,Bruegel,Buggenhout,Line
2024-08-29 00:00:00+00:00,22T-BE-PST--002U,OPPOSITE,Y-Bruegel (-Mercator - Verbrande Brug) 380.36 Y-Mercator (-Bruegel - Verbrande Brug) 380.36 Y-Verbrande Brug (-Bruegel - Mercator) 380.36,22T-BE-IN-LI006Y,Y-Mercator (-Bruegel - Verbrande Brug) 380.36,Mercator,Buggenhout,Line
2024-08-29 00:00:00+00:00,22T-BE-PST--002U,OPPOSITE,Y-Bruegel (-Mercator - Verbrande Brug) 380.36 Y-Mercator (-Bruegel - Verbrande Brug) 380.36 Y-Verbrande Brug (-Bruegel - Mercator) 380.36,22T-BE-IN-LI006Y,Y-Verbrande Brug (-Bruegel - Mercator) 380.36,Verbrande Brug,Buggenhout,Line
2024-08-29 00:00:00+00:00,22T-BE-PST--002U,OPPOSITE,PST Van Eyck 1,22T-BE-PST--001W,PST Van Eyck 1,Van Eyck,Van Eyck,PST
2024-08-29 00:00:00+00:00,22T-BE-IN-LI02AK,DIRECT,Doel - Zandvliet 380.26,22T20170512----9,Doel - Zandvliet 380.26,Doel,Zandvliet,Line
2024-08-29 00:00:00+00:00,22T-BE-PST--002U,OPPOSITE,Alegro HVDC,22T201903146---W,NA,NA,NA,
2024-08-29 00:00:00+00:00,10T-CZ-DE-00001W,DIRECT,Prestice - Etzenricht  Etzenricht - Prestice 442,10T-CZ-DE-00004Q,Prestice - Etzenricht,Prestice,Etzenricht,TieLine
2024-08-29 00:00:00+00:00,10T-CZ-DE-00001W,DIRECT,Prestice - Etzenricht  Etzenricht - Prestice 442,10T-CZ-DE-00004Q,Etzenricht - Prestice 442,Etzenricht,Prestice,TieLine
2024-08-29 00:00:00+00:00,10T-CZ-DE-00003S,DIRECT,Hradec - Rohrsdorf - V445  Hradec - Rohrsdorf 445,10T-CZ-DE-00002U,Hradec - Rohrsdorf - V445,Hradec,Rohrsdorf,TieLine
2024-08-29 00:00:00+00:00,10T-CZ-DE-00003S,DIRECT,Hradec - Rohrsdorf - V445  Hradec - Rohrsdorf 445,10T-CZ-DE-00002U,Hradec - Rohrsdorf 445,Hradec,Rohrsdorf,TieLine
2024-08-29 00:00:00+00:00,10T-CZ-SK-00001Y,DIRECT,Nosovice - Varin  Nosovice - Varin,10T-CZ-SK-00002W,Nosovice - Varin,Nosovice,Varin,TieLine
2024-08-29 00:00:00+00:00,10T-CZ-SK-00001Y,DIRECT,Nosovice - Varin  Nosovice - Varin,10T-CZ-SK-00002W,Nosovice - Varin,Nosovice,Varin,TieLine
2024-08-29 00:00:00+00:00,10T-CZ-SK-00001Y,OPPOSITE,Nosovice - Varin  Nosovice - Varin,10T-CZ-SK-00002W,Nosovice - Varin,Nosovice,Varin,TieLine
2024-08-29 00:00:00+00:00,10T-CZ-SK-00001Y,OPPOSITE,Nosovice - Varin  Nosovice - Varin,10T-CZ-SK-00002W,Nosovice - Varin,Nosovice,Varin,TieLine
2024-08-29 00:00:00+00:00,10T-CZ-SK-00002W,DIRECT,Krizovany - Sokolnice Sokolnice - Krizovany,10T-CZ-SK-00003U,Krizovany - Sokolnice,Krizovany,Sokolnice,TieLine
2024-08-29 00:00:00+00:00,10T-CZ-SK-00002W,DIRECT,Krizovany - Sokolnice Sokolnice - Krizovany,10T-CZ-SK-00003U,Sokolnice - Krizovany,Sokolnice,Krizovany,TieLine
2024-08-29 00:00:00+00:00,10T-CZ-SK-00002W,OPPOSITE,Krizovany - Sokolnice Sokolnice - Krizovany,10T-CZ-SK-00003U,Krizovany - Sokolnice,Krizovany,Sokolnice,TieLine
2024-08-29 00:00:00+00:00,10T-CZ-SK-00002W,OPPOSITE,Krizovany - Sokolnice Sokolnice - Krizovany,10T-CZ-SK-00003U,Sokolnice - Krizovany,Sokolnice,Krizovany,TieLine
2024-08-29 00:00:00+00:00,10T1001C--001223,OPPOSITE,Sokolnice - Zaya - V243 Zaya - Sokolnice 243,10T1001C--001215,Sokolnice - Zaya - V243,Sokolnice,Zaya,TieLine
2024-08-29 00:00:00+00:00,10T1001C--001223,OPPOSITE,Sokolnice - Zaya - V243 Zaya - Sokolnice 243,10T1001C--001215,Zaya - Sokolnice 243,Zaya,Sokolnice,TieLine
2024-08-29 00:00:00+00:00,10T1001C--001215,DIRECT,Sokolnice - Zaya - V244 Zaya - Sokolnice 244,10T1001C--001223,Sokolnice - Zaya - V244,Sokolnice,Zaya,TieLine
2024-08-29 00:00:00+00:00,10T1001C--001215,DIRECT,Sokolnice - Zaya - V244 Zaya - Sokolnice 244,10T1001C--001223,Zaya - Sokolnice 244,Zaya,Sokolnice,TieLine
2024-08-29 00:00:00+00:00,10T1001C--001215,OPPOSITE,Sokolnice - Zaya - V244 Zaya - Sokolnice 244,10T1001C--001223,Sokolnice - Zaya - V244,Sokolnice,Zaya,TieLine
2024-08-29 00:00:00+00:00,10T1001C--001215,OPPOSITE,Sokolnice - Zaya - V244 Zaya - Sokolnice 244,10T1001C--001223,Zaya - Sokolnice 244,Zaya,Sokolnice,TieLine
2024-08-29 00:00:00+00:00,10T-CZ-SK-00003U,DIRECT,Nosovice - Varin  Nosovice - Varin,10T-CZ-SK-00002W,Nosovice - Varin,Nosovice,Varin,TieLine
2024-08-29 00:00:00+00:00,10T-CZ-SK-00003U,DIRECT,Nosovice - Varin  Nosovice - Varin,10T-CZ-SK-00002W,Nosovice - Varin,Nosovice,Varin,TieLine
2024-08-29 00:00:00+00:00,10T-CZ-SK-00003U,OPPOSITE,Nosovice - Varin  Nosovice - Varin,10T-CZ-SK-00002W,Nosovice - Varin,Nosovice,Varin,TieLine
2024-08-29 00:00:00+00:00,10T-CZ-SK-00003U,OPPOSITE,Nosovice - Varin  Nosovice - Varin,10T-CZ-SK-00002W,Nosovice - Varin,Nosovice,Varin,TieLine
2024-08-29 00:00:00+00:00,10T-CZ-SK-00003U,DIRECT,Sokolnice - Stupava  Sokolnice - Stupava,10T-CZ-SK-00005Q,Sokolnice - Stupava,Sokolnice,Stupava,TieLine
2024-08-29 00:00:00+00:00,10T-CZ-SK-00003U,DIRECT,Sokolnice - Stupava  Sokolnice - Stupava,10T-CZ-SK-00005Q,Sokolnice - Stupava,Stupava,Sokolnice,TieLine
2024-08-29 00:00:00+00:00,10T-CZ-SK-00003U,OPPOSITE,Sokolnice - Stupava  Sokolnice - Stupava,10T-CZ-SK-00005Q,Sokolnice - Stupava,Sokolnice,Stupava,TieLine
2024-08-29 00:00:00+00:00,10T-CZ-SK-00003U,OPPOSITE,Sokolnice - Stupava  Sokolnice - Stupava,10T-CZ-SK-00005Q,Sokolnice - Stupava,Stupava,Sokolnice,TieLine
2024-08-29 00:00:00+00:00,10T-CZ-SK-00003U,DIRECT,H. Zivotice - Krasikov,27T-TLI-V458---B,H. Zivotice - Krasikov,H. Zivotice,Krasikov,Line
2024-08-29 00:00:00+00:00,10T-CZ-SK-00003U,OPPOSITE,H. Zivotice - Krasikov,27T-TLI-V458---B,H. Zivotice - Krasikov,H. Zivotice,Krasikov,Line
2024-08-29 00:00:00+00:00,10T-CZ-DE-00004Q,OPPOSITE,Hradec - Etzenricht  Etzenricht - Hradec 441,10T-CZ-DE-00001W,Hradec - Etzenricht,Hradec,Etzenricht,TieLine
2024-08-29 00:00:00+00:00,10T-CZ-DE-00004Q,OPPOSITE,Hradec - Etzenricht  Etzenricht - Hradec 441,10T-CZ-DE-00001W,Etzenricht - Hradec 441,Etzenricht,Hradec,TieLine
2024-08-29 00:00:00+00:00,11T0-0000-0986-7,DIRECT,St. Peter 2 - Altheim 233_230 St. Peter - Altheim_Simbach 233_230 Y-Altheim (-Simbach - St. Peter) 233/230 Y-Simbach (-Altheim - St.Peter) 233/230,10T-AT-DE-00001B,St. Peter 2 - Altheim 233_230,St. Peter 2,Altheim,TieLine
2024-08-29 00:00:00+00:00,11T0-0000-0986-7,DIRECT,St. Peter 2 - Altheim 233_230 St. Peter - Altheim_Simbach 233_230 Y-Altheim (-Simbach - St. Peter) 233/230 Y-Simbach (-Altheim - St.Peter) 233/230,10T-AT-DE-00001B,NA,NA,NA,
2024-08-29 00:00:00+00:00,11T0-0000-0986-7,DIRECT,St. Peter 2 - Altheim 233_230 St. Peter - Altheim_Simbach 233_230 Y-Altheim (-Simbach - St. Peter) 233/230 Y-Simbach (-Altheim - St.Peter) 233/230,11T0-0000-0984-D,Y-Altheim (-Simbach - St. Peter) 233/230,Altheim,Y Simbach,TieLine
2024-08-29 00:00:00+00:00,11T0-0000-0986-7,DIRECT,St. Peter 2 - Altheim 233_230 St. Peter - Altheim_Simbach 233_230 Y-Altheim (-Simbach - St. Peter) 233/230 Y-Simbach (-Altheim - St.Peter) 233/230,11T0-0000-0985-A,Y-Simbach (-Altheim - St.Peter) 233/230,Simbach,Y Simbach,TieLine
2024-08-29 00:00:00+00:00,11TD2L000000003L,DIRECT,Altheim - Sittling 220,11TD2L000000004J,Altheim - Sittling 220,Altheim,Sittling,Line
2024-08-29 00:00:00+00:00,11TD2L000000003L,OPPOSITE,Altheim - Sittling 220,11TD2L000000004J,Altheim - Sittling 220,Altheim,Sittling,Line
2024-08-29 00:00:00+00:00,11T0-0000-0781-W,DIRECT,Y-Oberzier (-Paffendorf - Sechtem) SECHTM S Y-Paffendorf (-Oberzier - Sechtem) SECHTM S Y-Sechtem (-Oberzier - Paffendorf) SECHTM S,11T0-0000-0782-T,Y-Oberzier (-Paffendorf - Sechtem) SECHTM S,Oberzier,Y-Paffendorf,Line
2024-08-29 00:00:00+00:00,11T0-0000-0781-W,DIRECT,Y-Oberzier (-Paffendorf - Sechtem) SECHTM S Y-Paffendorf (-Oberzier - Sechtem) SECHTM S Y-Sechtem (-Oberzier - Paffendorf) SECHTM S,11T0-0000-0815-6,Y-Paffendorf (-Oberzier - Sechtem) SECHTM S,Paffendorf,Y-Paffendorf,Line
2024-08-29 00:00:00+00:00,11T0-0000-0781-W,DIRECT,Y-Oberzier (-Paffendorf - Sechtem) SECHTM S Y-Paffendorf (-Oberzier - Sechtem) SECHTM S Y-Sechtem (-Oberzier - Paffendorf) SECHTM S,11T0-0000-0849-J,Y-Sechtem (-Oberzier - Paffendorf) SECHTM S,Sechtem,Y-Paffendorf,Line
2024-08-29 00:00:00+00:00,10T-DE-NL-00005N,DIRECT,Alegro HVDC,22T201903146---W,NA,NA,NA,
2024-08-29 00:00:00+00:00,10T-DE-NL-00005N,DIRECT,Ensdorf - Vigy VIGY2 S Ensdorf - Vigy VIGY2 S,10T-DE-FR-000068,Ensdorf - Vigy VIGY2 S,Ensdorf,Vigy,TieLine
2024-08-29 00:00:00+00:00,10T-DE-NL-00005N,DIRECT,Ensdorf - Vigy VIGY2 S Ensdorf - Vigy VIGY2 S,10T-DE-FR-000068,Ensdorf - Vigy VIGY2 S,Ensdorf,Vigy,TieLine
2024-08-29 00:00:00+00:00,10T-DE-NL-00005N,DIRECT,Gramme - Achene 380.10,22T-BE-IN-LI0130,Gramme - Achene 380.10,Achene,Gramme,Line
2024-08-29 00:00:00+00:00,10T-DE-NL-00005N,DIRECT,Boxmeer - Dodewaard 380 Zwart,49T000000000006C,Boxmeer - Dodewaard 380 Zwart,Boxmeer,Dodewaard,Line
2024-08-29 00:00:00+00:00,10T-DE-NL-00005N,DIRECT,Maasbracht - Dodewaard 380 Wit,49T000000000013F,Maasbracht - Dodewaard 380 Wit,Dodewaard,Maasbracht,Line
2024-08-29 00:00:00+00:00,10T-DE-NL-00005N,DIRECT,Avelgem - Horta 380.102,22T20161020---1E,Avelgem - Horta 380.102,Avelgem,Horta,Line
2024-08-29 00:00:00+00:00,10T-DE-FR-000068,OPPOSITE,Ensdorf - Vigy VIGY1 N Ensdorf - Vigy VIGY1 N,10T-DE-FR-00005A,Ensdorf - Vigy VIGY1 N,Ensdorf,Vigy,TieLine
2024-08-29 00:00:00+00:00,10T-DE-FR-000068,OPPOSITE,Ensdorf - Vigy VIGY1 N Ensdorf - Vigy VIGY1 N,10T-DE-FR-00005A,Ensdorf - Vigy VIGY1 N,Ensdorf,Vigy,TieLine
2024-08-29 00:00:00+00:00,10T-DE-FR-000068,DIRECT,Ensdorf - Vigy VIGY1 N Ensdorf - Vigy VIGY1 N,10T-DE-FR-00005A,Ensdorf - Vigy VIGY1 N,Ensdorf,Vigy,TieLine
2024-08-29 00:00:00+00:00,10T-DE-FR-000068,DIRECT,Ensdorf - Vigy VIGY1 N Ensdorf - Vigy VIGY1 N,10T-DE-FR-00005A,Ensdorf - Vigy VIGY1 N,Ensdorf,Vigy,TieLine
2024-08-29 00:00:00+00:00,11T0-0000-0781-W,DIRECT,PST Oberzier TR 442 E,11T0-0000-2133-R,PST Oberzier TR 442 E,Oberzier,Oberzier,PST
2024-08-29 00:00:00+00:00,10T-CZ-DE-00002U,OPPOSITE,Hradec - Rohrsdorf - V446  Hradec - Rohrsdorf 446,10T-CZ-DE-00003S,Hradec - Rohrsdorf - V446,Hradec,Rohrsdorf,TieLine
2024-08-29 00:00:00+00:00,10T-CZ-DE-00002U,OPPOSITE,Hradec - Rohrsdorf - V446  Hradec - Rohrsdorf 446,10T-CZ-DE-00003S,Hradec - Rohrsdorf 446,Hradec,Rohrsdorf,TieLine
2024-08-29 00:00:00+00:00,11T0-0000-0011-L,DIRECT,,,,,,
2024-08-29 00:00:00+00:00,11T0-0000-0013-F,DIRECT,Hagenwerder - Mikulowa 567 Mikulowa - Hagenwerder 567,10T-DE-PL-00002B,Hagenwerder - Mikulowa 567,Hagenwerder,Mikulowa,TieLine
2024-08-29 00:00:00+00:00,11T0-0000-0013-F,DIRECT,Hagenwerder - Mikulowa 567 Mikulowa - Hagenwerder 567,10T-DE-PL-00002B,Mikulowa - Hagenwerder 567,Mikulowa 567,Hagenwerder,TieLine
2024-08-29 00:00:00+00:00,11TD8L555------W,OPPOSITE,Dresden/Sued - Schmoelln 556,11TD8L556------O,Dresden/Sued - Schmoelln 556,Dresden/Sued,Schmoelln,Line
2024-08-29 00:00:00+00:00,10T-HR-SI-000022,OPPOSITE,,,,,,
2024-08-29 00:00:00+00:00,10T-HR-SI-000022,DIRECT,Melina - Divaca 400 kV Divaca - Melina,10T-HR-SI-000014,Melina - Divaca,Melina,Divaca,TieLine
2024-08-29 00:00:00+00:00,10T-HR-SI-000022,DIRECT,Melina - Divaca 400 kV Divaca - Melina,10T-HR-SI-000014,400 kV Divaca - Melina,Divaca,Melina,TieLine
2024-08-29 00:00:00+00:00,10T-HR-SI-000022,OPPOSITE,Melina - Divaca 400 kV Divaca - Melina,10T-HR-SI-000014,Melina - Divaca,Melina,Divaca,TieLine
2024-08-29 00:00:00+00:00,10T-HR-SI-000022,OPPOSITE,Melina - Divaca 400 kV Divaca - Melina,10T-HR-SI-000014,400 kV Divaca - Melina,Divaca,Melina,TieLine
2024-08-29 00:00:00+00:00,10T-HR-HU-000033,OPPOSITE,Pecs - Ernestinovo2 491B Ernestinovo - Pecs 2,10T-HR-HU-000041,Pecs - Ernestinovo2 491B,Pecs,Ernestinovo,TieLine
2024-08-29 00:00:00+00:00,10T-HR-HU-000033,OPPOSITE,Pecs - Ernestinovo2 491B Ernestinovo - Pecs 2,10T-HR-HU-000041,Ernestinovo - Pecs 2,Ernestinovo,Pecs 2,TieLine
2024-08-29 00:00:00+00:00,10T-HR-SI-000014,DIRECT,,,,,,
2024-08-29 00:00:00+00:00,10T-HR-SI-000014,DIRECT,Pehlin - Divaca 220kV Divaca - Pehlin,10T-HR-SI-000022,Pehlin - Divaca,Pehlin,Divaca,TieLine
2024-08-29 00:00:00+00:00,10T-HR-SI-000014,DIRECT,Pehlin - Divaca 220kV Divaca - Pehlin,10T-HR-SI-000022,220kV Divaca - Pehlin,Divaca,Pehlin,TieLine
2024-08-29 00:00:00+00:00,10T-HR-SI-00004Z,OPPOSITE,Tumbri - Krsko 2 400 kV Krsko - Tumbri 2,10T-HR-SI-00005X,Tumbri - Krsko 2,Tumbri,Krsko,TieLine
2024-08-29 00:00:00+00:00,10T-HR-SI-00004Z,OPPOSITE,Tumbri - Krsko 2 400 kV Krsko - Tumbri 2,10T-HR-SI-00005X,400 kV Krsko - Tumbri 2,Krsko,Tumbri,TieLine
2024-08-29 00:00:00+00:00,15T-M000002791-J,DIRECT,Gabcikovo - Gyor Gabcikovo - Gyor,10T-HU-SK-00002R,Gabcikovo - Gyor,Gabcikovo,Gyor,TieLine
2024-08-29 00:00:00+00:00,15T-M000002791-J,DIRECT,Gabcikovo - Gyor Gabcikovo - Gyor,10T-HU-SK-00002R,Gabcikovo - Gyor,Gabcikovo,Gyor,TieLine
2024-08-29 00:00:00+00:00,10T-HU-UA-00002F,DIRECT,Szabolcsbaka - Mukachevo,10T1001C--000421,Szabolcsbaka - Mukachevo,Szabolcsbaka,Mukachevo,TieLine
2024-08-29 00:00:00+00:00,10T-HU-UA-00002F,OPPOSITE,Szabolcsbaka - Mukachevo,10T1001C--000421,Szabolcsbaka - Mukachevo,Szabolcsbaka,Mukachevo,TieLine
2024-08-29 00:00:00+00:00,10T1001C--00056R,DIRECT,Gabcikovo - Gyor Gabcikovo - Gyor,10T-HU-SK-00002R,Gabcikovo - Gyor,Gabcikovo,Gyor,TieLine
2024-08-29 00:00:00+00:00,10T1001C--00056R,DIRECT,Gabcikovo - Gyor Gabcikovo - Gyor,10T-HU-SK-00002R,Gabcikovo - Gyor,Gabcikovo,Gyor,TieLine
2024-08-29 00:00:00+00:00,10T1001C--00056R,OPPOSITE,Gonyu - Gyor,15T-M000002791-J,Gonyu - Gyor,Gonyu,Gyor,Line
2024-08-29 00:00:00+00:00,10T1001C--00056R,OPPOSITE,Gabcikovo - Gyor Gabcikovo - Gyor,10T-HU-SK-00002R,Gabcikovo - Gyor,Gabcikovo,Gyor,TieLine
2024-08-29 00:00:00+00:00,10T1001C--00056R,OPPOSITE,Gabcikovo - Gyor Gabcikovo - Gyor,10T-HU-SK-00002R,Gabcikovo - Gyor,Gabcikovo,Gyor,TieLine
2024-08-29 00:00:00+00:00,10T1001C--00101B,DIRECT,Zerjavinec - Heviz Zerjavinec - Heviz,10T-HR-HU-000025,Zerjavinec - Heviz,Zerjavinec,Heviz,TieLine
2024-08-29 00:00:00+00:00,10T1001C--00101B,DIRECT,Zerjavinec - Heviz Zerjavinec - Heviz,10T-HR-HU-000025,Zerjavinec - Heviz,Zerjavinec,Heviz,TieLine
2024-08-29 00:00:00+00:00,10T1001C--00101B,OPPOSITE,Zerjavinec - Heviz Zerjavinec - Heviz,10T-HR-HU-000025,Zerjavinec - Heviz,Zerjavinec,Heviz,TieLine
2024-08-29 00:00:00+00:00,10T1001C--00101B,OPPOSITE,Zerjavinec - Heviz Zerjavinec - Heviz,10T-HR-HU-000025,Zerjavinec - Heviz,Zerjavinec,Heviz,TieLine
2024-08-29 00:00:00+00:00,10T-DE-NL-00002T,DIRECT,Y-Doerpen West (-Meppen - Niederlangen) EMSLD OW Y-Niederlangen (-Meppen - Doerpen West) EMSLD OW Y-Meppen (-Doerpen West - Niederlangen) EMSLD OW Meppen - Niederlangen - Doerpen West EMSLD OW,11T0-0000-0990-L,Y-Doerpen West (-Meppen - Niederlangen) EMSLD OW,Doerpen West,Y Niederlangen,Line
2024-08-29 00:00:00+00:00,10T-DE-NL-00002T,DIRECT,Y-Doerpen West (-Meppen - Niederlangen) EMSLD OW Y-Niederlangen (-Meppen - Doerpen West) EMSLD OW Y-Meppen (-Doerpen West - Niederlangen) EMSLD OW Meppen - Niederlangen - Doerpen West EMSLD OW,11T0-0000-0991-I,Y-Niederlangen (-Meppen - Doerpen West) EMSLD OW,Niederlangen,Y Niederlangen,Line
2024-08-29 00:00:00+00:00,10T-DE-NL-00002T,DIRECT,Y-Doerpen West (-Meppen - Niederlangen) EMSLD OW Y-Niederlangen (-Meppen - Doerpen West) EMSLD OW Y-Meppen (-Doerpen West - Niederlangen) EMSLD OW Meppen - Niederlangen - Doerpen West EMSLD OW,11T-D2-D7-00001H,Y-Meppen (-Doerpen West - Niederlangen) EMSLD OW,Meppen,Y Niederlangen,Line
2024-08-29 00:00:00+00:00,10T-DE-NL-00002T,DIRECT,Y-Doerpen West (-Meppen - Niederlangen) EMSLD OW Y-Niederlangen (-Meppen - Doerpen West) EMSLD OW Y-Meppen (-Doerpen West - Niederlangen) EMSLD OW Meppen - Niederlangen - Doerpen West EMSLD OW,11T-D2-D7-00001H,NA,NA,NA,
2024-08-29 00:00:00+00:00,10T-DE-NL-00005N,DIRECT,Gronau - Kusenhorst HAMALD,11T0-0000-0618-7,Gronau - Kusenhorst HAMALD,Gronau,Kusenhorst,Line
2024-08-29 00:00:00+00:00,49T000000000000O,DIRECT,Zwolle - Hengelo 380 Zwart,49T000000000031D,Zwolle - Hengelo 380 Zwart,Zwolle,Hengelo,Line
2024-08-29 00:00:00+00:00,49T0000000000274,DIRECT,Krimpen a/d IJssel - Geertruidenberg 380 Zwart,49T0000000000282,Krimpen a/d IJssel - Geertruidenberg 380 Zwart,Krimpen a/d IJssel,Geertruidenberg,Line
2024-08-29 00:00:00+00:00,19T000000001304A,OPPOSITE,Krosno Iskrzynia - Tarnow,19T000000000296P,Krosno Iskrzynia - Tarnow,Krosno Iskrzynia,Tarnow,Line
2024-08-29 00:00:00+00:00,19T000000004057N,OPPOSITE,Mikulowa AT2,19T000000004058L,Mikulowa AT2,Mikulowa AT2,Mikulowa AT2,Transformer
2024-08-29 00:00:00+00:00,19T0000000063830,OPPOSITE,Hagenwerder - Mikulowa 568 Mikulowa - Hagenwerder 568,10T-DE-PL-00001D,Hagenwerder - Mikulowa 568,Hagenwerder,Mikulowa,TieLine
2024-08-29 00:00:00+00:00,19T0000000063830,OPPOSITE,Hagenwerder - Mikulowa 568 Mikulowa - Hagenwerder 568,10T-DE-PL-00001D,Mikulowa - Hagenwerder 568,Mikulowa 568,Hagenwerder,TieLine
2024-08-29 00:00:00+00:00,10T-CZ-PL-00004A,DIRECT,Dobrzen - Detmarovice Dobrzen - Detmarovice,10T1001A1001A09N,Dobrzen - Detmarovice,Dobrzen,Detmarovice,TieLine
2024-08-29 00:00:00+00:00,10T-CZ-PL-00004A,DIRECT,Dobrzen - Detmarovice Dobrzen - Detmarovice,10T1001A1001A09N,Dobrzen - Detmarovice,Detmarovice,Dobrzen,TieLine
2024-08-29 00:00:00+00:00,10T-CZ-PL-00004A,OPPOSITE,Dobrzen - Detmarovice Dobrzen - Detmarovice,10T1001A1001A09N,Dobrzen - Detmarovice,Dobrzen,Detmarovice,TieLine
2024-08-29 00:00:00+00:00,10T-CZ-PL-00004A,OPPOSITE,Dobrzen - Detmarovice Dobrzen - Detmarovice,10T1001A1001A09N,Dobrzen - Detmarovice,Detmarovice,Dobrzen,TieLine
2024-08-29 00:00:00+00:00,30TPARO220TRGJ-Q,OPPOSITE,Resita - Timisoara c1 Resita - Timisoara c2,30TRESI220TIMI1L,Resita - Timisoara c1,Resita,Timisoara c1,Line
2024-08-29 00:00:00+00:00,30TPARO220TRGJ-Q,OPPOSITE,Resita - Timisoara c1 Resita - Timisoara c2,30TRESI220TIMI2J,Resita - Timisoara c2,Resita,Timisoara c2,Line
2024-08-29 00:00:00+00:00,30TRESI220TIMI1L,DIRECT,Resita - Timisoara c2,30TRESI220TIMI2J,Resita - Timisoara c2,Resita,Timisoara c2,Line
2024-08-29 00:00:00+00:00,30TPDFE220RESI1S,DIRECT,Portile de Fier - Djerdap,10T-RO-RS-00001V,Portile de Fier - Djerdap,Portile de Fier,Djerdap,TieLine
2024-08-29 00:00:00+00:00,30T-ROSI400AT--1,DIRECT,Rosiori - Gadalin,30TGADA400ROSI-A,Rosiori - Gadalin,Rosiori,Gadalin,Line
2024-08-29 00:00:00+00:00,10T-RO-RS-00001V,OPPOSITE,Tantareni - Kozlodui c2 Tantareni - Kozlodui c1,10T-BG-RO-00001A,Tantareni - Kozlodui c2,Tantareni,Kozlodui,TieLine
2024-08-29 00:00:00+00:00,10T-RO-RS-00001V,OPPOSITE,Tantareni - Kozlodui c2 Tantareni - Kozlodui c1,10T-RO-BG-00002A,Tantareni - Kozlodui c1,Tantareni,Kozlodui,TieLine
2024-08-29 00:00:00+00:00,10T1001C--00101B,DIRECT,Kainachtal - Maribor 473 400 kV Maribor - Kainachtal 1,10T-AT-SI-00001T,Kainachtal - Maribor 473,Kainachtal,Maribor,TieLine
2024-08-29 00:00:00+00:00,10T1001C--00101B,DIRECT,Kainachtal - Maribor 473 400 kV Maribor - Kainachtal 1,10T-AT-SI-00001T,400 kV Maribor - Kainachtal 1,Maribor,Kainachtal,TieLine
2024-08-29 00:00:00+00:00,10T1001C--00101B,DIRECT,Zerjavinec - Cirkovce 400 kV Cirkovce - Zerjavinec,10T1001C--001037,Zerjavinec - Cirkovce,Zerjavinec,Cirkovce,TieLine
2024-08-29 00:00:00+00:00,10T1001C--00101B,DIRECT,Zerjavinec - Cirkovce 400 kV Cirkovce - Zerjavinec,10T1001C--001037,400 kV Cirkovce - Zerjavinec,Cirkovce,Zerjavinec,TieLine
2024-08-29 00:00:00+00:00,10T1001C--00101B,OPPOSITE,Kainachtal - Maribor 473 400 kV Maribor - Kainachtal 1,10T-AT-SI-00001T,Kainachtal - Maribor 473,Kainachtal,Maribor,TieLine
2024-08-29 00:00:00+00:00,10T1001C--00101B,OPPOSITE,Kainachtal - Maribor 473 400 kV Maribor - Kainachtal 1,10T-AT-SI-00001T,400 kV Maribor - Kainachtal 1,Maribor,Kainachtal,TieLine
2024-08-29 00:00:00+00:00,10T1001C--00101B,OPPOSITE,Zerjavinec - Cirkovce 400 kV Cirkovce - Zerjavinec,10T1001C--001037,Zerjavinec - Cirkovce,Zerjavinec,Cirkovce,TieLine
2024-08-29 00:00:00+00:00,10T1001C--00101B,OPPOSITE,Zerjavinec - Cirkovce 400 kV Cirkovce - Zerjavinec,10T1001C--001037,400 kV Cirkovce - Zerjavinec,Cirkovce,Zerjavinec,TieLine
2024-08-29 00:00:00+00:00,10T-HU-SK-00001T,DIRECT,R.Sobota - Sajoivanka  R.Sobota - Sajoivanka,10T1001C--00054V,R.Sobota - Sajoivanka,R.Sobota,Sajoivanka,TieLine
2024-08-29 00:00:00+00:00,10T-HU-SK-00001T,DIRECT,R.Sobota - Sajoivanka  R.Sobota - Sajoivanka,10T1001C--00054V,R.Sobota - Sajoivanka,R.Sobota,Sajoivanka,TieLine
2024-08-29 00:00:00+00:00,10T-SK-UA-00001W,DIRECT,R.Sobota - Sajoivanka  R.Sobota - Sajoivanka,10T1001C--00054V,R.Sobota - Sajoivanka,R.Sobota,Sajoivanka,TieLine
2024-08-29 00:00:00+00:00,10T-SK-UA-00001W,DIRECT,R.Sobota - Sajoivanka  R.Sobota - Sajoivanka,10T1001C--00054V,R.Sobota - Sajoivanka,R.Sobota,Sajoivanka,TieLine
2024-08-29 00:00:00+00:00,24T-V429-0000005,DIRECT,V.Dur - Krizovany,24T-V425-0000004,V.Dur - Krizovany,V.Dur,Krizovany,Line
2024-08-29 00:00:00+00:00,24T-V493-000000Q,DIRECT,Bosaca - Varin,24T-V495-0000008,Bosaca - Varin,Bosaca,Varin,Line
2024-08-29 00:00:00+00:00,24T-V490-000000G,DIRECT,V.Dur - Levice 2,24T-V491-0000007,V.Dur - Levice 2,V.Dur,Levice,Line
2024-08-29 00:00:00+00:00,24T-V425-0000004,DIRECT,Gabcikovo - P.Biskupice,24T-V429-0000005,Gabcikovo - P.Biskupice,Gabcikovo,P.Biskupice,Line
2024-08-29 00:00:00+00:00,10T-SK-UA-00001W,OPPOSITE,R.Sobota - Sajoivanka  R.Sobota - Sajoivanka,10T1001C--00054V,R.Sobota - Sajoivanka,R.Sobota,Sajoivanka,TieLine
2024-08-29 00:00:00+00:00,10T-SK-UA-00001W,OPPOSITE,R.Sobota - Sajoivanka  R.Sobota - Sajoivanka,10T1001C--00054V,R.Sobota - Sajoivanka,R.Sobota,Sajoivanka,TieLine
2024-08-29 00:00:00+00:00,24T-V425-0000004,OPPOSITE,Gabcikovo - P.Biskupice,24T-V429-0000005,Gabcikovo - P.Biskupice,Gabcikovo,P.Biskupice,Line
2024-08-29 00:00:00+00:00,24T-V425-0000004,OPPOSITE,Krizovany - P.Biskupice,24T-V439-000000W,Krizovany - P.Biskupice,Krizovany,P.Biskupice,Line
2024-08-29 01:00:00+00:00,10T-AT-SI-00003P,DIRECT,Kainachtal - Obersielach 471,14T-380-0-00471D,Kainachtal - Obersielach 471,Kainachtal,Obersielach,Line
2024-08-29 01:00:00+00:00,10T-AT-SI-00003P,DIRECT,Kainachtal - Maribor 473 400 kV Maribor - Kainachtal 1,10T-AT-SI-00001T,Kainachtal - Maribor 473,Kainachtal,Maribor,TieLine
2024-08-29 01:00:00+00:00,10T-AT-SI-00003P,DIRECT,Kainachtal - Maribor 473 400 kV Maribor - Kainachtal 1,10T-AT-SI-00001T,400 kV Maribor - Kainachtal 1,Maribor,Kainachtal,TieLine
2024-08-29 01:00:00+00:00,10T-AT-SI-00003P,OPPOSITE,Kainachtal - Maribor 473 400 kV Maribor - Kainachtal 1,10T-AT-SI-00001T,Kainachtal - Maribor 473,Kainachtal,Maribor,TieLine
2024-08-29 01:00:00+00:00,10T-AT-SI-00003P,OPPOSITE,Kainachtal - Maribor 473 400 kV Maribor - Kainachtal 1,10T-AT-SI-00001T,400 kV Maribor - Kainachtal 1,Maribor,Kainachtal,TieLine
2024-08-29 01:00:00+00:00,10T-AT-SI-00003P,DIRECT,400 kV Cirkovce - Podlog,28T000000000301K,400 kV Cirkovce - Podlog,Cirkovce,Podlog,Line
2024-08-29 01:00:00+00:00,10T-AT-SI-00003P,OPPOSITE,400 kV Cirkovce - Podlog,28T000000000301K,400 kV Cirkovce - Podlog,Cirkovce,Podlog,Line
2024-08-29 01:00:00+00:00,10T-AT-SI-00003P,DIRECT,400 kV Cirkovce - Krsko,28T000000000300M,400 kV Cirkovce - Krsko,Cirkovce,Krsko,Line
2024-08-29 01:00:00+00:00,10T-AT-DE-000037,DIRECT,Pirach Neu - Pleinting 296/257 Pirach Neu - Pirach 296/257,11T0-0000-2108-O,Pirach Neu - Pleinting 296/257,Pirach Neu,Pleinting,Line
2024-08-29 01:00:00+00:00,10T-AT-DE-000037,DIRECT,Pirach Neu - Pleinting 296/257 Pirach Neu - Pirach 296/257,11T0-0000-2108-O,Pirach Neu - Pirach 296/257,Pirach Neu,Pirach,Line
2024-08-29 01:00:00+00:00,10T-AT-CZ-00003X,OPPOSITE,Slavetice - Durnrohr - V438  Duernrohr 1 - Slavetice 438,10T-AT-CZ-00004V,Slavetice - Durnrohr - V438,Slavetice,Durnrohr,TieLine
2024-08-29 01:00:00+00:00,10T-AT-CZ-00003X,OPPOSITE,Slavetice - Durnrohr - V438  Duernrohr 1 - Slavetice 438,10T-AT-CZ-00004V,Duernrohr 1 - Slavetice 438,Duernrohr 1,Slavetice,TieLine
2024-08-29 01:00:00+00:00,10T-AT-SI-00001T,DIRECT,Kainachtal - Maribor 474 400 kV Maribor - Kainachtal 2,10T-AT-SI-00002R,Kainachtal - Maribor 474,Kainachtal,Maribor,TieLine
2024-08-29 01:00:00+00:00,10T-AT-SI-00001T,DIRECT,Kainachtal - Maribor 474 400 kV Maribor - Kainachtal 2,10T-AT-SI-00002R,400 kV Maribor - Kainachtal 2,Maribor,Kainachtal,TieLine
2024-08-29 01:00:00+00:00,10T-AT-SI-00001T,OPPOSITE,Kainachtal - Maribor 474 400 kV Maribor - Kainachtal 2,10T-AT-SI-00002R,Kainachtal - Maribor 474,Kainachtal,Maribor,TieLine
2024-08-29 01:00:00+00:00,10T-AT-SI-00001T,OPPOSITE,Kainachtal - Maribor 474 400 kV Maribor - Kainachtal 2,10T-AT-SI-00002R,400 kV Maribor - Kainachtal 2,Maribor,Kainachtal,TieLine
2024-08-29 01:00:00+00:00,14T-RHU43-OS---K,DIRECT,Obersielach - Obersielach OSRHU41,14T-38220-OS0413,Obersielach - Obersielach OSRHU41,Obersielach,Obersielach,Transformer
2024-08-29 01:00:00+00:00,14T-38220-WT041O,OPPOSITE,Buers - Westtirol rt (422) Westtirol 2 - Buers 422,10T-AT-DE-000061,Buers - Westtirol rt (422),Buers,Westtirol,TieLine
2024-08-29 01:00:00+00:00,14T-38220-WT041O,OPPOSITE,Buers - Westtirol rt (422) Westtirol 2 - Buers 422,10T-AT-DE-000061,Westtirol 2 - Buers 422,Buers,Westtirol,TieLine
2024-08-29 01:00:00+00:00,14T-38220-WT041O,OPPOSITE,Buers - Westtirol ws (421) Westtirol 1 - Buers 421,10T-AT-DE-000053,Buers - Westtirol ws (421),Buers,Westtirol,TieLine
2024-08-29 01:00:00+00:00,14T-38220-WT041O,OPPOSITE,Buers - Westtirol ws (421) Westtirol 1 - Buers 421,10T-AT-DE-000053,Westtirol 1 - Buers 421,Buers,Westtirol,TieLine
2024-08-29 01:00:00+00:00,14T-38220-ZZ041D,DIRECT,Zell am Ziller 1 - Zell am Ziller 2 ZZRHU42,14T-38220-ZZ042B,Zell am Ziller 1 - Zell am Ziller 2 ZZRHU42,Zell am Ziller 1,Zell am Ziller 2,Transformer
2024-08-29 01:00:00+00:00,14T-38220-LI043U,DIRECT,Lienz 2 - Lienz 1 LIRHU41,14T-38220-LI041Y,Lienz 2 - Lienz 1 LIRHU41,Lienz 2,Lienz 1,Transformer
2024-08-29 01:00:00+00:00,14T-38220-LI043U,OPPOSITE,Lienz 2 - Lienz 1 LIRHU41,14T-38220-LI041Y,Lienz 2 - Lienz 1 LIRHU41,Lienz 2,Lienz 1,Transformer
2024-08-29 01:00:00+00:00,10T-BE-FR-000015,DIRECT,Avelgem - Horta 380.102,22T20161020---1E,Avelgem - Horta 380.102,Avelgem,Horta,Line
2024-08-29 01:00:00+00:00,10T-BE-FR-000015,DIRECT,PST Van Eyck 2,22T-BE-PST--002U,PST Van Eyck 2,Van Eyck,Van Eyck,PST
2024-08-29 01:00:00+00:00,10T-BE-FR-000015,OPPOSITE,Avelgem - Horta 380.102,22T20161020---1E,Avelgem - Horta 380.102,Avelgem,Horta,Line
2024-08-29 01:00:00+00:00,10T-BE-FR-000015,OPPOSITE,PST Van Eyck 2,22T-BE-PST--002U,PST Van Eyck 2,Van Eyck,Van Eyck,PST
2024-08-29 01:00:00+00:00,22T-BE-IN-LI018R,DIRECT,Y-Van Eyck (-Andre Dumont - Gramme) 380.12 Y-Andre Dumont (-Gramme - Van Eyck) 380.12 Y-Gramme (-Andre Dumont - Van Eyck) 380.12,22T20161020---48,Y-Van Eyck (-Andre Dumont - Gramme) 380.12,Van Eyck,Zuttendaal,Line
2024-08-29 01:00:00+00:00,22T-BE-IN-LI018R,DIRECT,Y-Van Eyck (-Andre Dumont - Gramme) 380.12 Y-Andre Dumont (-Gramme - Van Eyck) 380.12 Y-Gramme (-Andre Dumont - Van Eyck) 380.12,22T20161020---48,Y-Andre Dumont (-Gramme - Van Eyck) 380.12,Andre Dumont,Zuttendaal,Line
2024-08-29 01:00:00+00:00,22T-BE-IN-LI018R,DIRECT,Y-Van Eyck (-Andre Dumont - Gramme) 380.12 Y-Andre Dumont (-Gramme - Van Eyck) 380.12 Y-Gramme (-Andre Dumont - Van Eyck) 380.12,22T20161020---48,Y-Gramme (-Andre Dumont - Van Eyck) 380.12,Gramme,Zuttendaal,Line
2024-08-29 01:00:00+00:00,22T-BE-PST--001W,DIRECT,PST Van Eyck 2,22T-BE-PST--002U,PST Van Eyck 2,Van Eyck,Van Eyck,PST
2024-08-29 01:00:00+00:00,22T-BE-PST--002U,DIRECT,Achene - Lonny 380.19 Achene - Lonny 19,10T-BE-FR-000015,Achene - Lonny 380.19,Achene,Lonny,TieLine
2024-08-29 01:00:00+00:00,22T-BE-PST--002U,DIRECT,Achene - Lonny 380.19 Achene - Lonny 19,10T-BE-FR-000015,Achene - Lonny 19,Achene,Lonny,TieLine
2024-08-29 01:00:00+00:00,22T-BE-PST--002U,DIRECT,Y-Bruegel (-Mercator - Verbrande Brug) 380.36 Y-Mercator (-Bruegel - Verbrande Brug) 380.36 Y-Verbrande Brug (-Bruegel - Mercator) 380.36,22T-BE-IN-LI006Y,Y-Bruegel (-Mercator - Verbrande Brug) 380.36,Bruegel,Buggenhout,Line
2024-08-29 01:00:00+00:00,22T-BE-PST--002U,DIRECT,Y-Bruegel (-Mercator - Verbrande Brug) 380.36 Y-Mercator (-Bruegel - Verbrande Brug) 380.36 Y-Verbrande Brug (-Bruegel - Mercator) 380.36,22T-BE-IN-LI006Y,Y-Mercator (-Bruegel - Verbrande Brug) 380.36,Mercator,Buggenhout,Line
2024-08-29 01:00:00+00:00,22T-BE-PST--002U,DIRECT,Y-Bruegel (-Mercator - Verbrande Brug) 380.36 Y-Mercator (-Bruegel - Verbrande Brug) 380.36 Y-Verbrande Brug (-Bruegel - Mercator) 380.36,22T-BE-IN-LI006Y,Y-Verbrande Brug (-Bruegel - Mercator) 380.36,Verbrande Brug,Buggenhout,Line
2024-08-29 01:00:00+00:00,22T-BE-PST--002U,DIRECT,PST Van Eyck 1,22T-BE-PST--001W,PST Van Eyck 1,Van Eyck,Van Eyck,PST
2024-08-29 01:00:00+00:00,22T-BE-PST--002U,OPPOSITE,Y-Bruegel (-Courcelles - Drogenbos) 380.33 Y-Courcelles (-Bruegel - Drogenbos) 380.33 Y-Drogenbos (-Bruegel - Courcelles) 380.33,22T-BE-IN-LI0017,Y-Bruegel (-Courcelles - Drogenbos) 380.33,Bruegel,Mekingen,Line
2024-08-29 01:00:00+00:00,22T-BE-PST--002U,OPPOSITE,Y-Bruegel (-Courcelles - Drogenbos) 380.33 Y-Courcelles (-Bruegel - Drogenbos) 380.33 Y-Drogenbos (-Bruegel - Courcelles) 380.33,22T-BE-IN-LI0017,Y-Courcelles (-Bruegel - Drogenbos) 380.33,Courcelles,Mekingen,Line
2024-08-29 01:00:00+00:00,22T-BE-PST--002U,OPPOSITE,Y-Bruegel (-Courcelles - Drogenbos) 380.33 Y-Courcelles (-Bruegel - Drogenbos) 380.33 Y-Drogenbos (-Bruegel - Courcelles) 380.33,22T-BE-IN-LI0017,Y-Drogenbos (-Bruegel - Courcelles) 380.33,Drogenbos,Mekingen,Line
2024-08-29 01:00:00+00:00,22T-BE-PST--002U,OPPOSITE,Gramme - Achene 380.10,22T-BE-IN-LI0130,Gramme - Achene 380.10,Achene,Gramme,Line
2024-08-29 01:00:00+00:00,22T-BE-PST--002U,OPPOSITE,PST Van Eyck 1,22T-BE-PST--001W,PST Van Eyck 1,Van Eyck,Van Eyck,PST
2024-08-29 01:00:00+00:00,22T-BE-IN-LI02AK,DIRECT,Doel - Zandvliet 380.26,22T20170512----9,Doel - Zandvliet 380.26,Doel,Zandvliet,Line
2024-08-29 01:00:00+00:00,22T-BE-PST--002U,OPPOSITE,Alegro HVDC,22T201903146---W,NA,NA,NA,
2024-08-29 01:00:00+00:00,10T-CZ-DE-00001W,DIRECT,Prestice - Etzenricht  Etzenricht - Prestice 442,10T-CZ-DE-00004Q,Prestice - Etzenricht,Prestice,Etzenricht,TieLine
2024-08-29 01:00:00+00:00,10T-CZ-DE-00001W,DIRECT,Prestice - Etzenricht  Etzenricht - Prestice 442,10T-CZ-DE-00004Q,Etzenricht - Prestice 442,Etzenricht,Prestice,TieLine
2024-08-29 01:00:00+00:00,10T-CZ-DE-00003S,DIRECT,Hradec - Rohrsdorf - V445  Hradec - Rohrsdorf 445,10T-CZ-DE-00002U,Hradec - Rohrsdorf - V445,Hradec,Rohrsdorf,TieLine
2024-08-29 01:00:00+00:00,10T-CZ-DE-00003S,DIRECT,Hradec - Rohrsdorf - V445  Hradec - Rohrsdorf 445,10T-CZ-DE-00002U,Hradec - Rohrsdorf 445,Hradec,Rohrsdorf,TieLine
2024-08-29 01:00:00+00:00,10T-CZ-SK-00001Y,DIRECT,Nosovice - Varin  Nosovice - Varin,10T-CZ-SK-00002W,Nosovice - Varin,Nosovice,Varin,TieLine
2024-08-29 01:00:00+00:00,10T-CZ-SK-00001Y,DIRECT,Nosovice - Varin  Nosovice - Varin,10T-CZ-SK-00002W,Nosovice - Varin,Nosovice,Varin,TieLine
2024-08-29 01:00:00+00:00,10T-CZ-SK-00001Y,OPPOSITE,Nosovice - Varin  Nosovice - Varin,10T-CZ-SK-00002W,Nosovice - Varin,Nosovice,Varin,TieLine
2024-08-29 01:00:00+00:00,10T-CZ-SK-00001Y,OPPOSITE,Nosovice - Varin  Nosovice - Varin,10T-CZ-SK-00002W,Nosovice - Varin,Nosovice,Varin,TieLine
2024-08-29 01:00:00+00:00,10T-CZ-SK-00002W,DIRECT,Krizovany - Sokolnice Sokolnice - Krizovany,10T-CZ-SK-00003U,Krizovany - Sokolnice,Krizovany,Sokolnice,TieLine
2024-08-29 01:00:00+00:00,10T-CZ-SK-00002W,DIRECT,Krizovany - Sokolnice Sokolnice - Krizovany,10T-CZ-SK-00003U,Sokolnice - Krizovany,Sokolnice,Krizovany,TieLine
2024-08-29 01:00:00+00:00,10T-CZ-SK-00002W,OPPOSITE,Krizovany - Sokolnice Sokolnice - Krizovany,10T-CZ-SK-00003U,Krizovany - Sokolnice,Krizovany,Sokolnice,TieLine
2024-08-29 01:00:00+00:00,10T-CZ-SK-00002W,OPPOSITE,Krizovany - Sokolnice Sokolnice - Krizovany,10T-CZ-SK-00003U,Sokolnice - Krizovany,Sokolnice,Krizovany,TieLine
2024-08-29 01:00:00+00:00,10T1001C--001223,DIRECT,Sokolnice - Zaya - V243 Zaya - Sokolnice 243,10T1001C--001215,Sokolnice - Zaya - V243,Sokolnice,Zaya,TieLine
2024-08-29 01:00:00+00:00,10T1001C--001223,DIRECT,Sokolnice - Zaya - V243 Zaya - Sokolnice 243,10T1001C--001215,Zaya - Sokolnice 243,Zaya,Sokolnice,TieLine
2024-08-29 01:00:00+00:00,10T1001C--001223,OPPOSITE,Sokolnice - Zaya - V243 Zaya - Sokolnice 243,10T1001C--001215,Sokolnice - Zaya - V243,Sokolnice,Zaya,TieLine
2024-08-29 01:00:00+00:00,10T1001C--001223,OPPOSITE,Sokolnice - Zaya - V243 Zaya - Sokolnice 243,10T1001C--001215,Zaya - Sokolnice 243,Zaya,Sokolnice,TieLine
2024-08-29 01:00:00+00:00,10T-CZ-SK-00003U,DIRECT,Nosovice - Varin  Nosovice - Varin,10T-CZ-SK-00002W,Nosovice - Varin,Nosovice,Varin,TieLine
2024-08-29 01:00:00+00:00,10T-CZ-SK-00003U,DIRECT,Nosovice - Varin  Nosovice - Varin,10T-CZ-SK-00002W,Nosovice - Varin,Nosovice,Varin,TieLine
2024-08-29 01:00:00+00:00,10T-CZ-SK-00003U,OPPOSITE,Nosovice - Varin  Nosovice - Varin,10T-CZ-SK-00002W,Nosovice - Varin,Nosovice,Varin,TieLine
2024-08-29 01:00:00+00:00,10T-CZ-SK-00003U,OPPOSITE,Nosovice - Varin  Nosovice - Varin,10T-CZ-SK-00002W,Nosovice - Varin,Nosovice,Varin,TieLine
2024-08-29 01:00:00+00:00,10T-CZ-SK-00003U,DIRECT,Sokolnice - Stupava  Sokolnice - Stupava,10T-CZ-SK-00005Q,Sokolnice - Stupava,Sokolnice,Stupava,TieLine
2024-08-29 01:00:00+00:00,10T-CZ-SK-00003U,DIRECT,Sokolnice - Stupava  Sokolnice - Stupava,10T-CZ-SK-00005Q,Sokolnice - Stupava,Stupava,Sokolnice,TieLine
2024-08-29 01:00:00+00:00,10T-CZ-SK-00003U,OPPOSITE,Sokolnice - Stupava  Sokolnice - Stupava,10T-CZ-SK-00005Q,Sokolnice - Stupava,Sokolnice,Stupava,TieLine
2024-08-29 01:00:00+00:00,10T-CZ-SK-00003U,OPPOSITE,Sokolnice - Stupava  Sokolnice - Stupava,10T-CZ-SK-00005Q,Sokolnice - Stupava,Stupava,Sokolnice,TieLine
2024-08-29 01:00:00+00:00,10T-CZ-SK-00003U,DIRECT,H. Zivotice - Krasikov,27T-TLI-V458---B,H. Zivotice - Krasikov,H. Zivotice,Krasikov,Line
2024-08-29 01:00:00+00:00,10T-CZ-SK-00003U,OPPOSITE,H. Zivotice - Krasikov,27T-TLI-V458---B,H. Zivotice - Krasikov,H. Zivotice,Krasikov,Line
2024-08-29 01:00:00+00:00,10T-CZ-DE-00004Q,OPPOSITE,Hradec - Etzenricht  Etzenricht - Hradec 441,10T-CZ-DE-00001W,Hradec - Etzenricht,Hradec,Etzenricht,TieLine
2024-08-29 01:00:00+00:00,10T-CZ-DE-00004Q,OPPOSITE,Hradec - Etzenricht  Etzenricht - Hradec 441,10T-CZ-DE-00001W,Etzenricht - Hradec 441,Etzenricht,Hradec,TieLine
2024-08-29 01:00:00+00:00,11TD2L000000003L,DIRECT,Altheim - Sittling 220,11TD2L000000004J,Altheim - Sittling 220,Altheim,Sittling,Line
2024-08-29 01:00:00+00:00,11TD2L000000003L,OPPOSITE,Altheim - Sittling 220,11TD2L000000004J,Altheim - Sittling 220,Altheim,Sittling,Line
2024-08-29 01:00:00+00:00,11T0-0000-0781-W,DIRECT,Y-Oberzier (-Paffendorf - Sechtem) SECHTM S Y-Paffendorf (-Oberzier - Sechtem) SECHTM S Y-Sechtem (-Oberzier - Paffendorf) SECHTM S,11T0-0000-0782-T,Y-Oberzier (-Paffendorf - Sechtem) SECHTM S,Oberzier,Y-Paffendorf,Line
2024-08-29 01:00:00+00:00,11T0-0000-0781-W,DIRECT,Y-Oberzier (-Paffendorf - Sechtem) SECHTM S Y-Paffendorf (-Oberzier - Sechtem) SECHTM S Y-Sechtem (-Oberzier - Paffendorf) SECHTM S,11T0-0000-0815-6,Y-Paffendorf (-Oberzier - Sechtem) SECHTM S,Paffendorf,Y-Paffendorf,Line
2024-08-29 01:00:00+00:00,11T0-0000-0781-W,DIRECT,Y-Oberzier (-Paffendorf - Sechtem) SECHTM S Y-Paffendorf (-Oberzier - Sechtem) SECHTM S Y-Sechtem (-Oberzier - Paffendorf) SECHTM S,11T0-0000-0849-J,Y-Sechtem (-Oberzier - Paffendorf) SECHTM S,Sechtem,Y-Paffendorf,Line
2024-08-29 01:00:00+00:00,10T-DE-NL-00005N,DIRECT,Alegro HVDC,22T201903146---W,NA,NA,NA,
2024-08-29 01:00:00+00:00,10T-DE-NL-00005N,DIRECT,Ensdorf - Vigy VIGY2 S Ensdorf - Vigy VIGY2 S,10T-DE-FR-000068,Ensdorf - Vigy VIGY2 S,Ensdorf,Vigy,TieLine
2024-08-29 01:00:00+00:00,10T-DE-NL-00005N,DIRECT,Ensdorf - Vigy VIGY2 S Ensdorf - Vigy VIGY2 S,10T-DE-FR-000068,Ensdorf - Vigy VIGY2 S,Ensdorf,Vigy,TieLine
2024-08-29 01:00:00+00:00,10T-DE-NL-00005N,DIRECT,Gramme - Achene 380.10,22T-BE-IN-LI0130,Gramme - Achene 380.10,Achene,Gramme,Line
2024-08-29 01:00:00+00:00,10T-DE-NL-00005N,DIRECT,Boxmeer - Dodewaard 380 Zwart,49T000000000006C,Boxmeer - Dodewaard 380 Zwart,Boxmeer,Dodewaard,Line
2024-08-29 01:00:00+00:00,10T-DE-NL-00005N,DIRECT,Maasbracht - Dodewaard 380 Wit,49T000000000013F,Maasbracht - Dodewaard 380 Wit,Dodewaard,Maasbracht,Line
2024-08-29 01:00:00+00:00,10T-DE-NL-00005N,DIRECT,Avelgem - Horta 380.102,22T20161020---1E,Avelgem - Horta 380.102,Avelgem,Horta,Line
2024-08-29 01:00:00+00:00,10T-DE-FR-000068,OPPOSITE,Ensdorf - Vigy VIGY1 N Ensdorf - Vigy VIGY1 N,10T-DE-FR-00005A,Ensdorf - Vigy VIGY1 N,Ensdorf,Vigy,TieLine
2024-08-29 01:00:00+00:00,10T-DE-FR-000068,OPPOSITE,Ensdorf - Vigy VIGY1 N Ensdorf - Vigy VIGY1 N,10T-DE-FR-00005A,Ensdorf - Vigy VIGY1 N,Ensdorf,Vigy,TieLine
2024-08-29 01:00:00+00:00,10T-CZ-DE-00002U,OPPOSITE,Hradec - Rohrsdorf - V446  Hradec - Rohrsdorf 446,10T-CZ-DE-00003S,Hradec - Rohrsdorf - V446,Hradec,Rohrsdorf,TieLine
2024-08-29 01:00:00+00:00,10T-CZ-DE-00002U,OPPOSITE,Hradec - Rohrsdorf - V446  Hradec - Rohrsdorf 446,10T-CZ-DE-00003S,Hradec - Rohrsdorf 446,Hradec,Rohrsdorf,TieLine
2024-08-29 01:00:00+00:00,11TD8L565------N,DIRECT,Graustein - Baerwalde 566,11TD8L566------F,Graustein - Baerwalde 566,Graustein,Baerwalde,Line
2024-08-29 01:00:00+00:00,11T0-0000-0013-F,DIRECT,Hagenwerder - Mikulowa 567 Mikulowa - Hagenwerder 567,10T-DE-PL-00002B,Hagenwerder - Mikulowa 567,Hagenwerder,Mikulowa,TieLine
2024-08-29 01:00:00+00:00,11T0-0000-0013-F,DIRECT,Hagenwerder - Mikulowa 567 Mikulowa - Hagenwerder 567,10T-DE-PL-00002B,Mikulowa - Hagenwerder 567,Mikulowa 567,Hagenwerder,TieLine
2024-08-29 01:00:00+00:00,11TD8L555------W,OPPOSITE,Dresden/Sued - Schmoelln 556,11TD8L556------O,Dresden/Sued - Schmoelln 556,Dresden/Sued,Schmoelln,Line
2024-08-29 01:00:00+00:00,10T-HR-SI-000022,OPPOSITE,,,,,,
2024-08-29 01:00:00+00:00,10T-HR-SI-000022,DIRECT,Melina - Divaca 400 kV Divaca - Melina,10T-HR-SI-000014,Melina - Divaca,Melina,Divaca,TieLine
2024-08-29 01:00:00+00:00,10T-HR-SI-000022,DIRECT,Melina - Divaca 400 kV Divaca - Melina,10T-HR-SI-000014,400 kV Divaca - Melina,Divaca,Melina,TieLine
2024-08-29 01:00:00+00:00,10T-HR-SI-000022,OPPOSITE,Melina - Divaca 400 kV Divaca - Melina,10T-HR-SI-000014,Melina - Divaca,Melina,Divaca,TieLine
2024-08-29 01:00:00+00:00,10T-HR-SI-000022,OPPOSITE,Melina - Divaca 400 kV Divaca - Melina,10T-HR-SI-000014,400 kV Divaca - Melina,Divaca,Melina,TieLine
2024-08-29 01:00:00+00:00,10T-HR-HU-000033,OPPOSITE,Pecs - Ernestinovo2 491B Ernestinovo - Pecs 2,10T-HR-HU-000041,Pecs - Ernestinovo2 491B,Pecs,Ernestinovo,TieLine
2024-08-29 01:00:00+00:00,10T-HR-HU-000033,OPPOSITE,Pecs - Ernestinovo2 491B Ernestinovo - Pecs 2,10T-HR-HU-000041,Ernestinovo - Pecs 2,Ernestinovo,Pecs 2,TieLine
2024-08-29 01:00:00+00:00,10T-HR-SI-000014,DIRECT,,,,,,
2024-08-29 01:00:00+00:00,10T-HR-SI-000014,DIRECT,Pehlin - Divaca 220kV Divaca - Pehlin,10T-HR-SI-000022,Pehlin - Divaca,Pehlin,Divaca,TieLine
2024-08-29 01:00:00+00:00,10T-HR-SI-000014,DIRECT,Pehlin - Divaca 220kV Divaca - Pehlin,10T-HR-SI-000022,220kV Divaca - Pehlin,Divaca,Pehlin,TieLine
2024-08-29 01:00:00+00:00,10T-HR-SI-00004Z,OPPOSITE,Tumbri - Krsko 2 400 kV Krsko - Tumbri 2,10T-HR-SI-00005X,Tumbri - Krsko 2,Tumbri,Krsko,TieLine
2024-08-29 01:00:00+00:00,10T-HR-SI-00004Z,OPPOSITE,Tumbri - Krsko 2 400 kV Krsko - Tumbri 2,10T-HR-SI-00005X,400 kV Krsko - Tumbri 2,Krsko,Tumbri,TieLine
2024-08-29 01:00:00+00:00,15T-M000002791-J,DIRECT,Gabcikovo - Gyor Gabcikovo - Gyor,10T-HU-SK-00002R,Gabcikovo - Gyor,Gabcikovo,Gyor,TieLine
2024-08-29 01:00:00+00:00,15T-M000002791-J,DIRECT,Gabcikovo - Gyor Gabcikovo - Gyor,10T-HU-SK-00002R,Gabcikovo - Gyor,Gabcikovo,Gyor,TieLine
2024-08-29 01:00:00+00:00,10T-HU-UA-00002F,DIRECT,Szabolcsbaka - Mukachevo,10T1001C--000421,Szabolcsbaka - Mukachevo,Szabolcsbaka,Mukachevo,TieLine
2024-08-29 01:00:00+00:00,10T-HU-UA-00002F,OPPOSITE,Szabolcsbaka - Mukachevo,10T1001C--000421,Szabolcsbaka - Mukachevo,Szabolcsbaka,Mukachevo,TieLine
2024-08-29 01:00:00+00:00,10T1001C--00054V,DIRECT,V.Kapusany - Mukachevo (WPS),10T-SK-UA-00001W,V.Kapusany - Mukachevo (WPS),Velke Kapusany,Mukachevo,TieLine
2024-08-29 01:00:00+00:00,10T1001C--00056R,DIRECT,Gabcikovo - Gyor Gabcikovo - Gyor,10T-HU-SK-00002R,Gabcikovo - Gyor,Gabcikovo,Gyor,TieLine
2024-08-29 01:00:00+00:00,10T1001C--00056R,DIRECT,Gabcikovo - Gyor Gabcikovo - Gyor,10T-HU-SK-00002R,Gabcikovo - Gyor,Gabcikovo,Gyor,TieLine
2024-08-29 01:00:00+00:00,10T1001C--00056R,OPPOSITE,Gonyu - Gyor,15T-M000002791-J,Gonyu - Gyor,Gonyu,Gyor,Line
2024-08-29 01:00:00+00:00,10T1001C--00056R,OPPOSITE,Gabcikovo - Gyor Gabcikovo - Gyor,10T-HU-SK-00002R,Gabcikovo - Gyor,Gabcikovo,Gyor,TieLine
2024-08-29 01:00:00+00:00,10T1001C--00056R,OPPOSITE,Gabcikovo - Gyor Gabcikovo - Gyor,10T-HU-SK-00002R,Gabcikovo - Gyor,Gabcikovo,Gyor,TieLine
2024-08-29 01:00:00+00:00,10T1001C--00101B,DIRECT,Zerjavinec - Heviz Zerjavinec - Heviz,10T-HR-HU-000025,Zerjavinec - Heviz,Zerjavinec,Heviz,TieLine
2024-08-29 01:00:00+00:00,10T1001C--00101B,DIRECT,Zerjavinec - Heviz Zerjavinec - Heviz,10T-HR-HU-000025,Zerjavinec - Heviz,Zerjavinec,Heviz,TieLine
2024-08-29 01:00:00+00:00,10T1001C--00101B,OPPOSITE,Zerjavinec - Heviz Zerjavinec - Heviz,10T-HR-HU-000025,Zerjavinec - Heviz,Zerjavinec,Heviz,TieLine
2024-08-29 01:00:00+00:00,10T1001C--00101B,OPPOSITE,Zerjavinec - Heviz Zerjavinec - Heviz,10T-HR-HU-000025,Zerjavinec - Heviz,Zerjavinec,Heviz,TieLine
2024-08-29 01:00:00+00:00,10T-DE-NL-00002T,DIRECT,Y-Doerpen West (-Meppen - Niederlangen) EMSLD OW Y-Niederlangen (-Meppen - Doerpen West) EMSLD OW Y-Meppen (-Doerpen West - Niederlangen) EMSLD OW Meppen - Niederlangen - Doerpen West EMSLD OW,11T0-0000-0990-L,Y-Doerpen West (-Meppen - Niederlangen) EMSLD OW,Doerpen West,Y Niederlangen,Line
2024-08-29 01:00:00+00:00,10T-DE-NL-00002T,DIRECT,Y-Doerpen West (-Meppen - Niederlangen) EMSLD OW Y-Niederlangen (-Meppen - Doerpen West) EMSLD OW Y-Meppen (-Doerpen West - Niederlangen) EMSLD OW Meppen - Niederlangen - Doerpen West EMSLD OW,11T0-0000-0991-I,Y-Niederlangen (-Meppen - Doerpen West) EMSLD OW,Niederlangen,Y Niederlangen,Line
2024-08-29 01:00:00+00:00,10T-DE-NL-00002T,DIRECT,Y-Doerpen West (-Meppen - Niederlangen) EMSLD OW Y-Niederlangen (-Meppen - Doerpen West) EMSLD OW Y-Meppen (-Doerpen West - Niederlangen) EMSLD OW Meppen - Niederlangen - Doerpen West EMSLD OW,11T-D2-D7-00001H,Y-Meppen (-Doerpen West - Niederlangen) EMSLD OW,Meppen,Y Niederlangen,Line
2024-08-29 01:00:00+00:00,10T-DE-NL-00002T,DIRECT,Y-Doerpen West (-Meppen - Niederlangen) EMSLD OW Y-Niederlangen (-Meppen - Doerpen West) EMSLD OW Y-Meppen (-Doerpen West - Niederlangen) EMSLD OW Meppen - Niederlangen - Doerpen West EMSLD OW,11T-D2-D7-00001H,NA,NA,NA,
2024-08-29 01:00:00+00:00,10T-DE-NL-00005N,DIRECT,Gronau - Kusenhorst HAMALD,11T0-0000-0618-7,Gronau - Kusenhorst HAMALD,Gronau,Kusenhorst,Line
2024-08-29 01:00:00+00:00,49T000000000000O,DIRECT,Zwolle - Hengelo 380 Zwart,49T000000000031D,Zwolle - Hengelo 380 Zwart,Zwolle,Hengelo,Line
2024-08-29 01:00:00+00:00,49T0000000000274,DIRECT,Krimpen a/d IJssel - Geertruidenberg 380 Zwart,49T0000000000282,Krimpen a/d IJssel - Geertruidenberg 380 Zwart,Krimpen a/d IJssel,Geertruidenberg,Line
2024-08-29 01:00:00+00:00,19T000000001304A,OPPOSITE,Krosno Iskrzynia - Tarnow,19T000000000296P,Krosno Iskrzynia - Tarnow,Krosno Iskrzynia,Tarnow,Line
2024-08-29 01:00:00+00:00,19T000000004057N,DIRECT,Mikulowa AT2,19T000000004058L,Mikulowa AT2,Mikulowa AT2,Mikulowa AT2,Transformer
2024-08-29 01:00:00+00:00,19T000000004057N,OPPOSITE,Mikulowa AT2,19T000000004058L,Mikulowa AT2,Mikulowa AT2,Mikulowa AT2,Transformer
2024-08-29 01:00:00+00:00,19T0000000063830,DIRECT,Hagenwerder - Mikulowa 568 Mikulowa - Hagenwerder 568,10T-DE-PL-00001D,Hagenwerder - Mikulowa 568,Hagenwerder,Mikulowa,TieLine
2024-08-29 01:00:00+00:00,19T0000000063830,DIRECT,Hagenwerder - Mikulowa 568 Mikulowa - Hagenwerder 568,10T-DE-PL-00001D,Mikulowa - Hagenwerder 568,Mikulowa 568,Hagenwerder,TieLine
2024-08-29 01:00:00+00:00,19T0000000063830,OPPOSITE,Hagenwerder - Mikulowa 568 Mikulowa - Hagenwerder 568,10T-DE-PL-00001D,Hagenwerder - Mikulowa 568,Hagenwerder,Mikulowa,TieLine
2024-08-29 01:00:00+00:00,19T0000000063830,OPPOSITE,Hagenwerder - Mikulowa 568 Mikulowa - Hagenwerder 568,10T-DE-PL-00001D,Mikulowa - Hagenwerder 568,Mikulowa 568,Hagenwerder,TieLine
2024-08-29 01:00:00+00:00,10T1001A1001A09N,DIRECT,Nosovice - Wielopole  Wielopole - Nosovice,10T-CZ-PL-00004A,Nosovice - Wielopole,Nosovice,Wielopole,TieLine
2024-08-29 01:00:00+00:00,10T1001A1001A09N,DIRECT,Nosovice - Wielopole  Wielopole - Nosovice,10T-CZ-PL-00004A,Wielopole - Nosovice,Wielopole,Nosovice,TieLine
2024-08-29 01:00:00+00:00,10T-CZ-PL-00004A,DIRECT,Dobrzen - Detmarovice Dobrzen - Detmarovice,10T1001A1001A09N,Dobrzen - Detmarovice,Dobrzen,Detmarovice,TieLine
2024-08-29 01:00:00+00:00,10T-CZ-PL-00004A,DIRECT,Dobrzen - Detmarovice Dobrzen - Detmarovice,10T1001A1001A09N,Dobrzen - Detmarovice,Detmarovice,Dobrzen,TieLine
2024-08-29 01:00:00+00:00,10T-CZ-PL-00004A,OPPOSITE,Dobrzen - Detmarovice Dobrzen - Detmarovice,10T1001A1001A09N,Dobrzen - Detmarovice,Dobrzen,Detmarovice,TieLine
2024-08-29 01:00:00+00:00,10T-CZ-PL-00004A,OPPOSITE,Dobrzen - Detmarovice Dobrzen - Detmarovice,10T1001A1001A09N,Dobrzen - Detmarovice,Detmarovice,Dobrzen,TieLine
2024-08-29 01:00:00+00:00,30TRESI220TIMI1L,DIRECT,Resita - Timisoara c2,30TRESI220TIMI2J,Resita - Timisoara c2,Resita,Timisoara c2,Line
2024-08-29 01:00:00+00:00,30TPDFE220RESI1S,DIRECT,Portile de Fier - Djerdap,10T-RO-RS-00001V,Portile de Fier - Djerdap,Portile de Fier,Djerdap,TieLine
2024-08-29 01:00:00+00:00,30T-ROSI400AT--1,DIRECT,Rosiori - Gadalin,30TGADA400ROSI-A,Rosiori - Gadalin,Rosiori,Gadalin,Line
2024-08-29 01:00:00+00:00,10T-RO-RS-00001V,DIRECT,Tantareni - Kozlodui c2 Tantareni - Kozlodui c1,10T-BG-RO-00001A,Tantareni - Kozlodui c2,Tantareni,Kozlodui,TieLine
2024-08-29 01:00:00+00:00,10T-RO-RS-00001V,DIRECT,Tantareni - Kozlodui c2 Tantareni - Kozlodui c1,10T-RO-BG-00002A,Tantareni - Kozlodui c1,Tantareni,Kozlodui,TieLine
2024-08-29 01:00:00+00:00,10T-AT-SI-00003P,DIRECT,,,,,,
2024-08-29 01:00:00+00:00,10T1001C--00101B,DIRECT,Kainachtal - Maribor 473 400 kV Maribor - Kainachtal 1,10T-AT-SI-00001T,Kainachtal - Maribor 473,Kainachtal,Maribor,TieLine
2024-08-29 01:00:00+00:00,10T1001C--00101B,DIRECT,Kainachtal - Maribor 473 400 kV Maribor - Kainachtal 1,10T-AT-SI-00001T,400 kV Maribor - Kainachtal 1,Maribor,Kainachtal,TieLine
2024-08-29 01:00:00+00:00,10T1001C--00101B,DIRECT,Zerjavinec - Cirkovce 400 kV Cirkovce - Zerjavinec,10T1001C--001037,Zerjavinec - Cirkovce,Zerjavinec,Cirkovce,TieLine
2024-08-29 01:00:00+00:00,10T1001C--00101B,DIRECT,Zerjavinec - Cirkovce 400 kV Cirkovce - Zerjavinec,10T1001C--001037,400 kV Cirkovce - Zerjavinec,Cirkovce,Zerjavinec,TieLine
2024-08-29 01:00:00+00:00,10T1001C--00101B,OPPOSITE,Kainachtal - Maribor 473 400 kV Maribor - Kainachtal 1,10T-AT-SI-00001T,Kainachtal - Maribor 473,Kainachtal,Maribor,TieLine
2024-08-29 01:00:00+00:00,10T1001C--00101B,OPPOSITE,Kainachtal - Maribor 473 400 kV Maribor - Kainachtal 1,10T-AT-SI-00001T,400 kV Maribor - Kainachtal 1,Maribor,Kainachtal,TieLine
2024-08-29 01:00:00+00:00,10T1001C--00101B,OPPOSITE,Zerjavinec - Cirkovce 400 kV Cirkovce - Zerjavinec,10T1001C--001037,Zerjavinec - Cirkovce,Zerjavinec,Cirkovce,TieLine
2024-08-29 01:00:00+00:00,10T1001C--00101B,OPPOSITE,Zerjavinec - Cirkovce 400 kV Cirkovce - Zerjavinec,10T1001C--001037,400 kV Cirkovce - Zerjavinec,Cirkovce,Zerjavinec,TieLine
2024-08-29 01:00:00+00:00,10T-HU-SK-00001T,DIRECT,R.Sobota - Sajoivanka  R.Sobota - Sajoivanka,10T1001C--00054V,R.Sobota - Sajoivanka,R.Sobota,Sajoivanka,TieLine
2024-08-29 01:00:00+00:00,10T-HU-SK-00001T,DIRECT,R.Sobota - Sajoivanka  R.Sobota - Sajoivanka,10T1001C--00054V,R.Sobota - Sajoivanka,R.Sobota,Sajoivanka,TieLine
2024-08-29 01:00:00+00:00,10T-SK-UA-00001W,DIRECT,R.Sobota - Sajoivanka  R.Sobota - Sajoivanka,10T1001C--00054V,R.Sobota - Sajoivanka,R.Sobota,Sajoivanka,TieLine
2024-08-29 01:00:00+00:00,10T-SK-UA-00001W,DIRECT,R.Sobota - Sajoivanka  R.Sobota - Sajoivanka,10T1001C--00054V,R.Sobota - Sajoivanka,R.Sobota,Sajoivanka,TieLine
2024-08-29 01:00:00+00:00,24T-V429-0000005,DIRECT,V.Dur - Krizovany,24T-V425-0000004,V.Dur - Krizovany,V.Dur,Krizovany,Line
2024-08-29 01:00:00+00:00,24T-V493-000000Q,DIRECT,Bosaca - Varin,24T-V495-0000008,Bosaca - Varin,Bosaca,Varin,Line
2024-08-29 01:00:00+00:00,24T-V490-000000G,DIRECT,V.Dur - Levice 2,24T-V491-0000007,V.Dur - Levice 2,V.Dur,Levice,Line
2024-08-29 01:00:00+00:00,24T-V425-0000004,DIRECT,Gabcikovo - P.Biskupice,24T-V429-0000005,Gabcikovo - P.Biskupice,Gabcikovo,P.Biskupice,Line
2024-08-29 01:00:00+00:00,10T-SK-UA-00001W,OPPOSITE,R.Sobota - Sajoivanka  R.Sobota - Sajoivanka,10T1001C--00054V,R.Sobota - Sajoivanka,R.Sobota,Sajoivanka,TieLine
2024-08-29 01:00:00+00:00,10T-SK-UA-00001W,OPPOSITE,R.Sobota - Sajoivanka  R.Sobota - Sajoivanka,10T1001C--00054V,R.Sobota - Sajoivanka,R.Sobota,Sajoivanka,TieLine
2024-08-29 01:00:00+00:00,10T-CZ-SK-00002W,OPPOSITE,Lemesany - Krosno Iskrz 1 Lemesany - Krosno Iskrz 1,10T-PL-SK-00001W,Lemesany - Krosno Iskrz 1,Lemesany,Krosno Iskrz,TieLine
2024-08-29 01:00:00+00:00,10T-CZ-SK-00002W,OPPOSITE,Lemesany - Krosno Iskrz 1 Lemesany - Krosno Iskrz 1,10T-PL-SK-00001W,Lemesany - Krosno Iskrz 1,Lemesany,Krosno Iskrz 1,TieLine
2024-08-29 01:00:00+00:00,10T-CZ-SK-00002W,OPPOSITE,Lemesany - Krosno Iskrz 2 Lemesany - Krosno Iskrz 2,10T-PL-SK-00002U,Lemesany - Krosno Iskrz 2,Lemesany,Krosno Iskrz,TieLine
2024-08-29 01:00:00+00:00,10T-CZ-SK-00002W,OPPOSITE,Lemesany - Krosno Iskrz 2 Lemesany - Krosno Iskrz 2,10T-PL-SK-00002U,Lemesany - Krosno Iskrz 2,Lemesany,Krosno Iskrz 2,TieLine
2024-08-29 01:00:00+00:00,24T-V425-0000004,OPPOSITE,Gabcikovo - P.Biskupice,24T-V429-0000005,Gabcikovo - P.Biskupice,Gabcikovo,P.Biskupice,Line
2024-08-29 01:00:00+00:00,24T-V425-0000004,OPPOSITE,Krizovany - P.Biskupice,24T-V439-000000W,Krizovany - P.Biskupice,Krizovany,P.Biskupice,Line
2024-08-29 02:00:00+00:00,10T-AT-SI-00003P,DIRECT,Kainachtal - Obersielach 471,14T-380-0-00471D,Kainachtal - Obersielach 471,Kainachtal,Obersielach,Line
2024-08-29 02:00:00+00:00,10T-AT-SI-00003P,DIRECT,Kainachtal - Maribor 473 400 kV Maribor - Kainachtal 1,10T-AT-SI-00001T,Kainachtal - Maribor 473,Kainachtal,Maribor,TieLine
2024-08-29 02:00:00+00:00,10T-AT-SI-00003P,DIRECT,Kainachtal - Maribor 473 400 kV Maribor - Kainachtal 1,10T-AT-SI-00001T,400 kV Maribor - Kainachtal 1,Maribor,Kainachtal,TieLine
2024-08-29 02:00:00+00:00,10T-AT-SI-00003P,OPPOSITE,Kainachtal - Maribor 473 400 kV Maribor - Kainachtal 1,10T-AT-SI-00001T,Kainachtal - Maribor 473,Kainachtal,Maribor,TieLine
2024-08-29 02:00:00+00:00,10T-AT-SI-00003P,OPPOSITE,Kainachtal - Maribor 473 400 kV Maribor - Kainachtal 1,10T-AT-SI-00001T,400 kV Maribor - Kainachtal 1,Maribor,Kainachtal,TieLine
2024-08-29 02:00:00+00:00,10T-AT-SI-00003P,DIRECT,400 kV Cirkovce - Podlog,28T000000000301K,400 kV Cirkovce - Podlog,Cirkovce,Podlog,Line
2024-08-29 02:00:00+00:00,10T-AT-SI-00003P,OPPOSITE,400 kV Cirkovce - Podlog,28T000000000301K,400 kV Cirkovce - Podlog,Cirkovce,Podlog,Line
2024-08-29 02:00:00+00:00,10T-AT-SI-00003P,DIRECT,400 kV Cirkovce - Krsko,28T000000000300M,400 kV Cirkovce - Krsko,Cirkovce,Krsko,Line
2024-08-29 02:00:00+00:00,10T-AT-DE-000037,DIRECT,Pirach Neu - Pleinting 296/257 Pirach Neu - Pirach 296/257,11T0-0000-2108-O,Pirach Neu - Pleinting 296/257,Pirach Neu,Pleinting,Line
2024-08-29 02:00:00+00:00,10T-AT-DE-000037,DIRECT,Pirach Neu - Pleinting 296/257 Pirach Neu - Pirach 296/257,11T0-0000-2108-O,Pirach Neu - Pirach 296/257,Pirach Neu,Pirach,Line
2024-08-29 02:00:00+00:00,14T-220-0-0273BO,DIRECT,Strass - Thaur 274B,14T-220-0-0274BL,Strass - Thaur 274B,Strass,Thaur,Line
2024-08-29 02:00:00+00:00,10T-AT-CZ-00003X,OPPOSITE,Slavetice - Durnrohr - V438  Duernrohr 1 - Slavetice 438,10T-AT-CZ-00004V,Slavetice - Durnrohr - V438,Slavetice,Durnrohr,TieLine
2024-08-29 02:00:00+00:00,10T-AT-CZ-00003X,OPPOSITE,Slavetice - Durnrohr - V438  Duernrohr 1 - Slavetice 438,10T-AT-CZ-00004V,Duernrohr 1 - Slavetice 438,Duernrohr 1,Slavetice,TieLine
2024-08-29 02:00:00+00:00,10T-AT-SI-00001T,DIRECT,Kainachtal - Maribor 474 400 kV Maribor - Kainachtal 2,10T-AT-SI-00002R,Kainachtal - Maribor 474,Kainachtal,Maribor,TieLine
2024-08-29 02:00:00+00:00,10T-AT-SI-00001T,DIRECT,Kainachtal - Maribor 474 400 kV Maribor - Kainachtal 2,10T-AT-SI-00002R,400 kV Maribor - Kainachtal 2,Maribor,Kainachtal,TieLine
2024-08-29 02:00:00+00:00,10T-AT-SI-00001T,OPPOSITE,Kainachtal - Maribor 474 400 kV Maribor - Kainachtal 2,10T-AT-SI-00002R,Kainachtal - Maribor 474,Kainachtal,Maribor,TieLine
2024-08-29 02:00:00+00:00,10T-AT-SI-00001T,OPPOSITE,Kainachtal - Maribor 474 400 kV Maribor - Kainachtal 2,10T-AT-SI-00002R,400 kV Maribor - Kainachtal 2,Maribor,Kainachtal,TieLine
2024-08-29 02:00:00+00:00,14T-RHU43-OS---K,DIRECT,Obersielach - Obersielach OSRHU41,14T-38220-OS0413,Obersielach - Obersielach OSRHU41,Obersielach,Obersielach,Transformer
2024-08-29 02:00:00+00:00,14T-22220-TAPSTO,OPPOSITE,Tauern - Weissenbach 221,14T-220-0-002213,Tauern - Weissenbach 221,Tauern,Weissenbach,Line
2024-08-29 02:00:00+00:00,14T-22220-TAPSTO,OPPOSITE,Westtirol 1 - Westtirol 2 WTRHU41,14T-38220-WT041O,Westtirol 1 - Westtirol 2 WTRHU41,Westtirol 1,Westtirol 2,Transformer
2024-08-29 02:00:00+00:00,14T-38220-WT041O,OPPOSITE,Leupolz - Westtirol 412 Leupolz - Westtirol FUESSN O,10T-AT-DE-10007U,Leupolz - Westtirol 412,Leupolz,Westtirol,TieLine
2024-08-29 02:00:00+00:00,14T-38220-WT041O,OPPOSITE,Leupolz - Westtirol 412 Leupolz - Westtirol FUESSN O,10T-AT-DE-10007U,Leupolz - Westtirol FUESSN O,Leupolz,Westtirol,TieLine
2024-08-29 02:00:00+00:00,14T-38220-WT041O,OPPOSITE,Buers - Westtirol rt (422) Westtirol 2 - Buers 422,10T-AT-DE-000061,Buers - Westtirol rt (422),Buers,Westtirol,TieLine
2024-08-29 02:00:00+00:00,14T-38220-WT041O,OPPOSITE,Buers - Westtirol rt (422) Westtirol 2 - Buers 422,10T-AT-DE-000061,Westtirol 2 - Buers 422,Buers,Westtirol,TieLine
2024-08-29 02:00:00+00:00,14T-38220-WT041O,OPPOSITE,Buers - Westtirol ws (421) Westtirol 1 - Buers 421,10T-AT-DE-000053,Buers - Westtirol ws (421),Buers,Westtirol,TieLine
2024-08-29 02:00:00+00:00,14T-38220-WT041O,OPPOSITE,Buers - Westtirol ws (421) Westtirol 1 - Buers 421,10T-AT-DE-000053,Westtirol 1 - Buers 421,Buers,Westtirol,TieLine
2024-08-29 02:00:00+00:00,14T-38220-LI043U,DIRECT,Lienz 2 - Lienz 1 LIRHU41,14T-38220-LI041Y,Lienz 2 - Lienz 1 LIRHU41,Lienz 2,Lienz 1,Transformer
2024-08-29 02:00:00+00:00,14T-38220-LI043U,OPPOSITE,Lienz 2 - Lienz 1 LIRHU41,14T-38220-LI041Y,Lienz 2 - Lienz 1 LIRHU41,Lienz 2,Lienz 1,Transformer
2024-08-29 02:00:00+00:00,10T-BE-FR-000015,DIRECT,Avelgem - Horta 380.102,22T20161020---1E,Avelgem - Horta 380.102,Avelgem,Horta,Line
2024-08-29 02:00:00+00:00,10T-BE-FR-000015,OPPOSITE,Avelgem - Horta 380.102,22T20161020---1E,Avelgem - Horta 380.102,Avelgem,Horta,Line
2024-08-29 02:00:00+00:00,10T-BE-FR-000015,OPPOSITE,Lixhe - Van Eyck 380.91 Alegro HVDC,22T20180102---2W,Lixhe - Van Eyck 380.91,Lixhe,Van Eyck,Line
2024-08-29 02:00:00+00:00,10T-BE-FR-000015,OPPOSITE,Lixhe - Van Eyck 380.91 Alegro HVDC,22T201903146---W,NA,NA,NA,
2024-08-29 02:00:00+00:00,10T-BE-FR-000015,OPPOSITE,PST Van Eyck 2,22T-BE-PST--002U,PST Van Eyck 2,Van Eyck,Van Eyck,PST
2024-08-29 02:00:00+00:00,22T-BE-IN-LI018R,DIRECT,Y-Van Eyck (-Andre Dumont - Gramme) 380.12 Y-Andre Dumont (-Gramme - Van Eyck) 380.12 Y-Gramme (-Andre Dumont - Van Eyck) 380.12,22T20161020---48,Y-Van Eyck (-Andre Dumont - Gramme) 380.12,Van Eyck,Zuttendaal,Line
2024-08-29 02:00:00+00:00,22T-BE-IN-LI018R,DIRECT,Y-Van Eyck (-Andre Dumont - Gramme) 380.12 Y-Andre Dumont (-Gramme - Van Eyck) 380.12 Y-Gramme (-Andre Dumont - Van Eyck) 380.12,22T20161020---48,Y-Andre Dumont (-Gramme - Van Eyck) 380.12,Andre Dumont,Zuttendaal,Line
2024-08-29 02:00:00+00:00,22T-BE-IN-LI018R,DIRECT,Y-Van Eyck (-Andre Dumont - Gramme) 380.12 Y-Andre Dumont (-Gramme - Van Eyck) 380.12 Y-Gramme (-Andre Dumont - Van Eyck) 380.12,22T20161020---48,Y-Gramme (-Andre Dumont - Van Eyck) 380.12,Gramme,Zuttendaal,Line
2024-08-29 02:00:00+00:00,22T-BE-PST--001W,DIRECT,PST Van Eyck 2,22T-BE-PST--002U,PST Van Eyck 2,Van Eyck,Van Eyck,PST
2024-08-29 02:00:00+00:00,22T-BE-PST--002U,DIRECT,Achene - Lonny 380.19 Achene - Lonny 19,10T-BE-FR-000015,Achene - Lonny 380.19,Achene,Lonny,TieLine
2024-08-29 02:00:00+00:00,22T-BE-PST--002U,DIRECT,Achene - Lonny 380.19 Achene - Lonny 19,10T-BE-FR-000015,Achene - Lonny 19,Achene,Lonny,TieLine
2024-08-29 02:00:00+00:00,22T-BE-PST--002U,DIRECT,Y-Bruegel (-Mercator - Verbrande Brug) 380.36 Y-Mercator (-Bruegel - Verbrande Brug) 380.36 Y-Verbrande Brug (-Bruegel - Mercator) 380.36,22T-BE-IN-LI006Y,Y-Bruegel (-Mercator - Verbrande Brug) 380.36,Bruegel,Buggenhout,Line
2024-08-29 02:00:00+00:00,22T-BE-PST--002U,DIRECT,Y-Bruegel (-Mercator - Verbrande Brug) 380.36 Y-Mercator (-Bruegel - Verbrande Brug) 380.36 Y-Verbrande Brug (-Bruegel - Mercator) 380.36,22T-BE-IN-LI006Y,Y-Mercator (-Bruegel - Verbrande Brug) 380.36,Mercator,Buggenhout,Line
2024-08-29 02:00:00+00:00,22T-BE-PST--002U,DIRECT,Y-Bruegel (-Mercator - Verbrande Brug) 380.36 Y-Mercator (-Bruegel - Verbrande Brug) 380.36 Y-Verbrande Brug (-Bruegel - Mercator) 380.36,22T-BE-IN-LI006Y,Y-Verbrande Brug (-Bruegel - Mercator) 380.36,Verbrande Brug,Buggenhout,Line
2024-08-29 02:00:00+00:00,22T-BE-PST--002U,DIRECT,PST Van Eyck 1,22T-BE-PST--001W,PST Van Eyck 1,Van Eyck,Van Eyck,PST
2024-08-29 02:00:00+00:00,22T-BE-PST--002U,OPPOSITE,Y-Bruegel (-Courcelles - Drogenbos) 380.33 Y-Courcelles (-Bruegel - Drogenbos) 380.33 Y-Drogenbos (-Bruegel - Courcelles) 380.33,22T-BE-IN-LI0017,Y-Bruegel (-Courcelles - Drogenbos) 380.33,Bruegel,Mekingen,Line
2024-08-29 02:00:00+00:00,22T-BE-PST--002U,OPPOSITE,Y-Bruegel (-Courcelles - Drogenbos) 380.33 Y-Courcelles (-Bruegel - Drogenbos) 380.33 Y-Drogenbos (-Bruegel - Courcelles) 380.33,22T-BE-IN-LI0017,Y-Courcelles (-Bruegel - Drogenbos) 380.33,Courcelles,Mekingen,Line
2024-08-29 02:00:00+00:00,22T-BE-PST--002U,OPPOSITE,Y-Bruegel (-Courcelles - Drogenbos) 380.33 Y-Courcelles (-Bruegel - Drogenbos) 380.33 Y-Drogenbos (-Bruegel - Courcelles) 380.33,22T-BE-IN-LI0017,Y-Drogenbos (-Bruegel - Courcelles) 380.33,Drogenbos,Mekingen,Line
2024-08-29 02:00:00+00:00,22T-BE-PST--002U,OPPOSITE,Gramme - Achene 380.10,22T-BE-IN-LI0130,Gramme - Achene 380.10,Achene,Gramme,Line
2024-08-29 02:00:00+00:00,22T-BE-PST--002U,OPPOSITE,PST Van Eyck 1,22T-BE-PST--001W,PST Van Eyck 1,Van Eyck,Van Eyck,PST
2024-08-29 02:00:00+00:00,22T-BE-IN-LI02AK,DIRECT,Doel - Zandvliet 380.26,22T20170512----9,Doel - Zandvliet 380.26,Doel,Zandvliet,Line
2024-08-29 02:00:00+00:00,22T-BE-PST--002U,DIRECT,Alegro HVDC,22T201903146---W,NA,NA,NA,
2024-08-29 02:00:00+00:00,22T-BE-PST--002U,OPPOSITE,Alegro HVDC,22T201903146---W,NA,NA,NA,
2024-08-29 02:00:00+00:00,10T-CZ-DE-00003S,DIRECT,Hradec - Rohrsdorf - V445  Hradec - Rohrsdorf 445,10T-CZ-DE-00002U,Hradec - Rohrsdorf - V445,Hradec,Rohrsdorf,TieLine
2024-08-29 02:00:00+00:00,10T-CZ-DE-00003S,DIRECT,Hradec - Rohrsdorf - V445  Hradec - Rohrsdorf 445,10T-CZ-DE-00002U,Hradec - Rohrsdorf 445,Hradec,Rohrsdorf,TieLine
2024-08-29 02:00:00+00:00,10T-CZ-SK-00001Y,DIRECT,Nosovice - Varin  Nosovice - Varin,10T-CZ-SK-00002W,Nosovice - Varin,Nosovice,Varin,TieLine
2024-08-29 02:00:00+00:00,10T-CZ-SK-00001Y,DIRECT,Nosovice - Varin  Nosovice - Varin,10T-CZ-SK-00002W,Nosovice - Varin,Nosovice,Varin,TieLine
2024-08-29 02:00:00+00:00,10T-CZ-SK-00001Y,OPPOSITE,Nosovice - Varin  Nosovice - Varin,10T-CZ-SK-00002W,Nosovice - Varin,Nosovice,Varin,TieLine
2024-08-29 02:00:00+00:00,10T-CZ-SK-00001Y,OPPOSITE,Nosovice - Varin  Nosovice - Varin,10T-CZ-SK-00002W,Nosovice - Varin,Nosovice,Varin,TieLine
2024-08-29 02:00:00+00:00,10T-CZ-SK-00002W,DIRECT,Krizovany - Sokolnice Sokolnice - Krizovany,10T-CZ-SK-00003U,Krizovany - Sokolnice,Krizovany,Sokolnice,TieLine
2024-08-29 02:00:00+00:00,10T-CZ-SK-00002W,DIRECT,Krizovany - Sokolnice Sokolnice - Krizovany,10T-CZ-SK-00003U,Sokolnice - Krizovany,Sokolnice,Krizovany,TieLine
2024-08-29 02:00:00+00:00,10T-CZ-SK-00002W,OPPOSITE,Krizovany - Sokolnice Sokolnice - Krizovany,10T-CZ-SK-00003U,Krizovany - Sokolnice,Krizovany,Sokolnice,TieLine
2024-08-29 02:00:00+00:00,10T-CZ-SK-00002W,OPPOSITE,Krizovany - Sokolnice Sokolnice - Krizovany,10T-CZ-SK-00003U,Sokolnice - Krizovany,Sokolnice,Krizovany,TieLine
2024-08-29 02:00:00+00:00,10T1001C--001223,DIRECT,Sokolnice - Zaya - V243 Zaya - Sokolnice 243,10T1001C--001215,Sokolnice - Zaya - V243,Sokolnice,Zaya,TieLine
2024-08-29 02:00:00+00:00,10T1001C--001223,DIRECT,Sokolnice - Zaya - V243 Zaya - Sokolnice 243,10T1001C--001215,Zaya - Sokolnice 243,Zaya,Sokolnice,TieLine
2024-08-29 02:00:00+00:00,10T1001C--001223,OPPOSITE,Sokolnice - Zaya - V243 Zaya - Sokolnice 243,10T1001C--001215,Sokolnice - Zaya - V243,Sokolnice,Zaya,TieLine
2024-08-29 02:00:00+00:00,10T1001C--001223,OPPOSITE,Sokolnice - Zaya - V243 Zaya - Sokolnice 243,10T1001C--001215,Zaya - Sokolnice 243,Zaya,Sokolnice,TieLine
2024-08-29 02:00:00+00:00,10T-CZ-SK-00003U,DIRECT,Nosovice - Varin  Nosovice - Varin,10T-CZ-SK-00002W,Nosovice - Varin,Nosovice,Varin,TieLine
2024-08-29 02:00:00+00:00,10T-CZ-SK-00003U,DIRECT,Nosovice - Varin  Nosovice - Varin,10T-CZ-SK-00002W,Nosovice - Varin,Nosovice,Varin,TieLine
2024-08-29 02:00:00+00:00,10T-CZ-SK-00003U,OPPOSITE,Nosovice - Varin  Nosovice - Varin,10T-CZ-SK-00002W,Nosovice - Varin,Nosovice,Varin,TieLine
2024-08-29 02:00:00+00:00,10T-CZ-SK-00003U,OPPOSITE,Nosovice - Varin  Nosovice - Varin,10T-CZ-SK-00002W,Nosovice - Varin,Nosovice,Varin,TieLine
2024-08-29 02:00:00+00:00,10T-CZ-SK-00003U,DIRECT,Sokolnice - Stupava  Sokolnice - Stupava,10T-CZ-SK-00005Q,Sokolnice - Stupava,Sokolnice,Stupava,TieLine
2024-08-29 02:00:00+00:00,10T-CZ-SK-00003U,DIRECT,Sokolnice - Stupava  Sokolnice - Stupava,10T-CZ-SK-00005Q,Sokolnice - Stupava,Stupava,Sokolnice,TieLine
2024-08-29 02:00:00+00:00,10T-CZ-SK-00003U,OPPOSITE,Sokolnice - Stupava  Sokolnice - Stupava,10T-CZ-SK-00005Q,Sokolnice - Stupava,Sokolnice,Stupava,TieLine
2024-08-29 02:00:00+00:00,10T-CZ-SK-00003U,OPPOSITE,Sokolnice - Stupava  Sokolnice - Stupava,10T-CZ-SK-00005Q,Sokolnice - Stupava,Stupava,Sokolnice,TieLine
2024-08-29 02:00:00+00:00,10T-CZ-SK-00003U,DIRECT,H. Zivotice - Krasikov,27T-TLI-V458---B,H. Zivotice - Krasikov,H. Zivotice,Krasikov,Line
2024-08-29 02:00:00+00:00,10T-CZ-SK-00003U,OPPOSITE,H. Zivotice - Krasikov,27T-TLI-V458---B,H. Zivotice - Krasikov,H. Zivotice,Krasikov,Line
2024-08-29 02:00:00+00:00,10T-CZ-DE-00001W,OPPOSITE,Prestice - Etzenricht  Etzenricht - Prestice 442,10T-CZ-DE-00004Q,Prestice - Etzenricht,Prestice,Etzenricht,TieLine
2024-08-29 02:00:00+00:00,10T-CZ-DE-00001W,OPPOSITE,Prestice - Etzenricht  Etzenricht - Prestice 442,10T-CZ-DE-00004Q,Etzenricht - Prestice 442,Etzenricht,Prestice,TieLine
2024-08-29 02:00:00+00:00,10T-CZ-DE-00004Q,OPPOSITE,Hradec - Etzenricht  Etzenricht - Hradec 441,10T-CZ-DE-00001W,Hradec - Etzenricht,Hradec,Etzenricht,TieLine
2024-08-29 02:00:00+00:00,10T-CZ-DE-00004Q,OPPOSITE,Hradec - Etzenricht  Etzenricht - Hradec 441,10T-CZ-DE-00001W,Etzenricht - Hradec 441,Etzenricht,Hradec,TieLine
2024-08-29 02:00:00+00:00,11TD2L000000003L,DIRECT,Altheim - Sittling 220,11TD2L000000004J,Altheim - Sittling 220,Altheim,Sittling,Line
2024-08-29 02:00:00+00:00,11TD2L000000003L,OPPOSITE,Altheim - Sittling 220,11TD2L000000004J,Altheim - Sittling 220,Altheim,Sittling,Line
2024-08-29 02:00:00+00:00,11T0-0000-0781-W,DIRECT,Y-Oberzier (-Paffendorf - Sechtem) SECHTM S Y-Paffendorf (-Oberzier - Sechtem) SECHTM S Y-Sechtem (-Oberzier - Paffendorf) SECHTM S,11T0-0000-0782-T,Y-Oberzier (-Paffendorf - Sechtem) SECHTM S,Oberzier,Y-Paffendorf,Line
2024-08-29 02:00:00+00:00,11T0-0000-0781-W,DIRECT,Y-Oberzier (-Paffendorf - Sechtem) SECHTM S Y-Paffendorf (-Oberzier - Sechtem) SECHTM S Y-Sechtem (-Oberzier - Paffendorf) SECHTM S,11T0-0000-0815-6,Y-Paffendorf (-Oberzier - Sechtem) SECHTM S,Paffendorf,Y-Paffendorf,Line
2024-08-29 02:00:00+00:00,11T0-0000-0781-W,DIRECT,Y-Oberzier (-Paffendorf - Sechtem) SECHTM S Y-Paffendorf (-Oberzier - Sechtem) SECHTM S Y-Sechtem (-Oberzier - Paffendorf) SECHTM S,11T0-0000-0849-J,Y-Sechtem (-Oberzier - Paffendorf) SECHTM S,Sechtem,Y-Paffendorf,Line
2024-08-29 02:00:00+00:00,10T-DE-NL-00005N,DIRECT,Alegro HVDC,22T201903146---W,NA,NA,NA,
2024-08-29 02:00:00+00:00,10T-DE-NL-00005N,DIRECT,Ensdorf - Vigy VIGY2 S Ensdorf - Vigy VIGY2 S,10T-DE-FR-000068,Ensdorf - Vigy VIGY2 S,Ensdorf,Vigy,TieLine
2024-08-29 02:00:00+00:00,10T-DE-NL-00005N,DIRECT,Ensdorf - Vigy VIGY2 S Ensdorf - Vigy VIGY2 S,10T-DE-FR-000068,Ensdorf - Vigy VIGY2 S,Ensdorf,Vigy,TieLine
2024-08-29 02:00:00+00:00,10T-DE-NL-00005N,DIRECT,Gramme - Achene 380.10,22T-BE-IN-LI0130,Gramme - Achene 380.10,Achene,Gramme,Line
2024-08-29 02:00:00+00:00,10T-DE-NL-00005N,DIRECT,Maasbracht - Dodewaard 380 Wit,49T000000000013F,Maasbracht - Dodewaard 380 Wit,Dodewaard,Maasbracht,Line
2024-08-29 02:00:00+00:00,10T-DE-NL-00005N,DIRECT,Avelgem - Horta 380.102,22T20161020---1E,Avelgem - Horta 380.102,Avelgem,Horta,Line
2024-08-29 02:00:00+00:00,10T-DE-FR-000068,OPPOSITE,Ensdorf - Vigy VIGY1 N Ensdorf - Vigy VIGY1 N,10T-DE-FR-00005A,Ensdorf - Vigy VIGY1 N,Ensdorf,Vigy,TieLine
2024-08-29 02:00:00+00:00,10T-DE-FR-000068,OPPOSITE,Ensdorf - Vigy VIGY1 N Ensdorf - Vigy VIGY1 N,10T-DE-FR-00005A,Ensdorf - Vigy VIGY1 N,Ensdorf,Vigy,TieLine
2024-08-29 02:00:00+00:00,10T-DE-FR-000068,DIRECT,Ensdorf - Vigy VIGY1 N Ensdorf - Vigy VIGY1 N,10T-DE-FR-00005A,Ensdorf - Vigy VIGY1 N,Ensdorf,Vigy,TieLine
2024-08-29 02:00:00+00:00,10T-DE-FR-000068,DIRECT,Ensdorf - Vigy VIGY1 N Ensdorf - Vigy VIGY1 N,10T-DE-FR-00005A,Ensdorf - Vigy VIGY1 N,Ensdorf,Vigy,TieLine
2024-08-29 02:00:00+00:00,10T-CZ-DE-00002U,OPPOSITE,Hradec - Rohrsdorf - V446  Hradec - Rohrsdorf 446,10T-CZ-DE-00003S,Hradec - Rohrsdorf - V446,Hradec,Rohrsdorf,TieLine
2024-08-29 02:00:00+00:00,10T-CZ-DE-00002U,OPPOSITE,Hradec - Rohrsdorf - V446  Hradec - Rohrsdorf 446,10T-CZ-DE-00003S,Hradec - Rohrsdorf 446,Hradec,Rohrsdorf,TieLine
2024-08-29 02:00:00+00:00,11TD8L565------N,DIRECT,Graustein - Baerwalde 566,11TD8L566------F,Graustein - Baerwalde 566,Graustein,Baerwalde,Line
2024-08-29 02:00:00+00:00,11T0-0000-0011-L,DIRECT,,,,,,
2024-08-29 02:00:00+00:00,11T0-0000-0013-F,DIRECT,Hagenwerder - Mikulowa 567 Mikulowa - Hagenwerder 567,10T-DE-PL-00002B,Hagenwerder - Mikulowa 567,Hagenwerder,Mikulowa,TieLine
2024-08-29 02:00:00+00:00,11T0-0000-0013-F,DIRECT,Hagenwerder - Mikulowa 567 Mikulowa - Hagenwerder 567,10T-DE-PL-00002B,Mikulowa - Hagenwerder 567,Mikulowa 567,Hagenwerder,TieLine
2024-08-29 02:00:00+00:00,11TD8L555------W,OPPOSITE,Dresden/Sued - Schmoelln 556,11TD8L556------O,Dresden/Sued - Schmoelln 556,Dresden/Sued,Schmoelln,Line
2024-08-29 02:00:00+00:00,10T-HR-SI-000022,OPPOSITE,,,,,,
2024-08-29 02:00:00+00:00,10T-HR-SI-000022,DIRECT,Melina - Divaca 400 kV Divaca - Melina,10T-HR-SI-000014,Melina - Divaca,Melina,Divaca,TieLine
2024-08-29 02:00:00+00:00,10T-HR-SI-000022,DIRECT,Melina - Divaca 400 kV Divaca - Melina,10T-HR-SI-000014,400 kV Divaca - Melina,Divaca,Melina,TieLine
2024-08-29 02:00:00+00:00,10T-HR-SI-000022,OPPOSITE,Melina - Divaca 400 kV Divaca - Melina,10T-HR-SI-000014,Melina - Divaca,Melina,Divaca,TieLine
2024-08-29 02:00:00+00:00,10T-HR-SI-000022,OPPOSITE,Melina - Divaca 400 kV Divaca - Melina,10T-HR-SI-000014,400 kV Divaca - Melina,Divaca,Melina,TieLine
2024-08-29 02:00:00+00:00,10T-HR-HU-000033,OPPOSITE,Pecs - Ernestinovo2 491B Ernestinovo - Pecs 2,10T-HR-HU-000041,Pecs - Ernestinovo2 491B,Pecs,Ernestinovo,TieLine
2024-08-29 02:00:00+00:00,10T-HR-HU-000033,OPPOSITE,Pecs - Ernestinovo2 491B Ernestinovo - Pecs 2,10T-HR-HU-000041,Ernestinovo - Pecs 2,Ernestinovo,Pecs 2,TieLine
2024-08-29 02:00:00+00:00,10T-HR-SI-000014,DIRECT,Pehlin - Divaca 220kV Divaca - Pehlin,10T-HR-SI-000022,Pehlin - Divaca,Pehlin,Divaca,TieLine
2024-08-29 02:00:00+00:00,10T-HR-SI-000014,DIRECT,Pehlin - Divaca 220kV Divaca - Pehlin,10T-HR-SI-000022,220kV Divaca - Pehlin,Divaca,Pehlin,TieLine
2024-08-29 02:00:00+00:00,10T-HR-SI-00004Z,OPPOSITE,Tumbri - Krsko 2 400 kV Krsko - Tumbri 2,10T-HR-SI-00005X,Tumbri - Krsko 2,Tumbri,Krsko,TieLine
2024-08-29 02:00:00+00:00,10T-HR-SI-00004Z,OPPOSITE,Tumbri - Krsko 2 400 kV Krsko - Tumbri 2,10T-HR-SI-00005X,400 kV Krsko - Tumbri 2,Krsko,Tumbri,TieLine
2024-08-29 02:00:00+00:00,15T-M000002791-J,DIRECT,Gabcikovo - Gyor Gabcikovo - Gyor,10T-HU-SK-00002R,Gabcikovo - Gyor,Gabcikovo,Gyor,TieLine
2024-08-29 02:00:00+00:00,15T-M000002791-J,DIRECT,Gabcikovo - Gyor Gabcikovo - Gyor,10T-HU-SK-00002R,Gabcikovo - Gyor,Gabcikovo,Gyor,TieLine
2024-08-29 02:00:00+00:00,10T-HU-UA-00002F,DIRECT,Szabolcsbaka - Mukachevo,10T1001C--000421,Szabolcsbaka - Mukachevo,Szabolcsbaka,Mukachevo,TieLine
2024-08-29 02:00:00+00:00,10T-HU-UA-00002F,OPPOSITE,Szabolcsbaka - Mukachevo,10T1001C--000421,Szabolcsbaka - Mukachevo,Szabolcsbaka,Mukachevo,TieLine
2024-08-29 02:00:00+00:00,10T1001C--00054V,DIRECT,V.Kapusany - Mukachevo (WPS),10T-SK-UA-00001W,V.Kapusany - Mukachevo (WPS),Velke Kapusany,Mukachevo,TieLine
2024-08-29 02:00:00+00:00,10T1001C--00056R,DIRECT,Gabcikovo - Gyor Gabcikovo - Gyor,10T-HU-SK-00002R,Gabcikovo - Gyor,Gabcikovo,Gyor,TieLine
2024-08-29 02:00:00+00:00,10T1001C--00056R,DIRECT,Gabcikovo - Gyor Gabcikovo - Gyor,10T-HU-SK-00002R,Gabcikovo - Gyor,Gabcikovo,Gyor,TieLine
2024-08-29 02:00:00+00:00,10T1001C--00056R,OPPOSITE,Gonyu - Gyor,15T-M000002791-J,Gonyu - Gyor,Gonyu,Gyor,Line
2024-08-29 02:00:00+00:00,10T1001C--00056R,OPPOSITE,Gabcikovo - Gyor Gabcikovo - Gyor,10T-HU-SK-00002R,Gabcikovo - Gyor,Gabcikovo,Gyor,TieLine
2024-08-29 02:00:00+00:00,10T1001C--00056R,OPPOSITE,Gabcikovo - Gyor Gabcikovo - Gyor,10T-HU-SK-00002R,Gabcikovo - Gyor,Gabcikovo,Gyor,TieLine
2024-08-29 02:00:00+00:00,10T1001C--00101B,DIRECT,Zerjavinec - Heviz Zerjavinec - Heviz,10T-HR-HU-000025,Zerjavinec - Heviz,Zerjavinec,Heviz,TieLine
2024-08-29 02:00:00+00:00,10T1001C--00101B,DIRECT,Zerjavinec - Heviz Zerjavinec - Heviz,10T-HR-HU-000025,Zerjavinec - Heviz,Zerjavinec,Heviz,TieLine
2024-08-29 02:00:00+00:00,10T1001C--00101B,OPPOSITE,Zerjavinec - Heviz Zerjavinec - Heviz,10T-HR-HU-000025,Zerjavinec - Heviz,Zerjavinec,Heviz,TieLine
2024-08-29 02:00:00+00:00,10T1001C--00101B,OPPOSITE,Zerjavinec - Heviz Zerjavinec - Heviz,10T-HR-HU-000025,Zerjavinec - Heviz,Zerjavinec,Heviz,TieLine
2024-08-29 02:00:00+00:00,10T-DE-NL-00002T,DIRECT,Y-Doerpen West (-Meppen - Niederlangen) EMSLD OW Y-Niederlangen (-Meppen - Doerpen West) EMSLD OW Y-Meppen (-Doerpen West - Niederlangen) EMSLD OW Meppen - Niederlangen - Doerpen West EMSLD OW,11T0-0000-0990-L,Y-Doerpen West (-Meppen - Niederlangen) EMSLD OW,Doerpen West,Y Niederlangen,Line
2024-08-29 02:00:00+00:00,10T-DE-NL-00002T,DIRECT,Y-Doerpen West (-Meppen - Niederlangen) EMSLD OW Y-Niederlangen (-Meppen - Doerpen West) EMSLD OW Y-Meppen (-Doerpen West - Niederlangen) EMSLD OW Meppen - Niederlangen - Doerpen West EMSLD OW,11T0-0000-0991-I,Y-Niederlangen (-Meppen - Doerpen West) EMSLD OW,Niederlangen,Y Niederlangen,Line
2024-08-29 02:00:00+00:00,10T-DE-NL-00002T,DIRECT,Y-Doerpen West (-Meppen - Niederlangen) EMSLD OW Y-Niederlangen (-Meppen - Doerpen West) EMSLD OW Y-Meppen (-Doerpen West - Niederlangen) EMSLD OW Meppen - Niederlangen - Doerpen West EMSLD OW,11T-D2-D7-00001H,Y-Meppen (-Doerpen West - Niederlangen) EMSLD OW,Meppen,Y Niederlangen,Line
2024-08-29 02:00:00+00:00,10T-DE-NL-00002T,DIRECT,Y-Doerpen West (-Meppen - Niederlangen) EMSLD OW Y-Niederlangen (-Meppen - Doerpen West) EMSLD OW Y-Meppen (-Doerpen West - Niederlangen) EMSLD OW Meppen - Niederlangen - Doerpen West EMSLD OW,11T-D2-D7-00001H,NA,NA,NA,
2024-08-29 02:00:00+00:00,10T-DE-NL-00005N,DIRECT,Gronau - Kusenhorst HAMALD,11T0-0000-0618-7,Gronau - Kusenhorst HAMALD,Gronau,Kusenhorst,Line
2024-08-29 02:00:00+00:00,49T000000000000O,DIRECT,Zwolle - Hengelo 380 Zwart,49T000000000031D,Zwolle - Hengelo 380 Zwart,Zwolle,Hengelo,Line
2024-08-29 02:00:00+00:00,49T0000000000274,DIRECT,Krimpen a/d IJssel - Geertruidenberg 380 Zwart,49T0000000000282,Krimpen a/d IJssel - Geertruidenberg 380 Zwart,Krimpen a/d IJssel,Geertruidenberg,Line
2024-08-29 02:00:00+00:00,19T000000001304A,OPPOSITE,Krosno Iskrzynia - Tarnow,19T000000000296P,Krosno Iskrzynia - Tarnow,Krosno Iskrzynia,Tarnow,Line
2024-08-29 02:00:00+00:00,19T000000004057N,OPPOSITE,Mikulowa AT2,19T000000004058L,Mikulowa AT2,Mikulowa AT2,Mikulowa AT2,Transformer
2024-08-29 02:00:00+00:00,19T0000000063830,DIRECT,Hagenwerder - Mikulowa 568 Mikulowa - Hagenwerder 568,10T-DE-PL-00001D,Hagenwerder - Mikulowa 568,Hagenwerder,Mikulowa,TieLine
2024-08-29 02:00:00+00:00,19T0000000063830,DIRECT,Hagenwerder - Mikulowa 568 Mikulowa - Hagenwerder 568,10T-DE-PL-00001D,Mikulowa - Hagenwerder 568,Mikulowa 568,Hagenwerder,TieLine
2024-08-29 02:00:00+00:00,19T0000000063830,OPPOSITE,Hagenwerder - Mikulowa 568 Mikulowa - Hagenwerder 568,10T-DE-PL-00001D,Hagenwerder - Mikulowa 568,Hagenwerder,Mikulowa,TieLine
2024-08-29 02:00:00+00:00,19T0000000063830,OPPOSITE,Hagenwerder - Mikulowa 568 Mikulowa - Hagenwerder 568,10T-DE-PL-00001D,Mikulowa - Hagenwerder 568,Mikulowa 568,Hagenwerder,TieLine
2024-08-29 02:00:00+00:00,19T000000006396S,DIRECT,Polaniec - Rzeszow,19T000000006420K,Polaniec - Rzeszow,Polaniec,Rzeszow,Line
2024-08-29 02:00:00+00:00,10T-CZ-PL-00004A,DIRECT,Dobrzen - Detmarovice Dobrzen - Detmarovice,10T1001A1001A09N,Dobrzen - Detmarovice,Dobrzen,Detmarovice,TieLine
2024-08-29 02:00:00+00:00,10T-CZ-PL-00004A,DIRECT,Dobrzen - Detmarovice Dobrzen - Detmarovice,10T1001A1001A09N,Dobrzen - Detmarovice,Detmarovice,Dobrzen,TieLine
2024-08-29 02:00:00+00:00,10T-CZ-PL-00004A,OPPOSITE,Dobrzen - Detmarovice Dobrzen - Detmarovice,10T1001A1001A09N,Dobrzen - Detmarovice,Dobrzen,Detmarovice,TieLine
2024-08-29 02:00:00+00:00,10T-CZ-PL-00004A,OPPOSITE,Dobrzen - Detmarovice Dobrzen - Detmarovice,10T1001A1001A09N,Dobrzen - Detmarovice,Detmarovice,Dobrzen,TieLine
2024-08-29 02:00:00+00:00,30TPARO220TRGJ-Q,OPPOSITE,Portile de Fier - Resita c1 Portile de Fier - Resita c2,30TPDFE220RESI1S,Portile de Fier - Resita c1,Portile de Fier,Resita c1,Line
2024-08-29 02:00:00+00:00,30TPARO220TRGJ-Q,OPPOSITE,Portile de Fier - Resita c1 Portile de Fier - Resita c2,30TPDFE220RESI2Q,Portile de Fier - Resita c2,Portile de Fier,Resita c2,Line
2024-08-29 02:00:00+00:00,30TRESI220TIMI1L,DIRECT,Resita - Timisoara c2,30TRESI220TIMI2J,Resita - Timisoara c2,Resita,Timisoara c2,Line
2024-08-29 02:00:00+00:00,30TPDFE220RESI1S,DIRECT,Portile de Fier - Djerdap,10T-RO-RS-00001V,Portile de Fier - Djerdap,Portile de Fier,Djerdap,TieLine
2024-08-29 02:00:00+00:00,30T-ROSI400AT--1,DIRECT,Rosiori - Gadalin,30TGADA400ROSI-A,Rosiori - Gadalin,Rosiori,Gadalin,Line
2024-08-29 02:00:00+00:00,10T-RO-RS-00001V,OPPOSITE,Tantareni - Kozlodui c2 Tantareni - Kozlodui c1,10T-BG-RO-00001A,Tantareni - Kozlodui c2,Tantareni,Kozlodui,TieLine
2024-08-29 02:00:00+00:00,10T-RO-RS-00001V,OPPOSITE,Tantareni - Kozlodui c2 Tantareni - Kozlodui c1,10T-RO-BG-00002A,Tantareni - Kozlodui c1,Tantareni,Kozlodui,TieLine
2024-08-29 02:00:00+00:00,10T-AT-SI-00003P,DIRECT,,,,,,
2024-08-29 02:00:00+00:00,10T1001C--00101B,DIRECT,Kainachtal - Maribor 473 400 kV Maribor - Kainachtal 1,10T-AT-SI-00001T,Kainachtal - Maribor 473,Kainachtal,Maribor,TieLine
2024-08-29 02:00:00+00:00,10T1001C--00101B,DIRECT,Kainachtal - Maribor 473 400 kV Maribor - Kainachtal 1,10T-AT-SI-00001T,400 kV Maribor - Kainachtal 1,Maribor,Kainachtal,TieLine
2024-08-29 02:00:00+00:00,10T1001C--00101B,DIRECT,Zerjavinec - Cirkovce 400 kV Cirkovce - Zerjavinec,10T1001C--001037,Zerjavinec - Cirkovce,Zerjavinec,Cirkovce,TieLine
2024-08-29 02:00:00+00:00,10T1001C--00101B,DIRECT,Zerjavinec - Cirkovce 400 kV Cirkovce - Zerjavinec,10T1001C--001037,400 kV Cirkovce - Zerjavinec,Cirkovce,Zerjavinec,TieLine
2024-08-29 02:00:00+00:00,10T1001C--00101B,OPPOSITE,Kainachtal - Maribor 473 400 kV Maribor - Kainachtal 1,10T-AT-SI-00001T,Kainachtal - Maribor 473,Kainachtal,Maribor,TieLine
2024-08-29 02:00:00+00:00,10T1001C--00101B,OPPOSITE,Kainachtal - Maribor 473 400 kV Maribor - Kainachtal 1,10T-AT-SI-00001T,400 kV Maribor - Kainachtal 1,Maribor,Kainachtal,TieLine
2024-08-29 02:00:00+00:00,10T1001C--00101B,OPPOSITE,Zerjavinec - Cirkovce 400 kV Cirkovce - Zerjavinec,10T1001C--001037,Zerjavinec - Cirkovce,Zerjavinec,Cirkovce,TieLine
2024-08-29 02:00:00+00:00,10T1001C--00101B,OPPOSITE,Zerjavinec - Cirkovce 400 kV Cirkovce - Zerjavinec,10T1001C--001037,400 kV Cirkovce - Zerjavinec,Cirkovce,Zerjavinec,TieLine
2024-08-29 02:00:00+00:00,10T1001C--001029,DIRECT,400 kV Cirkovce - Podlog,28T000000000301K,400 kV Cirkovce - Podlog,Cirkovce,Podlog,Line
2024-08-29 02:00:00+00:00,10T-HU-SK-00001T,DIRECT,R.Sobota - Sajoivanka  R.Sobota - Sajoivanka,10T1001C--00054V,R.Sobota - Sajoivanka,R.Sobota,Sajoivanka,TieLine
2024-08-29 02:00:00+00:00,10T-HU-SK-00001T,DIRECT,R.Sobota - Sajoivanka  R.Sobota - Sajoivanka,10T1001C--00054V,R.Sobota - Sajoivanka,R.Sobota,Sajoivanka,TieLine
2024-08-29 02:00:00+00:00,10T-SK-UA-00001W,DIRECT,R.Sobota - Sajoivanka  R.Sobota - Sajoivanka,10T1001C--00054V,R.Sobota - Sajoivanka,R.Sobota,Sajoivanka,TieLine
2024-08-29 02:00:00+00:00,10T-SK-UA-00001W,DIRECT,R.Sobota - Sajoivanka  R.Sobota - Sajoivanka,10T1001C--00054V,R.Sobota - Sajoivanka,R.Sobota,Sajoivanka,TieLine
2024-08-29 02:00:00+00:00,24T-V429-0000005,DIRECT,V.Dur - Krizovany,24T-V425-0000004,V.Dur - Krizovany,V.Dur,Krizovany,Line
2024-08-29 02:00:00+00:00,24T-V493-000000Q,DIRECT,Bosaca - Varin,24T-V495-0000008,Bosaca - Varin,Bosaca,Varin,Line
2024-08-29 02:00:00+00:00,24T-V490-000000G,DIRECT,V.Dur - Levice 2,24T-V491-0000007,V.Dur - Levice 2,V.Dur,Levice,Line
2024-08-29 02:00:00+00:00,24T-V425-0000004,DIRECT,Gabcikovo - P.Biskupice,24T-V429-0000005,Gabcikovo - P.Biskupice,Gabcikovo,P.Biskupice,Line
2024-08-29 02:00:00+00:00,10T-SK-UA-00001W,OPPOSITE,R.Sobota - Sajoivanka  R.Sobota - Sajoivanka,10T1001C--00054V,R.Sobota - Sajoivanka,R.Sobota,Sajoivanka,TieLine
2024-08-29 02:00:00+00:00,10T-SK-UA-00001W,OPPOSITE,R.Sobota - Sajoivanka  R.Sobota - Sajoivanka,10T1001C--00054V,R.Sobota - Sajoivanka,R.Sobota,Sajoivanka,TieLine
2024-08-29 02:00:00+00:00,10T-CZ-SK-00002W,OPPOSITE,Lemesany - Krosno Iskrz 1 Lemesany - Krosno Iskrz 1,10T-PL-SK-00001W,Lemesany - Krosno Iskrz 1,Lemesany,Krosno Iskrz,TieLine
2024-08-29 02:00:00+00:00,10T-CZ-SK-00002W,OPPOSITE,Lemesany - Krosno Iskrz 1 Lemesany - Krosno Iskrz 1,10T-PL-SK-00001W,Lemesany - Krosno Iskrz 1,Lemesany,Krosno Iskrz 1,TieLine
2024-08-29 02:00:00+00:00,10T-CZ-SK-00002W,OPPOSITE,Lemesany - Krosno Iskrz 2 Lemesany - Krosno Iskrz 2,10T-PL-SK-00002U,Lemesany - Krosno Iskrz 2,Lemesany,Krosno Iskrz,TieLine
2024-08-29 02:00:00+00:00,10T-CZ-SK-00002W,OPPOSITE,Lemesany - Krosno Iskrz 2 Lemesany - Krosno Iskrz 2,10T-PL-SK-00002U,Lemesany - Krosno Iskrz 2,Lemesany,Krosno Iskrz 2,TieLine
2024-08-29 02:00:00+00:00,24T-V425-0000004,OPPOSITE,Gabcikovo - P.Biskupice,24T-V429-0000005,Gabcikovo - P.Biskupice,Gabcikovo,P.Biskupice,Line
2024-08-29 02:00:00+00:00,24T-V425-0000004,OPPOSITE,Krizovany - P.Biskupice,24T-V439-000000W,Krizovany - P.Biskupice,Krizovany,P.Biskupice,Line
2024-08-29 03:00:00+00:00,14T-221-0-00223Q,OPPOSITE,Hessenberg - Weissenbach 224,14T-220-0-00224Y,Hessenberg - Weissenbach 224,Hessenberg,Weissenbach,Line
2024-08-29 03:00:00+00:00,10T-AT-SI-00003P,DIRECT,Kainachtal - Obersielach 471,14T-380-0-00471D,Kainachtal - Obersielach 471,Kainachtal,Obersielach,Line
2024-08-29 03:00:00+00:00,10T-AT-SI-00003P,DIRECT,Kainachtal - Maribor 473 400 kV Maribor - Kainachtal 1,10T-AT-SI-00001T,Kainachtal - Maribor 473,Kainachtal,Maribor,TieLine
2024-08-29 03:00:00+00:00,10T-AT-SI-00003P,DIRECT,Kainachtal - Maribor 473 400 kV Maribor - Kainachtal 1,10T-AT-SI-00001T,400 kV Maribor - Kainachtal 1,Maribor,Kainachtal,TieLine
2024-08-29 03:00:00+00:00,10T-AT-SI-00003P,DIRECT,400 kV Cirkovce - Podlog,28T000000000301K,400 kV Cirkovce - Podlog,Cirkovce,Podlog,Line
2024-08-29 03:00:00+00:00,10T-AT-SI-00003P,OPPOSITE,400 kV Cirkovce - Podlog,28T000000000301K,400 kV Cirkovce - Podlog,Cirkovce,Podlog,Line
2024-08-29 03:00:00+00:00,10T-AT-SI-00003P,DIRECT,400 kV Cirkovce - Krsko,28T000000000300M,400 kV Cirkovce - Krsko,Cirkovce,Krsko,Line
2024-08-29 03:00:00+00:00,10T-AT-DE-000037,DIRECT,Pirach Neu - Pleinting 296/257 Pirach Neu - Pirach 296/257,11T0-0000-2108-O,Pirach Neu - Pleinting 296/257,Pirach Neu,Pleinting,Line
2024-08-29 03:00:00+00:00,10T-AT-DE-000037,DIRECT,Pirach Neu - Pleinting 296/257 Pirach Neu - Pirach 296/257,11T0-0000-2108-O,Pirach Neu - Pirach 296/257,Pirach Neu,Pirach,Line
2024-08-29 03:00:00+00:00,14T-220-0-0273BO,DIRECT,Strass - Thaur 274B,14T-220-0-0274BL,Strass - Thaur 274B,Strass,Thaur,Line
2024-08-29 03:00:00+00:00,10T-AT-CZ-00003X,OPPOSITE,Slavetice - Durnrohr - V438  Duernrohr 1 - Slavetice 438,10T-AT-CZ-00004V,Slavetice - Durnrohr - V438,Slavetice,Durnrohr,TieLine
2024-08-29 03:00:00+00:00,10T-AT-CZ-00003X,OPPOSITE,Slavetice - Durnrohr - V438  Duernrohr 1 - Slavetice 438,10T-AT-CZ-00004V,Duernrohr 1 - Slavetice 438,Duernrohr 1,Slavetice,TieLine
2024-08-29 03:00:00+00:00,10T-AT-SI-00001T,OPPOSITE,Kainachtal - Maribor 474 400 kV Maribor - Kainachtal 2,10T-AT-SI-00002R,Kainachtal - Maribor 474,Kainachtal,Maribor,TieLine
2024-08-29 03:00:00+00:00,10T-AT-SI-00001T,OPPOSITE,Kainachtal - Maribor 474 400 kV Maribor - Kainachtal 2,10T-AT-SI-00002R,400 kV Maribor - Kainachtal 2,Maribor,Kainachtal,TieLine
2024-08-29 03:00:00+00:00,14T-38220-WT041O,OPPOSITE,Westtirol 2 - Voehringen 411 Westtirol - Voehringen FUESSN W,10T1001C--00037V,Westtirol 2 - Voehringen 411,Westtirol 2,Voehringen,TieLine
2024-08-29 03:00:00+00:00,14T-38220-WT041O,OPPOSITE,Westtirol 2 - Voehringen 411 Westtirol - Voehringen FUESSN W,10T1001C--00037V,Westtirol - Voehringen FUESSN W,Westtirol,Voehringen,TieLine
2024-08-29 03:00:00+00:00,14T-38220-WT041O,OPPOSITE,Leupolz - Westtirol 412 Leupolz - Westtirol FUESSN O,10T-AT-DE-10007U,Leupolz - Westtirol 412,Leupolz,Westtirol,TieLine
2024-08-29 03:00:00+00:00,14T-38220-WT041O,OPPOSITE,Leupolz - Westtirol 412 Leupolz - Westtirol FUESSN O,10T-AT-DE-10007U,Leupolz - Westtirol FUESSN O,Leupolz,Westtirol,TieLine
2024-08-29 03:00:00+00:00,14T-38220-WT041O,OPPOSITE,Buers - Westtirol rt (422) Westtirol 2 - Buers 422,10T-AT-DE-000061,Buers - Westtirol rt (422),Buers,Westtirol,TieLine
2024-08-29 03:00:00+00:00,14T-38220-WT041O,OPPOSITE,Buers - Westtirol rt (422) Westtirol 2 - Buers 422,10T-AT-DE-000061,Westtirol 2 - Buers 422,Buers,Westtirol,TieLine
2024-08-29 03:00:00+00:00,14T-38220-WT041O,OPPOSITE,Buers - Westtirol ws (421) Westtirol 1 - Buers 421,10T-AT-DE-000053,Buers - Westtirol ws (421),Buers,Westtirol,TieLine
2024-08-29 03:00:00+00:00,14T-38220-WT041O,OPPOSITE,Buers - Westtirol ws (421) Westtirol 1 - Buers 421,10T-AT-DE-000053,Westtirol 1 - Buers 421,Buers,Westtirol,TieLine
2024-08-29 03:00:00+00:00,10T-BE-FR-000015,DIRECT,Avelgem - Horta 380.102,22T20161020---1E,Avelgem - Horta 380.102,Avelgem,Horta,Line
2024-08-29 03:00:00+00:00,10T-BE-FR-000015,OPPOSITE,Avelgem - Horta 380.102,22T20161020---1E,Avelgem - Horta 380.102,Avelgem,Horta,Line
2024-08-29 03:00:00+00:00,10T-BE-FR-000015,OPPOSITE,Lixhe - Van Eyck 380.91 Alegro HVDC,22T20180102---2W,Lixhe - Van Eyck 380.91,Lixhe,Van Eyck,Line
2024-08-29 03:00:00+00:00,10T-BE-FR-000015,OPPOSITE,Lixhe - Van Eyck 380.91 Alegro HVDC,22T201903146---W,NA,NA,NA,
2024-08-29 03:00:00+00:00,10T-BE-FR-000015,OPPOSITE,Y-Bruegel (-Mercator - Verbrande Brug) 380.36 Y-Mercator (-Bruegel - Verbrande Brug) 380.36 Y-Verbrande Brug (-Bruegel - Mercator) 380.36,22T-BE-IN-LI006Y,Y-Bruegel (-Mercator - Verbrande Brug) 380.36,Bruegel,Buggenhout,Line
2024-08-29 03:00:00+00:00,10T-BE-FR-000015,OPPOSITE,Y-Bruegel (-Mercator - Verbrande Brug) 380.36 Y-Mercator (-Bruegel - Verbrande Brug) 380.36 Y-Verbrande Brug (-Bruegel - Mercator) 380.36,22T-BE-IN-LI006Y,Y-Mercator (-Bruegel - Verbrande Brug) 380.36,Mercator,Buggenhout,Line
2024-08-29 03:00:00+00:00,10T-BE-FR-000015,OPPOSITE,Y-Bruegel (-Mercator - Verbrande Brug) 380.36 Y-Mercator (-Bruegel - Verbrande Brug) 380.36 Y-Verbrande Brug (-Bruegel - Mercator) 380.36,22T-BE-IN-LI006Y,Y-Verbrande Brug (-Bruegel - Mercator) 380.36,Verbrande Brug,Buggenhout,Line
2024-08-29 03:00:00+00:00,10T-BE-FR-000015,OPPOSITE,PST Van Eyck 2,22T-BE-PST--002U,PST Van Eyck 2,Van Eyck,Van Eyck,PST
2024-08-29 03:00:00+00:00,22T-BE-IN-LI018R,DIRECT,Y-Van Eyck (-Andre Dumont - Gramme) 380.12 Y-Andre Dumont (-Gramme - Van Eyck) 380.12 Y-Gramme (-Andre Dumont - Van Eyck) 380.12,22T20161020---48,Y-Van Eyck (-Andre Dumont - Gramme) 380.12,Van Eyck,Zuttendaal,Line
2024-08-29 03:00:00+00:00,22T-BE-IN-LI018R,DIRECT,Y-Van Eyck (-Andre Dumont - Gramme) 380.12 Y-Andre Dumont (-Gramme - Van Eyck) 380.12 Y-Gramme (-Andre Dumont - Van Eyck) 380.12,22T20161020---48,Y-Andre Dumont (-Gramme - Van Eyck) 380.12,Andre Dumont,Zuttendaal,Line
2024-08-29 03:00:00+00:00,22T-BE-IN-LI018R,DIRECT,Y-Van Eyck (-Andre Dumont - Gramme) 380.12 Y-Andre Dumont (-Gramme - Van Eyck) 380.12 Y-Gramme (-Andre Dumont - Van Eyck) 380.12,22T20161020---48,Y-Gramme (-Andre Dumont - Van Eyck) 380.12,Gramme,Zuttendaal,Line
2024-08-29 03:00:00+00:00,22T-BE-PST--001W,DIRECT,PST Van Eyck 2,22T-BE-PST--002U,PST Van Eyck 2,Van Eyck,Van Eyck,PST
2024-08-29 03:00:00+00:00,22T-BE-PST--002U,DIRECT,Achene - Lonny 380.19 Achene - Lonny 19,10T-BE-FR-000015,Achene - Lonny 380.19,Achene,Lonny,TieLine
2024-08-29 03:00:00+00:00,22T-BE-PST--002U,DIRECT,Achene - Lonny 380.19 Achene - Lonny 19,10T-BE-FR-000015,Achene - Lonny 19,Achene,Lonny,TieLine
2024-08-29 03:00:00+00:00,22T-BE-PST--002U,DIRECT,Y-Bruegel (-Mercator - Verbrande Brug) 380.36 Y-Mercator (-Bruegel - Verbrande Brug) 380.36 Y-Verbrande Brug (-Bruegel - Mercator) 380.36,22T-BE-IN-LI006Y,Y-Bruegel (-Mercator - Verbrande Brug) 380.36,Bruegel,Buggenhout,Line
2024-08-29 03:00:00+00:00,22T-BE-PST--002U,DIRECT,Y-Bruegel (-Mercator - Verbrande Brug) 380.36 Y-Mercator (-Bruegel - Verbrande Brug) 380.36 Y-Verbrande Brug (-Bruegel - Mercator) 380.36,22T-BE-IN-LI006Y,Y-Mercator (-Bruegel - Verbrande Brug) 380.36,Mercator,Buggenhout,Line
2024-08-29 03:00:00+00:00,22T-BE-PST--002U,DIRECT,Y-Bruegel (-Mercator - Verbrande Brug) 380.36 Y-Mercator (-Bruegel - Verbrande Brug) 380.36 Y-Verbrande Brug (-Bruegel - Mercator) 380.36,22T-BE-IN-LI006Y,Y-Verbrande Brug (-Bruegel - Mercator) 380.36,Verbrande Brug,Buggenhout,Line
2024-08-29 03:00:00+00:00,22T-BE-PST--002U,DIRECT,PST Van Eyck 1,22T-BE-PST--001W,PST Van Eyck 1,Van Eyck,Van Eyck,PST
2024-08-29 03:00:00+00:00,22T-BE-PST--002U,OPPOSITE,Y-Bruegel (-Courcelles - Drogenbos) 380.33 Y-Courcelles (-Bruegel - Drogenbos) 380.33 Y-Drogenbos (-Bruegel - Courcelles) 380.33,22T-BE-IN-LI0017,Y-Bruegel (-Courcelles - Drogenbos) 380.33,Bruegel,Mekingen,Line
2024-08-29 03:00:00+00:00,22T-BE-PST--002U,OPPOSITE,Y-Bruegel (-Courcelles - Drogenbos) 380.33 Y-Courcelles (-Bruegel - Drogenbos) 380.33 Y-Drogenbos (-Bruegel - Courcelles) 380.33,22T-BE-IN-LI0017,Y-Courcelles (-Bruegel - Drogenbos) 380.33,Courcelles,Mekingen,Line
2024-08-29 03:00:00+00:00,22T-BE-PST--002U,OPPOSITE,Y-Bruegel (-Courcelles - Drogenbos) 380.33 Y-Courcelles (-Bruegel - Drogenbos) 380.33 Y-Drogenbos (-Bruegel - Courcelles) 380.33,22T-BE-IN-LI0017,Y-Drogenbos (-Bruegel - Courcelles) 380.33,Drogenbos,Mekingen,Line
2024-08-29 03:00:00+00:00,22T-BE-PST--002U,OPPOSITE,Gramme - Achene 380.10,22T-BE-IN-LI0130,Gramme - Achene 380.10,Achene,Gramme,Line
2024-08-29 03:00:00+00:00,22T-BE-PST--002U,OPPOSITE,PST Van Eyck 1,22T-BE-PST--001W,PST Van Eyck 1,Van Eyck,Van Eyck,PST
2024-08-29 03:00:00+00:00,22T-BE-IN-LI02AK,DIRECT,Doel - Zandvliet 380.26,22T20170512----9,Doel - Zandvliet 380.26,Doel,Zandvliet,Line
2024-08-29 03:00:00+00:00,22T-BE-PST--002U,DIRECT,Alegro HVDC,22T201903146---W,NA,NA,NA,
2024-08-29 03:00:00+00:00,22T-BE-PST--002U,OPPOSITE,Alegro HVDC,22T201903146---W,NA,NA,NA,
2024-08-29 03:00:00+00:00,10T-CZ-DE-00003S,DIRECT,Hradec - Rohrsdorf - V445  Hradec - Rohrsdorf 445,10T-CZ-DE-00002U,Hradec - Rohrsdorf - V445,Hradec,Rohrsdorf,TieLine
2024-08-29 03:00:00+00:00,10T-CZ-DE-00003S,DIRECT,Hradec - Rohrsdorf - V445  Hradec - Rohrsdorf 445,10T-CZ-DE-00002U,Hradec - Rohrsdorf 445,Hradec,Rohrsdorf,TieLine
2024-08-29 03:00:00+00:00,10T-CZ-SK-00001Y,DIRECT,Nosovice - Varin  Nosovice - Varin,10T-CZ-SK-00002W,Nosovice - Varin,Nosovice,Varin,TieLine
2024-08-29 03:00:00+00:00,10T-CZ-SK-00001Y,DIRECT,Nosovice - Varin  Nosovice - Varin,10T-CZ-SK-00002W,Nosovice - Varin,Nosovice,Varin,TieLine
2024-08-29 03:00:00+00:00,10T-CZ-SK-00001Y,OPPOSITE,Nosovice - Varin  Nosovice - Varin,10T-CZ-SK-00002W,Nosovice - Varin,Nosovice,Varin,TieLine
2024-08-29 03:00:00+00:00,10T-CZ-SK-00001Y,OPPOSITE,Nosovice - Varin  Nosovice - Varin,10T-CZ-SK-00002W,Nosovice - Varin,Nosovice,Varin,TieLine
2024-08-29 03:00:00+00:00,10T-CZ-SK-00002W,DIRECT,Krizovany - Sokolnice Sokolnice - Krizovany,10T-CZ-SK-00003U,Krizovany - Sokolnice,Krizovany,Sokolnice,TieLine
2024-08-29 03:00:00+00:00,10T-CZ-SK-00002W,DIRECT,Krizovany - Sokolnice Sokolnice - Krizovany,10T-CZ-SK-00003U,Sokolnice - Krizovany,Sokolnice,Krizovany,TieLine
2024-08-29 03:00:00+00:00,10T-CZ-SK-00002W,OPPOSITE,Krizovany - Sokolnice Sokolnice - Krizovany,10T-CZ-SK-00003U,Krizovany - Sokolnice,Krizovany,Sokolnice,TieLine
2024-08-29 03:00:00+00:00,10T-CZ-SK-00002W,OPPOSITE,Krizovany - Sokolnice Sokolnice - Krizovany,10T-CZ-SK-00003U,Sokolnice - Krizovany,Sokolnice,Krizovany,TieLine
2024-08-29 03:00:00+00:00,10T1001C--001223,DIRECT,Sokolnice - Zaya - V243 Zaya - Sokolnice 243,10T1001C--001215,Sokolnice - Zaya - V243,Sokolnice,Zaya,TieLine
2024-08-29 03:00:00+00:00,10T1001C--001223,DIRECT,Sokolnice - Zaya - V243 Zaya - Sokolnice 243,10T1001C--001215,Zaya - Sokolnice 243,Zaya,Sokolnice,TieLine
2024-08-29 03:00:00+00:00,10T1001C--001223,OPPOSITE,Sokolnice - Zaya - V243 Zaya - Sokolnice 243,10T1001C--001215,Sokolnice - Zaya - V243,Sokolnice,Zaya,TieLine
2024-08-29 03:00:00+00:00,10T1001C--001223,OPPOSITE,Sokolnice - Zaya - V243 Zaya - Sokolnice 243,10T1001C--001215,Zaya - Sokolnice 243,Zaya,Sokolnice,TieLine
2024-08-29 03:00:00+00:00,10T-CZ-SK-00003U,DIRECT,Nosovice - Varin  Nosovice - Varin,10T-CZ-SK-00002W,Nosovice - Varin,Nosovice,Varin,TieLine
2024-08-29 03:00:00+00:00,10T-CZ-SK-00003U,DIRECT,Nosovice - Varin  Nosovice - Varin,10T-CZ-SK-00002W,Nosovice - Varin,Nosovice,Varin,TieLine
2024-08-29 03:00:00+00:00,10T-CZ-SK-00003U,OPPOSITE,Nosovice - Varin  Nosovice - Varin,10T-CZ-SK-00002W,Nosovice - Varin,Nosovice,Varin,TieLine
2024-08-29 03:00:00+00:00,10T-CZ-SK-00003U,OPPOSITE,Nosovice - Varin  Nosovice - Varin,10T-CZ-SK-00002W,Nosovice - Varin,Nosovice,Varin,TieLine
2024-08-29 03:00:00+00:00,10T-CZ-SK-00003U,DIRECT,Sokolnice - Stupava  Sokolnice - Stupava,10T-CZ-SK-00005Q,Sokolnice - Stupava,Sokolnice,Stupava,TieLine
2024-08-29 03:00:00+00:00,10T-CZ-SK-00003U,DIRECT,Sokolnice - Stupava  Sokolnice - Stupava,10T-CZ-SK-00005Q,Sokolnice - Stupava,Stupava,Sokolnice,TieLine
2024-08-29 03:00:00+00:00,10T-CZ-SK-00003U,OPPOSITE,Sokolnice - Stupava  Sokolnice - Stupava,10T-CZ-SK-00005Q,Sokolnice - Stupava,Sokolnice,Stupava,TieLine
2024-08-29 03:00:00+00:00,10T-CZ-SK-00003U,OPPOSITE,Sokolnice - Stupava  Sokolnice - Stupava,10T-CZ-SK-00005Q,Sokolnice - Stupava,Stupava,Sokolnice,TieLine
2024-08-29 03:00:00+00:00,10T-CZ-SK-00003U,DIRECT,H. Zivotice - Krasikov,27T-TLI-V458---B,H. Zivotice - Krasikov,H. Zivotice,Krasikov,Line
2024-08-29 03:00:00+00:00,10T-CZ-SK-00003U,OPPOSITE,H. Zivotice - Krasikov,27T-TLI-V458---B,H. Zivotice - Krasikov,H. Zivotice,Krasikov,Line
2024-08-29 03:00:00+00:00,10T-CZ-DE-00001W,OPPOSITE,Prestice - Etzenricht  Etzenricht - Prestice 442,10T-CZ-DE-00004Q,Prestice - Etzenricht,Prestice,Etzenricht,TieLine
2024-08-29 03:00:00+00:00,10T-CZ-DE-00001W,OPPOSITE,Prestice - Etzenricht  Etzenricht - Prestice 442,10T-CZ-DE-00004Q,Etzenricht - Prestice 442,Etzenricht,Prestice,TieLine
2024-08-29 03:00:00+00:00,10T-CZ-DE-00004Q,OPPOSITE,Hradec - Etzenricht  Etzenricht - Hradec 441,10T-CZ-DE-00001W,Hradec - Etzenricht,Hradec,Etzenricht,TieLine
2024-08-29 03:00:00+00:00,10T-CZ-DE-00004Q,OPPOSITE,Hradec - Etzenricht  Etzenricht - Hradec 441,10T-CZ-DE-00001W,Etzenricht - Hradec 441,Etzenricht,Hradec,TieLine
2024-08-29 03:00:00+00:00,11TD2L000000003L,OPPOSITE,Altheim - Sittling 220,11TD2L000000004J,Altheim - Sittling 220,Altheim,Sittling,Line
2024-08-29 03:00:00+00:00,11T0-0000-0781-W,DIRECT,Y-Oberzier (-Paffendorf - Sechtem) SECHTM S Y-Paffendorf (-Oberzier - Sechtem) SECHTM S Y-Sechtem (-Oberzier - Paffendorf) SECHTM S,11T0-0000-0782-T,Y-Oberzier (-Paffendorf - Sechtem) SECHTM S,Oberzier,Y-Paffendorf,Line
2024-08-29 03:00:00+00:00,11T0-0000-0781-W,DIRECT,Y-Oberzier (-Paffendorf - Sechtem) SECHTM S Y-Paffendorf (-Oberzier - Sechtem) SECHTM S Y-Sechtem (-Oberzier - Paffendorf) SECHTM S,11T0-0000-0815-6,Y-Paffendorf (-Oberzier - Sechtem) SECHTM S,Paffendorf,Y-Paffendorf,Line
2024-08-29 03:00:00+00:00,11T0-0000-0781-W,DIRECT,Y-Oberzier (-Paffendorf - Sechtem) SECHTM S Y-Paffendorf (-Oberzier - Sechtem) SECHTM S Y-Sechtem (-Oberzier - Paffendorf) SECHTM S,11T0-0000-0849-J,Y-Sechtem (-Oberzier - Paffendorf) SECHTM S,Sechtem,Y-Paffendorf,Line
2024-08-29 03:00:00+00:00,10T-DE-NL-00005N,DIRECT,Alegro HVDC,22T201903146---W,NA,NA,NA,
2024-08-29 03:00:00+00:00,10T-DE-NL-00005N,DIRECT,Ensdorf - Vigy VIGY2 S Ensdorf - Vigy VIGY2 S,10T-DE-FR-000068,Ensdorf - Vigy VIGY2 S,Ensdorf,Vigy,TieLine
2024-08-29 03:00:00+00:00,10T-DE-NL-00005N,DIRECT,Ensdorf - Vigy VIGY2 S Ensdorf - Vigy VIGY2 S,10T-DE-FR-000068,Ensdorf - Vigy VIGY2 S,Ensdorf,Vigy,TieLine
2024-08-29 03:00:00+00:00,10T-DE-NL-00005N,DIRECT,Gramme - Achene 380.10,22T-BE-IN-LI0130,Gramme - Achene 380.10,Achene,Gramme,Line
2024-08-29 03:00:00+00:00,10T-DE-NL-00005N,DIRECT,Maasbracht - Dodewaard 380 Wit,49T000000000013F,Maasbracht - Dodewaard 380 Wit,Dodewaard,Maasbracht,Line
2024-08-29 03:00:00+00:00,10T-DE-NL-00005N,DIRECT,Avelgem - Horta 380.102,22T20161020---1E,Avelgem - Horta 380.102,Avelgem,Horta,Line
2024-08-29 03:00:00+00:00,10T-DE-NL-00005N,OPPOSITE,Achene - Lonny 380.19 Achene - Lonny 19,10T-BE-FR-000015,Achene - Lonny 380.19,Achene,Lonny,TieLine
2024-08-29 03:00:00+00:00,10T-DE-NL-00005N,OPPOSITE,Achene - Lonny 380.19 Achene - Lonny 19,10T-BE-FR-000015,Achene - Lonny 19,Achene,Lonny,TieLine
2024-08-29 03:00:00+00:00,10T-DE-FR-000068,OPPOSITE,Ensdorf - Vigy VIGY1 N Ensdorf - Vigy VIGY1 N,10T-DE-FR-00005A,Ensdorf - Vigy VIGY1 N,Ensdorf,Vigy,TieLine
2024-08-29 03:00:00+00:00,10T-DE-FR-000068,OPPOSITE,Ensdorf - Vigy VIGY1 N Ensdorf - Vigy VIGY1 N,10T-DE-FR-00005A,Ensdorf - Vigy VIGY1 N,Ensdorf,Vigy,TieLine
2024-08-29 03:00:00+00:00,10T-DE-FR-000068,DIRECT,Ensdorf - Vigy VIGY1 N Ensdorf - Vigy VIGY1 N,10T-DE-FR-00005A,Ensdorf - Vigy VIGY1 N,Ensdorf,Vigy,TieLine
2024-08-29 03:00:00+00:00,10T-DE-FR-000068,DIRECT,Ensdorf - Vigy VIGY1 N Ensdorf - Vigy VIGY1 N,10T-DE-FR-00005A,Ensdorf - Vigy VIGY1 N,Ensdorf,Vigy,TieLine
2024-08-29 03:00:00+00:00,10T-CZ-DE-00002U,OPPOSITE,Hradec - Rohrsdorf - V446  Hradec - Rohrsdorf 446,10T-CZ-DE-00003S,Hradec - Rohrsdorf - V446,Hradec,Rohrsdorf,TieLine
2024-08-29 03:00:00+00:00,10T-CZ-DE-00002U,OPPOSITE,Hradec - Rohrsdorf - V446  Hradec - Rohrsdorf 446,10T-CZ-DE-00003S,Hradec - Rohrsdorf 446,Hradec,Rohrsdorf,TieLine
2024-08-29 03:00:00+00:00,11TD8L565------N,DIRECT,Graustein - Baerwalde 566,11TD8L566------F,Graustein - Baerwalde 566,Graustein,Baerwalde,Line
2024-08-29 03:00:00+00:00,11T0-0000-0013-F,DIRECT,Hagenwerder - Mikulowa 567 Mikulowa - Hagenwerder 567,10T-DE-PL-00002B,Hagenwerder - Mikulowa 567,Hagenwerder,Mikulowa,TieLine
2024-08-29 03:00:00+00:00,11T0-0000-0013-F,DIRECT,Hagenwerder - Mikulowa 567 Mikulowa - Hagenwerder 567,10T-DE-PL-00002B,Mikulowa - Hagenwerder 567,Mikulowa 567,Hagenwerder,TieLine
2024-08-29 03:00:00+00:00,11TD8L555------W,OPPOSITE,Dresden/Sued - Schmoelln 556,11TD8L556------O,Dresden/Sued - Schmoelln 556,Dresden/Sued,Schmoelln,Line
2024-08-29 03:00:00+00:00,10T-HR-SI-000022,OPPOSITE,,,,,,
2024-08-29 03:00:00+00:00,10T-HR-SI-000022,DIRECT,Melina - Divaca 400 kV Divaca - Melina,10T-HR-SI-000014,Melina - Divaca,Melina,Divaca,TieLine
2024-08-29 03:00:00+00:00,10T-HR-SI-000022,DIRECT,Melina - Divaca 400 kV Divaca - Melina,10T-HR-SI-000014,400 kV Divaca - Melina,Divaca,Melina,TieLine
2024-08-29 03:00:00+00:00,10T-HR-SI-000022,OPPOSITE,Melina - Divaca 400 kV Divaca - Melina,10T-HR-SI-000014,Melina - Divaca,Melina,Divaca,TieLine
2024-08-29 03:00:00+00:00,10T-HR-SI-000022,OPPOSITE,Melina - Divaca 400 kV Divaca - Melina,10T-HR-SI-000014,400 kV Divaca - Melina,Divaca,Melina,TieLine
2024-08-29 03:00:00+00:00,10T-HR-HU-000033,OPPOSITE,Pecs - Ernestinovo2 491B Ernestinovo - Pecs 2,10T-HR-HU-000041,Pecs - Ernestinovo2 491B,Pecs,Ernestinovo,TieLine
2024-08-29 03:00:00+00:00,10T-HR-HU-000033,OPPOSITE,Pecs - Ernestinovo2 491B Ernestinovo - Pecs 2,10T-HR-HU-000041,Ernestinovo - Pecs 2,Ernestinovo,Pecs 2,TieLine
2024-08-29 03:00:00+00:00,10T-HR-SI-00004Z,OPPOSITE,Tumbri - Krsko 2 400 kV Krsko - Tumbri 2,10T-HR-SI-00005X,Tumbri - Krsko 2,Tumbri,Krsko,TieLine
2024-08-29 03:00:00+00:00,10T-HR-SI-00004Z,OPPOSITE,Tumbri - Krsko 2 400 kV Krsko - Tumbri 2,10T-HR-SI-00005X,400 kV Krsko - Tumbri 2,Krsko,Tumbri,TieLine
2024-08-29 03:00:00+00:00,15T-M000002791-J,DIRECT,Gabcikovo - Gyor Gabcikovo - Gyor,10T-HU-SK-00002R,Gabcikovo - Gyor,Gabcikovo,Gyor,TieLine
2024-08-29 03:00:00+00:00,15T-M000002791-J,DIRECT,Gabcikovo - Gyor Gabcikovo - Gyor,10T-HU-SK-00002R,Gabcikovo - Gyor,Gabcikovo,Gyor,TieLine
2024-08-29 03:00:00+00:00,10T-HU-UA-00002F,DIRECT,Szabolcsbaka - Mukachevo,10T1001C--000421,Szabolcsbaka - Mukachevo,Szabolcsbaka,Mukachevo,TieLine
2024-08-29 03:00:00+00:00,10T1001C--00054V,DIRECT,V.Kapusany - Mukachevo (WPS),10T-SK-UA-00001W,V.Kapusany - Mukachevo (WPS),Velke Kapusany,Mukachevo,TieLine
2024-08-29 03:00:00+00:00,10T1001C--00056R,DIRECT,Gabcikovo - Gyor Gabcikovo - Gyor,10T-HU-SK-00002R,Gabcikovo - Gyor,Gabcikovo,Gyor,TieLine
2024-08-29 03:00:00+00:00,10T1001C--00056R,DIRECT,Gabcikovo - Gyor Gabcikovo - Gyor,10T-HU-SK-00002R,Gabcikovo - Gyor,Gabcikovo,Gyor,TieLine
2024-08-29 03:00:00+00:00,10T1001C--00056R,OPPOSITE,Gonyu - Gyor,15T-M000002791-J,Gonyu - Gyor,Gonyu,Gyor,Line
2024-08-29 03:00:00+00:00,10T1001C--00056R,OPPOSITE,Gabcikovo - Gyor Gabcikovo - Gyor,10T-HU-SK-00002R,Gabcikovo - Gyor,Gabcikovo,Gyor,TieLine
2024-08-29 03:00:00+00:00,10T1001C--00056R,OPPOSITE,Gabcikovo - Gyor Gabcikovo - Gyor,10T-HU-SK-00002R,Gabcikovo - Gyor,Gabcikovo,Gyor,TieLine
2024-08-29 03:00:00+00:00,10T1001C--00101B,DIRECT,Zerjavinec - Heviz Zerjavinec - Heviz,10T-HR-HU-000025,Zerjavinec - Heviz,Zerjavinec,Heviz,TieLine
2024-08-29 03:00:00+00:00,10T1001C--00101B,DIRECT,Zerjavinec - Heviz Zerjavinec - Heviz,10T-HR-HU-000025,Zerjavinec - Heviz,Zerjavinec,Heviz,TieLine
2024-08-29 03:00:00+00:00,10T1001C--00101B,OPPOSITE,Zerjavinec - Heviz Zerjavinec - Heviz,10T-HR-HU-000025,Zerjavinec - Heviz,Zerjavinec,Heviz,TieLine
2024-08-29 03:00:00+00:00,10T1001C--00101B,OPPOSITE,Zerjavinec - Heviz Zerjavinec - Heviz,10T-HR-HU-000025,Zerjavinec - Heviz,Zerjavinec,Heviz,TieLine
2024-08-29 03:00:00+00:00,10T-DE-NL-00002T,DIRECT,Y-Doerpen West (-Meppen - Niederlangen) EMSLD OW Y-Niederlangen (-Meppen - Doerpen West) EMSLD OW Y-Meppen (-Doerpen West - Niederlangen) EMSLD OW Meppen - Niederlangen - Doerpen West EMSLD OW,11T0-0000-0990-L,Y-Doerpen West (-Meppen - Niederlangen) EMSLD OW,Doerpen West,Y Niederlangen,Line
2024-08-29 03:00:00+00:00,10T-DE-NL-00002T,DIRECT,Y-Doerpen West (-Meppen - Niederlangen) EMSLD OW Y-Niederlangen (-Meppen - Doerpen West) EMSLD OW Y-Meppen (-Doerpen West - Niederlangen) EMSLD OW Meppen - Niederlangen - Doerpen West EMSLD OW,11T0-0000-0991-I,Y-Niederlangen (-Meppen - Doerpen West) EMSLD OW,Niederlangen,Y Niederlangen,Line
2024-08-29 03:00:00+00:00,10T-DE-NL-00002T,DIRECT,Y-Doerpen West (-Meppen - Niederlangen) EMSLD OW Y-Niederlangen (-Meppen - Doerpen West) EMSLD OW Y-Meppen (-Doerpen West - Niederlangen) EMSLD OW Meppen - Niederlangen - Doerpen West EMSLD OW,11T-D2-D7-00001H,Y-Meppen (-Doerpen West - Niederlangen) EMSLD OW,Meppen,Y Niederlangen,Line
2024-08-29 03:00:00+00:00,10T-DE-NL-00002T,DIRECT,Y-Doerpen West (-Meppen - Niederlangen) EMSLD OW Y-Niederlangen (-Meppen - Doerpen West) EMSLD OW Y-Meppen (-Doerpen West - Niederlangen) EMSLD OW Meppen - Niederlangen - Doerpen West EMSLD OW,11T-D2-D7-00001H,NA,NA,NA,
2024-08-29 03:00:00+00:00,10T-DE-NL-00005N,DIRECT,Gronau - Kusenhorst HAMALD,11T0-0000-0618-7,Gronau - Kusenhorst HAMALD,Gronau,Kusenhorst,Line
2024-08-29 03:00:00+00:00,49T000000000000O,DIRECT,Zwolle - Hengelo 380 Zwart,49T000000000031D,Zwolle - Hengelo 380 Zwart,Zwolle,Hengelo,Line
2024-08-29 03:00:00+00:00,49T0000000000274,DIRECT,Krimpen a/d IJssel - Geertruidenberg 380 Zwart,49T0000000000282,Krimpen a/d IJssel - Geertruidenberg 380 Zwart,Krimpen a/d IJssel,Geertruidenberg,Line
2024-08-29 03:00:00+00:00,49T0000000000274,OPPOSITE,Krimpen a/d IJssel - Geertruidenberg 380 Zwart,49T0000000000282,Krimpen a/d IJssel - Geertruidenberg 380 Zwart,Krimpen a/d IJssel,Geertruidenberg,Line
2024-08-29 03:00:00+00:00,19T000000001304A,OPPOSITE,Krosno Iskrzynia - Tarnow,19T000000000296P,Krosno Iskrzynia - Tarnow,Krosno Iskrzynia,Tarnow,Line
2024-08-29 03:00:00+00:00,19T000000004057N,OPPOSITE,Mikulowa AT2,19T000000004058L,Mikulowa AT2,Mikulowa AT2,Mikulowa AT2,Transformer
2024-08-29 03:00:00+00:00,19T0000000063830,DIRECT,Hagenwerder - Mikulowa 568 Mikulowa - Hagenwerder 568,10T-DE-PL-00001D,Hagenwerder - Mikulowa 568,Hagenwerder,Mikulowa,TieLine
2024-08-29 03:00:00+00:00,19T0000000063830,DIRECT,Hagenwerder - Mikulowa 568 Mikulowa - Hagenwerder 568,10T-DE-PL-00001D,Mikulowa - Hagenwerder 568,Mikulowa 568,Hagenwerder,TieLine
2024-08-29 03:00:00+00:00,19T0000000063830,OPPOSITE,Hagenwerder - Mikulowa 568 Mikulowa - Hagenwerder 568,10T-DE-PL-00001D,Hagenwerder - Mikulowa 568,Hagenwerder,Mikulowa,TieLine
2024-08-29 03:00:00+00:00,19T0000000063830,OPPOSITE,Hagenwerder - Mikulowa 568 Mikulowa - Hagenwerder 568,10T-DE-PL-00001D,Mikulowa - Hagenwerder 568,Mikulowa 568,Hagenwerder,TieLine
2024-08-29 03:00:00+00:00,10T-CZ-PL-00004A,DIRECT,Dobrzen - Detmarovice Dobrzen - Detmarovice,10T1001A1001A09N,Dobrzen - Detmarovice,Dobrzen,Detmarovice,TieLine
2024-08-29 03:00:00+00:00,10T-CZ-PL-00004A,DIRECT,Dobrzen - Detmarovice Dobrzen - Detmarovice,10T1001A1001A09N,Dobrzen - Detmarovice,Detmarovice,Dobrzen,TieLine
2024-08-29 03:00:00+00:00,10T-CZ-PL-00004A,OPPOSITE,Dobrzen - Detmarovice Dobrzen - Detmarovice,10T1001A1001A09N,Dobrzen - Detmarovice,Dobrzen,Detmarovice,TieLine
2024-08-29 03:00:00+00:00,10T-CZ-PL-00004A,OPPOSITE,Dobrzen - Detmarovice Dobrzen - Detmarovice,10T1001A1001A09N,Dobrzen - Detmarovice,Detmarovice,Dobrzen,TieLine
2024-08-29 03:00:00+00:00,30TPARO220TRGJ-Q,OPPOSITE,Portile de Fier - Resita c1 Portile de Fier - Resita c2,30TPDFE220RESI1S,Portile de Fier - Resita c1,Portile de Fier,Resita c1,Line
2024-08-29 03:00:00+00:00,30TPARO220TRGJ-Q,OPPOSITE,Portile de Fier - Resita c1 Portile de Fier - Resita c2,30TPDFE220RESI2Q,Portile de Fier - Resita c2,Portile de Fier,Resita c2,Line
2024-08-29 03:00:00+00:00,30TRESI220TIMI1L,DIRECT,Resita - Timisoara c2,30TRESI220TIMI2J,Resita - Timisoara c2,Resita,Timisoara c2,Line
2024-08-29 03:00:00+00:00,30T-ROSI400AT--1,DIRECT,Rosiori - Gadalin,30TGADA400ROSI-A,Rosiori - Gadalin,Rosiori,Gadalin,Line
2024-08-29 03:00:00+00:00,30T-ARAD400AT3-F,DIRECT,Mintia - Arad,30TARAD400MINT-8,Mintia - Arad,Mintia,Arad,Line
2024-08-29 03:00:00+00:00,30TPARO220TRGJ-Q,OPPOSITE,Isaccea - Vulcanesti,30TISAC400VULC-W,Isaccea - Vulcanesti,Isaccea,Vulcanesti,TieLine
2024-08-29 03:00:00+00:00,10T1001C--00101B,DIRECT,Kainachtal - Maribor 473 400 kV Maribor - Kainachtal 1,10T-AT-SI-00001T,Kainachtal - Maribor 473,Kainachtal,Maribor,TieLine
2024-08-29 03:00:00+00:00,10T1001C--00101B,DIRECT,Kainachtal - Maribor 473 400 kV Maribor - Kainachtal 1,10T-AT-SI-00001T,400 kV Maribor - Kainachtal 1,Maribor,Kainachtal,TieLine
2024-08-29 03:00:00+00:00,10T1001C--00101B,DIRECT,Zerjavinec - Cirkovce 400 kV Cirkovce - Zerjavinec,10T1001C--001037,Zerjavinec - Cirkovce,Zerjavinec,Cirkovce,TieLine
2024-08-29 03:00:00+00:00,10T1001C--00101B,DIRECT,Zerjavinec - Cirkovce 400 kV Cirkovce - Zerjavinec,10T1001C--001037,400 kV Cirkovce - Zerjavinec,Cirkovce,Zerjavinec,TieLine
2024-08-29 03:00:00+00:00,10T1001C--00101B,OPPOSITE,Kainachtal - Maribor 473 400 kV Maribor - Kainachtal 1,10T-AT-SI-00001T,Kainachtal - Maribor 473,Kainachtal,Maribor,TieLine
2024-08-29 03:00:00+00:00,10T1001C--00101B,OPPOSITE,Kainachtal - Maribor 473 400 kV Maribor - Kainachtal 1,10T-AT-SI-00001T,400 kV Maribor - Kainachtal 1,Maribor,Kainachtal,TieLine
2024-08-29 03:00:00+00:00,10T1001C--00101B,OPPOSITE,Zerjavinec - Cirkovce 400 kV Cirkovce - Zerjavinec,10T1001C--001037,Zerjavinec - Cirkovce,Zerjavinec,Cirkovce,TieLine
2024-08-29 03:00:00+00:00,10T1001C--00101B,OPPOSITE,Zerjavinec - Cirkovce 400 kV Cirkovce - Zerjavinec,10T1001C--001037,400 kV Cirkovce - Zerjavinec,Cirkovce,Zerjavinec,TieLine
2024-08-29 03:00:00+00:00,10T-HU-SK-00001T,DIRECT,R.Sobota - Sajoivanka  R.Sobota - Sajoivanka,10T1001C--00054V,R.Sobota - Sajoivanka,R.Sobota,Sajoivanka,TieLine
2024-08-29 03:00:00+00:00,10T-HU-SK-00001T,DIRECT,R.Sobota - Sajoivanka  R.Sobota - Sajoivanka,10T1001C--00054V,R.Sobota - Sajoivanka,R.Sobota,Sajoivanka,TieLine
2024-08-29 03:00:00+00:00,10T-SK-UA-00001W,DIRECT,R.Sobota - Sajoivanka  R.Sobota - Sajoivanka,10T1001C--00054V,R.Sobota - Sajoivanka,R.Sobota,Sajoivanka,TieLine
2024-08-29 03:00:00+00:00,10T-SK-UA-00001W,DIRECT,R.Sobota - Sajoivanka  R.Sobota - Sajoivanka,10T1001C--00054V,R.Sobota - Sajoivanka,R.Sobota,Sajoivanka,TieLine
2024-08-29 03:00:00+00:00,24T-V429-0000005,DIRECT,V.Dur - Krizovany,24T-V425-0000004,V.Dur - Krizovany,V.Dur,Krizovany,Line
2024-08-29 03:00:00+00:00,24T-V493-000000Q,DIRECT,Bosaca - Varin,24T-V495-0000008,Bosaca - Varin,Bosaca,Varin,Line
2024-08-29 03:00:00+00:00,24T-V490-000000G,DIRECT,V.Dur - Levice 2,24T-V491-0000007,V.Dur - Levice 2,V.Dur,Levice,Line
2024-08-29 03:00:00+00:00,24T-V425-0000004,DIRECT,Gabcikovo - P.Biskupice,24T-V429-0000005,Gabcikovo - P.Biskupice,Gabcikovo,P.Biskupice,Line
2024-08-29 03:00:00+00:00,10T-SK-UA-00001W,OPPOSITE,R.Sobota - Sajoivanka  R.Sobota - Sajoivanka,10T1001C--00054V,R.Sobota - Sajoivanka,R.Sobota,Sajoivanka,TieLine
2024-08-29 03:00:00+00:00,10T-SK-UA-00001W,OPPOSITE,R.Sobota - Sajoivanka  R.Sobota - Sajoivanka,10T1001C--00054V,R.Sobota - Sajoivanka,R.Sobota,Sajoivanka,TieLine
2024-08-29 03:00:00+00:00,10T-CZ-SK-00002W,OPPOSITE,Lemesany - Krosno Iskrz 2 Lemesany - Krosno Iskrz 2,10T-PL-SK-00002U,Lemesany - Krosno Iskrz 2,Lemesany,Krosno Iskrz,TieLine
2024-08-29 03:00:00+00:00,10T-CZ-SK-00002W,OPPOSITE,Lemesany - Krosno Iskrz 2 Lemesany - Krosno Iskrz 2,10T-PL-SK-00002U,Lemesany - Krosno Iskrz 2,Lemesany,Krosno Iskrz 2,TieLine
2024-08-29 03:00:00+00:00,24T-V425-0000004,OPPOSITE,Gabcikovo - P.Biskupice,24T-V429-0000005,Gabcikovo - P.Biskupice,Gabcikovo,P.Biskupice,Line
2024-08-29 03:00:00+00:00,24T-V425-0000004,OPPOSITE,Krizovany - P.Biskupice,24T-V439-000000W,Krizovany - P.Biskupice,Krizovany,P.Biskupice,Line
2024-08-29 04:00:00+00:00,14T-221-0-00223Q,OPPOSITE,Hessenberg - Weissenbach 224,14T-220-0-00224Y,Hessenberg - Weissenbach 224,Hessenberg,Weissenbach,Line
2024-08-29 04:00:00+00:00,10T-AT-SI-00003P,DIRECT,Kainachtal - Obersielach 471,14T-380-0-00471D,Kainachtal - Obersielach 471,Kainachtal,Obersielach,Line
2024-08-29 04:00:00+00:00,10T-AT-SI-00003P,DIRECT,Kainachtal - Maribor 473 400 kV Maribor - Kainachtal 1,10T-AT-SI-00001T,Kainachtal - Maribor 473,Kainachtal,Maribor,TieLine
2024-08-29 04:00:00+00:00,10T-AT-SI-00003P,DIRECT,Kainachtal - Maribor 473 400 kV Maribor - Kainachtal 1,10T-AT-SI-00001T,400 kV Maribor - Kainachtal 1,Maribor,Kainachtal,TieLine
2024-08-29 04:00:00+00:00,10T-AT-SI-00003P,DIRECT,400 kV Cirkovce - Podlog,28T000000000301K,400 kV Cirkovce - Podlog,Cirkovce,Podlog,Line
2024-08-29 04:00:00+00:00,10T-AT-SI-00003P,OPPOSITE,400 kV Cirkovce - Podlog,28T000000000301K,400 kV Cirkovce - Podlog,Cirkovce,Podlog,Line
2024-08-29 04:00:00+00:00,10T-AT-SI-00003P,DIRECT,400 kV Cirkovce - Krsko,28T000000000300M,400 kV Cirkovce - Krsko,Cirkovce,Krsko,Line
2024-08-29 04:00:00+00:00,10T-AT-DE-000037,DIRECT,Pirach Neu - Pleinting 296/257 Pirach Neu - Pirach 296/257,11T0-0000-2108-O,Pirach Neu - Pleinting 296/257,Pirach Neu,Pleinting,Line
2024-08-29 04:00:00+00:00,10T-AT-DE-000037,DIRECT,Pirach Neu - Pleinting 296/257 Pirach Neu - Pirach 296/257,11T0-0000-2108-O,Pirach Neu - Pirach 296/257,Pirach Neu,Pirach,Line
2024-08-29 04:00:00+00:00,14T-220-0-0273BO,DIRECT,Strass - Thaur 274B,14T-220-0-0274BL,Strass - Thaur 274B,Strass,Thaur,Line
2024-08-29 04:00:00+00:00,10T-AT-CZ-00003X,OPPOSITE,Slavetice - Durnrohr - V438  Duernrohr 1 - Slavetice 438,10T-AT-CZ-00004V,Slavetice - Durnrohr - V438,Slavetice,Durnrohr,TieLine
2024-08-29 04:00:00+00:00,10T-AT-CZ-00003X,OPPOSITE,Slavetice - Durnrohr - V438  Duernrohr 1 - Slavetice 438,10T-AT-CZ-00004V,Duernrohr 1 - Slavetice 438,Duernrohr 1,Slavetice,TieLine
2024-08-29 04:00:00+00:00,10T-AT-SI-00001T,OPPOSITE,Kainachtal - Maribor 474 400 kV Maribor - Kainachtal 2,10T-AT-SI-00002R,Kainachtal - Maribor 474,Kainachtal,Maribor,TieLine
2024-08-29 04:00:00+00:00,10T-AT-SI-00001T,OPPOSITE,Kainachtal - Maribor 474 400 kV Maribor - Kainachtal 2,10T-AT-SI-00002R,400 kV Maribor - Kainachtal 2,Maribor,Kainachtal,TieLine
2024-08-29 04:00:00+00:00,14T-38220-WT041O,OPPOSITE,Westtirol 2 - Voehringen 411 Westtirol - Voehringen FUESSN W,10T1001C--00037V,Westtirol 2 - Voehringen 411,Westtirol 2,Voehringen,TieLine
2024-08-29 04:00:00+00:00,14T-38220-WT041O,OPPOSITE,Westtirol 2 - Voehringen 411 Westtirol - Voehringen FUESSN W,10T1001C--00037V,Westtirol - Voehringen FUESSN W,Westtirol,Voehringen,TieLine
2024-08-29 04:00:00+00:00,14T-38220-WT041O,OPPOSITE,Buers - Westtirol rt (422) Westtirol 2 - Buers 422,10T-AT-DE-000061,Buers - Westtirol rt (422),Buers,Westtirol,TieLine
2024-08-29 04:00:00+00:00,14T-38220-WT041O,OPPOSITE,Buers - Westtirol rt (422) Westtirol 2 - Buers 422,10T-AT-DE-000061,Westtirol 2 - Buers 422,Buers,Westtirol,TieLine
2024-08-29 04:00:00+00:00,14T-38220-WT041O,OPPOSITE,Buers - Westtirol ws (421) Westtirol 1 - Buers 421,10T-AT-DE-000053,Buers - Westtirol ws (421),Buers,Westtirol,TieLine
2024-08-29 04:00:00+00:00,14T-38220-WT041O,OPPOSITE,Buers - Westtirol ws (421) Westtirol 1 - Buers 421,10T-AT-DE-000053,Westtirol 1 - Buers 421,Buers,Westtirol,TieLine
2024-08-29 04:00:00+00:00,10T-BE-FR-000015,DIRECT,Avelgem - Horta 380.102,22T20161020---1E,Avelgem - Horta 380.102,Avelgem,Horta,Line
2024-08-29 04:00:00+00:00,10T-BE-FR-000015,OPPOSITE,Avelgem - Horta 380.102,22T20161020---1E,Avelgem - Horta 380.102,Avelgem,Horta,Line
2024-08-29 04:00:00+00:00,10T-BE-FR-000015,OPPOSITE,Lixhe - Van Eyck 380.91 Alegro HVDC,22T20180102---2W,Lixhe - Van Eyck 380.91,Lixhe,Van Eyck,Line
2024-08-29 04:00:00+00:00,10T-BE-FR-000015,OPPOSITE,Lixhe - Van Eyck 380.91 Alegro HVDC,22T201903146---W,NA,NA,NA,
2024-08-29 04:00:00+00:00,10T-BE-FR-000015,OPPOSITE,PST Van Eyck 2,22T-BE-PST--002U,PST Van Eyck 2,Van Eyck,Van Eyck,PST
2024-08-29 04:00:00+00:00,22T-BE-IN-LI018R,DIRECT,Y-Van Eyck (-Andre Dumont - Gramme) 380.12 Y-Andre Dumont (-Gramme - Van Eyck) 380.12 Y-Gramme (-Andre Dumont - Van Eyck) 380.12,22T20161020---48,Y-Van Eyck (-Andre Dumont - Gramme) 380.12,Van Eyck,Zuttendaal,Line
2024-08-29 04:00:00+00:00,22T-BE-IN-LI018R,DIRECT,Y-Van Eyck (-Andre Dumont - Gramme) 380.12 Y-Andre Dumont (-Gramme - Van Eyck) 380.12 Y-Gramme (-Andre Dumont - Van Eyck) 380.12,22T20161020---48,Y-Andre Dumont (-Gramme - Van Eyck) 380.12,Andre Dumont,Zuttendaal,Line
2024-08-29 04:00:00+00:00,22T-BE-IN-LI018R,DIRECT,Y-Van Eyck (-Andre Dumont - Gramme) 380.12 Y-Andre Dumont (-Gramme - Van Eyck) 380.12 Y-Gramme (-Andre Dumont - Van Eyck) 380.12,22T20161020---48,Y-Gramme (-Andre Dumont - Van Eyck) 380.12,Gramme,Zuttendaal,Line
2024-08-29 04:00:00+00:00,22T-BE-PST--001W,DIRECT,PST Van Eyck 2,22T-BE-PST--002U,PST Van Eyck 2,Van Eyck,Van Eyck,PST
2024-08-29 04:00:00+00:00,22T-BE-PST--002U,DIRECT,Achene - Lonny 380.19 Achene - Lonny 19,10T-BE-FR-000015,Achene - Lonny 380.19,Achene,Lonny,TieLine
2024-08-29 04:00:00+00:00,22T-BE-PST--002U,DIRECT,Achene - Lonny 380.19 Achene - Lonny 19,10T-BE-FR-000015,Achene - Lonny 19,Achene,Lonny,TieLine
2024-08-29 04:00:00+00:00,22T-BE-PST--002U,DIRECT,Y-Bruegel (-Mercator - Verbrande Brug) 380.36 Y-Mercator (-Bruegel - Verbrande Brug) 380.36 Y-Verbrande Brug (-Bruegel - Mercator) 380.36,22T-BE-IN-LI006Y,Y-Bruegel (-Mercator - Verbrande Brug) 380.36,Bruegel,Buggenhout,Line
2024-08-29 04:00:00+00:00,22T-BE-PST--002U,DIRECT,Y-Bruegel (-Mercator - Verbrande Brug) 380.36 Y-Mercator (-Bruegel - Verbrande Brug) 380.36 Y-Verbrande Brug (-Bruegel - Mercator) 380.36,22T-BE-IN-LI006Y,Y-Mercator (-Bruegel - Verbrande Brug) 380.36,Mercator,Buggenhout,Line
2024-08-29 04:00:00+00:00,22T-BE-PST--002U,DIRECT,Y-Bruegel (-Mercator - Verbrande Brug) 380.36 Y-Mercator (-Bruegel - Verbrande Brug) 380.36 Y-Verbrande Brug (-Bruegel - Mercator) 380.36,22T-BE-IN-LI006Y,Y-Verbrande Brug (-Bruegel - Mercator) 380.36,Verbrande Brug,Buggenhout,Line
2024-08-29 04:00:00+00:00,22T-BE-PST--002U,DIRECT,PST Van Eyck 1,22T-BE-PST--001W,PST Van Eyck 1,Van Eyck,Van Eyck,PST
2024-08-29 04:00:00+00:00,22T-BE-PST--002U,OPPOSITE,Y-Bruegel (-Courcelles - Drogenbos) 380.33 Y-Courcelles (-Bruegel - Drogenbos) 380.33 Y-Drogenbos (-Bruegel - Courcelles) 380.33,22T-BE-IN-LI0017,Y-Bruegel (-Courcelles - Drogenbos) 380.33,Bruegel,Mekingen,Line
2024-08-29 04:00:00+00:00,22T-BE-PST--002U,OPPOSITE,Y-Bruegel (-Courcelles - Drogenbos) 380.33 Y-Courcelles (-Bruegel - Drogenbos) 380.33 Y-Drogenbos (-Bruegel - Courcelles) 380.33,22T-BE-IN-LI0017,Y-Courcelles (-Bruegel - Drogenbos) 380.33,Courcelles,Mekingen,Line
2024-08-29 04:00:00+00:00,22T-BE-PST--002U,OPPOSITE,Y-Bruegel (-Courcelles - Drogenbos) 380.33 Y-Courcelles (-Bruegel - Drogenbos) 380.33 Y-Drogenbos (-Bruegel - Courcelles) 380.33,22T-BE-IN-LI0017,Y-Drogenbos (-Bruegel - Courcelles) 380.33,Drogenbos,Mekingen,Line
2024-08-29 04:00:00+00:00,22T-BE-PST--002U,OPPOSITE,Gramme - Achene 380.10,22T-BE-IN-LI0130,Gramme - Achene 380.10,Achene,Gramme,Line
2024-08-29 04:00:00+00:00,22T-BE-PST--002U,OPPOSITE,PST Van Eyck 1,22T-BE-PST--001W,PST Van Eyck 1,Van Eyck,Van Eyck,PST
2024-08-29 04:00:00+00:00,22T-BE-IN-LI02AK,DIRECT,Doel - Zandvliet 380.26,22T20170512----9,Doel - Zandvliet 380.26,Doel,Zandvliet,Line
2024-08-29 04:00:00+00:00,22T-BE-PST--002U,DIRECT,Alegro HVDC,22T201903146---W,NA,NA,NA,
2024-08-29 04:00:00+00:00,22T-BE-PST--002U,OPPOSITE,Alegro HVDC,22T201903146---W,NA,NA,NA,
2024-08-29 04:00:00+00:00,10T-CZ-SK-00001Y,DIRECT,Nosovice - Varin  Nosovice - Varin,10T-CZ-SK-00002W,Nosovice - Varin,Nosovice,Varin,TieLine
2024-08-29 04:00:00+00:00,10T-CZ-SK-00001Y,DIRECT,Nosovice - Varin  Nosovice - Varin,10T-CZ-SK-00002W,Nosovice - Varin,Nosovice,Varin,TieLine
2024-08-29 04:00:00+00:00,10T-CZ-SK-00001Y,OPPOSITE,Nosovice - Varin  Nosovice - Varin,10T-CZ-SK-00002W,Nosovice - Varin,Nosovice,Varin,TieLine
2024-08-29 04:00:00+00:00,10T-CZ-SK-00001Y,OPPOSITE,Nosovice - Varin  Nosovice - Varin,10T-CZ-SK-00002W,Nosovice - Varin,Nosovice,Varin,TieLine
2024-08-29 04:00:00+00:00,10T-CZ-SK-00002W,DIRECT,Krizovany - Sokolnice Sokolnice - Krizovany,10T-CZ-SK-00003U,Krizovany - Sokolnice,Krizovany,Sokolnice,TieLine
2024-08-29 04:00:00+00:00,10T-CZ-SK-00002W,DIRECT,Krizovany - Sokolnice Sokolnice - Krizovany,10T-CZ-SK-00003U,Sokolnice - Krizovany,Sokolnice,Krizovany,TieLine
2024-08-29 04:00:00+00:00,10T-CZ-SK-00002W,OPPOSITE,Krizovany - Sokolnice Sokolnice - Krizovany,10T-CZ-SK-00003U,Krizovany - Sokolnice,Krizovany,Sokolnice,TieLine
2024-08-29 04:00:00+00:00,10T-CZ-SK-00002W,OPPOSITE,Krizovany - Sokolnice Sokolnice - Krizovany,10T-CZ-SK-00003U,Sokolnice - Krizovany,Sokolnice,Krizovany,TieLine
2024-08-29 04:00:00+00:00,10T1001C--001223,OPPOSITE,Sokolnice - Zaya - V243 Zaya - Sokolnice 243,10T1001C--001215,Sokolnice - Zaya - V243,Sokolnice,Zaya,TieLine
2024-08-29 04:00:00+00:00,10T1001C--001223,OPPOSITE,Sokolnice - Zaya - V243 Zaya - Sokolnice 243,10T1001C--001215,Zaya - Sokolnice 243,Zaya,Sokolnice,TieLine
2024-08-29 04:00:00+00:00,10T-CZ-SK-00003U,DIRECT,Nosovice - Varin  Nosovice - Varin,10T-CZ-SK-00002W,Nosovice - Varin,Nosovice,Varin,TieLine
2024-08-29 04:00:00+00:00,10T-CZ-SK-00003U,DIRECT,Nosovice - Varin  Nosovice - Varin,10T-CZ-SK-00002W,Nosovice - Varin,Nosovice,Varin,TieLine
2024-08-29 04:00:00+00:00,10T-CZ-SK-00003U,OPPOSITE,Nosovice - Varin  Nosovice - Varin,10T-CZ-SK-00002W,Nosovice - Varin,Nosovice,Varin,TieLine
2024-08-29 04:00:00+00:00,10T-CZ-SK-00003U,OPPOSITE,Nosovice - Varin  Nosovice - Varin,10T-CZ-SK-00002W,Nosovice - Varin,Nosovice,Varin,TieLine
2024-08-29 04:00:00+00:00,10T-CZ-SK-00003U,DIRECT,Sokolnice - Stupava  Sokolnice - Stupava,10T-CZ-SK-00005Q,Sokolnice - Stupava,Sokolnice,Stupava,TieLine
2024-08-29 04:00:00+00:00,10T-CZ-SK-00003U,DIRECT,Sokolnice - Stupava  Sokolnice - Stupava,10T-CZ-SK-00005Q,Sokolnice - Stupava,Stupava,Sokolnice,TieLine
2024-08-29 04:00:00+00:00,10T-CZ-SK-00003U,OPPOSITE,Sokolnice - Stupava  Sokolnice - Stupava,10T-CZ-SK-00005Q,Sokolnice - Stupava,Sokolnice,Stupava,TieLine
2024-08-29 04:00:00+00:00,10T-CZ-SK-00003U,OPPOSITE,Sokolnice - Stupava  Sokolnice - Stupava,10T-CZ-SK-00005Q,Sokolnice - Stupava,Stupava,Sokolnice,TieLine
2024-08-29 04:00:00+00:00,10T-CZ-SK-00003U,DIRECT,H. Zivotice - Krasikov,27T-TLI-V458---B,H. Zivotice - Krasikov,H. Zivotice,Krasikov,Line
2024-08-29 04:00:00+00:00,10T-CZ-SK-00003U,OPPOSITE,H. Zivotice - Krasikov,27T-TLI-V458---B,H. Zivotice - Krasikov,H. Zivotice,Krasikov,Line
2024-08-29 04:00:00+00:00,10T-CZ-DE-00001W,OPPOSITE,Prestice - Etzenricht  Etzenricht - Prestice 442,10T-CZ-DE-00004Q,Prestice - Etzenricht,Prestice,Etzenricht,TieLine
2024-08-29 04:00:00+00:00,10T-CZ-DE-00001W,OPPOSITE,Prestice - Etzenricht  Etzenricht - Prestice 442,10T-CZ-DE-00004Q,Etzenricht - Prestice 442,Etzenricht,Prestice,TieLine
2024-08-29 04:00:00+00:00,10T-CZ-DE-00004Q,OPPOSITE,Hradec - Etzenricht  Etzenricht - Hradec 441,10T-CZ-DE-00001W,Hradec - Etzenricht,Hradec,Etzenricht,TieLine
2024-08-29 04:00:00+00:00,10T-CZ-DE-00004Q,OPPOSITE,Hradec - Etzenricht  Etzenricht - Hradec 441,10T-CZ-DE-00001W,Etzenricht - Hradec 441,Etzenricht,Hradec,TieLine
2024-08-29 04:00:00+00:00,11TD2L000000003L,OPPOSITE,Altheim - Sittling 220,11TD2L000000004J,Altheim - Sittling 220,Altheim,Sittling,Line
2024-08-29 04:00:00+00:00,11T0-0000-1496-M,OPPOSITE,Emscherbruch - Mengede RECKLI S,11T0-0000-2064-H,Emscherbruch - Mengede RECKLI S,Emscherbruch,Mengede,Line
2024-08-29 04:00:00+00:00,11T0-0000-0781-W,DIRECT,Y-Oberzier (-Paffendorf - Sechtem) SECHTM S Y-Paffendorf (-Oberzier - Sechtem) SECHTM S Y-Sechtem (-Oberzier - Paffendorf) SECHTM S,11T0-0000-0782-T,Y-Oberzier (-Paffendorf - Sechtem) SECHTM S,Oberzier,Y-Paffendorf,Line
2024-08-29 04:00:00+00:00,11T0-0000-0781-W,DIRECT,Y-Oberzier (-Paffendorf - Sechtem) SECHTM S Y-Paffendorf (-Oberzier - Sechtem) SECHTM S Y-Sechtem (-Oberzier - Paffendorf) SECHTM S,11T0-0000-0815-6,Y-Paffendorf (-Oberzier - Sechtem) SECHTM S,Paffendorf,Y-Paffendorf,Line
2024-08-29 04:00:00+00:00,11T0-0000-0781-W,DIRECT,Y-Oberzier (-Paffendorf - Sechtem) SECHTM S Y-Paffendorf (-Oberzier - Sechtem) SECHTM S Y-Sechtem (-Oberzier - Paffendorf) SECHTM S,11T0-0000-0849-J,Y-Sechtem (-Oberzier - Paffendorf) SECHTM S,Sechtem,Y-Paffendorf,Line
2024-08-29 04:00:00+00:00,10T-DE-NL-00005N,DIRECT,Alegro HVDC,22T201903146---W,NA,NA,NA,
2024-08-29 04:00:00+00:00,10T-DE-NL-00005N,DIRECT,Ensdorf - Vigy VIGY2 S Ensdorf - Vigy VIGY2 S,10T-DE-FR-000068,Ensdorf - Vigy VIGY2 S,Ensdorf,Vigy,TieLine
2024-08-29 04:00:00+00:00,10T-DE-NL-00005N,DIRECT,Ensdorf - Vigy VIGY2 S Ensdorf - Vigy VIGY2 S,10T-DE-FR-000068,Ensdorf - Vigy VIGY2 S,Ensdorf,Vigy,TieLine
2024-08-29 04:00:00+00:00,10T-DE-NL-00005N,DIRECT,Gramme - Achene 380.10,22T-BE-IN-LI0130,Gramme - Achene 380.10,Achene,Gramme,Line
2024-08-29 04:00:00+00:00,10T-DE-NL-00005N,DIRECT,Boxmeer - Dodewaard 380 Zwart,49T000000000006C,Boxmeer - Dodewaard 380 Zwart,Boxmeer,Dodewaard,Line
2024-08-29 04:00:00+00:00,10T-DE-NL-00005N,DIRECT,Maasbracht - Dodewaard 380 Wit,49T000000000013F,Maasbracht - Dodewaard 380 Wit,Dodewaard,Maasbracht,Line
2024-08-29 04:00:00+00:00,10T-DE-NL-00005N,DIRECT,Avelgem - Horta 380.102,22T20161020---1E,Avelgem - Horta 380.102,Avelgem,Horta,Line
2024-08-29 04:00:00+00:00,10T-DE-NL-00005N,OPPOSITE,Alegro HVDC,22T201903146---W,NA,NA,NA,
2024-08-29 04:00:00+00:00,10T-DE-NL-00005N,OPPOSITE,Achene - Lonny 380.19 Achene - Lonny 19,10T-BE-FR-000015,Achene - Lonny 380.19,Achene,Lonny,TieLine
2024-08-29 04:00:00+00:00,10T-DE-NL-00005N,OPPOSITE,Achene - Lonny 380.19 Achene - Lonny 19,10T-BE-FR-000015,Achene - Lonny 19,Achene,Lonny,TieLine
2024-08-29 04:00:00+00:00,10T-DE-NL-00005N,OPPOSITE,Boxmeer - Dodewaard 380 Zwart,49T000000000006C,Boxmeer - Dodewaard 380 Zwart,Boxmeer,Dodewaard,Line
2024-08-29 04:00:00+00:00,10T-DE-FR-000068,OPPOSITE,Ensdorf - Vigy VIGY1 N Ensdorf - Vigy VIGY1 N,10T-DE-FR-00005A,Ensdorf - Vigy VIGY1 N,Ensdorf,Vigy,TieLine
2024-08-29 04:00:00+00:00,10T-DE-FR-000068,OPPOSITE,Ensdorf - Vigy VIGY1 N Ensdorf - Vigy VIGY1 N,10T-DE-FR-00005A,Ensdorf - Vigy VIGY1 N,Ensdorf,Vigy,TieLine
2024-08-29 04:00:00+00:00,10T-DE-FR-000068,DIRECT,Ensdorf - Vigy VIGY1 N Ensdorf - Vigy VIGY1 N,10T-DE-FR-00005A,Ensdorf - Vigy VIGY1 N,Ensdorf,Vigy,TieLine
2024-08-29 04:00:00+00:00,10T-DE-FR-000068,DIRECT,Ensdorf - Vigy VIGY1 N Ensdorf - Vigy VIGY1 N,10T-DE-FR-00005A,Ensdorf - Vigy VIGY1 N,Ensdorf,Vigy,TieLine
2024-08-29 04:00:00+00:00,11T0-0000-0781-W,DIRECT,PST Oberzier TR 442 E,11T0-0000-2133-R,PST Oberzier TR 442 E,Oberzier,Oberzier,PST
2024-08-29 04:00:00+00:00,10T-CZ-DE-00002U,OPPOSITE,Hradec - Rohrsdorf - V446  Hradec - Rohrsdorf 446,10T-CZ-DE-00003S,Hradec - Rohrsdorf - V446,Hradec,Rohrsdorf,TieLine
2024-08-29 04:00:00+00:00,10T-CZ-DE-00002U,OPPOSITE,Hradec - Rohrsdorf - V446  Hradec - Rohrsdorf 446,10T-CZ-DE-00003S,Hradec - Rohrsdorf 446,Hradec,Rohrsdorf,TieLine
2024-08-29 04:00:00+00:00,11T0-0000-0011-L,DIRECT,,,,,,
2024-08-29 04:00:00+00:00,11T0-0000-0013-F,DIRECT,Hagenwerder - Mikulowa 567 Mikulowa - Hagenwerder 567,10T-DE-PL-00002B,Hagenwerder - Mikulowa 567,Hagenwerder,Mikulowa,TieLine
2024-08-29 04:00:00+00:00,11T0-0000-0013-F,DIRECT,Hagenwerder - Mikulowa 567 Mikulowa - Hagenwerder 567,10T-DE-PL-00002B,Mikulowa - Hagenwerder 567,Mikulowa 567,Hagenwerder,TieLine
2024-08-29 04:00:00+00:00,11TD8L555------W,OPPOSITE,Dresden/Sued - Schmoelln 556,11TD8L556------O,Dresden/Sued - Schmoelln 556,Dresden/Sued,Schmoelln,Line
2024-08-29 04:00:00+00:00,10T-HR-SI-000022,OPPOSITE,,,,,,
2024-08-29 04:00:00+00:00,10T-HR-SI-000022,DIRECT,Melina - Divaca 400 kV Divaca - Melina,10T-HR-SI-000014,Melina - Divaca,Melina,Divaca,TieLine
2024-08-29 04:00:00+00:00,10T-HR-SI-000022,DIRECT,Melina - Divaca 400 kV Divaca - Melina,10T-HR-SI-000014,400 kV Divaca - Melina,Divaca,Melina,TieLine
2024-08-29 04:00:00+00:00,10T-HR-SI-000022,OPPOSITE,Melina - Divaca 400 kV Divaca - Melina,10T-HR-SI-000014,Melina - Divaca,Melina,Divaca,TieLine
2024-08-29 04:00:00+00:00,10T-HR-SI-000022,OPPOSITE,Melina - Divaca 400 kV Divaca - Melina,10T-HR-SI-000014,400 kV Divaca - Melina,Divaca,Melina,TieLine
2024-08-29 04:00:00+00:00,10T-HR-HU-000033,OPPOSITE,Pecs - Ernestinovo2 491B Ernestinovo - Pecs 2,10T-HR-HU-000041,Pecs - Ernestinovo2 491B,Pecs,Ernestinovo,TieLine
2024-08-29 04:00:00+00:00,10T-HR-HU-000033,OPPOSITE,Pecs - Ernestinovo2 491B Ernestinovo - Pecs 2,10T-HR-HU-000041,Ernestinovo - Pecs 2,Ernestinovo,Pecs 2,TieLine
2024-08-29 04:00:00+00:00,10T-HR-SI-00004Z,OPPOSITE,Tumbri - Krsko 2 400 kV Krsko - Tumbri 2,10T-HR-SI-00005X,Tumbri - Krsko 2,Tumbri,Krsko,TieLine
2024-08-29 04:00:00+00:00,10T-HR-SI-00004Z,OPPOSITE,Tumbri - Krsko 2 400 kV Krsko - Tumbri 2,10T-HR-SI-00005X,400 kV Krsko - Tumbri 2,Krsko,Tumbri,TieLine
2024-08-29 04:00:00+00:00,15T-M000002791-J,DIRECT,Gabcikovo - Gyor Gabcikovo - Gyor,10T-HU-SK-00002R,Gabcikovo - Gyor,Gabcikovo,Gyor,TieLine
2024-08-29 04:00:00+00:00,15T-M000002791-J,DIRECT,Gabcikovo - Gyor Gabcikovo - Gyor,10T-HU-SK-00002R,Gabcikovo - Gyor,Gabcikovo,Gyor,TieLine
2024-08-29 04:00:00+00:00,10T-HU-UA-00002F,DIRECT,Szabolcsbaka - Mukachevo,10T1001C--000421,Szabolcsbaka - Mukachevo,Szabolcsbaka,Mukachevo,TieLine
2024-08-29 04:00:00+00:00,10T-HU-UA-00002F,OPPOSITE,Szabolcsbaka - Mukachevo,10T1001C--000421,Szabolcsbaka - Mukachevo,Szabolcsbaka,Mukachevo,TieLine
2024-08-29 04:00:00+00:00,10T1001C--00054V,DIRECT,V.Kapusany - Mukachevo (WPS),10T-SK-UA-00001W,V.Kapusany - Mukachevo (WPS),Velke Kapusany,Mukachevo,TieLine
2024-08-29 04:00:00+00:00,10T1001C--00056R,DIRECT,Gabcikovo - Gyor Gabcikovo - Gyor,10T-HU-SK-00002R,Gabcikovo - Gyor,Gabcikovo,Gyor,TieLine
2024-08-29 04:00:00+00:00,10T1001C--00056R,DIRECT,Gabcikovo - Gyor Gabcikovo - Gyor,10T-HU-SK-00002R,Gabcikovo - Gyor,Gabcikovo,Gyor,TieLine
2024-08-29 04:00:00+00:00,10T1001C--00056R,OPPOSITE,Gonyu - Gyor,15T-M000002791-J,Gonyu - Gyor,Gonyu,Gyor,Line
2024-08-29 04:00:00+00:00,10T1001C--00056R,OPPOSITE,Gabcikovo - Gyor Gabcikovo - Gyor,10T-HU-SK-00002R,Gabcikovo - Gyor,Gabcikovo,Gyor,TieLine
2024-08-29 04:00:00+00:00,10T1001C--00056R,OPPOSITE,Gabcikovo - Gyor Gabcikovo - Gyor,10T-HU-SK-00002R,Gabcikovo - Gyor,Gabcikovo,Gyor,TieLine
2024-08-29 04:00:00+00:00,10T1001C--00101B,DIRECT,Zerjavinec - Heviz Zerjavinec - Heviz,10T-HR-HU-000025,Zerjavinec - Heviz,Zerjavinec,Heviz,TieLine
2024-08-29 04:00:00+00:00,10T1001C--00101B,DIRECT,Zerjavinec - Heviz Zerjavinec - Heviz,10T-HR-HU-000025,Zerjavinec - Heviz,Zerjavinec,Heviz,TieLine
2024-08-29 04:00:00+00:00,10T1001C--00101B,OPPOSITE,Zerjavinec - Heviz Zerjavinec - Heviz,10T-HR-HU-000025,Zerjavinec - Heviz,Zerjavinec,Heviz,TieLine
2024-08-29 04:00:00+00:00,10T1001C--00101B,OPPOSITE,Zerjavinec - Heviz Zerjavinec - Heviz,10T-HR-HU-000025,Zerjavinec - Heviz,Zerjavinec,Heviz,TieLine
2024-08-29 04:00:00+00:00,15T-M00000043583,DIRECT,Kerepes - Zuglo 2,15T-M00000043591,Kerepes - Zuglo 2,Kerepes,Zuglo,Line
2024-08-29 04:00:00+00:00,10T-DE-NL-00002T,OPPOSITE,Zwolle - Hengelo 380 Wit,49T000000000000O,Zwolle - Hengelo 380 Wit,Zwolle,Hengelo,Line
2024-08-29 04:00:00+00:00,10T-DE-NL-00002T,DIRECT,Y-Doerpen West (-Meppen - Niederlangen) EMSLD OW Y-Niederlangen (-Meppen - Doerpen West) EMSLD OW Y-Meppen (-Doerpen West - Niederlangen) EMSLD OW Meppen - Niederlangen - Doerpen West EMSLD OW,11T0-0000-0990-L,Y-Doerpen West (-Meppen - Niederlangen) EMSLD OW,Doerpen West,Y Niederlangen,Line
2024-08-29 04:00:00+00:00,10T-DE-NL-00002T,DIRECT,Y-Doerpen West (-Meppen - Niederlangen) EMSLD OW Y-Niederlangen (-Meppen - Doerpen West) EMSLD OW Y-Meppen (-Doerpen West - Niederlangen) EMSLD OW Meppen - Niederlangen - Doerpen West EMSLD OW,11T0-0000-0991-I,Y-Niederlangen (-Meppen - Doerpen West) EMSLD OW,Niederlangen,Y Niederlangen,Line
2024-08-29 04:00:00+00:00,10T-DE-NL-00002T,DIRECT,Y-Doerpen West (-Meppen - Niederlangen) EMSLD OW Y-Niederlangen (-Meppen - Doerpen West) EMSLD OW Y-Meppen (-Doerpen West - Niederlangen) EMSLD OW Meppen - Niederlangen - Doerpen West EMSLD OW,11T-D2-D7-00001H,Y-Meppen (-Doerpen West - Niederlangen) EMSLD OW,Meppen,Y Niederlangen,Line
2024-08-29 04:00:00+00:00,10T-DE-NL-00002T,DIRECT,Y-Doerpen West (-Meppen - Niederlangen) EMSLD OW Y-Niederlangen (-Meppen - Doerpen West) EMSLD OW Y-Meppen (-Doerpen West - Niederlangen) EMSLD OW Meppen - Niederlangen - Doerpen West EMSLD OW,11T-D2-D7-00001H,NA,NA,NA,
2024-08-29 04:00:00+00:00,10T-DE-NL-00002T,OPPOSITE,Zwolle - Meeden 380 Wit Eemshaven - Meeden 380 Wit,49T000000000001M,Zwolle - Meeden 380 Wit,Zwolle,Meeden,Line
2024-08-29 04:00:00+00:00,10T-DE-NL-00002T,OPPOSITE,Zwolle - Meeden 380 Wit Eemshaven - Meeden 380 Wit,49T000000000004G,Eemshaven - Meeden 380 Wit,Eemshaven,Meeden,Line
2024-08-29 04:00:00+00:00,10T-DE-NL-00002T,OPPOSITE,Zwolle - Meeden 380 Zwart Eemshaven - Meeden 380 Zwart,49T000000000002K,Zwolle - Meeden 380 Zwart,Zwolle,Meeden,Line
2024-08-29 04:00:00+00:00,10T-DE-NL-00002T,OPPOSITE,Zwolle - Meeden 380 Zwart Eemshaven - Meeden 380 Zwart,49T000000000003I,Eemshaven - Meeden 380 Zwart,Eemshaven,Meeden,Line
2024-08-29 04:00:00+00:00,49T0000000000274,DIRECT,Krimpen a/d IJssel - Geertruidenberg 380 Zwart,49T0000000000282,Krimpen a/d IJssel - Geertruidenberg 380 Zwart,Krimpen a/d IJssel,Geertruidenberg,Line
2024-08-29 04:00:00+00:00,49T0000000000274,OPPOSITE,Krimpen a/d IJssel - Geertruidenberg 380 Zwart,49T0000000000282,Krimpen a/d IJssel - Geertruidenberg 380 Zwart,Krimpen a/d IJssel,Geertruidenberg,Line
2024-08-29 04:00:00+00:00,19T000000001304A,OPPOSITE,Krosno Iskrzynia - Tarnow,19T000000000296P,Krosno Iskrzynia - Tarnow,Krosno Iskrzynia,Tarnow,Line
2024-08-29 04:00:00+00:00,19T000000004057N,OPPOSITE,Mikulowa AT2,19T000000004058L,Mikulowa AT2,Mikulowa AT2,Mikulowa AT2,Transformer
2024-08-29 04:00:00+00:00,19T0000000063830,DIRECT,Hagenwerder - Mikulowa 568 Mikulowa - Hagenwerder 568,10T-DE-PL-00001D,Hagenwerder - Mikulowa 568,Hagenwerder,Mikulowa,TieLine
2024-08-29 04:00:00+00:00,19T0000000063830,DIRECT,Hagenwerder - Mikulowa 568 Mikulowa - Hagenwerder 568,10T-DE-PL-00001D,Mikulowa - Hagenwerder 568,Mikulowa 568,Hagenwerder,TieLine
2024-08-29 04:00:00+00:00,19T0000000063830,OPPOSITE,Hagenwerder - Mikulowa 568 Mikulowa - Hagenwerder 568,10T-DE-PL-00001D,Hagenwerder - Mikulowa 568,Hagenwerder,Mikulowa,TieLine
2024-08-29 04:00:00+00:00,19T0000000063830,OPPOSITE,Hagenwerder - Mikulowa 568 Mikulowa - Hagenwerder 568,10T-DE-PL-00001D,Mikulowa - Hagenwerder 568,Mikulowa 568,Hagenwerder,TieLine
2024-08-29 04:00:00+00:00,19T000000006420K,DIRECT,Polaniec - Tarnow,19T000000006396S,Polaniec - Tarnow,Polaniec,Tarnow,Line
2024-08-29 04:00:00+00:00,19T000000006396S,DIRECT,Polaniec - Rzeszow,19T000000006420K,Polaniec - Rzeszow,Polaniec,Rzeszow,Line
2024-08-29 04:00:00+00:00,10T-CZ-PL-00004A,DIRECT,Dobrzen - Detmarovice Dobrzen - Detmarovice,10T1001A1001A09N,Dobrzen - Detmarovice,Dobrzen,Detmarovice,TieLine
2024-08-29 04:00:00+00:00,10T-CZ-PL-00004A,DIRECT,Dobrzen - Detmarovice Dobrzen - Detmarovice,10T1001A1001A09N,Dobrzen - Detmarovice,Detmarovice,Dobrzen,TieLine
2024-08-29 04:00:00+00:00,10T-CZ-PL-00004A,OPPOSITE,Dobrzen - Detmarovice Dobrzen - Detmarovice,10T1001A1001A09N,Dobrzen - Detmarovice,Dobrzen,Detmarovice,TieLine
2024-08-29 04:00:00+00:00,10T-CZ-PL-00004A,OPPOSITE,Dobrzen - Detmarovice Dobrzen - Detmarovice,10T1001A1001A09N,Dobrzen - Detmarovice,Detmarovice,Dobrzen,TieLine
2024-08-29 04:00:00+00:00,30TPARO220TRGJ-Q,OPPOSITE,Portile de Fier - Resita c1 Portile de Fier - Resita c2,30TPDFE220RESI1S,Portile de Fier - Resita c1,Portile de Fier,Resita c1,Line
2024-08-29 04:00:00+00:00,30TPARO220TRGJ-Q,OPPOSITE,Portile de Fier - Resita c1 Portile de Fier - Resita c2,30TPDFE220RESI2Q,Portile de Fier - Resita c2,Portile de Fier,Resita c2,Line
2024-08-29 04:00:00+00:00,30TPARO220TRGJ-Q,OPPOSITE,Sibiu Sud - Mintia,30TMINT400SIBI-Z,Sibiu Sud - Mintia,Sibiu Sud,Mintia,Line
2024-08-29 04:00:00+00:00,30TRESI220TIMI1L,DIRECT,Resita - Timisoara c2,30TRESI220TIMI2J,Resita - Timisoara c2,Resita,Timisoara c2,Line
2024-08-29 04:00:00+00:00,30T-ROSI400AT--1,DIRECT,Rosiori - Gadalin,30TGADA400ROSI-A,Rosiori - Gadalin,Rosiori,Gadalin,Line
2024-08-29 04:00:00+00:00,30T-UREC400AT--F,DIRECT,Tantareni - Urechesti,30TTINT400UREC-4,Tantareni - Urechesti,Tantareni,Urechesti,Line
2024-08-29 04:00:00+00:00,10T-HU-RO-000024,OPPOSITE,Rosiori - Mukacevo,10T-RO-UA-000010,Rosiori - Mukacevo,Rosiori,Mukacevo,TieLine
2024-08-29 04:00:00+00:00,30TISAC400VULC-W,DIRECT,Pivdennoukrainska G1,30UADUMMYEIC---1,Pivdennoukrainska G1,Pivdennoukrainska Bus1,Pivdennoukrainska Bus2,Transformer
2024-08-29 04:00:00+00:00,30TPARO220TRGJ-Q,OPPOSITE,Isaccea - Vulcanesti,30TISAC400VULC-W,Isaccea - Vulcanesti,Isaccea,Vulcanesti,TieLine
2024-08-29 04:00:00+00:00,10T1001C--00101B,DIRECT,Kainachtal - Maribor 473 400 kV Maribor - Kainachtal 1,10T-AT-SI-00001T,Kainachtal - Maribor 473,Kainachtal,Maribor,TieLine
2024-08-29 04:00:00+00:00,10T1001C--00101B,DIRECT,Kainachtal - Maribor 473 400 kV Maribor - Kainachtal 1,10T-AT-SI-00001T,400 kV Maribor - Kainachtal 1,Maribor,Kainachtal,TieLine
2024-08-29 04:00:00+00:00,10T1001C--00101B,DIRECT,Zerjavinec - Cirkovce 400 kV Cirkovce - Zerjavinec,10T1001C--001037,Zerjavinec - Cirkovce,Zerjavinec,Cirkovce,TieLine
2024-08-29 04:00:00+00:00,10T1001C--00101B,DIRECT,Zerjavinec - Cirkovce 400 kV Cirkovce - Zerjavinec,10T1001C--001037,400 kV Cirkovce - Zerjavinec,Cirkovce,Zerjavinec,TieLine
2024-08-29 04:00:00+00:00,10T1001C--00101B,OPPOSITE,Zerjavinec - Cirkovce 400 kV Cirkovce - Zerjavinec,10T1001C--001037,Zerjavinec - Cirkovce,Zerjavinec,Cirkovce,TieLine
2024-08-29 04:00:00+00:00,10T1001C--00101B,OPPOSITE,Zerjavinec - Cirkovce 400 kV Cirkovce - Zerjavinec,10T1001C--001037,400 kV Cirkovce - Zerjavinec,Cirkovce,Zerjavinec,TieLine
2024-08-29 04:00:00+00:00,10T-HU-SK-00001T,DIRECT,R.Sobota - Sajoivanka  R.Sobota - Sajoivanka,10T1001C--00054V,R.Sobota - Sajoivanka,R.Sobota,Sajoivanka,TieLine
2024-08-29 04:00:00+00:00,10T-HU-SK-00001T,DIRECT,R.Sobota - Sajoivanka  R.Sobota - Sajoivanka,10T1001C--00054V,R.Sobota - Sajoivanka,R.Sobota,Sajoivanka,TieLine
2024-08-29 04:00:00+00:00,10T-SK-UA-00001W,DIRECT,R.Sobota - Sajoivanka  R.Sobota - Sajoivanka,10T1001C--00054V,R.Sobota - Sajoivanka,R.Sobota,Sajoivanka,TieLine
2024-08-29 04:00:00+00:00,10T-SK-UA-00001W,DIRECT,R.Sobota - Sajoivanka  R.Sobota - Sajoivanka,10T1001C--00054V,R.Sobota - Sajoivanka,R.Sobota,Sajoivanka,TieLine
2024-08-29 04:00:00+00:00,24T-V429-0000005,DIRECT,V.Dur - Krizovany,24T-V425-0000004,V.Dur - Krizovany,V.Dur,Krizovany,Line
2024-08-29 04:00:00+00:00,24T-V493-000000Q,DIRECT,Bosaca - Varin,24T-V495-0000008,Bosaca - Varin,Bosaca,Varin,Line
2024-08-29 04:00:00+00:00,24T-V490-000000G,DIRECT,V.Dur - Levice 2,24T-V491-0000007,V.Dur - Levice 2,V.Dur,Levice,Line
2024-08-29 04:00:00+00:00,24T-V425-0000004,DIRECT,Gabcikovo - P.Biskupice,24T-V429-0000005,Gabcikovo - P.Biskupice,Gabcikovo,P.Biskupice,Line
2024-08-29 04:00:00+00:00,10T-SK-UA-00001W,OPPOSITE,R.Sobota - Sajoivanka  R.Sobota - Sajoivanka,10T1001C--00054V,R.Sobota - Sajoivanka,R.Sobota,Sajoivanka,TieLine
2024-08-29 04:00:00+00:00,10T-SK-UA-00001W,OPPOSITE,R.Sobota - Sajoivanka  R.Sobota - Sajoivanka,10T1001C--00054V,R.Sobota - Sajoivanka,R.Sobota,Sajoivanka,TieLine
2024-08-29 04:00:00+00:00,10T-CZ-SK-00002W,OPPOSITE,Lemesany - Krosno Iskrz 1 Lemesany - Krosno Iskrz 1,10T-PL-SK-00001W,Lemesany - Krosno Iskrz 1,Lemesany,Krosno Iskrz,TieLine
2024-08-29 04:00:00+00:00,10T-CZ-SK-00002W,OPPOSITE,Lemesany - Krosno Iskrz 1 Lemesany - Krosno Iskrz 1,10T-PL-SK-00001W,Lemesany - Krosno Iskrz 1,Lemesany,Krosno Iskrz 1,TieLine
2024-08-29 04:00:00+00:00,10T-CZ-SK-00002W,OPPOSITE,Lemesany - Krosno Iskrz 2 Lemesany - Krosno Iskrz 2,10T-PL-SK-00002U,Lemesany - Krosno Iskrz 2,Lemesany,Krosno Iskrz,TieLine
2024-08-29 04:00:00+00:00,10T-CZ-SK-00002W,OPPOSITE,Lemesany - Krosno Iskrz 2 Lemesany - Krosno Iskrz 2,10T-PL-SK-00002U,Lemesany - Krosno Iskrz 2,Lemesany,Krosno Iskrz 2,TieLine
2024-08-29 04:00:00+00:00,10T-CZ-SK-00002W,OPPOSITE,Sp.Nova Ves - Lemesany,24T-V408-000000Y,Sp.Nova Ves - Lemesany,Sp.Nova Ves,Lemesany,Line
2024-08-29 04:00:00+00:00,24T-V425-0000004,OPPOSITE,Gabcikovo - P.Biskupice,24T-V429-0000005,Gabcikovo - P.Biskupice,Gabcikovo,P.Biskupice,Line
2024-08-29 04:00:00+00:00,24T-V425-0000004,OPPOSITE,Krizovany - P.Biskupice,24T-V439-000000W,Krizovany - P.Biskupice,Krizovany,P.Biskupice,Line
2024-08-29 05:00:00+00:00,14T-220-0-002213,DIRECT,Tauern - Weissenbach 222,14T-220-0-002221,Tauern - Weissenbach 222,Tauern,Weissenbach,Line
2024-08-29 05:00:00+00:00,14T-221-0-00223Q,OPPOSITE,Hessenberg - Weissenbach 224,14T-220-0-00224Y,Hessenberg - Weissenbach 224,Hessenberg,Weissenbach,Line
2024-08-29 05:00:00+00:00,10T-AT-SI-00003P,DIRECT,Kainachtal - Obersielach 471,14T-380-0-00471D,Kainachtal - Obersielach 471,Kainachtal,Obersielach,Line
2024-08-29 05:00:00+00:00,10T-AT-SI-00003P,DIRECT,Kainachtal - Maribor 473 400 kV Maribor - Kainachtal 1,10T-AT-SI-00001T,Kainachtal - Maribor 473,Kainachtal,Maribor,TieLine
2024-08-29 05:00:00+00:00,10T-AT-SI-00003P,DIRECT,Kainachtal - Maribor 473 400 kV Maribor - Kainachtal 1,10T-AT-SI-00001T,400 kV Maribor - Kainachtal 1,Maribor,Kainachtal,TieLine
2024-08-29 05:00:00+00:00,10T-AT-SI-00003P,DIRECT,400 kV Cirkovce - Podlog,28T000000000301K,400 kV Cirkovce - Podlog,Cirkovce,Podlog,Line
2024-08-29 05:00:00+00:00,10T-AT-SI-00003P,OPPOSITE,400 kV Cirkovce - Podlog,28T000000000301K,400 kV Cirkovce - Podlog,Cirkovce,Podlog,Line
2024-08-29 05:00:00+00:00,10T-AT-SI-00003P,DIRECT,400 kV Cirkovce - Krsko,28T000000000300M,400 kV Cirkovce - Krsko,Cirkovce,Krsko,Line
2024-08-29 05:00:00+00:00,10T-AT-DE-000037,DIRECT,Pirach Neu - Pleinting 296/257 Pirach Neu - Pirach 296/257,11T0-0000-2108-O,Pirach Neu - Pleinting 296/257,Pirach Neu,Pleinting,Line
2024-08-29 05:00:00+00:00,10T-AT-DE-000037,DIRECT,Pirach Neu - Pleinting 296/257 Pirach Neu - Pirach 296/257,11T0-0000-2108-O,Pirach Neu - Pirach 296/257,Pirach Neu,Pirach,Line
2024-08-29 05:00:00+00:00,14T-220-0-0273BO,DIRECT,Strass - Thaur 274B,14T-220-0-0274BL,Strass - Thaur 274B,Strass,Thaur,Line
2024-08-29 05:00:00+00:00,10T1001C--00036X,OPPOSITE,Westtirol - Silz 413 Westtitrol - Silz 413,10T1001C--00035Z,Westtirol - Silz 413,Westtirol,Silz,TieLine
2024-08-29 05:00:00+00:00,10T1001C--00036X,OPPOSITE,Westtirol - Silz 413 Westtitrol - Silz 413,10T1001C--00035Z,NA,NA,NA,
2024-08-29 05:00:00+00:00,10T-AT-CZ-00003X,OPPOSITE,Slavetice - Durnrohr - V438  Duernrohr 1 - Slavetice 438,10T-AT-CZ-00004V,Slavetice - Durnrohr - V438,Slavetice,Durnrohr,TieLine
2024-08-29 05:00:00+00:00,10T-AT-CZ-00003X,OPPOSITE,Slavetice - Durnrohr - V438  Duernrohr 1 - Slavetice 438,10T-AT-CZ-00004V,Duernrohr 1 - Slavetice 438,Duernrohr 1,Slavetice,TieLine
2024-08-29 05:00:00+00:00,10T-AT-SI-00001T,OPPOSITE,Kainachtal - Maribor 474 400 kV Maribor - Kainachtal 2,10T-AT-SI-00002R,Kainachtal - Maribor 474,Kainachtal,Maribor,TieLine
2024-08-29 05:00:00+00:00,10T-AT-SI-00001T,OPPOSITE,Kainachtal - Maribor 474 400 kV Maribor - Kainachtal 2,10T-AT-SI-00002R,400 kV Maribor - Kainachtal 2,Maribor,Kainachtal,TieLine
2024-08-29 05:00:00+00:00,14T-22220-TAPSTO,OPPOSITE,Tauern - Weissenbach 221,14T-220-0-002213,Tauern - Weissenbach 221,Tauern,Weissenbach,Line
2024-08-29 05:00:00+00:00,14T-22220-TAPSTO,OPPOSITE,Westtirol 1 - Westtirol 2 WTRHU41,14T-38220-WT041O,Westtirol 1 - Westtirol 2 WTRHU41,Westtirol 1,Westtirol 2,Transformer
2024-08-29 05:00:00+00:00,14T-38220-WT041O,OPPOSITE,Westtirol 2 - Voehringen 411 Westtirol - Voehringen FUESSN W,10T1001C--00037V,Westtirol 2 - Voehringen 411,Westtirol 2,Voehringen,TieLine
2024-08-29 05:00:00+00:00,14T-38220-WT041O,OPPOSITE,Westtirol 2 - Voehringen 411 Westtirol - Voehringen FUESSN W,10T1001C--00037V,Westtirol - Voehringen FUESSN W,Westtirol,Voehringen,TieLine
2024-08-29 05:00:00+00:00,14T-38220-WT041O,OPPOSITE,Buers - Westtirol rt (422) Westtirol 2 - Buers 422,10T-AT-DE-000061,Buers - Westtirol rt (422),Buers,Westtirol,TieLine
2024-08-29 05:00:00+00:00,14T-38220-WT041O,OPPOSITE,Buers - Westtirol rt (422) Westtirol 2 - Buers 422,10T-AT-DE-000061,Westtirol 2 - Buers 422,Buers,Westtirol,TieLine
2024-08-29 05:00:00+00:00,14T-38220-WT041O,OPPOSITE,Buers - Westtirol ws (421) Westtirol 1 - Buers 421,10T-AT-DE-000053,Buers - Westtirol ws (421),Buers,Westtirol,TieLine
2024-08-29 05:00:00+00:00,14T-38220-WT041O,OPPOSITE,Buers - Westtirol ws (421) Westtirol 1 - Buers 421,10T-AT-DE-000053,Westtirol 1 - Buers 421,Buers,Westtirol,TieLine
2024-08-29 05:00:00+00:00,10T-BE-FR-000015,OPPOSITE,Avelgem - Horta 380.102,22T20161020---1E,Avelgem - Horta 380.102,Avelgem,Horta,Line
2024-08-29 05:00:00+00:00,10T-BE-FR-000015,OPPOSITE,Lixhe - Van Eyck 380.91 Alegro HVDC,22T20180102---2W,Lixhe - Van Eyck 380.91,Lixhe,Van Eyck,Line
2024-08-29 05:00:00+00:00,10T-BE-FR-000015,OPPOSITE,Lixhe - Van Eyck 380.91 Alegro HVDC,22T201903146---W,NA,NA,NA,
2024-08-29 05:00:00+00:00,10T-BE-FR-000015,OPPOSITE,Y-Bruegel (-Mercator - Verbrande Brug) 380.36 Y-Mercator (-Bruegel - Verbrande Brug) 380.36 Y-Verbrande Brug (-Bruegel - Mercator) 380.36,22T-BE-IN-LI006Y,Y-Bruegel (-Mercator - Verbrande Brug) 380.36,Bruegel,Buggenhout,Line
2024-08-29 05:00:00+00:00,10T-BE-FR-000015,OPPOSITE,Y-Bruegel (-Mercator - Verbrande Brug) 380.36 Y-Mercator (-Bruegel - Verbrande Brug) 380.36 Y-Verbrande Brug (-Bruegel - Mercator) 380.36,22T-BE-IN-LI006Y,Y-Mercator (-Bruegel - Verbrande Brug) 380.36,Mercator,Buggenhout,Line
2024-08-29 05:00:00+00:00,10T-BE-FR-000015,OPPOSITE,Y-Bruegel (-Mercator - Verbrande Brug) 380.36 Y-Mercator (-Bruegel - Verbrande Brug) 380.36 Y-Verbrande Brug (-Bruegel - Mercator) 380.36,22T-BE-IN-LI006Y,Y-Verbrande Brug (-Bruegel - Mercator) 380.36,Verbrande Brug,Buggenhout,Line
2024-08-29 05:00:00+00:00,10T-BE-FR-000015,OPPOSITE,PST Van Eyck 2,22T-BE-PST--002U,PST Van Eyck 2,Van Eyck,Van Eyck,PST
2024-08-29 05:00:00+00:00,22T-BE-IN-LI0130,OPPOSITE,Avelgem - Horta 380.102,22T20161020---1E,Avelgem - Horta 380.102,Avelgem,Horta,Line
2024-08-29 05:00:00+00:00,22T-BE-PST--001W,DIRECT,PST Van Eyck 2,22T-BE-PST--002U,PST Van Eyck 2,Van Eyck,Van Eyck,PST
2024-08-29 05:00:00+00:00,22T-BE-PST--002U,DIRECT,Achene - Lonny 380.19 Achene - Lonny 19,10T-BE-FR-000015,Achene - Lonny 380.19,Achene,Lonny,TieLine
2024-08-29 05:00:00+00:00,22T-BE-PST--002U,DIRECT,Achene - Lonny 380.19 Achene - Lonny 19,10T-BE-FR-000015,Achene - Lonny 19,Achene,Lonny,TieLine
2024-08-29 05:00:00+00:00,22T-BE-PST--002U,DIRECT,Y-Bruegel (-Mercator - Verbrande Brug) 380.36 Y-Mercator (-Bruegel - Verbrande Brug) 380.36 Y-Verbrande Brug (-Bruegel - Mercator) 380.36,22T-BE-IN-LI006Y,Y-Bruegel (-Mercator - Verbrande Brug) 380.36,Bruegel,Buggenhout,Line
2024-08-29 05:00:00+00:00,22T-BE-PST--002U,DIRECT,Y-Bruegel (-Mercator - Verbrande Brug) 380.36 Y-Mercator (-Bruegel - Verbrande Brug) 380.36 Y-Verbrande Brug (-Bruegel - Mercator) 380.36,22T-BE-IN-LI006Y,Y-Mercator (-Bruegel - Verbrande Brug) 380.36,Mercator,Buggenhout,Line
2024-08-29 05:00:00+00:00,22T-BE-PST--002U,DIRECT,Y-Bruegel (-Mercator - Verbrande Brug) 380.36 Y-Mercator (-Bruegel - Verbrande Brug) 380.36 Y-Verbrande Brug (-Bruegel - Mercator) 380.36,22T-BE-IN-LI006Y,Y-Verbrande Brug (-Bruegel - Mercator) 380.36,Verbrande Brug,Buggenhout,Line
2024-08-29 05:00:00+00:00,22T-BE-PST--002U,DIRECT,PST Van Eyck 1,22T-BE-PST--001W,PST Van Eyck 1,Van Eyck,Van Eyck,PST
2024-08-29 05:00:00+00:00,22T-BE-PST--002U,OPPOSITE,Y-Bruegel (-Courcelles - Drogenbos) 380.33 Y-Courcelles (-Bruegel - Drogenbos) 380.33 Y-Drogenbos (-Bruegel - Courcelles) 380.33,22T-BE-IN-LI0017,Y-Bruegel (-Courcelles - Drogenbos) 380.33,Bruegel,Mekingen,Line
2024-08-29 05:00:00+00:00,22T-BE-PST--002U,OPPOSITE,Y-Bruegel (-Courcelles - Drogenbos) 380.33 Y-Courcelles (-Bruegel - Drogenbos) 380.33 Y-Drogenbos (-Bruegel - Courcelles) 380.33,22T-BE-IN-LI0017,Y-Courcelles (-Bruegel - Drogenbos) 380.33,Courcelles,Mekingen,Line
2024-08-29 05:00:00+00:00,22T-BE-PST--002U,OPPOSITE,Y-Bruegel (-Courcelles - Drogenbos) 380.33 Y-Courcelles (-Bruegel - Drogenbos) 380.33 Y-Drogenbos (-Bruegel - Courcelles) 380.33,22T-BE-IN-LI0017,Y-Drogenbos (-Bruegel - Courcelles) 380.33,Drogenbos,Mekingen,Line
2024-08-29 05:00:00+00:00,22T-BE-PST--002U,OPPOSITE,Gramme - Achene 380.10,22T-BE-IN-LI0130,Gramme - Achene 380.10,Achene,Gramme,Line
2024-08-29 05:00:00+00:00,22T-BE-PST--002U,OPPOSITE,PST Van Eyck 1,22T-BE-PST--001W,PST Van Eyck 1,Van Eyck,Van Eyck,PST
2024-08-29 05:00:00+00:00,22T-BE-PST--002U,DIRECT,Alegro HVDC,22T201903146---W,NA,NA,NA,
2024-08-29 05:00:00+00:00,22T-BE-PST--002U,OPPOSITE,Alegro HVDC,22T201903146---W,NA,NA,NA,
2024-08-29 05:00:00+00:00,10T-CZ-DE-00001W,DIRECT,Prestice - Etzenricht  Etzenricht - Prestice 442,10T-CZ-DE-00004Q,Prestice - Etzenricht,Prestice,Etzenricht,TieLine
2024-08-29 05:00:00+00:00,10T-CZ-DE-00001W,DIRECT,Prestice - Etzenricht  Etzenricht - Prestice 442,10T-CZ-DE-00004Q,Etzenricht - Prestice 442,Etzenricht,Prestice,TieLine
2024-08-29 05:00:00+00:00,10T-CZ-DE-00003S,DIRECT,Hradec - Rohrsdorf - V445  Hradec - Rohrsdorf 445,10T-CZ-DE-00002U,Hradec - Rohrsdorf - V445,Hradec,Rohrsdorf,TieLine
2024-08-29 05:00:00+00:00,10T-CZ-DE-00003S,DIRECT,Hradec - Rohrsdorf - V445  Hradec - Rohrsdorf 445,10T-CZ-DE-00002U,Hradec - Rohrsdorf 445,Hradec,Rohrsdorf,TieLine
2024-08-29 05:00:00+00:00,10T-CZ-SK-00001Y,DIRECT,Nosovice - Varin  Nosovice - Varin,10T-CZ-SK-00002W,Nosovice - Varin,Nosovice,Varin,TieLine
2024-08-29 05:00:00+00:00,10T-CZ-SK-00001Y,DIRECT,Nosovice - Varin  Nosovice - Varin,10T-CZ-SK-00002W,Nosovice - Varin,Nosovice,Varin,TieLine
2024-08-29 05:00:00+00:00,10T-CZ-SK-00001Y,OPPOSITE,Nosovice - Varin  Nosovice - Varin,10T-CZ-SK-00002W,Nosovice - Varin,Nosovice,Varin,TieLine
2024-08-29 05:00:00+00:00,10T-CZ-SK-00001Y,OPPOSITE,Nosovice - Varin  Nosovice - Varin,10T-CZ-SK-00002W,Nosovice - Varin,Nosovice,Varin,TieLine
2024-08-29 05:00:00+00:00,10T-CZ-SK-00002W,DIRECT,Krizovany - Sokolnice Sokolnice - Krizovany,10T-CZ-SK-00003U,Krizovany - Sokolnice,Krizovany,Sokolnice,TieLine
2024-08-29 05:00:00+00:00,10T-CZ-SK-00002W,DIRECT,Krizovany - Sokolnice Sokolnice - Krizovany,10T-CZ-SK-00003U,Sokolnice - Krizovany,Sokolnice,Krizovany,TieLine
2024-08-29 05:00:00+00:00,10T-CZ-SK-00002W,OPPOSITE,Krizovany - Sokolnice Sokolnice - Krizovany,10T-CZ-SK-00003U,Krizovany - Sokolnice,Krizovany,Sokolnice,TieLine
2024-08-29 05:00:00+00:00,10T-CZ-SK-00002W,OPPOSITE,Krizovany - Sokolnice Sokolnice - Krizovany,10T-CZ-SK-00003U,Sokolnice - Krizovany,Sokolnice,Krizovany,TieLine
2024-08-29 05:00:00+00:00,10T-CZ-SK-00003U,OPPOSITE,Nosovice - Varin  Nosovice - Varin,10T-CZ-SK-00002W,Nosovice - Varin,Nosovice,Varin,TieLine
2024-08-29 05:00:00+00:00,10T-CZ-SK-00003U,OPPOSITE,Nosovice - Varin  Nosovice - Varin,10T-CZ-SK-00002W,Nosovice - Varin,Nosovice,Varin,TieLine
2024-08-29 05:00:00+00:00,10T-CZ-SK-00003U,DIRECT,Sokolnice - Stupava  Sokolnice - Stupava,10T-CZ-SK-00005Q,Sokolnice - Stupava,Sokolnice,Stupava,TieLine
2024-08-29 05:00:00+00:00,10T-CZ-SK-00003U,DIRECT,Sokolnice - Stupava  Sokolnice - Stupava,10T-CZ-SK-00005Q,Sokolnice - Stupava,Stupava,Sokolnice,TieLine
2024-08-29 05:00:00+00:00,10T-CZ-SK-00003U,OPPOSITE,Sokolnice - Stupava  Sokolnice - Stupava,10T-CZ-SK-00005Q,Sokolnice - Stupava,Sokolnice,Stupava,TieLine
2024-08-29 05:00:00+00:00,10T-CZ-SK-00003U,OPPOSITE,Sokolnice - Stupava  Sokolnice - Stupava,10T-CZ-SK-00005Q,Sokolnice - Stupava,Stupava,Sokolnice,TieLine
2024-08-29 05:00:00+00:00,10T-CZ-SK-00003U,DIRECT,H. Zivotice - Krasikov,27T-TLI-V458---B,H. Zivotice - Krasikov,H. Zivotice,Krasikov,Line
2024-08-29 05:00:00+00:00,10T-CZ-SK-00003U,OPPOSITE,H. Zivotice - Krasikov,27T-TLI-V458---B,H. Zivotice - Krasikov,H. Zivotice,Krasikov,Line
2024-08-29 05:00:00+00:00,10T-CZ-DE-00004Q,OPPOSITE,Hradec - Etzenricht  Etzenricht - Hradec 441,10T-CZ-DE-00001W,Hradec - Etzenricht,Hradec,Etzenricht,TieLine
2024-08-29 05:00:00+00:00,10T-CZ-DE-00004Q,OPPOSITE,Hradec - Etzenricht  Etzenricht - Hradec 441,10T-CZ-DE-00001W,Etzenricht - Hradec 441,Etzenricht,Hradec,TieLine
2024-08-29 05:00:00+00:00,11TD2L000000003L,OPPOSITE,Altheim - Sittling 220,11TD2L000000004J,Altheim - Sittling 220,Altheim,Sittling,Line
2024-08-29 05:00:00+00:00,11T0-0000-0781-W,DIRECT,Y-Oberzier (-Paffendorf - Sechtem) SECHTM S Y-Paffendorf (-Oberzier - Sechtem) SECHTM S Y-Sechtem (-Oberzier - Paffendorf) SECHTM S,11T0-0000-0782-T,Y-Oberzier (-Paffendorf - Sechtem) SECHTM S,Oberzier,Y-Paffendorf,Line
2024-08-29 05:00:00+00:00,11T0-0000-0781-W,DIRECT,Y-Oberzier (-Paffendorf - Sechtem) SECHTM S Y-Paffendorf (-Oberzier - Sechtem) SECHTM S Y-Sechtem (-Oberzier - Paffendorf) SECHTM S,11T0-0000-0815-6,Y-Paffendorf (-Oberzier - Sechtem) SECHTM S,Paffendorf,Y-Paffendorf,Line
2024-08-29 05:00:00+00:00,11T0-0000-0781-W,DIRECT,Y-Oberzier (-Paffendorf - Sechtem) SECHTM S Y-Paffendorf (-Oberzier - Sechtem) SECHTM S Y-Sechtem (-Oberzier - Paffendorf) SECHTM S,11T0-0000-0849-J,Y-Sechtem (-Oberzier - Paffendorf) SECHTM S,Sechtem,Y-Paffendorf,Line
2024-08-29 05:00:00+00:00,10T-DE-NL-00005N,DIRECT,Alegro HVDC,22T201903146---W,NA,NA,NA,
2024-08-29 05:00:00+00:00,10T-DE-NL-00005N,DIRECT,Ensdorf - Vigy VIGY2 S Ensdorf - Vigy VIGY2 S,10T-DE-FR-000068,Ensdorf - Vigy VIGY2 S,Ensdorf,Vigy,TieLine
2024-08-29 05:00:00+00:00,10T-DE-NL-00005N,DIRECT,Ensdorf - Vigy VIGY2 S Ensdorf - Vigy VIGY2 S,10T-DE-FR-000068,Ensdorf - Vigy VIGY2 S,Ensdorf,Vigy,TieLine
2024-08-29 05:00:00+00:00,10T-DE-NL-00005N,DIRECT,Boxmeer - Dodewaard 380 Zwart,49T000000000006C,Boxmeer - Dodewaard 380 Zwart,Boxmeer,Dodewaard,Line
2024-08-29 05:00:00+00:00,10T-DE-NL-00005N,DIRECT,Maasbracht - Dodewaard 380 Wit,49T000000000013F,Maasbracht - Dodewaard 380 Wit,Dodewaard,Maasbracht,Line
2024-08-29 05:00:00+00:00,10T-DE-NL-00005N,DIRECT,Avelgem - Horta 380.102,22T20161020---1E,Avelgem - Horta 380.102,Avelgem,Horta,Line
2024-08-29 05:00:00+00:00,10T-DE-NL-00005N,OPPOSITE,Alegro HVDC,22T201903146---W,NA,NA,NA,
2024-08-29 05:00:00+00:00,10T-DE-NL-00005N,OPPOSITE,Achene - Lonny 380.19 Achene - Lonny 19,10T-BE-FR-000015,Achene - Lonny 380.19,Achene,Lonny,TieLine
2024-08-29 05:00:00+00:00,10T-DE-NL-00005N,OPPOSITE,Achene - Lonny 380.19 Achene - Lonny 19,10T-BE-FR-000015,Achene - Lonny 19,Achene,Lonny,TieLine
2024-08-29 05:00:00+00:00,11T0-0000-0620-R,DIRECT,Y-Doerpen West (-Meppen - Niederlangen) EMSLD OW Y-Niederlangen (-Meppen - Doerpen West) EMSLD OW Y-Meppen (-Doerpen West - Niederlangen) EMSLD OW Meppen - Niederlangen - Doerpen West EMSLD OW,11T0-0000-0990-L,Y-Doerpen West (-Meppen - Niederlangen) EMSLD OW,Doerpen West,Y Niederlangen,Line
2024-08-29 05:00:00+00:00,11T0-0000-0620-R,DIRECT,Y-Doerpen West (-Meppen - Niederlangen) EMSLD OW Y-Niederlangen (-Meppen - Doerpen West) EMSLD OW Y-Meppen (-Doerpen West - Niederlangen) EMSLD OW Meppen - Niederlangen - Doerpen West EMSLD OW,11T0-0000-0991-I,Y-Niederlangen (-Meppen - Doerpen West) EMSLD OW,Niederlangen,Y Niederlangen,Line
2024-08-29 05:00:00+00:00,11T0-0000-0620-R,DIRECT,Y-Doerpen West (-Meppen - Niederlangen) EMSLD OW Y-Niederlangen (-Meppen - Doerpen West) EMSLD OW Y-Meppen (-Doerpen West - Niederlangen) EMSLD OW Meppen - Niederlangen - Doerpen West EMSLD OW,11T-D2-D7-00001H,Y-Meppen (-Doerpen West - Niederlangen) EMSLD OW,Meppen,Y Niederlangen,Line
2024-08-29 05:00:00+00:00,11T0-0000-0620-R,DIRECT,Y-Doerpen West (-Meppen - Niederlangen) EMSLD OW Y-Niederlangen (-Meppen - Doerpen West) EMSLD OW Y-Meppen (-Doerpen West - Niederlangen) EMSLD OW Meppen - Niederlangen - Doerpen West EMSLD OW,11T-D2-D7-00001H,NA,NA,NA,
2024-08-29 05:00:00+00:00,10T-DE-FR-000068,OPPOSITE,Ensdorf - Vigy VIGY1 N Ensdorf - Vigy VIGY1 N,10T-DE-FR-00005A,Ensdorf - Vigy VIGY1 N,Ensdorf,Vigy,TieLine
2024-08-29 05:00:00+00:00,10T-DE-FR-000068,OPPOSITE,Ensdorf - Vigy VIGY1 N Ensdorf - Vigy VIGY1 N,10T-DE-FR-00005A,Ensdorf - Vigy VIGY1 N,Ensdorf,Vigy,TieLine
2024-08-29 05:00:00+00:00,10T-DE-FR-000068,DIRECT,Ensdorf - Vigy VIGY1 N Ensdorf - Vigy VIGY1 N,10T-DE-FR-00005A,Ensdorf - Vigy VIGY1 N,Ensdorf,Vigy,TieLine
2024-08-29 05:00:00+00:00,10T-DE-FR-000068,DIRECT,Ensdorf - Vigy VIGY1 N Ensdorf - Vigy VIGY1 N,10T-DE-FR-00005A,Ensdorf - Vigy VIGY1 N,Ensdorf,Vigy,TieLine
2024-08-29 05:00:00+00:00,10T-CZ-DE-00002U,OPPOSITE,Hradec - Rohrsdorf - V446  Hradec - Rohrsdorf 446,10T-CZ-DE-00003S,Hradec - Rohrsdorf - V446,Hradec,Rohrsdorf,TieLine
2024-08-29 05:00:00+00:00,10T-CZ-DE-00002U,OPPOSITE,Hradec - Rohrsdorf - V446  Hradec - Rohrsdorf 446,10T-CZ-DE-00003S,Hradec - Rohrsdorf 446,Hradec,Rohrsdorf,TieLine
2024-08-29 05:00:00+00:00,11T0-0000-0011-L,DIRECT,,,,,,
2024-08-29 05:00:00+00:00,11T0-0000-0013-F,OPPOSITE,Hagenwerder - Mikulowa 567 Mikulowa - Hagenwerder 567,10T-DE-PL-00002B,Hagenwerder - Mikulowa 567,Hagenwerder,Mikulowa,TieLine
2024-08-29 05:00:00+00:00,11T0-0000-0013-F,OPPOSITE,Hagenwerder - Mikulowa 567 Mikulowa - Hagenwerder 567,10T-DE-PL-00002B,Mikulowa - Hagenwerder 567,Mikulowa 567,Hagenwerder,TieLine
2024-08-29 05:00:00+00:00,11TD8L555------W,OPPOSITE,Dresden/Sued - Schmoelln 556,11TD8L556------O,Dresden/Sued - Schmoelln 556,Dresden/Sued,Schmoelln,Line
2024-08-29 05:00:00+00:00,10T-HR-SI-000022,OPPOSITE,,,,,,
2024-08-29 05:00:00+00:00,10T-HR-SI-000022,DIRECT,Melina - Divaca 400 kV Divaca - Melina,10T-HR-SI-000014,Melina - Divaca,Melina,Divaca,TieLine
2024-08-29 05:00:00+00:00,10T-HR-SI-000022,DIRECT,Melina - Divaca 400 kV Divaca - Melina,10T-HR-SI-000014,400 kV Divaca - Melina,Divaca,Melina,TieLine
2024-08-29 05:00:00+00:00,10T-HR-SI-000022,OPPOSITE,Melina - Divaca 400 kV Divaca - Melina,10T-HR-SI-000014,Melina - Divaca,Melina,Divaca,TieLine
2024-08-29 05:00:00+00:00,10T-HR-SI-000022,OPPOSITE,Melina - Divaca 400 kV Divaca - Melina,10T-HR-SI-000014,400 kV Divaca - Melina,Divaca,Melina,TieLine
2024-08-29 05:00:00+00:00,10T-BA-HR-00003R,DIRECT,,,,,,
2024-08-29 05:00:00+00:00,10T-HR-HU-000033,OPPOSITE,Pecs - Ernestinovo2 491B Ernestinovo - Pecs 2,10T-HR-HU-000041,Pecs - Ernestinovo2 491B,Pecs,Ernestinovo,TieLine
2024-08-29 05:00:00+00:00,10T-HR-HU-000033,OPPOSITE,Pecs - Ernestinovo2 491B Ernestinovo - Pecs 2,10T-HR-HU-000041,Ernestinovo - Pecs 2,Ernestinovo,Pecs 2,TieLine
2024-08-29 05:00:00+00:00,10T-HR-SI-00004Z,OPPOSITE,Tumbri - Krsko 2 400 kV Krsko - Tumbri 2,10T-HR-SI-00005X,Tumbri - Krsko 2,Tumbri,Krsko,TieLine
2024-08-29 05:00:00+00:00,10T-HR-SI-00004Z,OPPOSITE,Tumbri - Krsko 2 400 kV Krsko - Tumbri 2,10T-HR-SI-00005X,400 kV Krsko - Tumbri 2,Krsko,Tumbri,TieLine
2024-08-29 05:00:00+00:00,15T-M000002791-J,DIRECT,Gabcikovo - Gyor Gabcikovo - Gyor,10T-HU-SK-00002R,Gabcikovo - Gyor,Gabcikovo,Gyor,TieLine
2024-08-29 05:00:00+00:00,15T-M000002791-J,DIRECT,Gabcikovo - Gyor Gabcikovo - Gyor,10T-HU-SK-00002R,Gabcikovo - Gyor,Gabcikovo,Gyor,TieLine
2024-08-29 05:00:00+00:00,10T-HU-UA-00002F,DIRECT,Szabolcsbaka - Mukachevo,10T1001C--000421,Szabolcsbaka - Mukachevo,Szabolcsbaka,Mukachevo,TieLine
2024-08-29 05:00:00+00:00,10T1001C--00056R,DIRECT,Gabcikovo - Gyor Gabcikovo - Gyor,10T-HU-SK-00002R,Gabcikovo - Gyor,Gabcikovo,Gyor,TieLine
2024-08-29 05:00:00+00:00,10T1001C--00056R,DIRECT,Gabcikovo - Gyor Gabcikovo - Gyor,10T-HU-SK-00002R,Gabcikovo - Gyor,Gabcikovo,Gyor,TieLine
2024-08-29 05:00:00+00:00,10T1001C--00056R,OPPOSITE,Gonyu - Gyor,15T-M000002791-J,Gonyu - Gyor,Gonyu,Gyor,Line
2024-08-29 05:00:00+00:00,10T1001C--00056R,OPPOSITE,Gabcikovo - Gyor Gabcikovo - Gyor,10T-HU-SK-00002R,Gabcikovo - Gyor,Gabcikovo,Gyor,TieLine
2024-08-29 05:00:00+00:00,10T1001C--00056R,OPPOSITE,Gabcikovo - Gyor Gabcikovo - Gyor,10T-HU-SK-00002R,Gabcikovo - Gyor,Gabcikovo,Gyor,TieLine
2024-08-29 05:00:00+00:00,10T1001C--00101B,DIRECT,Zerjavinec - Heviz Zerjavinec - Heviz,10T-HR-HU-000025,Zerjavinec - Heviz,Zerjavinec,Heviz,TieLine
2024-08-29 05:00:00+00:00,10T1001C--00101B,DIRECT,Zerjavinec - Heviz Zerjavinec - Heviz,10T-HR-HU-000025,Zerjavinec - Heviz,Zerjavinec,Heviz,TieLine
2024-08-29 05:00:00+00:00,10T1001C--00101B,OPPOSITE,Zerjavinec - Heviz Zerjavinec - Heviz,10T-HR-HU-000025,Zerjavinec - Heviz,Zerjavinec,Heviz,TieLine
2024-08-29 05:00:00+00:00,10T1001C--00101B,OPPOSITE,Zerjavinec - Heviz Zerjavinec - Heviz,10T-HR-HU-000025,Zerjavinec - Heviz,Zerjavinec,Heviz,TieLine
2024-08-29 05:00:00+00:00,15T-M00000043583,DIRECT,Kerepes - Zuglo 2,15T-M00000043591,Kerepes - Zuglo 2,Kerepes,Zuglo,Line
2024-08-29 05:00:00+00:00,10T-DE-NL-00002T,OPPOSITE,PST Gronau TR 441 E,11T0-0000-0620-R,PST Gronau TR 441 E,Gronau,Gronau,PST
2024-08-29 05:00:00+00:00,10T-DE-NL-00002T,DIRECT,Y-Doerpen West (-Meppen - Niederlangen) EMSLD OW Y-Niederlangen (-Meppen - Doerpen West) EMSLD OW Y-Meppen (-Doerpen West - Niederlangen) EMSLD OW Meppen - Niederlangen - Doerpen West EMSLD OW,11T0-0000-0990-L,Y-Doerpen West (-Meppen - Niederlangen) EMSLD OW,Doerpen West,Y Niederlangen,Line
2024-08-29 05:00:00+00:00,10T-DE-NL-00002T,DIRECT,Y-Doerpen West (-Meppen - Niederlangen) EMSLD OW Y-Niederlangen (-Meppen - Doerpen West) EMSLD OW Y-Meppen (-Doerpen West - Niederlangen) EMSLD OW Meppen - Niederlangen - Doerpen West EMSLD OW,11T0-0000-0991-I,Y-Niederlangen (-Meppen - Doerpen West) EMSLD OW,Niederlangen,Y Niederlangen,Line
2024-08-29 05:00:00+00:00,10T-DE-NL-00002T,DIRECT,Y-Doerpen West (-Meppen - Niederlangen) EMSLD OW Y-Niederlangen (-Meppen - Doerpen West) EMSLD OW Y-Meppen (-Doerpen West - Niederlangen) EMSLD OW Meppen - Niederlangen - Doerpen West EMSLD OW,11T-D2-D7-00001H,Y-Meppen (-Doerpen West - Niederlangen) EMSLD OW,Meppen,Y Niederlangen,Line
2024-08-29 05:00:00+00:00,10T-DE-NL-00002T,DIRECT,Y-Doerpen West (-Meppen - Niederlangen) EMSLD OW Y-Niederlangen (-Meppen - Doerpen West) EMSLD OW Y-Meppen (-Doerpen West - Niederlangen) EMSLD OW Meppen - Niederlangen - Doerpen West EMSLD OW,11T-D2-D7-00001H,NA,NA,NA,
2024-08-29 05:00:00+00:00,10T-DE-NL-00005N,DIRECT,PST Gronau TR 441 E,11T0-0000-0620-R,PST Gronau TR 441 E,Gronau,Gronau,PST
2024-08-29 05:00:00+00:00,49T000000000000O,DIRECT,Zwolle - Hengelo 380 Zwart,49T000000000031D,Zwolle - Hengelo 380 Zwart,Zwolle,Hengelo,Line
2024-08-29 05:00:00+00:00,49T0000000000274,DIRECT,Krimpen a/d IJssel - Geertruidenberg 380 Zwart,49T0000000000282,Krimpen a/d IJssel - Geertruidenberg 380 Zwart,Krimpen a/d IJssel,Geertruidenberg,Line
2024-08-29 05:00:00+00:00,49T0000000000274,OPPOSITE,Krimpen a/d IJssel - Geertruidenberg 380 Zwart,49T0000000000282,Krimpen a/d IJssel - Geertruidenberg 380 Zwart,Krimpen a/d IJssel,Geertruidenberg,Line
2024-08-29 05:00:00+00:00,19T000000001304A,OPPOSITE,Krosno Iskrzynia - Tarnow,19T000000000296P,Krosno Iskrzynia - Tarnow,Krosno Iskrzynia,Tarnow,Line
2024-08-29 05:00:00+00:00,19T0000000063830,DIRECT,Hagenwerder - Mikulowa 568 Mikulowa - Hagenwerder 568,10T-DE-PL-00001D,Hagenwerder - Mikulowa 568,Hagenwerder,Mikulowa,TieLine
2024-08-29 05:00:00+00:00,19T0000000063830,DIRECT,Hagenwerder - Mikulowa 568 Mikulowa - Hagenwerder 568,10T-DE-PL-00001D,Mikulowa - Hagenwerder 568,Mikulowa 568,Hagenwerder,TieLine
2024-08-29 05:00:00+00:00,19T0000000063830,OPPOSITE,Hagenwerder - Mikulowa 568 Mikulowa - Hagenwerder 568,10T-DE-PL-00001D,Hagenwerder - Mikulowa 568,Hagenwerder,Mikulowa,TieLine
2024-08-29 05:00:00+00:00,19T0000000063830,OPPOSITE,Hagenwerder - Mikulowa 568 Mikulowa - Hagenwerder 568,10T-DE-PL-00001D,Mikulowa - Hagenwerder 568,Mikulowa 568,Hagenwerder,TieLine
2024-08-29 05:00:00+00:00,19T000000006396S,DIRECT,Polaniec - Rzeszow,19T000000006420K,Polaniec - Rzeszow,Polaniec,Rzeszow,Line
2024-08-29 05:00:00+00:00,10T-CZ-PL-00004A,DIRECT,Dobrzen - Detmarovice Dobrzen - Detmarovice,10T1001A1001A09N,Dobrzen - Detmarovice,Dobrzen,Detmarovice,TieLine
2024-08-29 05:00:00+00:00,10T-CZ-PL-00004A,DIRECT,Dobrzen - Detmarovice Dobrzen - Detmarovice,10T1001A1001A09N,Dobrzen - Detmarovice,Detmarovice,Dobrzen,TieLine
2024-08-29 05:00:00+00:00,10T-CZ-PL-00004A,OPPOSITE,Dobrzen - Detmarovice Dobrzen - Detmarovice,10T1001A1001A09N,Dobrzen - Detmarovice,Dobrzen,Detmarovice,TieLine
2024-08-29 05:00:00+00:00,10T-CZ-PL-00004A,OPPOSITE,Dobrzen - Detmarovice Dobrzen - Detmarovice,10T1001A1001A09N,Dobrzen - Detmarovice,Detmarovice,Dobrzen,TieLine
2024-08-29 05:00:00+00:00,30TPARO220TRGJ-Q,OPPOSITE,Portile de Fier - Djerdap,10T-RO-RS-00001V,Portile de Fier - Djerdap,Portile de Fier,Djerdap,TieLine
2024-08-29 05:00:00+00:00,30TPARO220TRGJ-Q,OPPOSITE,Sibiu Sud - Mintia,30TMINT400SIBI-Z,Sibiu Sud - Mintia,Sibiu Sud,Mintia,Line
2024-08-29 05:00:00+00:00,30T-ROSI400AT--1,DIRECT,Rosiori - Gadalin,30TGADA400ROSI-A,Rosiori - Gadalin,Rosiori,Gadalin,Line
2024-08-29 05:00:00+00:00,10T-HU-RO-000024,OPPOSITE,Rosiori - Mukacevo,10T-RO-UA-000010,Rosiori - Mukacevo,Rosiori,Mukacevo,TieLine
2024-08-29 05:00:00+00:00,10T-RO-RS-00001V,OPPOSITE,Tantareni - Kozlodui c2 Tantareni - Kozlodui c1,10T-BG-RO-00001A,Tantareni - Kozlodui c2,Tantareni,Kozlodui,TieLine
2024-08-29 05:00:00+00:00,10T-RO-RS-00001V,OPPOSITE,Tantareni - Kozlodui c2 Tantareni - Kozlodui c1,10T-RO-BG-00002A,Tantareni - Kozlodui c1,Tantareni,Kozlodui,TieLine
2024-08-29 05:00:00+00:00,30TISAC400VULC-W,DIRECT,Pivdennoukrainska G1,30UADUMMYEIC---1,Pivdennoukrainska G1,Pivdennoukrainska Bus1,Pivdennoukrainska Bus2,Transformer
2024-08-29 05:00:00+00:00,30TPARO220TRGJ-Q,OPPOSITE,Isaccea - Vulcanesti,30TISAC400VULC-W,Isaccea - Vulcanesti,Isaccea,Vulcanesti,TieLine
2024-08-29 05:00:00+00:00,10T1001C--00101B,DIRECT,Kainachtal - Maribor 473 400 kV Maribor - Kainachtal 1,10T-AT-SI-00001T,Kainachtal - Maribor 473,Kainachtal,Maribor,TieLine
2024-08-29 05:00:00+00:00,10T1001C--00101B,DIRECT,Kainachtal - Maribor 473 400 kV Maribor - Kainachtal 1,10T-AT-SI-00001T,400 kV Maribor - Kainachtal 1,Maribor,Kainachtal,TieLine
2024-08-29 05:00:00+00:00,10T1001C--00101B,DIRECT,Zerjavinec - Cirkovce 400 kV Cirkovce - Zerjavinec,10T1001C--001037,Zerjavinec - Cirkovce,Zerjavinec,Cirkovce,TieLine
2024-08-29 05:00:00+00:00,10T1001C--00101B,DIRECT,Zerjavinec - Cirkovce 400 kV Cirkovce - Zerjavinec,10T1001C--001037,400 kV Cirkovce - Zerjavinec,Cirkovce,Zerjavinec,TieLine
2024-08-29 05:00:00+00:00,10T1001C--00101B,OPPOSITE,Zerjavinec - Cirkovce 400 kV Cirkovce - Zerjavinec,10T1001C--001037,Zerjavinec - Cirkovce,Zerjavinec,Cirkovce,TieLine
2024-08-29 05:00:00+00:00,10T1001C--00101B,OPPOSITE,Zerjavinec - Cirkovce 400 kV Cirkovce - Zerjavinec,10T1001C--001037,400 kV Cirkovce - Zerjavinec,Cirkovce,Zerjavinec,TieLine
2024-08-29 05:00:00+00:00,10T-HU-SK-00001T,DIRECT,R.Sobota - Sajoivanka  R.Sobota - Sajoivanka,10T1001C--00054V,R.Sobota - Sajoivanka,R.Sobota,Sajoivanka,TieLine
2024-08-29 05:00:00+00:00,10T-HU-SK-00001T,DIRECT,R.Sobota - Sajoivanka  R.Sobota - Sajoivanka,10T1001C--00054V,R.Sobota - Sajoivanka,R.Sobota,Sajoivanka,TieLine
2024-08-29 05:00:00+00:00,10T-SK-UA-00001W,DIRECT,R.Sobota - Sajoivanka  R.Sobota - Sajoivanka,10T1001C--00054V,R.Sobota - Sajoivanka,R.Sobota,Sajoivanka,TieLine
2024-08-29 05:00:00+00:00,10T-SK-UA-00001W,DIRECT,R.Sobota - Sajoivanka  R.Sobota - Sajoivanka,10T1001C--00054V,R.Sobota - Sajoivanka,R.Sobota,Sajoivanka,TieLine
2024-08-29 05:00:00+00:00,24T-V429-0000005,DIRECT,V.Dur - Krizovany,24T-V425-0000004,V.Dur - Krizovany,V.Dur,Krizovany,Line
2024-08-29 05:00:00+00:00,24T-V493-000000Q,DIRECT,Bosaca - Varin,24T-V495-0000008,Bosaca - Varin,Bosaca,Varin,Line
2024-08-29 05:00:00+00:00,24T-V490-000000G,DIRECT,V.Dur - Levice 2,24T-V491-0000007,V.Dur - Levice 2,V.Dur,Levice,Line
2024-08-29 05:00:00+00:00,24T-V425-0000004,DIRECT,Gabcikovo - P.Biskupice,24T-V429-0000005,Gabcikovo - P.Biskupice,Gabcikovo,P.Biskupice,Line
2024-08-29 05:00:00+00:00,10T-SK-UA-00001W,OPPOSITE,R.Sobota - Sajoivanka  R.Sobota - Sajoivanka,10T1001C--00054V,R.Sobota - Sajoivanka,R.Sobota,Sajoivanka,TieLine
2024-08-29 05:00:00+00:00,10T-SK-UA-00001W,OPPOSITE,R.Sobota - Sajoivanka  R.Sobota - Sajoivanka,10T1001C--00054V,R.Sobota - Sajoivanka,R.Sobota,Sajoivanka,TieLine
2024-08-29 05:00:00+00:00,10T-CZ-SK-00002W,OPPOSITE,Lemesany - Krosno Iskrz 1 Lemesany - Krosno Iskrz 1,10T-PL-SK-00001W,Lemesany - Krosno Iskrz 1,Lemesany,Krosno Iskrz,TieLine
2024-08-29 05:00:00+00:00,10T-CZ-SK-00002W,OPPOSITE,Lemesany - Krosno Iskrz 1 Lemesany - Krosno Iskrz 1,10T-PL-SK-00001W,Lemesany - Krosno Iskrz 1,Lemesany,Krosno Iskrz 1,TieLine
2024-08-29 05:00:00+00:00,10T-CZ-SK-00002W,OPPOSITE,Lemesany - Krosno Iskrz 2 Lemesany - Krosno Iskrz 2,10T-PL-SK-00002U,Lemesany - Krosno Iskrz 2,Lemesany,Krosno Iskrz,TieLine
2024-08-29 05:00:00+00:00,10T-CZ-SK-00002W,OPPOSITE,Lemesany - Krosno Iskrz 2 Lemesany - Krosno Iskrz 2,10T-PL-SK-00002U,Lemesany - Krosno Iskrz 2,Lemesany,Krosno Iskrz 2,TieLine
2024-08-29 05:00:00+00:00,10T-CZ-SK-00002W,OPPOSITE,Sp.Nova Ves - Lemesany,24T-V408-000000Y,Sp.Nova Ves - Lemesany,Sp.Nova Ves,Lemesany,Line
2024-08-29 05:00:00+00:00,24T-V425-0000004,OPPOSITE,Gabcikovo - P.Biskupice,24T-V429-0000005,Gabcikovo - P.Biskupice,Gabcikovo,P.Biskupice,Line
2024-08-29 05:00:00+00:00,24T-V425-0000004,OPPOSITE,Krizovany - P.Biskupice,24T-V439-000000W,Krizovany - P.Biskupice,Krizovany,P.Biskupice,Line
2024-08-29 05:00:00+00:00,10T-CZ-SK-00002W,OPPOSITE,Krosno Iskrzynia - Tarnow,19T000000000296P,Krosno Iskrzynia - Tarnow,Krosno Iskrzynia,Tarnow,Line
2024-08-29 06:00:00+00:00,14T-220-0-002213,DIRECT,Tauern - Weissenbach 222,14T-220-0-002221,Tauern - Weissenbach 222,Tauern,Weissenbach,Line
2024-08-29 06:00:00+00:00,14T-221-0-00223Q,OPPOSITE,Hessenberg - Weissenbach 224,14T-220-0-00224Y,Hessenberg - Weissenbach 224,Hessenberg,Weissenbach,Line
2024-08-29 06:00:00+00:00,10T-AT-SI-00003P,DIRECT,Kainachtal - Obersielach 471,14T-380-0-00471D,Kainachtal - Obersielach 471,Kainachtal,Obersielach,Line
2024-08-29 06:00:00+00:00,10T-AT-SI-00003P,DIRECT,Kainachtal - Maribor 473 400 kV Maribor - Kainachtal 1,10T-AT-SI-00001T,Kainachtal - Maribor 473,Kainachtal,Maribor,TieLine
2024-08-29 06:00:00+00:00,10T-AT-SI-00003P,DIRECT,Kainachtal - Maribor 473 400 kV Maribor - Kainachtal 1,10T-AT-SI-00001T,400 kV Maribor - Kainachtal 1,Maribor,Kainachtal,TieLine
2024-08-29 06:00:00+00:00,10T-AT-SI-00003P,OPPOSITE,Kainachtal - Maribor 473 400 kV Maribor - Kainachtal 1,10T-AT-SI-00001T,Kainachtal - Maribor 473,Kainachtal,Maribor,TieLine
2024-08-29 06:00:00+00:00,10T-AT-SI-00003P,OPPOSITE,Kainachtal - Maribor 473 400 kV Maribor - Kainachtal 1,10T-AT-SI-00001T,400 kV Maribor - Kainachtal 1,Maribor,Kainachtal,TieLine
2024-08-29 06:00:00+00:00,10T-AT-SI-00003P,DIRECT,400 kV Cirkovce - Podlog,28T000000000301K,400 kV Cirkovce - Podlog,Cirkovce,Podlog,Line
2024-08-29 06:00:00+00:00,10T-AT-SI-00003P,OPPOSITE,400 kV Cirkovce - Podlog,28T000000000301K,400 kV Cirkovce - Podlog,Cirkovce,Podlog,Line
2024-08-29 06:00:00+00:00,10T-AT-SI-00003P,DIRECT,400 kV Cirkovce - Krsko,28T000000000300M,400 kV Cirkovce - Krsko,Cirkovce,Krsko,Line
2024-08-29 06:00:00+00:00,10T-AT-DE-000037,DIRECT,Pirach Neu - Pleinting 296/257 Pirach Neu - Pirach 296/257,11T0-0000-2108-O,Pirach Neu - Pleinting 296/257,Pirach Neu,Pleinting,Line
2024-08-29 06:00:00+00:00,10T-AT-DE-000037,DIRECT,Pirach Neu - Pleinting 296/257 Pirach Neu - Pirach 296/257,11T0-0000-2108-O,Pirach Neu - Pirach 296/257,Pirach Neu,Pirach,Line
2024-08-29 06:00:00+00:00,14T-220-0-0273BO,DIRECT,Strass - Thaur 274B,14T-220-0-0274BL,Strass - Thaur 274B,Strass,Thaur,Line
2024-08-29 06:00:00+00:00,10T1001C--00035Z,OPPOSITE,Westtirol - Silz 414 Westtitrol - Silz 414,10T1001C--00036X,Westtirol - Silz 414,Westtirol,Silz,TieLine
2024-08-29 06:00:00+00:00,10T1001C--00035Z,OPPOSITE,Westtirol - Silz 414 Westtitrol - Silz 414,10T1001C--00036X,NA,NA,NA,
2024-08-29 06:00:00+00:00,10T-AT-CZ-00003X,OPPOSITE,Slavetice - Durnrohr - V438  Duernrohr 1 - Slavetice 438,10T-AT-CZ-00004V,Slavetice - Durnrohr - V438,Slavetice,Durnrohr,TieLine
2024-08-29 06:00:00+00:00,10T-AT-CZ-00003X,OPPOSITE,Slavetice - Durnrohr - V438  Duernrohr 1 - Slavetice 438,10T-AT-CZ-00004V,Duernrohr 1 - Slavetice 438,Duernrohr 1,Slavetice,TieLine
2024-08-29 06:00:00+00:00,10T-AT-SI-00001T,OPPOSITE,Kainachtal - Maribor 474 400 kV Maribor - Kainachtal 2,10T-AT-SI-00002R,Kainachtal - Maribor 474,Kainachtal,Maribor,TieLine
2024-08-29 06:00:00+00:00,10T-AT-SI-00001T,OPPOSITE,Kainachtal - Maribor 474 400 kV Maribor - Kainachtal 2,10T-AT-SI-00002R,400 kV Maribor - Kainachtal 2,Maribor,Kainachtal,TieLine
2024-08-29 06:00:00+00:00,14T-22220-TAPSTO,OPPOSITE,Tauern - Weissenbach 221,14T-220-0-002213,Tauern - Weissenbach 221,Tauern,Weissenbach,Line
2024-08-29 06:00:00+00:00,14T-22220-TAPSTO,OPPOSITE,Westtirol 1 - Westtirol 2 WTRHU41,14T-38220-WT041O,Westtirol 1 - Westtirol 2 WTRHU41,Westtirol 1,Westtirol 2,Transformer
2024-08-29 06:00:00+00:00,14T-38220-WT041O,OPPOSITE,Westtirol 2 - Voehringen 411 Westtirol - Voehringen FUESSN W,10T1001C--00037V,Westtirol 2 - Voehringen 411,Westtirol 2,Voehringen,TieLine
2024-08-29 06:00:00+00:00,14T-38220-WT041O,OPPOSITE,Westtirol 2 - Voehringen 411 Westtirol - Voehringen FUESSN W,10T1001C--00037V,Westtirol - Voehringen FUESSN W,Westtirol,Voehringen,TieLine
2024-08-29 06:00:00+00:00,14T-38220-WT041O,OPPOSITE,Buers - Westtirol ws (421) Westtirol 1 - Buers 421,10T-AT-DE-000053,Buers - Westtirol ws (421),Buers,Westtirol,TieLine
2024-08-29 06:00:00+00:00,14T-38220-WT041O,OPPOSITE,Buers - Westtirol ws (421) Westtirol 1 - Buers 421,10T-AT-DE-000053,Westtirol 1 - Buers 421,Buers,Westtirol,TieLine
2024-08-29 06:00:00+00:00,10T-BE-FR-000015,OPPOSITE,Aubange - Moulaine 220.513 Aubange - Moulaine 220.513,10T-BE-FR-000023,Aubange - Moulaine 220.513,Aubange,Moulaine,TieLine
2024-08-29 06:00:00+00:00,10T-BE-FR-000015,OPPOSITE,Aubange - Moulaine 220.513 Aubange - Moulaine 220.513,10T-BE-FR-000023,NA,NA,NA,
2024-08-29 06:00:00+00:00,10T-BE-FR-000015,OPPOSITE,Avelgem - Horta 380.102,22T20161020---1E,Avelgem - Horta 380.102,Avelgem,Horta,Line
2024-08-29 06:00:00+00:00,10T-BE-FR-000015,OPPOSITE,Lixhe - Van Eyck 380.91 Alegro HVDC,22T20180102---2W,Lixhe - Van Eyck 380.91,Lixhe,Van Eyck,Line
2024-08-29 06:00:00+00:00,10T-BE-FR-000015,OPPOSITE,Lixhe - Van Eyck 380.91 Alegro HVDC,22T201903146---W,NA,NA,NA,
2024-08-29 06:00:00+00:00,10T-BE-FR-000015,OPPOSITE,Y-Bruegel (-Mercator - Verbrande Brug) 380.36 Y-Mercator (-Bruegel - Verbrande Brug) 380.36 Y-Verbrande Brug (-Bruegel - Mercator) 380.36,22T-BE-IN-LI006Y,Y-Bruegel (-Mercator - Verbrande Brug) 380.36,Bruegel,Buggenhout,Line
2024-08-29 06:00:00+00:00,10T-BE-FR-000015,OPPOSITE,Y-Bruegel (-Mercator - Verbrande Brug) 380.36 Y-Mercator (-Bruegel - Verbrande Brug) 380.36 Y-Verbrande Brug (-Bruegel - Mercator) 380.36,22T-BE-IN-LI006Y,Y-Mercator (-Bruegel - Verbrande Brug) 380.36,Mercator,Buggenhout,Line
2024-08-29 06:00:00+00:00,10T-BE-FR-000015,OPPOSITE,Y-Bruegel (-Mercator - Verbrande Brug) 380.36 Y-Mercator (-Bruegel - Verbrande Brug) 380.36 Y-Verbrande Brug (-Bruegel - Mercator) 380.36,22T-BE-IN-LI006Y,Y-Verbrande Brug (-Bruegel - Mercator) 380.36,Verbrande Brug,Buggenhout,Line
2024-08-29 06:00:00+00:00,10T-BE-FR-000015,OPPOSITE,PST Van Eyck 2,22T-BE-PST--002U,PST Van Eyck 2,Van Eyck,Van Eyck,PST
2024-08-29 06:00:00+00:00,22T-BE-IN-LI0130,OPPOSITE,Avelgem - Horta 380.102,22T20161020---1E,Avelgem - Horta 380.102,Avelgem,Horta,Line
2024-08-29 06:00:00+00:00,22T-BE-IN-LI0130,OPPOSITE,PST Van Eyck 2,22T-BE-PST--002U,PST Van Eyck 2,Van Eyck,Van Eyck,PST
2024-08-29 06:00:00+00:00,22T-BE-PST--001W,DIRECT,PST Van Eyck 2,22T-BE-PST--002U,PST Van Eyck 2,Van Eyck,Van Eyck,PST
2024-08-29 06:00:00+00:00,22T-BE-PST--002U,DIRECT,Achene - Lonny 380.19 Achene - Lonny 19,10T-BE-FR-000015,Achene - Lonny 380.19,Achene,Lonny,TieLine
2024-08-29 06:00:00+00:00,22T-BE-PST--002U,DIRECT,Achene - Lonny 380.19 Achene - Lonny 19,10T-BE-FR-000015,Achene - Lonny 19,Achene,Lonny,TieLine
2024-08-29 06:00:00+00:00,22T-BE-PST--002U,DIRECT,Y-Bruegel (-Mercator - Verbrande Brug) 380.36 Y-Mercator (-Bruegel - Verbrande Brug) 380.36 Y-Verbrande Brug (-Bruegel - Mercator) 380.36,22T-BE-IN-LI006Y,Y-Bruegel (-Mercator - Verbrande Brug) 380.36,Bruegel,Buggenhout,Line
2024-08-29 06:00:00+00:00,22T-BE-PST--002U,DIRECT,Y-Bruegel (-Mercator - Verbrande Brug) 380.36 Y-Mercator (-Bruegel - Verbrande Brug) 380.36 Y-Verbrande Brug (-Bruegel - Mercator) 380.36,22T-BE-IN-LI006Y,Y-Mercator (-Bruegel - Verbrande Brug) 380.36,Mercator,Buggenhout,Line
2024-08-29 06:00:00+00:00,22T-BE-PST--002U,DIRECT,Y-Bruegel (-Mercator - Verbrande Brug) 380.36 Y-Mercator (-Bruegel - Verbrande Brug) 380.36 Y-Verbrande Brug (-Bruegel - Mercator) 380.36,22T-BE-IN-LI006Y,Y-Verbrande Brug (-Bruegel - Mercator) 380.36,Verbrande Brug,Buggenhout,Line
2024-08-29 06:00:00+00:00,22T-BE-PST--002U,DIRECT,PST Van Eyck 1,22T-BE-PST--001W,PST Van Eyck 1,Van Eyck,Van Eyck,PST
2024-08-29 06:00:00+00:00,22T-BE-PST--002U,OPPOSITE,Achene - Lonny 380.19 Achene - Lonny 19,10T-BE-FR-000015,Achene - Lonny 380.19,Achene,Lonny,TieLine
2024-08-29 06:00:00+00:00,22T-BE-PST--002U,OPPOSITE,Achene - Lonny 380.19 Achene - Lonny 19,10T-BE-FR-000015,Achene - Lonny 19,Achene,Lonny,TieLine
2024-08-29 06:00:00+00:00,22T-BE-PST--002U,OPPOSITE,Y-Bruegel (-Mercator - Verbrande Brug) 380.36 Y-Mercator (-Bruegel - Verbrande Brug) 380.36 Y-Verbrande Brug (-Bruegel - Mercator) 380.36,22T-BE-IN-LI006Y,Y-Bruegel (-Mercator - Verbrande Brug) 380.36,Bruegel,Buggenhout,Line
2024-08-29 06:00:00+00:00,22T-BE-PST--002U,OPPOSITE,Y-Bruegel (-Mercator - Verbrande Brug) 380.36 Y-Mercator (-Bruegel - Verbrande Brug) 380.36 Y-Verbrande Brug (-Bruegel - Mercator) 380.36,22T-BE-IN-LI006Y,Y-Mercator (-Bruegel - Verbrande Brug) 380.36,Mercator,Buggenhout,Line
2024-08-29 06:00:00+00:00,22T-BE-PST--002U,OPPOSITE,Y-Bruegel (-Mercator - Verbrande Brug) 380.36 Y-Mercator (-Bruegel - Verbrande Brug) 380.36 Y-Verbrande Brug (-Bruegel - Mercator) 380.36,22T-BE-IN-LI006Y,Y-Verbrande Brug (-Bruegel - Mercator) 380.36,Verbrande Brug,Buggenhout,Line
2024-08-29 06:00:00+00:00,22T-BE-PST--002U,OPPOSITE,PST Van Eyck 1,22T-BE-PST--001W,PST Van Eyck 1,Van Eyck,Van Eyck,PST
2024-08-29 06:00:00+00:00,22T-BE-IN-LI02AK,DIRECT,Doel - Zandvliet 380.26,22T20170512----9,Doel - Zandvliet 380.26,Doel,Zandvliet,Line
2024-08-29 06:00:00+00:00,22T-BE-PST--002U,DIRECT,Alegro HVDC,22T201903146---W,NA,NA,NA,
2024-08-29 06:00:00+00:00,22T-BE-PST--002U,OPPOSITE,Alegro HVDC,22T201903146---W,NA,NA,NA,
2024-08-29 06:00:00+00:00,10T-CZ-DE-00001W,DIRECT,Prestice - Etzenricht  Etzenricht - Prestice 442,10T-CZ-DE-00004Q,Prestice - Etzenricht,Prestice,Etzenricht,TieLine
2024-08-29 06:00:00+00:00,10T-CZ-DE-00001W,DIRECT,Prestice - Etzenricht  Etzenricht - Prestice 442,10T-CZ-DE-00004Q,Etzenricht - Prestice 442,Etzenricht,Prestice,TieLine
2024-08-29 06:00:00+00:00,10T-CZ-DE-00002U,DIRECT,Hradec - Rohrsdorf - V446  Hradec - Rohrsdorf 446,10T-CZ-DE-00003S,Hradec - Rohrsdorf - V446,Hradec,Rohrsdorf,TieLine
2024-08-29 06:00:00+00:00,10T-CZ-DE-00002U,DIRECT,Hradec - Rohrsdorf - V446  Hradec - Rohrsdorf 446,10T-CZ-DE-00003S,Hradec - Rohrsdorf 446,Hradec,Rohrsdorf,TieLine
2024-08-29 06:00:00+00:00,10T-CZ-SK-00001Y,DIRECT,Nosovice - Varin  Nosovice - Varin,10T-CZ-SK-00002W,Nosovice - Varin,Nosovice,Varin,TieLine
2024-08-29 06:00:00+00:00,10T-CZ-SK-00001Y,DIRECT,Nosovice - Varin  Nosovice - Varin,10T-CZ-SK-00002W,Nosovice - Varin,Nosovice,Varin,TieLine
2024-08-29 06:00:00+00:00,10T-CZ-SK-00001Y,OPPOSITE,Nosovice - Varin  Nosovice - Varin,10T-CZ-SK-00002W,Nosovice - Varin,Nosovice,Varin,TieLine
2024-08-29 06:00:00+00:00,10T-CZ-SK-00001Y,OPPOSITE,Nosovice - Varin  Nosovice - Varin,10T-CZ-SK-00002W,Nosovice - Varin,Nosovice,Varin,TieLine
2024-08-29 06:00:00+00:00,10T-CZ-SK-00002W,DIRECT,Krizovany - Sokolnice Sokolnice - Krizovany,10T-CZ-SK-00003U,Krizovany - Sokolnice,Krizovany,Sokolnice,TieLine
2024-08-29 06:00:00+00:00,10T-CZ-SK-00002W,DIRECT,Krizovany - Sokolnice Sokolnice - Krizovany,10T-CZ-SK-00003U,Sokolnice - Krizovany,Sokolnice,Krizovany,TieLine
2024-08-29 06:00:00+00:00,10T-CZ-SK-00002W,OPPOSITE,Krizovany - Sokolnice Sokolnice - Krizovany,10T-CZ-SK-00003U,Krizovany - Sokolnice,Krizovany,Sokolnice,TieLine
2024-08-29 06:00:00+00:00,10T-CZ-SK-00002W,OPPOSITE,Krizovany - Sokolnice Sokolnice - Krizovany,10T-CZ-SK-00003U,Sokolnice - Krizovany,Sokolnice,Krizovany,TieLine
2024-08-29 06:00:00+00:00,10T1001C--001223,DIRECT,Sokolnice - Zaya - V243 Zaya - Sokolnice 243,10T1001C--001215,Sokolnice - Zaya - V243,Sokolnice,Zaya,TieLine
2024-08-29 06:00:00+00:00,10T1001C--001223,DIRECT,Sokolnice - Zaya - V243 Zaya - Sokolnice 243,10T1001C--001215,Zaya - Sokolnice 243,Zaya,Sokolnice,TieLine
2024-08-29 06:00:00+00:00,10T1001C--001223,OPPOSITE,Sokolnice - Zaya - V243 Zaya - Sokolnice 243,10T1001C--001215,Sokolnice - Zaya - V243,Sokolnice,Zaya,TieLine
2024-08-29 06:00:00+00:00,10T1001C--001223,OPPOSITE,Sokolnice - Zaya - V243 Zaya - Sokolnice 243,10T1001C--001215,Zaya - Sokolnice 243,Zaya,Sokolnice,TieLine
2024-08-29 06:00:00+00:00,10T-CZ-SK-00003U,DIRECT,Nosovice - Varin  Nosovice - Varin,10T-CZ-SK-00002W,Nosovice - Varin,Nosovice,Varin,TieLine
2024-08-29 06:00:00+00:00,10T-CZ-SK-00003U,DIRECT,Nosovice - Varin  Nosovice - Varin,10T-CZ-SK-00002W,Nosovice - Varin,Nosovice,Varin,TieLine
2024-08-29 06:00:00+00:00,10T-CZ-SK-00003U,OPPOSITE,Nosovice - Varin  Nosovice - Varin,10T-CZ-SK-00002W,Nosovice - Varin,Nosovice,Varin,TieLine
2024-08-29 06:00:00+00:00,10T-CZ-SK-00003U,OPPOSITE,Nosovice - Varin  Nosovice - Varin,10T-CZ-SK-00002W,Nosovice - Varin,Nosovice,Varin,TieLine
2024-08-29 06:00:00+00:00,10T-CZ-SK-00003U,DIRECT,Sokolnice - Stupava  Sokolnice - Stupava,10T-CZ-SK-00005Q,Sokolnice - Stupava,Sokolnice,Stupava,TieLine
2024-08-29 06:00:00+00:00,10T-CZ-SK-00003U,DIRECT,Sokolnice - Stupava  Sokolnice - Stupava,10T-CZ-SK-00005Q,Sokolnice - Stupava,Stupava,Sokolnice,TieLine
2024-08-29 06:00:00+00:00,10T-CZ-SK-00003U,OPPOSITE,Sokolnice - Stupava  Sokolnice - Stupava,10T-CZ-SK-00005Q,Sokolnice - Stupava,Sokolnice,Stupava,TieLine
2024-08-29 06:00:00+00:00,10T-CZ-SK-00003U,OPPOSITE,Sokolnice - Stupava  Sokolnice - Stupava,10T-CZ-SK-00005Q,Sokolnice - Stupava,Stupava,Sokolnice,TieLine
2024-08-29 06:00:00+00:00,10T-CZ-SK-00003U,DIRECT,H. Zivotice - Krasikov,27T-TLI-V458---B,H. Zivotice - Krasikov,H. Zivotice,Krasikov,Line
2024-08-29 06:00:00+00:00,10T-CZ-SK-00003U,OPPOSITE,H. Zivotice - Krasikov,27T-TLI-V458---B,H. Zivotice - Krasikov,H. Zivotice,Krasikov,Line
2024-08-29 06:00:00+00:00,10T-CZ-DE-00004Q,OPPOSITE,Hradec - Etzenricht  Etzenricht - Hradec 441,10T-CZ-DE-00001W,Hradec - Etzenricht,Hradec,Etzenricht,TieLine
2024-08-29 06:00:00+00:00,10T-CZ-DE-00004Q,OPPOSITE,Hradec - Etzenricht  Etzenricht - Hradec 441,10T-CZ-DE-00001W,Etzenricht - Hradec 441,Etzenricht,Hradec,TieLine
2024-08-29 06:00:00+00:00,11T0-0000-0984-D,DIRECT,St. Peter 2 - Simbach 234_230 St. Peter - Altheim_Simbach 234_230 Y-Altheim (-Simbach - St. Peter) 234/230  Y-Simbach (-Altheim - St. Peter) 234/230,10T-AT-DE-000045,St. Peter 2 - Simbach 234_230,St. Peter 2,Simbach,TieLine
2024-08-29 06:00:00+00:00,11T0-0000-0984-D,DIRECT,St. Peter 2 - Simbach 234_230 St. Peter - Altheim_Simbach 234_230 Y-Altheim (-Simbach - St. Peter) 234/230  Y-Simbach (-Altheim - St. Peter) 234/230,10T-AT-DE-000045,NA,NA,NA,
2024-08-29 06:00:00+00:00,11T0-0000-0984-D,DIRECT,St. Peter 2 - Simbach 234_230 St. Peter - Altheim_Simbach 234_230 Y-Altheim (-Simbach - St. Peter) 234/230  Y-Simbach (-Altheim - St. Peter) 234/230,11T0-0000-0986-7,Y-Altheim (-Simbach - St. Peter) 234/230,Altheim,St. Peter,TieLine
2024-08-29 06:00:00+00:00,11T0-0000-0984-D,DIRECT,St. Peter 2 - Simbach 234_230 St. Peter - Altheim_Simbach 234_230 Y-Altheim (-Simbach - St. Peter) 234/230  Y-Simbach (-Altheim - St. Peter) 234/230,11T0-0000-0987-4,Y-Simbach (-Altheim - St. Peter) 234/230,Y-Simbach,Simbach,TieLine
2024-08-29 06:00:00+00:00,11TD2L000000003L,DIRECT,Altheim - Sittling 220,11TD2L000000004J,Altheim - Sittling 220,Altheim,Sittling,Line
2024-08-29 06:00:00+00:00,11TD400000543-LM,DIRECT,Grafenrheinfeld - Stalldorf rt (416) Grafenrheinfeld - Stalldorf 416,11T-D2-D4-000022,Grafenrheinfeld - Stalldorf rt (416),Grafenrheinfeld,Stalldorf,Line
2024-08-29 06:00:00+00:00,11TD400000543-LM,DIRECT,Grafenrheinfeld - Stalldorf rt (416) Grafenrheinfeld - Stalldorf 416,11T-D2-D4-000022,Grafenrheinfeld - Stalldorf 416,Grafenrheinfeld,Stalldorf,Line
2024-08-29 06:00:00+00:00,11T0-0000-1496-M,OPPOSITE,Emscherbruch - Mengede RECKLI S,11T0-0000-2064-H,Emscherbruch - Mengede RECKLI S,Emscherbruch,Mengede,Line
2024-08-29 06:00:00+00:00,11T0-0000-0781-W,DIRECT,Y-Oberzier (-Paffendorf - Sechtem) SECHTM S Y-Paffendorf (-Oberzier - Sechtem) SECHTM S Y-Sechtem (-Oberzier - Paffendorf) SECHTM S,11T0-0000-0782-T,Y-Oberzier (-Paffendorf - Sechtem) SECHTM S,Oberzier,Y-Paffendorf,Line
2024-08-29 06:00:00+00:00,11T0-0000-0781-W,DIRECT,Y-Oberzier (-Paffendorf - Sechtem) SECHTM S Y-Paffendorf (-Oberzier - Sechtem) SECHTM S Y-Sechtem (-Oberzier - Paffendorf) SECHTM S,11T0-0000-0815-6,Y-Paffendorf (-Oberzier - Sechtem) SECHTM S,Paffendorf,Y-Paffendorf,Line
2024-08-29 06:00:00+00:00,11T0-0000-0781-W,DIRECT,Y-Oberzier (-Paffendorf - Sechtem) SECHTM S Y-Paffendorf (-Oberzier - Sechtem) SECHTM S Y-Sechtem (-Oberzier - Paffendorf) SECHTM S,11T0-0000-0849-J,Y-Sechtem (-Oberzier - Paffendorf) SECHTM S,Sechtem,Y-Paffendorf,Line
2024-08-29 06:00:00+00:00,10T-DE-NL-00005N,DIRECT,Alegro HVDC,22T201903146---W,NA,NA,NA,
2024-08-29 06:00:00+00:00,10T-DE-NL-00005N,DIRECT,Ensdorf - Vigy VIGY2 S Ensdorf - Vigy VIGY2 S,10T-DE-FR-000068,Ensdorf - Vigy VIGY2 S,Ensdorf,Vigy,TieLine
2024-08-29 06:00:00+00:00,10T-DE-NL-00005N,DIRECT,Ensdorf - Vigy VIGY2 S Ensdorf - Vigy VIGY2 S,10T-DE-FR-000068,Ensdorf - Vigy VIGY2 S,Ensdorf,Vigy,TieLine
2024-08-29 06:00:00+00:00,10T-DE-NL-00005N,DIRECT,Boxmeer - Dodewaard 380 Zwart,49T000000000006C,Boxmeer - Dodewaard 380 Zwart,Boxmeer,Dodewaard,Line
2024-08-29 06:00:00+00:00,10T-DE-NL-00005N,DIRECT,Avelgem - Horta 380.102,22T20161020---1E,Avelgem - Horta 380.102,Avelgem,Horta,Line
2024-08-29 06:00:00+00:00,10T-DE-NL-00005N,OPPOSITE,Alegro HVDC,22T201903146---W,NA,NA,NA,
2024-08-29 06:00:00+00:00,10T-DE-NL-00005N,OPPOSITE,Achene - Lonny 380.19 Achene - Lonny 19,10T-BE-FR-000015,Achene - Lonny 380.19,Achene,Lonny,TieLine
2024-08-29 06:00:00+00:00,10T-DE-NL-00005N,OPPOSITE,Achene - Lonny 380.19 Achene - Lonny 19,10T-BE-FR-000015,Achene - Lonny 19,Achene,Lonny,TieLine
2024-08-29 06:00:00+00:00,10T-DE-NL-00005N,OPPOSITE,Boxmeer - Dodewaard 380 Zwart,49T000000000006C,Boxmeer - Dodewaard 380 Zwart,Boxmeer,Dodewaard,Line
2024-08-29 06:00:00+00:00,11T-D2-D7-000318,OPPOSITE,Dettingen - Grosskrotzenburg UMAIN S1 Dettingen - Grosskrotzenburg UMAIN S1,11T-D2-D7-00030A,Dettingen - Grosskrotzenburg UMAIN S1,Dettingen,Grosskrotzenburg,Line
2024-08-29 06:00:00+00:00,11T-D2-D7-000318,OPPOSITE,Dettingen - Grosskrotzenburg UMAIN S1 Dettingen - Grosskrotzenburg UMAIN S1,11T-D2-D7-00030A,Dettingen - Grosskrotzenburg UMAIN S1,Dettingen,Grosskrotzenburg,Line
2024-08-29 06:00:00+00:00,10T-DE-FR-000068,OPPOSITE,Ensdorf - Vigy VIGY1 N Ensdorf - Vigy VIGY1 N,10T-DE-FR-00005A,Ensdorf - Vigy VIGY1 N,Ensdorf,Vigy,TieLine
2024-08-29 06:00:00+00:00,10T-DE-FR-000068,OPPOSITE,Ensdorf - Vigy VIGY1 N Ensdorf - Vigy VIGY1 N,10T-DE-FR-00005A,Ensdorf - Vigy VIGY1 N,Ensdorf,Vigy,TieLine
2024-08-29 06:00:00+00:00,10T-DE-FR-000068,DIRECT,Ensdorf - Vigy VIGY1 N Ensdorf - Vigy VIGY1 N,10T-DE-FR-00005A,Ensdorf - Vigy VIGY1 N,Ensdorf,Vigy,TieLine
2024-08-29 06:00:00+00:00,10T-DE-FR-000068,DIRECT,Ensdorf - Vigy VIGY1 N Ensdorf - Vigy VIGY1 N,10T-DE-FR-00005A,Ensdorf - Vigy VIGY1 N,Ensdorf,Vigy,TieLine
2024-08-29 06:00:00+00:00,11T0-0000-0781-W,DIRECT,PST Oberzier TR 442 E,11T0-0000-2133-R,PST Oberzier TR 442 E,Oberzier,Oberzier,PST
2024-08-29 06:00:00+00:00,10T-CZ-DE-00003S,OPPOSITE,Hradec - Rohrsdorf - V445  Hradec - Rohrsdorf 445,10T-CZ-DE-00002U,Hradec - Rohrsdorf - V445,Hradec,Rohrsdorf,TieLine
2024-08-29 06:00:00+00:00,10T-CZ-DE-00003S,OPPOSITE,Hradec - Rohrsdorf - V445  Hradec - Rohrsdorf 445,10T-CZ-DE-00002U,Hradec - Rohrsdorf 445,Hradec,Rohrsdorf,TieLine
2024-08-29 06:00:00+00:00,11T0-0000-0011-L,DIRECT,,,,,,
2024-08-29 06:00:00+00:00,11T0-0000-0011-L,DIRECT,Hradec - Rohrsdorf - V446  Hradec - Rohrsdorf 446,10T-CZ-DE-00003S,Hradec - Rohrsdorf - V446,Hradec,Rohrsdorf,TieLine
2024-08-29 06:00:00+00:00,11T0-0000-0011-L,DIRECT,Hradec - Rohrsdorf - V446  Hradec - Rohrsdorf 446,10T-CZ-DE-00003S,Hradec - Rohrsdorf 446,Hradec,Rohrsdorf,TieLine
2024-08-29 06:00:00+00:00,11TD8L555------W,OPPOSITE,Dresden/Sued - Schmoelln 556,11TD8L556------O,Dresden/Sued - Schmoelln 556,Dresden/Sued,Schmoelln,Line
2024-08-29 06:00:00+00:00,10T-HR-SI-000022,OPPOSITE,,,,,,
2024-08-29 06:00:00+00:00,10T-HR-SI-000022,DIRECT,Melina - Divaca 400 kV Divaca - Melina,10T-HR-SI-000014,Melina - Divaca,Melina,Divaca,TieLine
2024-08-29 06:00:00+00:00,10T-HR-SI-000022,DIRECT,Melina - Divaca 400 kV Divaca - Melina,10T-HR-SI-000014,400 kV Divaca - Melina,Divaca,Melina,TieLine
2024-08-29 06:00:00+00:00,10T-HR-SI-000022,OPPOSITE,Melina - Divaca 400 kV Divaca - Melina,10T-HR-SI-000014,Melina - Divaca,Melina,Divaca,TieLine
2024-08-29 06:00:00+00:00,10T-HR-SI-000022,OPPOSITE,Melina - Divaca 400 kV Divaca - Melina,10T-HR-SI-000014,400 kV Divaca - Melina,Divaca,Melina,TieLine
2024-08-29 06:00:00+00:00,10T-BA-HR-00003R,OPPOSITE,,,,,,
2024-08-29 06:00:00+00:00,10T-BA-HR-00003R,DIRECT,,,,,,
2024-08-29 06:00:00+00:00,10T-HR-HU-000033,OPPOSITE,Pecs - Ernestinovo2 491B Ernestinovo - Pecs 2,10T-HR-HU-000041,Pecs - Ernestinovo2 491B,Pecs,Ernestinovo,TieLine
2024-08-29 06:00:00+00:00,10T-HR-HU-000033,OPPOSITE,Pecs - Ernestinovo2 491B Ernestinovo - Pecs 2,10T-HR-HU-000041,Ernestinovo - Pecs 2,Ernestinovo,Pecs 2,TieLine
2024-08-29 06:00:00+00:00,10T-HR-SI-000014,DIRECT,Pehlin - Divaca 220kV Divaca - Pehlin,10T-HR-SI-000022,Pehlin - Divaca,Pehlin,Divaca,TieLine
2024-08-29 06:00:00+00:00,10T-HR-SI-000014,DIRECT,Pehlin - Divaca 220kV Divaca - Pehlin,10T-HR-SI-000022,220kV Divaca - Pehlin,Divaca,Pehlin,TieLine
2024-08-29 06:00:00+00:00,10T-HR-SI-00004Z,OPPOSITE,Tumbri - Krsko 2 400 kV Krsko - Tumbri 2,10T-HR-SI-00005X,Tumbri - Krsko 2,Tumbri,Krsko,TieLine
2024-08-29 06:00:00+00:00,10T-HR-SI-00004Z,OPPOSITE,Tumbri - Krsko 2 400 kV Krsko - Tumbri 2,10T-HR-SI-00005X,400 kV Krsko - Tumbri 2,Krsko,Tumbri,TieLine
2024-08-29 06:00:00+00:00,15T-M000002791-J,DIRECT,Gabcikovo - Gyor Gabcikovo - Gyor,10T-HU-SK-00002R,Gabcikovo - Gyor,Gabcikovo,Gyor,TieLine
2024-08-29 06:00:00+00:00,15T-M000002791-J,DIRECT,Gabcikovo - Gyor Gabcikovo - Gyor,10T-HU-SK-00002R,Gabcikovo - Gyor,Gabcikovo,Gyor,TieLine
2024-08-29 06:00:00+00:00,10T-HU-UA-00002F,DIRECT,Szabolcsbaka - Mukachevo,10T1001C--000421,Szabolcsbaka - Mukachevo,Szabolcsbaka,Mukachevo,TieLine
2024-08-29 06:00:00+00:00,10T1001C--00056R,DIRECT,Gabcikovo - Gyor Gabcikovo - Gyor,10T-HU-SK-00002R,Gabcikovo - Gyor,Gabcikovo,Gyor,TieLine
2024-08-29 06:00:00+00:00,10T1001C--00056R,DIRECT,Gabcikovo - Gyor Gabcikovo - Gyor,10T-HU-SK-00002R,Gabcikovo - Gyor,Gabcikovo,Gyor,TieLine
2024-08-29 06:00:00+00:00,10T1001C--00056R,OPPOSITE,Gabcikovo - Gyor Gabcikovo - Gyor,10T-HU-SK-00002R,Gabcikovo - Gyor,Gabcikovo,Gyor,TieLine
2024-08-29 06:00:00+00:00,10T1001C--00056R,OPPOSITE,Gabcikovo - Gyor Gabcikovo - Gyor,10T-HU-SK-00002R,Gabcikovo - Gyor,Gabcikovo,Gyor,TieLine
2024-08-29 06:00:00+00:00,10T1001C--00101B,DIRECT,Zerjavinec - Heviz Zerjavinec - Heviz,10T-HR-HU-000025,Zerjavinec - Heviz,Zerjavinec,Heviz,TieLine
2024-08-29 06:00:00+00:00,10T1001C--00101B,DIRECT,Zerjavinec - Heviz Zerjavinec - Heviz,10T-HR-HU-000025,Zerjavinec - Heviz,Zerjavinec,Heviz,TieLine
2024-08-29 06:00:00+00:00,10T1001C--00101B,OPPOSITE,Zerjavinec - Heviz Zerjavinec - Heviz,10T-HR-HU-000025,Zerjavinec - Heviz,Zerjavinec,Heviz,TieLine
2024-08-29 06:00:00+00:00,10T1001C--00101B,OPPOSITE,Zerjavinec - Heviz Zerjavinec - Heviz,10T-HR-HU-000025,Zerjavinec - Heviz,Zerjavinec,Heviz,TieLine
2024-08-29 06:00:00+00:00,15T-M00000043583,DIRECT,Kerepes - Zuglo 2,15T-M00000043591,Kerepes - Zuglo 2,Kerepes,Zuglo,Line
2024-08-29 06:00:00+00:00,10T-DE-NL-00002T,OPPOSITE,PST Gronau TR 441 E,11T0-0000-0620-R,PST Gronau TR 441 E,Gronau,Gronau,PST
2024-08-29 06:00:00+00:00,10T-DE-NL-00002T,DIRECT,PST Gronau TR 441 E,11T0-0000-0620-R,PST Gronau TR 441 E,Gronau,Gronau,PST
2024-08-29 06:00:00+00:00,10T-DE-NL-00002T,DIRECT,Y-Doerpen West (-Meppen - Niederlangen) EMSLD OW Y-Niederlangen (-Meppen - Doerpen West) EMSLD OW Y-Meppen (-Doerpen West - Niederlangen) EMSLD OW Meppen - Niederlangen - Doerpen West EMSLD OW,11T0-0000-0990-L,Y-Doerpen West (-Meppen - Niederlangen) EMSLD OW,Doerpen West,Y Niederlangen,Line
2024-08-29 06:00:00+00:00,10T-DE-NL-00002T,DIRECT,Y-Doerpen West (-Meppen - Niederlangen) EMSLD OW Y-Niederlangen (-Meppen - Doerpen West) EMSLD OW Y-Meppen (-Doerpen West - Niederlangen) EMSLD OW Meppen - Niederlangen - Doerpen West EMSLD OW,11T0-0000-0991-I,Y-Niederlangen (-Meppen - Doerpen West) EMSLD OW,Niederlangen,Y Niederlangen,Line
2024-08-29 06:00:00+00:00,10T-DE-NL-00002T,DIRECT,Y-Doerpen West (-Meppen - Niederlangen) EMSLD OW Y-Niederlangen (-Meppen - Doerpen West) EMSLD OW Y-Meppen (-Doerpen West - Niederlangen) EMSLD OW Meppen - Niederlangen - Doerpen West EMSLD OW,11T-D2-D7-00001H,Y-Meppen (-Doerpen West - Niederlangen) EMSLD OW,Meppen,Y Niederlangen,Line
2024-08-29 06:00:00+00:00,10T-DE-NL-00002T,DIRECT,Y-Doerpen West (-Meppen - Niederlangen) EMSLD OW Y-Niederlangen (-Meppen - Doerpen West) EMSLD OW Y-Meppen (-Doerpen West - Niederlangen) EMSLD OW Meppen - Niederlangen - Doerpen West EMSLD OW,11T-D2-D7-00001H,NA,NA,NA,
2024-08-29 06:00:00+00:00,10T-DE-NL-00005N,DIRECT,PST Gronau TR 441 E,11T0-0000-0620-R,PST Gronau TR 441 E,Gronau,Gronau,PST
2024-08-29 06:00:00+00:00,10T-DE-NL-00005N,OPPOSITE,PST Gronau TR 441 E,11T0-0000-0620-R,PST Gronau TR 441 E,Gronau,Gronau,PST
2024-08-29 06:00:00+00:00,10T-DE-NL-00005N,OPPOSITE,Opladen - Rommerskirchen OPLADN N,11T0-0000-0793-M,Opladen - Rommerskirchen OPLADN N,Opladen,Rommerskirchen,Line
2024-08-29 06:00:00+00:00,49T0000000000274,DIRECT,Krimpen a/d IJssel - Geertruidenberg 380 Zwart,49T0000000000282,Krimpen a/d IJssel - Geertruidenberg 380 Zwart,Krimpen a/d IJssel,Geertruidenberg,Line
2024-08-29 06:00:00+00:00,49T0000000000274,OPPOSITE,Krimpen a/d IJssel - Geertruidenberg 380 Zwart,49T0000000000282,Krimpen a/d IJssel - Geertruidenberg 380 Zwart,Krimpen a/d IJssel,Geertruidenberg,Line
2024-08-29 06:00:00+00:00,19T000000001304A,OPPOSITE,Krosno Iskrzynia - Tarnow,19T000000000296P,Krosno Iskrzynia - Tarnow,Krosno Iskrzynia,Tarnow,Line
2024-08-29 06:00:00+00:00,19T0000000063830,DIRECT,Hagenwerder - Mikulowa 568 Mikulowa - Hagenwerder 568,10T-DE-PL-00001D,Hagenwerder - Mikulowa 568,Hagenwerder,Mikulowa,TieLine
2024-08-29 06:00:00+00:00,19T0000000063830,DIRECT,Hagenwerder - Mikulowa 568 Mikulowa - Hagenwerder 568,10T-DE-PL-00001D,Mikulowa - Hagenwerder 568,Mikulowa 568,Hagenwerder,TieLine
2024-08-29 06:00:00+00:00,19T0000000063830,OPPOSITE,Hagenwerder - Mikulowa 568 Mikulowa - Hagenwerder 568,10T-DE-PL-00001D,Hagenwerder - Mikulowa 568,Hagenwerder,Mikulowa,TieLine
2024-08-29 06:00:00+00:00,19T0000000063830,OPPOSITE,Hagenwerder - Mikulowa 568 Mikulowa - Hagenwerder 568,10T-DE-PL-00001D,Mikulowa - Hagenwerder 568,Mikulowa 568,Hagenwerder,TieLine
2024-08-29 06:00:00+00:00,19T000000006396S,DIRECT,Polaniec - Rzeszow,19T000000006420K,Polaniec - Rzeszow,Polaniec,Rzeszow,Line
2024-08-29 06:00:00+00:00,10T1001A1001A09N,DIRECT,Nosovice - Wielopole  Wielopole - Nosovice,10T-CZ-PL-00004A,Nosovice - Wielopole,Nosovice,Wielopole,TieLine
2024-08-29 06:00:00+00:00,10T1001A1001A09N,DIRECT,Nosovice - Wielopole  Wielopole - Nosovice,10T-CZ-PL-00004A,Wielopole - Nosovice,Wielopole,Nosovice,TieLine
2024-08-29 06:00:00+00:00,10T-CZ-PL-00004A,DIRECT,Dobrzen - Detmarovice Dobrzen - Detmarovice,10T1001A1001A09N,Dobrzen - Detmarovice,Dobrzen,Detmarovice,TieLine
2024-08-29 06:00:00+00:00,10T-CZ-PL-00004A,DIRECT,Dobrzen - Detmarovice Dobrzen - Detmarovice,10T1001A1001A09N,Dobrzen - Detmarovice,Detmarovice,Dobrzen,TieLine
2024-08-29 06:00:00+00:00,10T-CZ-PL-00004A,OPPOSITE,Dobrzen - Detmarovice Dobrzen - Detmarovice,10T1001A1001A09N,Dobrzen - Detmarovice,Dobrzen,Detmarovice,TieLine
2024-08-29 06:00:00+00:00,10T-CZ-PL-00004A,OPPOSITE,Dobrzen - Detmarovice Dobrzen - Detmarovice,10T1001A1001A09N,Dobrzen - Detmarovice,Detmarovice,Dobrzen,TieLine
2024-08-29 06:00:00+00:00,30TPARO220TRGJ-Q,OPPOSITE,Portile de Fier - Djerdap,10T-RO-RS-00001V,Portile de Fier - Djerdap,Portile de Fier,Djerdap,TieLine
2024-08-29 06:00:00+00:00,30TPARO220TRGJ-Q,OPPOSITE,Sibiu Sud - Mintia,30TMINT400SIBI-Z,Sibiu Sud - Mintia,Sibiu Sud,Mintia,Line
2024-08-29 06:00:00+00:00,30T-ROSI400AT--1,DIRECT,Rosiori - Gadalin,30TGADA400ROSI-A,Rosiori - Gadalin,Rosiori,Gadalin,Line
2024-08-29 06:00:00+00:00,10T-HU-RO-000024,OPPOSITE,Rosiori - Mukacevo,10T-RO-UA-000010,Rosiori - Mukacevo,Rosiori,Mukacevo,TieLine
2024-08-29 06:00:00+00:00,10T-RO-RS-00001V,DIRECT,Portile de Fier - Resita c1 Portile de Fier - Resita c2,30TPDFE220RESI1S,Portile de Fier - Resita c1,Portile de Fier,Resita c1,Line
2024-08-29 06:00:00+00:00,10T-RO-RS-00001V,DIRECT,Portile de Fier - Resita c1 Portile de Fier - Resita c2,30TPDFE220RESI2Q,Portile de Fier - Resita c2,Portile de Fier,Resita c2,Line
2024-08-29 06:00:00+00:00,10T-RO-RS-00001V,OPPOSITE,Tantareni - Kozlodui c2 Tantareni - Kozlodui c1,10T-BG-RO-00001A,Tantareni - Kozlodui c2,Tantareni,Kozlodui,TieLine
2024-08-29 06:00:00+00:00,10T-RO-RS-00001V,OPPOSITE,Tantareni - Kozlodui c2 Tantareni - Kozlodui c1,10T-RO-BG-00002A,Tantareni - Kozlodui c1,Tantareni,Kozlodui,TieLine
2024-08-29 06:00:00+00:00,30TISAC400VULC-W,DIRECT,Pivdennoukrainska G1,30UADUMMYEIC---1,Pivdennoukrainska G1,Pivdennoukrainska Bus1,Pivdennoukrainska Bus2,Transformer
2024-08-29 06:00:00+00:00,30TPARO220TRGJ-Q,OPPOSITE,Isaccea - Vulcanesti,30TISAC400VULC-W,Isaccea - Vulcanesti,Isaccea,Vulcanesti,TieLine
2024-08-29 06:00:00+00:00,30TISAC400VULC-W,DIRECT,Pivdennoukrainska 750,30UADUMMYEIC---2,NA,NA,NA,
2024-08-29 06:00:00+00:00,10T1001C--00101B,DIRECT,Kainachtal - Maribor 473 400 kV Maribor - Kainachtal 1,10T-AT-SI-00001T,Kainachtal - Maribor 473,Kainachtal,Maribor,TieLine
2024-08-29 06:00:00+00:00,10T1001C--00101B,DIRECT,Kainachtal - Maribor 473 400 kV Maribor - Kainachtal 1,10T-AT-SI-00001T,400 kV Maribor - Kainachtal 1,Maribor,Kainachtal,TieLine
2024-08-29 06:00:00+00:00,10T1001C--00101B,DIRECT,Zerjavinec - Cirkovce 400 kV Cirkovce - Zerjavinec,10T1001C--001037,Zerjavinec - Cirkovce,Zerjavinec,Cirkovce,TieLine
2024-08-29 06:00:00+00:00,10T1001C--00101B,DIRECT,Zerjavinec - Cirkovce 400 kV Cirkovce - Zerjavinec,10T1001C--001037,400 kV Cirkovce - Zerjavinec,Cirkovce,Zerjavinec,TieLine
2024-08-29 06:00:00+00:00,10T1001C--00101B,OPPOSITE,Zerjavinec - Cirkovce 400 kV Cirkovce - Zerjavinec,10T1001C--001037,Zerjavinec - Cirkovce,Zerjavinec,Cirkovce,TieLine
2024-08-29 06:00:00+00:00,10T1001C--00101B,OPPOSITE,Zerjavinec - Cirkovce 400 kV Cirkovce - Zerjavinec,10T1001C--001037,400 kV Cirkovce - Zerjavinec,Cirkovce,Zerjavinec,TieLine
2024-08-29 06:00:00+00:00,10T-HU-SK-00001T,DIRECT,R.Sobota - Sajoivanka  R.Sobota - Sajoivanka,10T1001C--00054V,R.Sobota - Sajoivanka,R.Sobota,Sajoivanka,TieLine
2024-08-29 06:00:00+00:00,10T-HU-SK-00001T,DIRECT,R.Sobota - Sajoivanka  R.Sobota - Sajoivanka,10T1001C--00054V,R.Sobota - Sajoivanka,R.Sobota,Sajoivanka,TieLine
2024-08-29 06:00:00+00:00,10T-SK-UA-00001W,DIRECT,R.Sobota - Sajoivanka  R.Sobota - Sajoivanka,10T1001C--00054V,R.Sobota - Sajoivanka,R.Sobota,Sajoivanka,TieLine
2024-08-29 06:00:00+00:00,10T-SK-UA-00001W,DIRECT,R.Sobota - Sajoivanka  R.Sobota - Sajoivanka,10T1001C--00054V,R.Sobota - Sajoivanka,R.Sobota,Sajoivanka,TieLine
2024-08-29 06:00:00+00:00,24T-V429-0000005,DIRECT,V.Dur - Krizovany,24T-V425-0000004,V.Dur - Krizovany,V.Dur,Krizovany,Line
2024-08-29 06:00:00+00:00,24T-V493-000000Q,DIRECT,Bosaca - Varin,24T-V495-0000008,Bosaca - Varin,Bosaca,Varin,Line
2024-08-29 06:00:00+00:00,24T-V490-000000G,DIRECT,V.Dur - Levice 2,24T-V491-0000007,V.Dur - Levice 2,V.Dur,Levice,Line
2024-08-29 06:00:00+00:00,24T-V425-0000004,DIRECT,Gabcikovo - P.Biskupice,24T-V429-0000005,Gabcikovo - P.Biskupice,Gabcikovo,P.Biskupice,Line
2024-08-29 06:00:00+00:00,10T-CZ-SK-00002W,OPPOSITE,Lemesany - Krosno Iskrz 1 Lemesany - Krosno Iskrz 1,10T-PL-SK-00001W,Lemesany - Krosno Iskrz 1,Lemesany,Krosno Iskrz,TieLine
2024-08-29 06:00:00+00:00,10T-CZ-SK-00002W,OPPOSITE,Lemesany - Krosno Iskrz 1 Lemesany - Krosno Iskrz 1,10T-PL-SK-00001W,Lemesany - Krosno Iskrz 1,Lemesany,Krosno Iskrz 1,TieLine
2024-08-29 06:00:00+00:00,10T-CZ-SK-00002W,OPPOSITE,Lemesany - Krosno Iskrz 2 Lemesany - Krosno Iskrz 2,10T-PL-SK-00002U,Lemesany - Krosno Iskrz 2,Lemesany,Krosno Iskrz,TieLine
2024-08-29 06:00:00+00:00,10T-CZ-SK-00002W,OPPOSITE,Lemesany - Krosno Iskrz 2 Lemesany - Krosno Iskrz 2,10T-PL-SK-00002U,Lemesany - Krosno Iskrz 2,Lemesany,Krosno Iskrz 2,TieLine
2024-08-29 06:00:00+00:00,10T-CZ-SK-00002W,OPPOSITE,Sp.Nova Ves - Lemesany,24T-V408-000000Y,Sp.Nova Ves - Lemesany,Sp.Nova Ves,Lemesany,Line
2024-08-29 06:00:00+00:00,24T-V425-0000004,OPPOSITE,Gabcikovo - P.Biskupice,24T-V429-0000005,Gabcikovo - P.Biskupice,Gabcikovo,P.Biskupice,Line
2024-08-29 06:00:00+00:00,24T-V425-0000004,OPPOSITE,Krizovany - P.Biskupice,24T-V439-000000W,Krizovany - P.Biskupice,Krizovany,P.Biskupice,Line
2024-08-29 06:00:00+00:00,10T-CZ-SK-00002W,OPPOSITE,Krosno Iskrzynia - Tarnow,19T000000000296P,Krosno Iskrzynia - Tarnow,Krosno Iskrzynia,Tarnow,Line
2024-08-29 07:00:00+00:00,14T-220-0-002213,DIRECT,Tauern - Weissenbach 222,14T-220-0-002221,Tauern - Weissenbach 222,Tauern,Weissenbach,Line
2024-08-29 07:00:00+00:00,14T-221-0-00223Q,OPPOSITE,Hessenberg - Weissenbach 224,14T-220-0-00224Y,Hessenberg - Weissenbach 224,Hessenberg,Weissenbach,Line
2024-08-29 07:00:00+00:00,10T-AT-SI-00003P,DIRECT,Kainachtal - Obersielach 471,14T-380-0-00471D,Kainachtal - Obersielach 471,Kainachtal,Obersielach,Line
2024-08-29 07:00:00+00:00,10T-AT-SI-00003P,DIRECT,Kainachtal - Maribor 473 400 kV Maribor - Kainachtal 1,10T-AT-SI-00001T,Kainachtal - Maribor 473,Kainachtal,Maribor,TieLine
2024-08-29 07:00:00+00:00,10T-AT-SI-00003P,DIRECT,Kainachtal - Maribor 473 400 kV Maribor - Kainachtal 1,10T-AT-SI-00001T,400 kV Maribor - Kainachtal 1,Maribor,Kainachtal,TieLine
2024-08-29 07:00:00+00:00,10T-AT-SI-00003P,OPPOSITE,Kainachtal - Maribor 473 400 kV Maribor - Kainachtal 1,10T-AT-SI-00001T,Kainachtal - Maribor 473,Kainachtal,Maribor,TieLine
2024-08-29 07:00:00+00:00,10T-AT-SI-00003P,OPPOSITE,Kainachtal - Maribor 473 400 kV Maribor - Kainachtal 1,10T-AT-SI-00001T,400 kV Maribor - Kainachtal 1,Maribor,Kainachtal,TieLine
2024-08-29 07:00:00+00:00,10T-AT-SI-00003P,DIRECT,400 kV Cirkovce - Podlog,28T000000000301K,400 kV Cirkovce - Podlog,Cirkovce,Podlog,Line
2024-08-29 07:00:00+00:00,10T-AT-SI-00003P,OPPOSITE,400 kV Cirkovce - Podlog,28T000000000301K,400 kV Cirkovce - Podlog,Cirkovce,Podlog,Line
2024-08-29 07:00:00+00:00,10T-AT-SI-00003P,DIRECT,400 kV Cirkovce - Krsko,28T000000000300M,400 kV Cirkovce - Krsko,Cirkovce,Krsko,Line
2024-08-29 07:00:00+00:00,10T-AT-DE-000037,DIRECT,Pirach Neu - Pleinting 296/257 Pirach Neu - Pirach 296/257,11T0-0000-2108-O,Pirach Neu - Pleinting 296/257,Pirach Neu,Pleinting,Line
2024-08-29 07:00:00+00:00,10T-AT-DE-000037,DIRECT,Pirach Neu - Pleinting 296/257 Pirach Neu - Pirach 296/257,11T0-0000-2108-O,Pirach Neu - Pirach 296/257,Pirach Neu,Pirach,Line
2024-08-29 07:00:00+00:00,14T-220-0-0273BO,DIRECT,Strass - Thaur 274B,14T-220-0-0274BL,Strass - Thaur 274B,Strass,Thaur,Line
2024-08-29 07:00:00+00:00,10T1001C--00035Z,OPPOSITE,Westtirol - Silz 414 Westtitrol - Silz 414,10T1001C--00036X,Westtirol - Silz 414,Westtirol,Silz,TieLine
2024-08-29 07:00:00+00:00,10T1001C--00035Z,OPPOSITE,Westtirol - Silz 414 Westtitrol - Silz 414,10T1001C--00036X,NA,NA,NA,
2024-08-29 07:00:00+00:00,10T-AT-CZ-00003X,OPPOSITE,Slavetice - Durnrohr - V438  Duernrohr 1 - Slavetice 438,10T-AT-CZ-00004V,Slavetice - Durnrohr - V438,Slavetice,Durnrohr,TieLine
2024-08-29 07:00:00+00:00,10T-AT-CZ-00003X,OPPOSITE,Slavetice - Durnrohr - V438  Duernrohr 1 - Slavetice 438,10T-AT-CZ-00004V,Duernrohr 1 - Slavetice 438,Duernrohr 1,Slavetice,TieLine
2024-08-29 07:00:00+00:00,10T-AT-SI-00001T,OPPOSITE,Kainachtal - Maribor 474 400 kV Maribor - Kainachtal 2,10T-AT-SI-00002R,Kainachtal - Maribor 474,Kainachtal,Maribor,TieLine
2024-08-29 07:00:00+00:00,10T-AT-SI-00001T,OPPOSITE,Kainachtal - Maribor 474 400 kV Maribor - Kainachtal 2,10T-AT-SI-00002R,400 kV Maribor - Kainachtal 2,Maribor,Kainachtal,TieLine
2024-08-29 07:00:00+00:00,14T-38220-WT041O,OPPOSITE,Leupolz - Westtirol 412 Leupolz - Westtirol FUESSN O,10T-AT-DE-10007U,Leupolz - Westtirol 412,Leupolz,Westtirol,TieLine
2024-08-29 07:00:00+00:00,14T-38220-WT041O,OPPOSITE,Leupolz - Westtirol 412 Leupolz - Westtirol FUESSN O,10T-AT-DE-10007U,Leupolz - Westtirol FUESSN O,Leupolz,Westtirol,TieLine
2024-08-29 07:00:00+00:00,14T-38220-WT041O,OPPOSITE,Buers - Westtirol ws (421) Westtirol 1 - Buers 421,10T-AT-DE-000053,Buers - Westtirol ws (421),Buers,Westtirol,TieLine
2024-08-29 07:00:00+00:00,14T-38220-WT041O,OPPOSITE,Buers - Westtirol ws (421) Westtirol 1 - Buers 421,10T-AT-DE-000053,Westtirol 1 - Buers 421,Buers,Westtirol,TieLine
2024-08-29 07:00:00+00:00,14T-38220-ZZ041D,DIRECT,Zell am Ziller 1 - Zell am Ziller 2 ZZRHU42,14T-38220-ZZ042B,Zell am Ziller 1 - Zell am Ziller 2 ZZRHU42,Zell am Ziller 1,Zell am Ziller 2,Transformer
2024-08-29 07:00:00+00:00,14T-220-0-002213,OPPOSITE,400kV Divaca - Redipuglia,10T-IT-SI-000025,[NCL] [SI-IT] 400kV Divaca - Redipuglia [SI] [SI-IT],Divaca,Redipuglia,TieLine
2024-08-29 07:00:00+00:00,10T-BE-FR-000015,OPPOSITE,Avelgem - Horta 380.102,22T20161020---1E,Avelgem - Horta 380.102,Avelgem,Horta,Line
2024-08-29 07:00:00+00:00,10T-BE-FR-000015,OPPOSITE,Lixhe - Van Eyck 380.91 Alegro HVDC,22T20180102---2W,Lixhe - Van Eyck 380.91,Lixhe,Van Eyck,Line
2024-08-29 07:00:00+00:00,10T-BE-FR-000015,OPPOSITE,Lixhe - Van Eyck 380.91 Alegro HVDC,22T201903146---W,NA,NA,NA,
2024-08-29 07:00:00+00:00,10T-BE-FR-000015,OPPOSITE,PST Van Eyck 2,22T-BE-PST--002U,PST Van Eyck 2,Van Eyck,Van Eyck,PST
2024-08-29 07:00:00+00:00,22T-BE-IN-LI0130,OPPOSITE,Avelgem - Horta 380.102,22T20161020---1E,Avelgem - Horta 380.102,Avelgem,Horta,Line
2024-08-29 07:00:00+00:00,22T-BE-IN-LI0130,OPPOSITE,PST Van Eyck 2,22T-BE-PST--002U,PST Van Eyck 2,Van Eyck,Van Eyck,PST
2024-08-29 07:00:00+00:00,22T-BE-IN-LI018R,DIRECT,Y-Van Eyck (-Andre Dumont - Gramme) 380.12 Y-Andre Dumont (-Gramme - Van Eyck) 380.12 Y-Gramme (-Andre Dumont - Van Eyck) 380.12,22T20161020---48,Y-Van Eyck (-Andre Dumont - Gramme) 380.12,Van Eyck,Zuttendaal,Line
2024-08-29 07:00:00+00:00,22T-BE-IN-LI018R,DIRECT,Y-Van Eyck (-Andre Dumont - Gramme) 380.12 Y-Andre Dumont (-Gramme - Van Eyck) 380.12 Y-Gramme (-Andre Dumont - Van Eyck) 380.12,22T20161020---48,Y-Andre Dumont (-Gramme - Van Eyck) 380.12,Andre Dumont,Zuttendaal,Line
2024-08-29 07:00:00+00:00,22T-BE-IN-LI018R,DIRECT,Y-Van Eyck (-Andre Dumont - Gramme) 380.12 Y-Andre Dumont (-Gramme - Van Eyck) 380.12 Y-Gramme (-Andre Dumont - Van Eyck) 380.12,22T20161020---48,Y-Gramme (-Andre Dumont - Van Eyck) 380.12,Gramme,Zuttendaal,Line
2024-08-29 07:00:00+00:00,10T-BE-NL-00001I,DIRECT,Y-Bruegel (-Courcelles - Drogenbos) 380.33 Y-Courcelles (-Bruegel - Drogenbos) 380.33 Y-Drogenbos (-Bruegel - Courcelles) 380.33,22T-BE-IN-LI0017,Y-Bruegel (-Courcelles - Drogenbos) 380.33,Bruegel,Mekingen,Line
2024-08-29 07:00:00+00:00,10T-BE-NL-00001I,DIRECT,Y-Bruegel (-Courcelles - Drogenbos) 380.33 Y-Courcelles (-Bruegel - Drogenbos) 380.33 Y-Drogenbos (-Bruegel - Courcelles) 380.33,22T-BE-IN-LI0017,Y-Courcelles (-Bruegel - Drogenbos) 380.33,Courcelles,Mekingen,Line
2024-08-29 07:00:00+00:00,10T-BE-NL-00001I,DIRECT,Y-Bruegel (-Courcelles - Drogenbos) 380.33 Y-Courcelles (-Bruegel - Drogenbos) 380.33 Y-Drogenbos (-Bruegel - Courcelles) 380.33,22T-BE-IN-LI0017,Y-Drogenbos (-Bruegel - Courcelles) 380.33,Drogenbos,Mekingen,Line
2024-08-29 07:00:00+00:00,10T-BE-NL-00001I,DIRECT,Gramme - Achene 380.10,22T-BE-IN-LI0130,Gramme - Achene 380.10,Achene,Gramme,Line
2024-08-29 07:00:00+00:00,10T-BE-NL-00001I,DIRECT,PST Van Eyck 1,22T-BE-PST--001W,PST Van Eyck 1,Van Eyck,Van Eyck,PST
2024-08-29 07:00:00+00:00,10T-BE-NL-00001I,OPPOSITE,Achene - Lonny 380.19 Achene - Lonny 19,10T-BE-FR-000015,Achene - Lonny 380.19,Achene,Lonny,TieLine
2024-08-29 07:00:00+00:00,10T-BE-NL-00001I,OPPOSITE,Achene - Lonny 380.19 Achene - Lonny 19,10T-BE-FR-000015,Achene - Lonny 19,Achene,Lonny,TieLine
2024-08-29 07:00:00+00:00,10T-BE-NL-00001I,OPPOSITE,Lixhe - Gramme 380.11,22T-BE-IN-LI018R,Lixhe - Gramme 380.11,Gramme,Lixhe,Line
2024-08-29 07:00:00+00:00,10T-BE-NL-00001I,OPPOSITE,Y-Bruegel (-Mercator - Verbrande Brug) 380.36 Y-Mercator (-Bruegel - Verbrande Brug) 380.36 Y-Verbrande Brug (-Bruegel - Mercator) 380.36,22T-BE-IN-LI006Y,Y-Bruegel (-Mercator - Verbrande Brug) 380.36,Bruegel,Buggenhout,Line
2024-08-29 07:00:00+00:00,10T-BE-NL-00001I,OPPOSITE,Y-Bruegel (-Mercator - Verbrande Brug) 380.36 Y-Mercator (-Bruegel - Verbrande Brug) 380.36 Y-Verbrande Brug (-Bruegel - Mercator) 380.36,22T-BE-IN-LI006Y,Y-Mercator (-Bruegel - Verbrande Brug) 380.36,Mercator,Buggenhout,Line
2024-08-29 07:00:00+00:00,10T-BE-NL-00001I,OPPOSITE,Y-Bruegel (-Mercator - Verbrande Brug) 380.36 Y-Mercator (-Bruegel - Verbrande Brug) 380.36 Y-Verbrande Brug (-Bruegel - Mercator) 380.36,22T-BE-IN-LI006Y,Y-Verbrande Brug (-Bruegel - Mercator) 380.36,Verbrande Brug,Buggenhout,Line
2024-08-29 07:00:00+00:00,10T-BE-NL-00001I,OPPOSITE,PST Van Eyck 1,22T-BE-PST--001W,PST Van Eyck 1,Van Eyck,Van Eyck,PST
2024-08-29 07:00:00+00:00,22T-BE-IN-LI02AK,DIRECT,Doel - Zandvliet 380.26,22T20170512----9,Doel - Zandvliet 380.26,Doel,Zandvliet,Line
2024-08-29 07:00:00+00:00,10T-BE-NL-00001I,DIRECT,Alegro HVDC,22T201903146---W,NA,NA,NA,
2024-08-29 07:00:00+00:00,10T-BE-NL-00001I,OPPOSITE,Alegro HVDC,22T201903146---W,NA,NA,NA,
2024-08-29 07:00:00+00:00,10T-CZ-DE-00003S,DIRECT,Hradec - Rohrsdorf - V445  Hradec - Rohrsdorf 445,10T-CZ-DE-00002U,Hradec - Rohrsdorf - V445,Hradec,Rohrsdorf,TieLine
2024-08-29 07:00:00+00:00,10T-CZ-DE-00003S,DIRECT,Hradec - Rohrsdorf - V445  Hradec - Rohrsdorf 445,10T-CZ-DE-00002U,Hradec - Rohrsdorf 445,Hradec,Rohrsdorf,TieLine
2024-08-29 07:00:00+00:00,10T-CZ-DE-00003S,OPPOSITE,Hradec - Rohrsdorf - V445  Hradec - Rohrsdorf 445,10T-CZ-DE-00002U,Hradec - Rohrsdorf - V445,Hradec,Rohrsdorf,TieLine
2024-08-29 07:00:00+00:00,10T-CZ-DE-00003S,OPPOSITE,Hradec - Rohrsdorf - V445  Hradec - Rohrsdorf 445,10T-CZ-DE-00002U,Hradec - Rohrsdorf 445,Hradec,Rohrsdorf,TieLine
2024-08-29 07:00:00+00:00,10T-CZ-SK-00001Y,DIRECT,Nosovice - Varin  Nosovice - Varin,10T-CZ-SK-00002W,Nosovice - Varin,Nosovice,Varin,TieLine
2024-08-29 07:00:00+00:00,10T-CZ-SK-00001Y,DIRECT,Nosovice - Varin  Nosovice - Varin,10T-CZ-SK-00002W,Nosovice - Varin,Nosovice,Varin,TieLine
2024-08-29 07:00:00+00:00,10T-CZ-SK-00001Y,OPPOSITE,Nosovice - Varin  Nosovice - Varin,10T-CZ-SK-00002W,Nosovice - Varin,Nosovice,Varin,TieLine
2024-08-29 07:00:00+00:00,10T-CZ-SK-00001Y,OPPOSITE,Nosovice - Varin  Nosovice - Varin,10T-CZ-SK-00002W,Nosovice - Varin,Nosovice,Varin,TieLine
2024-08-29 07:00:00+00:00,10T-CZ-SK-00002W,DIRECT,Krizovany - Sokolnice Sokolnice - Krizovany,10T-CZ-SK-00003U,Krizovany - Sokolnice,Krizovany,Sokolnice,TieLine
2024-08-29 07:00:00+00:00,10T-CZ-SK-00002W,DIRECT,Krizovany - Sokolnice Sokolnice - Krizovany,10T-CZ-SK-00003U,Sokolnice - Krizovany,Sokolnice,Krizovany,TieLine
2024-08-29 07:00:00+00:00,10T-CZ-SK-00002W,OPPOSITE,Krizovany - Sokolnice Sokolnice - Krizovany,10T-CZ-SK-00003U,Krizovany - Sokolnice,Krizovany,Sokolnice,TieLine
2024-08-29 07:00:00+00:00,10T-CZ-SK-00002W,OPPOSITE,Krizovany - Sokolnice Sokolnice - Krizovany,10T-CZ-SK-00003U,Sokolnice - Krizovany,Sokolnice,Krizovany,TieLine
2024-08-29 07:00:00+00:00,10T1001C--001223,OPPOSITE,Sokolnice - Zaya - V243 Zaya - Sokolnice 243,10T1001C--001215,Sokolnice - Zaya - V243,Sokolnice,Zaya,TieLine
2024-08-29 07:00:00+00:00,10T1001C--001223,OPPOSITE,Sokolnice - Zaya - V243 Zaya - Sokolnice 243,10T1001C--001215,Zaya - Sokolnice 243,Zaya,Sokolnice,TieLine
2024-08-29 07:00:00+00:00,10T1001C--001215,DIRECT,Sokolnice - Zaya - V244 Zaya - Sokolnice 244,10T1001C--001223,Sokolnice - Zaya - V244,Sokolnice,Zaya,TieLine
2024-08-29 07:00:00+00:00,10T1001C--001215,DIRECT,Sokolnice - Zaya - V244 Zaya - Sokolnice 244,10T1001C--001223,Zaya - Sokolnice 244,Zaya,Sokolnice,TieLine
2024-08-29 07:00:00+00:00,10T1001C--001215,OPPOSITE,Sokolnice - Zaya - V244 Zaya - Sokolnice 244,10T1001C--001223,Sokolnice - Zaya - V244,Sokolnice,Zaya,TieLine
2024-08-29 07:00:00+00:00,10T1001C--001215,OPPOSITE,Sokolnice - Zaya - V244 Zaya - Sokolnice 244,10T1001C--001223,Zaya - Sokolnice 244,Zaya,Sokolnice,TieLine
2024-08-29 07:00:00+00:00,10T-CZ-SK-00003U,DIRECT,Nosovice - Varin  Nosovice - Varin,10T-CZ-SK-00002W,Nosovice - Varin,Nosovice,Varin,TieLine
2024-08-29 07:00:00+00:00,10T-CZ-SK-00003U,DIRECT,Nosovice - Varin  Nosovice - Varin,10T-CZ-SK-00002W,Nosovice - Varin,Nosovice,Varin,TieLine
2024-08-29 07:00:00+00:00,10T-CZ-SK-00003U,OPPOSITE,Nosovice - Varin  Nosovice - Varin,10T-CZ-SK-00002W,Nosovice - Varin,Nosovice,Varin,TieLine
2024-08-29 07:00:00+00:00,10T-CZ-SK-00003U,OPPOSITE,Nosovice - Varin  Nosovice - Varin,10T-CZ-SK-00002W,Nosovice - Varin,Nosovice,Varin,TieLine
2024-08-29 07:00:00+00:00,10T-CZ-SK-00003U,DIRECT,Sokolnice - Stupava  Sokolnice - Stupava,10T-CZ-SK-00005Q,Sokolnice - Stupava,Sokolnice,Stupava,TieLine
2024-08-29 07:00:00+00:00,10T-CZ-SK-00003U,DIRECT,Sokolnice - Stupava  Sokolnice - Stupava,10T-CZ-SK-00005Q,Sokolnice - Stupava,Stupava,Sokolnice,TieLine
2024-08-29 07:00:00+00:00,10T-CZ-SK-00003U,OPPOSITE,Sokolnice - Stupava  Sokolnice - Stupava,10T-CZ-SK-00005Q,Sokolnice - Stupava,Sokolnice,Stupava,TieLine
2024-08-29 07:00:00+00:00,10T-CZ-SK-00003U,OPPOSITE,Sokolnice - Stupava  Sokolnice - Stupava,10T-CZ-SK-00005Q,Sokolnice - Stupava,Stupava,Sokolnice,TieLine
2024-08-29 07:00:00+00:00,10T-CZ-SK-00003U,DIRECT,H. Zivotice - Krasikov,27T-TLI-V458---B,H. Zivotice - Krasikov,H. Zivotice,Krasikov,Line
2024-08-29 07:00:00+00:00,10T-CZ-SK-00003U,OPPOSITE,H. Zivotice - Krasikov,27T-TLI-V458---B,H. Zivotice - Krasikov,H. Zivotice,Krasikov,Line
2024-08-29 07:00:00+00:00,10T-CZ-DE-00004Q,DIRECT,Hradec - Etzenricht  Etzenricht - Hradec 441,10T-CZ-DE-00001W,Hradec - Etzenricht,Hradec,Etzenricht,TieLine
2024-08-29 07:00:00+00:00,10T-CZ-DE-00004Q,DIRECT,Hradec - Etzenricht  Etzenricht - Hradec 441,10T-CZ-DE-00001W,Etzenricht - Hradec 441,Etzenricht,Hradec,TieLine
2024-08-29 07:00:00+00:00,11T0-0000-0984-D,DIRECT,St. Peter 2 - Simbach 234_230 St. Peter - Altheim_Simbach 234_230 Y-Altheim (-Simbach - St. Peter) 234/230  Y-Simbach (-Altheim - St. Peter) 234/230,10T-AT-DE-000045,St. Peter 2 - Simbach 234_230,St. Peter 2,Simbach,TieLine
2024-08-29 07:00:00+00:00,11T0-0000-0984-D,DIRECT,St. Peter 2 - Simbach 234_230 St. Peter - Altheim_Simbach 234_230 Y-Altheim (-Simbach - St. Peter) 234/230  Y-Simbach (-Altheim - St. Peter) 234/230,10T-AT-DE-000045,NA,NA,NA,
2024-08-29 07:00:00+00:00,11T0-0000-0984-D,DIRECT,St. Peter 2 - Simbach 234_230 St. Peter - Altheim_Simbach 234_230 Y-Altheim (-Simbach - St. Peter) 234/230  Y-Simbach (-Altheim - St. Peter) 234/230,11T0-0000-0986-7,Y-Altheim (-Simbach - St. Peter) 234/230,Altheim,St. Peter,TieLine
2024-08-29 07:00:00+00:00,11T0-0000-0984-D,DIRECT,St. Peter 2 - Simbach 234_230 St. Peter - Altheim_Simbach 234_230 Y-Altheim (-Simbach - St. Peter) 234/230  Y-Simbach (-Altheim - St. Peter) 234/230,11T0-0000-0987-4,Y-Simbach (-Altheim - St. Peter) 234/230,Y-Simbach,Simbach,TieLine
2024-08-29 07:00:00+00:00,11T0-0000-0986-7,OPPOSITE,St. Peter 2 - Altheim 233_230 St. Peter - Altheim_Simbach 233_230 Y-Altheim (-Simbach - St. Peter) 233/230 Y-Simbach (-Altheim - St.Peter) 233/230,10T-AT-DE-00001B,St. Peter 2 - Altheim 233_230,St. Peter 2,Altheim,TieLine
2024-08-29 07:00:00+00:00,11T0-0000-0986-7,OPPOSITE,St. Peter 2 - Altheim 233_230 St. Peter - Altheim_Simbach 233_230 Y-Altheim (-Simbach - St. Peter) 233/230 Y-Simbach (-Altheim - St.Peter) 233/230,10T-AT-DE-00001B,NA,NA,NA,
2024-08-29 07:00:00+00:00,11T0-0000-0986-7,OPPOSITE,St. Peter 2 - Altheim 233_230 St. Peter - Altheim_Simbach 233_230 Y-Altheim (-Simbach - St. Peter) 233/230 Y-Simbach (-Altheim - St.Peter) 233/230,11T0-0000-0984-D,Y-Altheim (-Simbach - St. Peter) 233/230,Altheim,Y Simbach,TieLine
2024-08-29 07:00:00+00:00,11T0-0000-0986-7,OPPOSITE,St. Peter 2 - Altheim 233_230 St. Peter - Altheim_Simbach 233_230 Y-Altheim (-Simbach - St. Peter) 233/230 Y-Simbach (-Altheim - St.Peter) 233/230,11T0-0000-0985-A,Y-Simbach (-Altheim - St.Peter) 233/230,Simbach,Y Simbach,TieLine
2024-08-29 07:00:00+00:00,11TD2L000000003L,DIRECT,Altheim - Sittling 220,11TD2L000000004J,Altheim - Sittling 220,Altheim,Sittling,Line
2024-08-29 07:00:00+00:00,11T0-0000-0103-E,DIRECT,Hradec - Rohrsdorf - V445  Hradec - Rohrsdorf 445,10T-CZ-DE-00002U,Hradec - Rohrsdorf - V445,Hradec,Rohrsdorf,TieLine
2024-08-29 07:00:00+00:00,11T0-0000-0103-E,DIRECT,Hradec - Rohrsdorf - V445  Hradec - Rohrsdorf 445,10T-CZ-DE-00002U,Hradec - Rohrsdorf 445,Hradec,Rohrsdorf,TieLine
2024-08-29 07:00:00+00:00,11TD400000543-LM,DIRECT,Grafenrheinfeld - Stalldorf rt (416) Grafenrheinfeld - Stalldorf 416,11T-D2-D4-000022,Grafenrheinfeld - Stalldorf rt (416),Grafenrheinfeld,Stalldorf,Line
2024-08-29 07:00:00+00:00,11TD400000543-LM,DIRECT,Grafenrheinfeld - Stalldorf rt (416) Grafenrheinfeld - Stalldorf 416,11T-D2-D4-000022,Grafenrheinfeld - Stalldorf 416,Grafenrheinfeld,Stalldorf,Line
2024-08-29 07:00:00+00:00,11T0-0000-0872-S,OPPOSITE,Hoepfingen - Hueffenhardt ge,11TD400000543-LM,Hoepfingen - Hueffenhardt ge,Hoepfingen,Hueffenhardt,Line
2024-08-29 07:00:00+00:00,11T0-0000-1496-M,OPPOSITE,Emscherbruch - Mengede RECKLI S,11T0-0000-2064-H,Emscherbruch - Mengede RECKLI S,Emscherbruch,Mengede,Line
2024-08-29 07:00:00+00:00,11T0-0000-0781-W,DIRECT,Y-Oberzier (-Paffendorf - Sechtem) SECHTM S Y-Paffendorf (-Oberzier - Sechtem) SECHTM S Y-Sechtem (-Oberzier - Paffendorf) SECHTM S,11T0-0000-0782-T,Y-Oberzier (-Paffendorf - Sechtem) SECHTM S,Oberzier,Y-Paffendorf,Line
2024-08-29 07:00:00+00:00,11T0-0000-0781-W,DIRECT,Y-Oberzier (-Paffendorf - Sechtem) SECHTM S Y-Paffendorf (-Oberzier - Sechtem) SECHTM S Y-Sechtem (-Oberzier - Paffendorf) SECHTM S,11T0-0000-0815-6,Y-Paffendorf (-Oberzier - Sechtem) SECHTM S,Paffendorf,Y-Paffendorf,Line
2024-08-29 07:00:00+00:00,11T0-0000-0781-W,DIRECT,Y-Oberzier (-Paffendorf - Sechtem) SECHTM S Y-Paffendorf (-Oberzier - Sechtem) SECHTM S Y-Sechtem (-Oberzier - Paffendorf) SECHTM S,11T0-0000-0849-J,Y-Sechtem (-Oberzier - Paffendorf) SECHTM S,Sechtem,Y-Paffendorf,Line
2024-08-29 07:00:00+00:00,10T-DE-NL-00005N,DIRECT,Gramme - Achene 380.10,22T-BE-IN-LI0130,Gramme - Achene 380.10,Achene,Gramme,Line
2024-08-29 07:00:00+00:00,10T-DE-NL-00005N,DIRECT,Avelgem - Horta 380.102,22T20161020---1E,Avelgem - Horta 380.102,Avelgem,Horta,Line
2024-08-29 07:00:00+00:00,10T-DE-NL-00005N,OPPOSITE,Alegro HVDC,22T201903146---W,NA,NA,NA,
2024-08-29 07:00:00+00:00,10T-DE-NL-00005N,OPPOSITE,Achene - Lonny 380.19 Achene - Lonny 19,10T-BE-FR-000015,Achene - Lonny 380.19,Achene,Lonny,TieLine
2024-08-29 07:00:00+00:00,10T-DE-NL-00005N,OPPOSITE,Achene - Lonny 380.19 Achene - Lonny 19,10T-BE-FR-000015,Achene - Lonny 19,Achene,Lonny,TieLine
2024-08-29 07:00:00+00:00,10T-DE-NL-00005N,OPPOSITE,Boxmeer - Dodewaard 380 Zwart,49T000000000006C,Boxmeer - Dodewaard 380 Zwart,Boxmeer,Dodewaard,Line
2024-08-29 07:00:00+00:00,10T-DE-NL-00005N,OPPOSITE,Avelgem - Horta 380.102,22T20161020---1E,Avelgem - Horta 380.102,Avelgem,Horta,Line
2024-08-29 07:00:00+00:00,11T0-0000-0620-R,DIRECT,Y-Doerpen West (-Meppen - Niederlangen) EMSLD OW Y-Niederlangen (-Meppen - Doerpen West) EMSLD OW Y-Meppen (-Doerpen West - Niederlangen) EMSLD OW Meppen - Niederlangen - Doerpen West EMSLD OW,11T0-0000-0990-L,Y-Doerpen West (-Meppen - Niederlangen) EMSLD OW,Doerpen West,Y Niederlangen,Line
2024-08-29 07:00:00+00:00,11T0-0000-0620-R,DIRECT,Y-Doerpen West (-Meppen - Niederlangen) EMSLD OW Y-Niederlangen (-Meppen - Doerpen West) EMSLD OW Y-Meppen (-Doerpen West - Niederlangen) EMSLD OW Meppen - Niederlangen - Doerpen West EMSLD OW,11T0-0000-0991-I,Y-Niederlangen (-Meppen - Doerpen West) EMSLD OW,Niederlangen,Y Niederlangen,Line
2024-08-29 07:00:00+00:00,11T0-0000-0620-R,DIRECT,Y-Doerpen West (-Meppen - Niederlangen) EMSLD OW Y-Niederlangen (-Meppen - Doerpen West) EMSLD OW Y-Meppen (-Doerpen West - Niederlangen) EMSLD OW Meppen - Niederlangen - Doerpen West EMSLD OW,11T-D2-D7-00001H,Y-Meppen (-Doerpen West - Niederlangen) EMSLD OW,Meppen,Y Niederlangen,Line
2024-08-29 07:00:00+00:00,11T0-0000-0620-R,DIRECT,Y-Doerpen West (-Meppen - Niederlangen) EMSLD OW Y-Niederlangen (-Meppen - Doerpen West) EMSLD OW Y-Meppen (-Doerpen West - Niederlangen) EMSLD OW Meppen - Niederlangen - Doerpen West EMSLD OW,11T-D2-D7-00001H,NA,NA,NA,
2024-08-29 07:00:00+00:00,11T0-0000-0620-R,DIRECT,Doetinchem - Niederrhein 380 white Doetinchem - Niederrhein 380 white,10T1001C--000235,Doetinchem - Niederrhein 380 white,Doetinchem,Niederrhein,TieLine
2024-08-29 07:00:00+00:00,11T0-0000-0620-R,DIRECT,Doetinchem - Niederrhein 380 white Doetinchem - Niederrhein 380 white,10T1001C--000235,Doetinchem - Niederrhein 380 white,Doetinchem,Niederrhein,TieLine
2024-08-29 07:00:00+00:00,11T-D2-D7-000318,OPPOSITE,Dettingen - Grosskrotzenburg UMAIN S1 Dettingen - Grosskrotzenburg UMAIN S1,11T-D2-D7-00030A,Dettingen - Grosskrotzenburg UMAIN S1,Dettingen,Grosskrotzenburg,Line
2024-08-29 07:00:00+00:00,11T-D2-D7-000318,OPPOSITE,Dettingen - Grosskrotzenburg UMAIN S1 Dettingen - Grosskrotzenburg UMAIN S1,11T-D2-D7-00030A,Dettingen - Grosskrotzenburg UMAIN S1,Dettingen,Grosskrotzenburg,Line
2024-08-29 07:00:00+00:00,10T-DE-FR-000068,OPPOSITE,Ensdorf - Vigy VIGY1 N Ensdorf - Vigy VIGY1 N,10T-DE-FR-00005A,Ensdorf - Vigy VIGY1 N,Ensdorf,Vigy,TieLine
2024-08-29 07:00:00+00:00,10T-DE-FR-000068,OPPOSITE,Ensdorf - Vigy VIGY1 N Ensdorf - Vigy VIGY1 N,10T-DE-FR-00005A,Ensdorf - Vigy VIGY1 N,Ensdorf,Vigy,TieLine
2024-08-29 07:00:00+00:00,11T0-0000-0781-W,DIRECT,PST Oberzier TR 442 E,11T0-0000-2133-R,PST Oberzier TR 442 E,Oberzier,Oberzier,PST
2024-08-29 07:00:00+00:00,11T0-0000-0011-L,DIRECT,,,,,,
2024-08-29 07:00:00+00:00,11T0-0000-0011-L,DIRECT,Hradec - Rohrsdorf - V446  Hradec - Rohrsdorf 446,10T-CZ-DE-00003S,Hradec - Rohrsdorf - V446,Hradec,Rohrsdorf,TieLine
2024-08-29 07:00:00+00:00,11T0-0000-0011-L,DIRECT,Hradec - Rohrsdorf - V446  Hradec - Rohrsdorf 446,10T-CZ-DE-00003S,Hradec - Rohrsdorf 446,Hradec,Rohrsdorf,TieLine
2024-08-29 07:00:00+00:00,11TD8L555------W,OPPOSITE,Dresden/Sued - Schmoelln 556,11TD8L556------O,Dresden/Sued - Schmoelln 556,Dresden/Sued,Schmoelln,Line
2024-08-29 07:00:00+00:00,10T-HR-SI-000022,DIRECT,,,,,,
2024-08-29 07:00:00+00:00,10T-HR-SI-000022,OPPOSITE,,,,,,
2024-08-29 07:00:00+00:00,10T-HR-HU-000033,OPPOSITE,Pecs - Ernestinovo2 491B Ernestinovo - Pecs 2,10T-HR-HU-000041,Pecs - Ernestinovo2 491B,Pecs,Ernestinovo,TieLine
2024-08-29 07:00:00+00:00,10T-HR-HU-000033,OPPOSITE,Pecs - Ernestinovo2 491B Ernestinovo - Pecs 2,10T-HR-HU-000041,Ernestinovo - Pecs 2,Ernestinovo,Pecs 2,TieLine
2024-08-29 07:00:00+00:00,10T-HR-SI-00004Z,OPPOSITE,Tumbri - Krsko 2 400 kV Krsko - Tumbri 2,10T-HR-SI-00005X,Tumbri - Krsko 2,Tumbri,Krsko,TieLine
2024-08-29 07:00:00+00:00,10T-HR-SI-00004Z,OPPOSITE,Tumbri - Krsko 2 400 kV Krsko - Tumbri 2,10T-HR-SI-00005X,400 kV Krsko - Tumbri 2,Krsko,Tumbri,TieLine
2024-08-29 07:00:00+00:00,15T-M000002791-J,DIRECT,Gabcikovo - Gyor Gabcikovo - Gyor,10T-HU-SK-00002R,Gabcikovo - Gyor,Gabcikovo,Gyor,TieLine
2024-08-29 07:00:00+00:00,15T-M000002791-J,DIRECT,Gabcikovo - Gyor Gabcikovo - Gyor,10T-HU-SK-00002R,Gabcikovo - Gyor,Gabcikovo,Gyor,TieLine
2024-08-29 07:00:00+00:00,15T-M000002791-J,OPPOSITE,Gabcikovo - Gyor Gabcikovo - Gyor,10T-HU-SK-00002R,Gabcikovo - Gyor,Gabcikovo,Gyor,TieLine
2024-08-29 07:00:00+00:00,15T-M000002791-J,OPPOSITE,Gabcikovo - Gyor Gabcikovo - Gyor,10T-HU-SK-00002R,Gabcikovo - Gyor,Gabcikovo,Gyor,TieLine
2024-08-29 07:00:00+00:00,10T-HU-UA-00002F,DIRECT,Szabolcsbaka - Mukachevo,10T1001C--000421,Szabolcsbaka - Mukachevo,Szabolcsbaka,Mukachevo,TieLine
2024-08-29 07:00:00+00:00,10T1001C--00056R,DIRECT,Gabcikovo - Gyor Gabcikovo - Gyor,10T-HU-SK-00002R,Gabcikovo - Gyor,Gabcikovo,Gyor,TieLine
2024-08-29 07:00:00+00:00,10T1001C--00056R,DIRECT,Gabcikovo - Gyor Gabcikovo - Gyor,10T-HU-SK-00002R,Gabcikovo - Gyor,Gabcikovo,Gyor,TieLine
2024-08-29 07:00:00+00:00,10T1001C--00056R,OPPOSITE,Gabcikovo - Gyor Gabcikovo - Gyor,10T-HU-SK-00002R,Gabcikovo - Gyor,Gabcikovo,Gyor,TieLine
2024-08-29 07:00:00+00:00,10T1001C--00056R,OPPOSITE,Gabcikovo - Gyor Gabcikovo - Gyor,10T-HU-SK-00002R,Gabcikovo - Gyor,Gabcikovo,Gyor,TieLine
2024-08-29 07:00:00+00:00,10T-HR-HU-000025,OPPOSITE,Cirkovce - Heviz Cirkovce - Heviz,10T1001C--00101B,Cirkovce - Heviz,Cirkovce,Heviz,TieLine
2024-08-29 07:00:00+00:00,10T-HR-HU-000025,OPPOSITE,Cirkovce - Heviz Cirkovce - Heviz,10T1001C--00101B,Cirkovce - Heviz,Cirkovce,Heviz,TieLine
2024-08-29 07:00:00+00:00,10T1001C--00101B,DIRECT,Zerjavinec - Heviz Zerjavinec - Heviz,10T-HR-HU-000025,Zerjavinec - Heviz,Zerjavinec,Heviz,TieLine
2024-08-29 07:00:00+00:00,10T1001C--00101B,DIRECT,Zerjavinec - Heviz Zerjavinec - Heviz,10T-HR-HU-000025,Zerjavinec - Heviz,Zerjavinec,Heviz,TieLine
2024-08-29 07:00:00+00:00,10T1001C--00101B,OPPOSITE,Zerjavinec - Heviz Zerjavinec - Heviz,10T-HR-HU-000025,Zerjavinec - Heviz,Zerjavinec,Heviz,TieLine
2024-08-29 07:00:00+00:00,10T1001C--00101B,OPPOSITE,Zerjavinec - Heviz Zerjavinec - Heviz,10T-HR-HU-000025,Zerjavinec - Heviz,Zerjavinec,Heviz,TieLine
2024-08-29 07:00:00+00:00,15T-M00000043583,DIRECT,Kerepes - Zuglo 2,15T-M00000043591,Kerepes - Zuglo 2,Kerepes,Zuglo,Line
2024-08-29 07:00:00+00:00,10T-DE-NL-00002T,OPPOSITE,PST Gronau TR 441 E,11T0-0000-0620-R,PST Gronau TR 441 E,Gronau,Gronau,PST
2024-08-29 07:00:00+00:00,10T-DE-NL-00002T,DIRECT,PST Gronau TR 441 E,11T0-0000-0620-R,PST Gronau TR 441 E,Gronau,Gronau,PST
2024-08-29 07:00:00+00:00,10T-DE-NL-00002T,DIRECT,Gronau - Hanekenfaehr GRONAU W,11T0-0000-0617-A,Gronau - Hanekenfaehr GRONAU W,Gronau,Hanekenfaehr,Line
2024-08-29 07:00:00+00:00,10T-DE-NL-00002T,DIRECT,Y-Doerpen West (-Meppen - Niederlangen) EMSLD OW Y-Niederlangen (-Meppen - Doerpen West) EMSLD OW Y-Meppen (-Doerpen West - Niederlangen) EMSLD OW Meppen - Niederlangen - Doerpen West EMSLD OW,11T0-0000-0990-L,Y-Doerpen West (-Meppen - Niederlangen) EMSLD OW,Doerpen West,Y Niederlangen,Line
2024-08-29 07:00:00+00:00,10T-DE-NL-00002T,DIRECT,Y-Doerpen West (-Meppen - Niederlangen) EMSLD OW Y-Niederlangen (-Meppen - Doerpen West) EMSLD OW Y-Meppen (-Doerpen West - Niederlangen) EMSLD OW Meppen - Niederlangen - Doerpen West EMSLD OW,11T0-0000-0991-I,Y-Niederlangen (-Meppen - Doerpen West) EMSLD OW,Niederlangen,Y Niederlangen,Line
2024-08-29 07:00:00+00:00,10T-DE-NL-00002T,DIRECT,Y-Doerpen West (-Meppen - Niederlangen) EMSLD OW Y-Niederlangen (-Meppen - Doerpen West) EMSLD OW Y-Meppen (-Doerpen West - Niederlangen) EMSLD OW Meppen - Niederlangen - Doerpen West EMSLD OW,11T-D2-D7-00001H,Y-Meppen (-Doerpen West - Niederlangen) EMSLD OW,Meppen,Y Niederlangen,Line
2024-08-29 07:00:00+00:00,10T-DE-NL-00002T,DIRECT,Y-Doerpen West (-Meppen - Niederlangen) EMSLD OW Y-Niederlangen (-Meppen - Doerpen West) EMSLD OW Y-Meppen (-Doerpen West - Niederlangen) EMSLD OW Meppen - Niederlangen - Doerpen West EMSLD OW,11T-D2-D7-00001H,NA,NA,NA,
2024-08-29 07:00:00+00:00,10T-DE-NL-00005N,DIRECT,PST Gronau TR 441 E,11T0-0000-0620-R,PST Gronau TR 441 E,Gronau,Gronau,PST
2024-08-29 07:00:00+00:00,10T-DE-NL-00005N,OPPOSITE,PST Gronau TR 441 E,11T0-0000-0620-R,PST Gronau TR 441 E,Gronau,Gronau,PST
2024-08-29 07:00:00+00:00,10T-DE-NL-00005N,OPPOSITE,Opladen - Rommerskirchen OPLADN N,11T0-0000-0793-M,Opladen - Rommerskirchen OPLADN N,Opladen,Rommerskirchen,Line
2024-08-29 07:00:00+00:00,10T-DE-NL-00005N,OPPOSITE,Y-Oberzier (-Paffendorf - Sechtem) SECHTM N Y-Paffendorf (-Oberzier - Sechtem) SECHTM N Y-Sechtem (-Oberzier - Paffendorf) SECHTM N,11T0-0000-0781-W,Y-Oberzier (-Paffendorf - Sechtem) SECHTM N,Oberzier,Y-Paffendorf,Line
2024-08-29 07:00:00+00:00,10T-DE-NL-00005N,OPPOSITE,Y-Oberzier (-Paffendorf - Sechtem) SECHTM N Y-Paffendorf (-Oberzier - Sechtem) SECHTM N Y-Sechtem (-Oberzier - Paffendorf) SECHTM N,11T0-0000-0814-9,Y-Paffendorf (-Oberzier - Sechtem) SECHTM N,Paffendorf,Y-Paffendorf,Line
2024-08-29 07:00:00+00:00,10T-DE-NL-00005N,OPPOSITE,Y-Oberzier (-Paffendorf - Sechtem) SECHTM N Y-Paffendorf (-Oberzier - Sechtem) SECHTM N Y-Sechtem (-Oberzier - Paffendorf) SECHTM N,11T0-0000-0848-M,Y-Sechtem (-Oberzier - Paffendorf) SECHTM N,Sechtem,Y-Paffendorf,Line
2024-08-29 07:00:00+00:00,49T000000000000O,DIRECT,Zwolle - Hengelo 380 Zwart,49T000000000031D,Zwolle - Hengelo 380 Zwart,Zwolle,Hengelo,Line
2024-08-29 07:00:00+00:00,49T0000000000274,DIRECT,Krimpen a/d IJssel - Geertruidenberg 380 Zwart,49T0000000000282,Krimpen a/d IJssel - Geertruidenberg 380 Zwart,Krimpen a/d IJssel,Geertruidenberg,Line
2024-08-29 07:00:00+00:00,49T0000000000274,OPPOSITE,Krimpen a/d IJssel - Geertruidenberg 380 Zwart,49T0000000000282,Krimpen a/d IJssel - Geertruidenberg 380 Zwart,Krimpen a/d IJssel,Geertruidenberg,Line
2024-08-29 07:00:00+00:00,19T000000001304A,OPPOSITE,Krosno Iskrzynia - Tarnow,19T000000000296P,Krosno Iskrzynia - Tarnow,Krosno Iskrzynia,Tarnow,Line
2024-08-29 07:00:00+00:00,10T-CZ-PL-00004A,OPPOSITE,Nosovice - Varin  Nosovice - Varin,10T-CZ-SK-00002W,Nosovice - Varin,Nosovice,Varin,TieLine
2024-08-29 07:00:00+00:00,10T-CZ-PL-00004A,OPPOSITE,Nosovice - Varin  Nosovice - Varin,10T-CZ-SK-00002W,Nosovice - Varin,Nosovice,Varin,TieLine
2024-08-29 07:00:00+00:00,19T0000000063830,DIRECT,Hagenwerder - Mikulowa 568 Mikulowa - Hagenwerder 568,10T-DE-PL-00001D,Hagenwerder - Mikulowa 568,Hagenwerder,Mikulowa,TieLine
2024-08-29 07:00:00+00:00,19T0000000063830,DIRECT,Hagenwerder - Mikulowa 568 Mikulowa - Hagenwerder 568,10T-DE-PL-00001D,Mikulowa - Hagenwerder 568,Mikulowa 568,Hagenwerder,TieLine
2024-08-29 07:00:00+00:00,19T0000000063830,OPPOSITE,Hagenwerder - Mikulowa 568 Mikulowa - Hagenwerder 568,10T-DE-PL-00001D,Hagenwerder - Mikulowa 568,Hagenwerder,Mikulowa,TieLine
2024-08-29 07:00:00+00:00,19T0000000063830,OPPOSITE,Hagenwerder - Mikulowa 568 Mikulowa - Hagenwerder 568,10T-DE-PL-00001D,Mikulowa - Hagenwerder 568,Mikulowa 568,Hagenwerder,TieLine
2024-08-29 07:00:00+00:00,19T000000006396S,DIRECT,Polaniec - Rzeszow,19T000000006420K,Polaniec - Rzeszow,Polaniec,Rzeszow,Line
2024-08-29 07:00:00+00:00,10T1001A1001A09N,DIRECT,Nosovice - Wielopole  Wielopole - Nosovice,10T-CZ-PL-00004A,Nosovice - Wielopole,Nosovice,Wielopole,TieLine
2024-08-29 07:00:00+00:00,10T1001A1001A09N,DIRECT,Nosovice - Wielopole  Wielopole - Nosovice,10T-CZ-PL-00004A,Wielopole - Nosovice,Wielopole,Nosovice,TieLine
2024-08-29 07:00:00+00:00,10T-CZ-PL-00004A,DIRECT,Dobrzen - Detmarovice Dobrzen - Detmarovice,10T1001A1001A09N,Dobrzen - Detmarovice,Dobrzen,Detmarovice,TieLine
2024-08-29 07:00:00+00:00,10T-CZ-PL-00004A,DIRECT,Dobrzen - Detmarovice Dobrzen - Detmarovice,10T1001A1001A09N,Dobrzen - Detmarovice,Detmarovice,Dobrzen,TieLine
2024-08-29 07:00:00+00:00,10T-CZ-PL-00004A,OPPOSITE,Dobrzen - Detmarovice Dobrzen - Detmarovice,10T1001A1001A09N,Dobrzen - Detmarovice,Dobrzen,Detmarovice,TieLine
2024-08-29 07:00:00+00:00,10T-CZ-PL-00004A,OPPOSITE,Dobrzen - Detmarovice Dobrzen - Detmarovice,10T1001A1001A09N,Dobrzen - Detmarovice,Detmarovice,Dobrzen,TieLine
2024-08-29 07:00:00+00:00,30TPARO220TRGJ-Q,OPPOSITE,Portile de Fier - Djerdap,10T-RO-RS-00001V,Portile de Fier - Djerdap,Portile de Fier,Djerdap,TieLine
2024-08-29 07:00:00+00:00,30TPARO220TRGJ-Q,OPPOSITE,Sibiu Sud - Mintia,30TMINT400SIBI-Z,Sibiu Sud - Mintia,Sibiu Sud,Mintia,Line
2024-08-29 07:00:00+00:00,30TPDFE220RESI1S,DIRECT,Portile de Fier - Djerdap,10T-RO-RS-00001V,Portile de Fier - Djerdap,Portile de Fier,Djerdap,TieLine
2024-08-29 07:00:00+00:00,30T-ROSI400AT--1,DIRECT,Rosiori - Gadalin,30TGADA400ROSI-A,Rosiori - Gadalin,Rosiori,Gadalin,Line
2024-08-29 07:00:00+00:00,10T-RO-RS-00001V,OPPOSITE,Tantareni - Kozlodui c2 Tantareni - Kozlodui c1,10T-BG-RO-00001A,Tantareni - Kozlodui c2,Tantareni,Kozlodui,TieLine
2024-08-29 07:00:00+00:00,10T-RO-RS-00001V,OPPOSITE,Tantareni - Kozlodui c2 Tantareni - Kozlodui c1,10T-RO-BG-00002A,Tantareni - Kozlodui c1,Tantareni,Kozlodui,TieLine
2024-08-29 07:00:00+00:00,30TISAC400VULC-W,DIRECT,Pivdennoukrainska G1,30UADUMMYEIC---1,Pivdennoukrainska G1,Pivdennoukrainska Bus1,Pivdennoukrainska Bus2,Transformer
2024-08-29 07:00:00+00:00,30TPARO220TRGJ-Q,OPPOSITE,Isaccea - Vulcanesti,30TISAC400VULC-W,Isaccea - Vulcanesti,Isaccea,Vulcanesti,TieLine
2024-08-29 07:00:00+00:00,10T1001C--00101B,DIRECT,Kainachtal - Maribor 473 400 kV Maribor - Kainachtal 1,10T-AT-SI-00001T,Kainachtal - Maribor 473,Kainachtal,Maribor,TieLine
2024-08-29 07:00:00+00:00,10T1001C--00101B,DIRECT,Kainachtal - Maribor 473 400 kV Maribor - Kainachtal 1,10T-AT-SI-00001T,400 kV Maribor - Kainachtal 1,Maribor,Kainachtal,TieLine
2024-08-29 07:00:00+00:00,10T1001C--00101B,DIRECT,Zerjavinec - Cirkovce 400 kV Cirkovce - Zerjavinec,10T1001C--001037,Zerjavinec - Cirkovce,Zerjavinec,Cirkovce,TieLine
2024-08-29 07:00:00+00:00,10T1001C--00101B,DIRECT,Zerjavinec - Cirkovce 400 kV Cirkovce - Zerjavinec,10T1001C--001037,400 kV Cirkovce - Zerjavinec,Cirkovce,Zerjavinec,TieLine
2024-08-29 07:00:00+00:00,10T1001C--00101B,OPPOSITE,Zerjavinec - Cirkovce 400 kV Cirkovce - Zerjavinec,10T1001C--001037,Zerjavinec - Cirkovce,Zerjavinec,Cirkovce,TieLine
2024-08-29 07:00:00+00:00,10T1001C--00101B,OPPOSITE,Zerjavinec - Cirkovce 400 kV Cirkovce - Zerjavinec,10T1001C--001037,400 kV Cirkovce - Zerjavinec,Cirkovce,Zerjavinec,TieLine
2024-08-29 07:00:00+00:00,10T-HU-SK-00001T,DIRECT,R.Sobota - Sajoivanka  R.Sobota - Sajoivanka,10T1001C--00054V,R.Sobota - Sajoivanka,R.Sobota,Sajoivanka,TieLine
2024-08-29 07:00:00+00:00,10T-HU-SK-00001T,DIRECT,R.Sobota - Sajoivanka  R.Sobota - Sajoivanka,10T1001C--00054V,R.Sobota - Sajoivanka,R.Sobota,Sajoivanka,TieLine
2024-08-29 07:00:00+00:00,10T-SK-UA-00001W,DIRECT,R.Sobota - Sajoivanka  R.Sobota - Sajoivanka,10T1001C--00054V,R.Sobota - Sajoivanka,R.Sobota,Sajoivanka,TieLine
2024-08-29 07:00:00+00:00,10T-SK-UA-00001W,DIRECT,R.Sobota - Sajoivanka  R.Sobota - Sajoivanka,10T1001C--00054V,R.Sobota - Sajoivanka,R.Sobota,Sajoivanka,TieLine
2024-08-29 07:00:00+00:00,24T-V429-0000005,DIRECT,V.Dur - Krizovany,24T-V425-0000004,V.Dur - Krizovany,V.Dur,Krizovany,Line
2024-08-29 07:00:00+00:00,24T-V493-000000Q,DIRECT,Bosaca - Varin,24T-V495-0000008,Bosaca - Varin,Bosaca,Varin,Line
2024-08-29 07:00:00+00:00,24T-V490-000000G,DIRECT,V.Dur - Levice 2,24T-V491-0000007,V.Dur - Levice 2,V.Dur,Levice,Line
2024-08-29 07:00:00+00:00,24T-V425-0000004,DIRECT,Gabcikovo - P.Biskupice,24T-V429-0000005,Gabcikovo - P.Biskupice,Gabcikovo,P.Biskupice,Line
2024-08-29 07:00:00+00:00,10T-SK-UA-00001W,OPPOSITE,R.Sobota - Sajoivanka  R.Sobota - Sajoivanka,10T1001C--00054V,R.Sobota - Sajoivanka,R.Sobota,Sajoivanka,TieLine
2024-08-29 07:00:00+00:00,10T-SK-UA-00001W,OPPOSITE,R.Sobota - Sajoivanka  R.Sobota - Sajoivanka,10T1001C--00054V,R.Sobota - Sajoivanka,R.Sobota,Sajoivanka,TieLine
2024-08-29 07:00:00+00:00,10T-CZ-SK-00002W,OPPOSITE,Lemesany - Krosno Iskrz 1 Lemesany - Krosno Iskrz 1,10T-PL-SK-00001W,Lemesany - Krosno Iskrz 1,Lemesany,Krosno Iskrz,TieLine
2024-08-29 07:00:00+00:00,10T-CZ-SK-00002W,OPPOSITE,Lemesany - Krosno Iskrz 1 Lemesany - Krosno Iskrz 1,10T-PL-SK-00001W,Lemesany - Krosno Iskrz 1,Lemesany,Krosno Iskrz 1,TieLine
2024-08-29 07:00:00+00:00,10T-CZ-SK-00002W,OPPOSITE,Lemesany - Krosno Iskrz 2 Lemesany - Krosno Iskrz 2,10T-PL-SK-00002U,Lemesany - Krosno Iskrz 2,Lemesany,Krosno Iskrz,TieLine
2024-08-29 07:00:00+00:00,10T-CZ-SK-00002W,OPPOSITE,Lemesany - Krosno Iskrz 2 Lemesany - Krosno Iskrz 2,10T-PL-SK-00002U,Lemesany - Krosno Iskrz 2,Lemesany,Krosno Iskrz 2,TieLine
2024-08-29 07:00:00+00:00,10T-CZ-SK-00002W,OPPOSITE,Sp.Nova Ves - Lemesany,24T-V408-000000Y,Sp.Nova Ves - Lemesany,Sp.Nova Ves,Lemesany,Line
2024-08-29 07:00:00+00:00,24T-V425-0000004,OPPOSITE,Gabcikovo - P.Biskupice,24T-V429-0000005,Gabcikovo - P.Biskupice,Gabcikovo,P.Biskupice,Line
2024-08-29 07:00:00+00:00,24T-V425-0000004,OPPOSITE,Krizovany - P.Biskupice,24T-V439-000000W,Krizovany - P.Biskupice,Krizovany,P.Biskupice,Line
2024-08-29 07:00:00+00:00,10T-CZ-SK-00002W,OPPOSITE,Krosno Iskrzynia - Tarnow,19T000000000296P,Krosno Iskrzynia - Tarnow,Krosno Iskrzynia,Tarnow,Line
2024-08-29 08:00:00+00:00,14T-220-0-002213,OPPOSITE,Tauern - Weissenbach 222,14T-220-0-002221,Tauern - Weissenbach 222,Tauern,Weissenbach,Line
2024-08-29 08:00:00+00:00,14T-221-0-00223Q,OPPOSITE,Hessenberg - Weissenbach 224,14T-220-0-00224Y,Hessenberg - Weissenbach 224,Hessenberg,Weissenbach,Line
2024-08-29 08:00:00+00:00,10T-AT-SI-00003P,DIRECT,Kainachtal - Obersielach 471,14T-380-0-00471D,Kainachtal - Obersielach 471,Kainachtal,Obersielach,Line
2024-08-29 08:00:00+00:00,10T-AT-SI-00003P,DIRECT,Kainachtal - Maribor 473 400 kV Maribor - Kainachtal 1,10T-AT-SI-00001T,Kainachtal - Maribor 473,Kainachtal,Maribor,TieLine
2024-08-29 08:00:00+00:00,10T-AT-SI-00003P,DIRECT,Kainachtal - Maribor 473 400 kV Maribor - Kainachtal 1,10T-AT-SI-00001T,400 kV Maribor - Kainachtal 1,Maribor,Kainachtal,TieLine
2024-08-29 08:00:00+00:00,10T-AT-SI-00003P,OPPOSITE,Kainachtal - Maribor 473 400 kV Maribor - Kainachtal 1,10T-AT-SI-00001T,Kainachtal - Maribor 473,Kainachtal,Maribor,TieLine
2024-08-29 08:00:00+00:00,10T-AT-SI-00003P,OPPOSITE,Kainachtal - Maribor 473 400 kV Maribor - Kainachtal 1,10T-AT-SI-00001T,400 kV Maribor - Kainachtal 1,Maribor,Kainachtal,TieLine
2024-08-29 08:00:00+00:00,10T-AT-SI-00003P,DIRECT,400 kV Cirkovce - Podlog,28T000000000301K,400 kV Cirkovce - Podlog,Cirkovce,Podlog,Line
2024-08-29 08:00:00+00:00,10T-AT-SI-00003P,OPPOSITE,400 kV Cirkovce - Podlog,28T000000000301K,400 kV Cirkovce - Podlog,Cirkovce,Podlog,Line
2024-08-29 08:00:00+00:00,10T-AT-SI-00003P,DIRECT,400 kV Cirkovce - Krsko,28T000000000300M,400 kV Cirkovce - Krsko,Cirkovce,Krsko,Line
2024-08-29 08:00:00+00:00,10T-AT-DE-000037,DIRECT,Pirach Neu - Pleinting 296/257 Pirach Neu - Pirach 296/257,11T0-0000-2108-O,Pirach Neu - Pleinting 296/257,Pirach Neu,Pleinting,Line
2024-08-29 08:00:00+00:00,10T-AT-DE-000037,DIRECT,Pirach Neu - Pleinting 296/257 Pirach Neu - Pirach 296/257,11T0-0000-2108-O,Pirach Neu - Pirach 296/257,Pirach Neu,Pirach,Line
2024-08-29 08:00:00+00:00,14T-220-0-0273BO,DIRECT,Strass - Thaur 274B,14T-220-0-0274BL,Strass - Thaur 274B,Strass,Thaur,Line
2024-08-29 08:00:00+00:00,10T1001C--00035Z,OPPOSITE,Westtirol - Silz 414 Westtitrol - Silz 414,10T1001C--00036X,Westtirol - Silz 414,Westtirol,Silz,TieLine
2024-08-29 08:00:00+00:00,10T1001C--00035Z,OPPOSITE,Westtirol - Silz 414 Westtitrol - Silz 414,10T1001C--00036X,NA,NA,NA,
2024-08-29 08:00:00+00:00,10T-AT-CZ-00003X,OPPOSITE,Slavetice - Durnrohr - V438  Duernrohr 1 - Slavetice 438,10T-AT-CZ-00004V,Slavetice - Durnrohr - V438,Slavetice,Durnrohr,TieLine
2024-08-29 08:00:00+00:00,10T-AT-CZ-00003X,OPPOSITE,Slavetice - Durnrohr - V438  Duernrohr 1 - Slavetice 438,10T-AT-CZ-00004V,Duernrohr 1 - Slavetice 438,Duernrohr 1,Slavetice,TieLine
2024-08-29 08:00:00+00:00,10T-AT-SI-00001T,OPPOSITE,Kainachtal - Maribor 474 400 kV Maribor - Kainachtal 2,10T-AT-SI-00002R,Kainachtal - Maribor 474,Kainachtal,Maribor,TieLine
2024-08-29 08:00:00+00:00,10T-AT-SI-00001T,OPPOSITE,Kainachtal - Maribor 474 400 kV Maribor - Kainachtal 2,10T-AT-SI-00002R,400 kV Maribor - Kainachtal 2,Maribor,Kainachtal,TieLine
2024-08-29 08:00:00+00:00,14T-38220-WT041O,OPPOSITE,Leupolz - Westtirol 412 Leupolz - Westtirol FUESSN O,10T-AT-DE-10007U,Leupolz - Westtirol 412,Leupolz,Westtirol,TieLine
2024-08-29 08:00:00+00:00,14T-38220-WT041O,OPPOSITE,Leupolz - Westtirol 412 Leupolz - Westtirol FUESSN O,10T-AT-DE-10007U,Leupolz - Westtirol FUESSN O,Leupolz,Westtirol,TieLine
2024-08-29 08:00:00+00:00,14T-38220-WT041O,OPPOSITE,Buers - Westtirol ws (421) Westtirol 1 - Buers 421,10T-AT-DE-000053,Buers - Westtirol ws (421),Buers,Westtirol,TieLine
2024-08-29 08:00:00+00:00,14T-38220-WT041O,OPPOSITE,Buers - Westtirol ws (421) Westtirol 1 - Buers 421,10T-AT-DE-000053,Westtirol 1 - Buers 421,Buers,Westtirol,TieLine
2024-08-29 08:00:00+00:00,14T-38220-ZZ041D,DIRECT,Zell am Ziller 1 - Zell am Ziller 2 ZZRHU42,14T-38220-ZZ042B,Zell am Ziller 1 - Zell am Ziller 2 ZZRHU42,Zell am Ziller 1,Zell am Ziller 2,Transformer
2024-08-29 08:00:00+00:00,10T-BE-FR-000015,OPPOSITE,Avelgem - Horta 380.102,22T20161020---1E,Avelgem - Horta 380.102,Avelgem,Horta,Line
2024-08-29 08:00:00+00:00,10T-BE-FR-000015,OPPOSITE,PST Van Eyck 2,22T-BE-PST--002U,PST Van Eyck 2,Van Eyck,Van Eyck,PST
2024-08-29 08:00:00+00:00,22T-BE-IN-LI0130,OPPOSITE,Avelgem - Horta 380.102,22T20161020---1E,Avelgem - Horta 380.102,Avelgem,Horta,Line
2024-08-29 08:00:00+00:00,22T-BE-IN-LI0130,OPPOSITE,Y-Bruegel (-Courcelles - Drogenbos) 380.33 Y-Courcelles (-Bruegel - Drogenbos) 380.33 Y-Drogenbos (-Bruegel - Courcelles) 380.33,22T-BE-IN-LI0017,Y-Bruegel (-Courcelles - Drogenbos) 380.33,Bruegel,Mekingen,Line
2024-08-29 08:00:00+00:00,22T-BE-IN-LI0130,OPPOSITE,Y-Bruegel (-Courcelles - Drogenbos) 380.33 Y-Courcelles (-Bruegel - Drogenbos) 380.33 Y-Drogenbos (-Bruegel - Courcelles) 380.33,22T-BE-IN-LI0017,Y-Courcelles (-Bruegel - Drogenbos) 380.33,Courcelles,Mekingen,Line
2024-08-29 08:00:00+00:00,22T-BE-IN-LI0130,OPPOSITE,Y-Bruegel (-Courcelles - Drogenbos) 380.33 Y-Courcelles (-Bruegel - Drogenbos) 380.33 Y-Drogenbos (-Bruegel - Courcelles) 380.33,22T-BE-IN-LI0017,Y-Drogenbos (-Bruegel - Courcelles) 380.33,Drogenbos,Mekingen,Line
2024-08-29 08:00:00+00:00,22T-BE-IN-LI0130,OPPOSITE,Lixhe - Van Eyck 380.91 Alegro HVDC,22T20180102---2W,Lixhe - Van Eyck 380.91,Lixhe,Van Eyck,Line
2024-08-29 08:00:00+00:00,22T-BE-IN-LI0130,OPPOSITE,Lixhe - Van Eyck 380.91 Alegro HVDC,22T201903146---W,NA,NA,NA,
2024-08-29 08:00:00+00:00,22T-BE-IN-LI0130,OPPOSITE,PST Van Eyck 2,22T-BE-PST--002U,PST Van Eyck 2,Van Eyck,Van Eyck,PST
2024-08-29 08:00:00+00:00,22T-BE-IN-LI018R,DIRECT,Y-Van Eyck (-Andre Dumont - Gramme) 380.12 Y-Andre Dumont (-Gramme - Van Eyck) 380.12 Y-Gramme (-Andre Dumont - Van Eyck) 380.12,22T20161020---48,Y-Van Eyck (-Andre Dumont - Gramme) 380.12,Van Eyck,Zuttendaal,Line
2024-08-29 08:00:00+00:00,22T-BE-IN-LI018R,DIRECT,Y-Van Eyck (-Andre Dumont - Gramme) 380.12 Y-Andre Dumont (-Gramme - Van Eyck) 380.12 Y-Gramme (-Andre Dumont - Van Eyck) 380.12,22T20161020---48,Y-Andre Dumont (-Gramme - Van Eyck) 380.12,Andre Dumont,Zuttendaal,Line
2024-08-29 08:00:00+00:00,22T-BE-IN-LI018R,DIRECT,Y-Van Eyck (-Andre Dumont - Gramme) 380.12 Y-Andre Dumont (-Gramme - Van Eyck) 380.12 Y-Gramme (-Andre Dumont - Van Eyck) 380.12,22T20161020---48,Y-Gramme (-Andre Dumont - Van Eyck) 380.12,Gramme,Zuttendaal,Line
2024-08-29 08:00:00+00:00,10T-BE-NL-00001I,DIRECT,Y-Bruegel (-Courcelles - Drogenbos) 380.33 Y-Courcelles (-Bruegel - Drogenbos) 380.33 Y-Drogenbos (-Bruegel - Courcelles) 380.33,22T-BE-IN-LI0017,Y-Bruegel (-Courcelles - Drogenbos) 380.33,Bruegel,Mekingen,Line
2024-08-29 08:00:00+00:00,10T-BE-NL-00001I,DIRECT,Y-Bruegel (-Courcelles - Drogenbos) 380.33 Y-Courcelles (-Bruegel - Drogenbos) 380.33 Y-Drogenbos (-Bruegel - Courcelles) 380.33,22T-BE-IN-LI0017,Y-Courcelles (-Bruegel - Drogenbos) 380.33,Courcelles,Mekingen,Line
2024-08-29 08:00:00+00:00,10T-BE-NL-00001I,DIRECT,Y-Bruegel (-Courcelles - Drogenbos) 380.33 Y-Courcelles (-Bruegel - Drogenbos) 380.33 Y-Drogenbos (-Bruegel - Courcelles) 380.33,22T-BE-IN-LI0017,Y-Drogenbos (-Bruegel - Courcelles) 380.33,Drogenbos,Mekingen,Line
2024-08-29 08:00:00+00:00,10T-BE-NL-00001I,DIRECT,Gramme - Achene 380.10,22T-BE-IN-LI0130,Gramme - Achene 380.10,Achene,Gramme,Line
2024-08-29 08:00:00+00:00,10T-BE-NL-00001I,DIRECT,Y-Bruegel (-Mercator - Verbrande Brug) 380.36 Y-Mercator (-Bruegel - Verbrande Brug) 380.36 Y-Verbrande Brug (-Bruegel - Mercator) 380.36,22T-BE-IN-LI006Y,Y-Bruegel (-Mercator - Verbrande Brug) 380.36,Bruegel,Buggenhout,Line
2024-08-29 08:00:00+00:00,10T-BE-NL-00001I,DIRECT,Y-Bruegel (-Mercator - Verbrande Brug) 380.36 Y-Mercator (-Bruegel - Verbrande Brug) 380.36 Y-Verbrande Brug (-Bruegel - Mercator) 380.36,22T-BE-IN-LI006Y,Y-Mercator (-Bruegel - Verbrande Brug) 380.36,Mercator,Buggenhout,Line
2024-08-29 08:00:00+00:00,10T-BE-NL-00001I,DIRECT,Y-Bruegel (-Mercator - Verbrande Brug) 380.36 Y-Mercator (-Bruegel - Verbrande Brug) 380.36 Y-Verbrande Brug (-Bruegel - Mercator) 380.36,22T-BE-IN-LI006Y,Y-Verbrande Brug (-Bruegel - Mercator) 380.36,Verbrande Brug,Buggenhout,Line
2024-08-29 08:00:00+00:00,10T-BE-NL-00001I,DIRECT,PST Van Eyck 1,22T-BE-PST--001W,PST Van Eyck 1,Van Eyck,Van Eyck,PST
2024-08-29 08:00:00+00:00,10T-BE-NL-00001I,OPPOSITE,Achene - Lonny 380.19 Achene - Lonny 19,10T-BE-FR-000015,Achene - Lonny 380.19,Achene,Lonny,TieLine
2024-08-29 08:00:00+00:00,10T-BE-NL-00001I,OPPOSITE,Achene - Lonny 380.19 Achene - Lonny 19,10T-BE-FR-000015,Achene - Lonny 19,Achene,Lonny,TieLine
2024-08-29 08:00:00+00:00,10T-BE-NL-00001I,OPPOSITE,Avelgem - Horta 380.102,22T20161020---1E,Avelgem - Horta 380.102,Avelgem,Horta,Line
2024-08-29 08:00:00+00:00,10T-BE-NL-00001I,OPPOSITE,Lixhe - Gramme 380.11,22T-BE-IN-LI018R,Lixhe - Gramme 380.11,Gramme,Lixhe,Line
2024-08-29 08:00:00+00:00,10T-BE-NL-00001I,OPPOSITE,Y-Bruegel (-Mercator - Verbrande Brug) 380.36 Y-Mercator (-Bruegel - Verbrande Brug) 380.36 Y-Verbrande Brug (-Bruegel - Mercator) 380.36,22T-BE-IN-LI006Y,Y-Bruegel (-Mercator - Verbrande Brug) 380.36,Bruegel,Buggenhout,Line
2024-08-29 08:00:00+00:00,10T-BE-NL-00001I,OPPOSITE,Y-Bruegel (-Mercator - Verbrande Brug) 380.36 Y-Mercator (-Bruegel - Verbrande Brug) 380.36 Y-Verbrande Brug (-Bruegel - Mercator) 380.36,22T-BE-IN-LI006Y,Y-Mercator (-Bruegel - Verbrande Brug) 380.36,Mercator,Buggenhout,Line
2024-08-29 08:00:00+00:00,10T-BE-NL-00001I,OPPOSITE,Y-Bruegel (-Mercator - Verbrande Brug) 380.36 Y-Mercator (-Bruegel - Verbrande Brug) 380.36 Y-Verbrande Brug (-Bruegel - Mercator) 380.36,22T-BE-IN-LI006Y,Y-Verbrande Brug (-Bruegel - Mercator) 380.36,Verbrande Brug,Buggenhout,Line
2024-08-29 08:00:00+00:00,10T-BE-NL-00001I,OPPOSITE,PST Van Eyck 1,22T-BE-PST--001W,PST Van Eyck 1,Van Eyck,Van Eyck,PST
2024-08-29 08:00:00+00:00,10T-BE-NL-00001I,DIRECT,Alegro HVDC,22T201903146---W,NA,NA,NA,
2024-08-29 08:00:00+00:00,10T-BE-NL-00001I,OPPOSITE,Alegro HVDC,22T201903146---W,NA,NA,NA,
2024-08-29 08:00:00+00:00,10T-CZ-DE-00003S,DIRECT,Hradec - Rohrsdorf - V445  Hradec - Rohrsdorf 445,10T-CZ-DE-00002U,Hradec - Rohrsdorf - V445,Hradec,Rohrsdorf,TieLine
2024-08-29 08:00:00+00:00,10T-CZ-DE-00003S,DIRECT,Hradec - Rohrsdorf - V445  Hradec - Rohrsdorf 445,10T-CZ-DE-00002U,Hradec - Rohrsdorf 445,Hradec,Rohrsdorf,TieLine
2024-08-29 08:00:00+00:00,10T-CZ-DE-00002U,OPPOSITE,Hradec - Rohrsdorf - V446  Hradec - Rohrsdorf 446,10T-CZ-DE-00003S,Hradec - Rohrsdorf - V446,Hradec,Rohrsdorf,TieLine
2024-08-29 08:00:00+00:00,10T-CZ-DE-00002U,OPPOSITE,Hradec - Rohrsdorf - V446  Hradec - Rohrsdorf 446,10T-CZ-DE-00003S,Hradec - Rohrsdorf 446,Hradec,Rohrsdorf,TieLine
2024-08-29 08:00:00+00:00,10T-CZ-SK-00001Y,DIRECT,Nosovice - Varin  Nosovice - Varin,10T-CZ-SK-00002W,Nosovice - Varin,Nosovice,Varin,TieLine
2024-08-29 08:00:00+00:00,10T-CZ-SK-00001Y,DIRECT,Nosovice - Varin  Nosovice - Varin,10T-CZ-SK-00002W,Nosovice - Varin,Nosovice,Varin,TieLine
2024-08-29 08:00:00+00:00,10T-CZ-SK-00001Y,OPPOSITE,Nosovice - Varin  Nosovice - Varin,10T-CZ-SK-00002W,Nosovice - Varin,Nosovice,Varin,TieLine
2024-08-29 08:00:00+00:00,10T-CZ-SK-00001Y,OPPOSITE,Nosovice - Varin  Nosovice - Varin,10T-CZ-SK-00002W,Nosovice - Varin,Nosovice,Varin,TieLine
2024-08-29 08:00:00+00:00,10T-CZ-SK-00002W,DIRECT,Krizovany - Sokolnice Sokolnice - Krizovany,10T-CZ-SK-00003U,Krizovany - Sokolnice,Krizovany,Sokolnice,TieLine
2024-08-29 08:00:00+00:00,10T-CZ-SK-00002W,DIRECT,Krizovany - Sokolnice Sokolnice - Krizovany,10T-CZ-SK-00003U,Sokolnice - Krizovany,Sokolnice,Krizovany,TieLine
2024-08-29 08:00:00+00:00,10T-CZ-SK-00002W,OPPOSITE,Krizovany - Sokolnice Sokolnice - Krizovany,10T-CZ-SK-00003U,Krizovany - Sokolnice,Krizovany,Sokolnice,TieLine
2024-08-29 08:00:00+00:00,10T-CZ-SK-00002W,OPPOSITE,Krizovany - Sokolnice Sokolnice - Krizovany,10T-CZ-SK-00003U,Sokolnice - Krizovany,Sokolnice,Krizovany,TieLine
2024-08-29 08:00:00+00:00,10T1001C--001223,DIRECT,Sokolnice - Zaya - V243 Zaya - Sokolnice 243,10T1001C--001215,Sokolnice - Zaya - V243,Sokolnice,Zaya,TieLine
2024-08-29 08:00:00+00:00,10T1001C--001223,DIRECT,Sokolnice - Zaya - V243 Zaya - Sokolnice 243,10T1001C--001215,Zaya - Sokolnice 243,Zaya,Sokolnice,TieLine
2024-08-29 08:00:00+00:00,10T1001C--001223,OPPOSITE,Sokolnice - Zaya - V243 Zaya - Sokolnice 243,10T1001C--001215,Sokolnice - Zaya - V243,Sokolnice,Zaya,TieLine
2024-08-29 08:00:00+00:00,10T1001C--001223,OPPOSITE,Sokolnice - Zaya - V243 Zaya - Sokolnice 243,10T1001C--001215,Zaya - Sokolnice 243,Zaya,Sokolnice,TieLine
2024-08-29 08:00:00+00:00,10T-CZ-SK-00003U,DIRECT,Nosovice - Varin  Nosovice - Varin,10T-CZ-SK-00002W,Nosovice - Varin,Nosovice,Varin,TieLine
2024-08-29 08:00:00+00:00,10T-CZ-SK-00003U,DIRECT,Nosovice - Varin  Nosovice - Varin,10T-CZ-SK-00002W,Nosovice - Varin,Nosovice,Varin,TieLine
2024-08-29 08:00:00+00:00,10T-CZ-SK-00003U,OPPOSITE,Nosovice - Varin  Nosovice - Varin,10T-CZ-SK-00002W,Nosovice - Varin,Nosovice,Varin,TieLine
2024-08-29 08:00:00+00:00,10T-CZ-SK-00003U,OPPOSITE,Nosovice - Varin  Nosovice - Varin,10T-CZ-SK-00002W,Nosovice - Varin,Nosovice,Varin,TieLine
2024-08-29 08:00:00+00:00,10T-CZ-SK-00003U,DIRECT,Sokolnice - Stupava  Sokolnice - Stupava,10T-CZ-SK-00005Q,Sokolnice - Stupava,Sokolnice,Stupava,TieLine
2024-08-29 08:00:00+00:00,10T-CZ-SK-00003U,DIRECT,Sokolnice - Stupava  Sokolnice - Stupava,10T-CZ-SK-00005Q,Sokolnice - Stupava,Stupava,Sokolnice,TieLine
2024-08-29 08:00:00+00:00,10T-CZ-SK-00003U,OPPOSITE,Sokolnice - Stupava  Sokolnice - Stupava,10T-CZ-SK-00005Q,Sokolnice - Stupava,Sokolnice,Stupava,TieLine
2024-08-29 08:00:00+00:00,10T-CZ-SK-00003U,OPPOSITE,Sokolnice - Stupava  Sokolnice - Stupava,10T-CZ-SK-00005Q,Sokolnice - Stupava,Stupava,Sokolnice,TieLine
2024-08-29 08:00:00+00:00,10T-CZ-SK-00003U,DIRECT,H. Zivotice - Krasikov,27T-TLI-V458---B,H. Zivotice - Krasikov,H. Zivotice,Krasikov,Line
2024-08-29 08:00:00+00:00,10T-CZ-SK-00003U,OPPOSITE,H. Zivotice - Krasikov,27T-TLI-V458---B,H. Zivotice - Krasikov,H. Zivotice,Krasikov,Line
2024-08-29 08:00:00+00:00,11T0-0000-0986-7,OPPOSITE,St. Peter 2 - Altheim 233_230 St. Peter - Altheim_Simbach 233_230 Y-Altheim (-Simbach - St. Peter) 233/230 Y-Simbach (-Altheim - St.Peter) 233/230,10T-AT-DE-00001B,St. Peter 2 - Altheim 233_230,St. Peter 2,Altheim,TieLine
2024-08-29 08:00:00+00:00,11T0-0000-0986-7,OPPOSITE,St. Peter 2 - Altheim 233_230 St. Peter - Altheim_Simbach 233_230 Y-Altheim (-Simbach - St. Peter) 233/230 Y-Simbach (-Altheim - St.Peter) 233/230,10T-AT-DE-00001B,NA,NA,NA,
2024-08-29 08:00:00+00:00,11T0-0000-0986-7,OPPOSITE,St. Peter 2 - Altheim 233_230 St. Peter - Altheim_Simbach 233_230 Y-Altheim (-Simbach - St. Peter) 233/230 Y-Simbach (-Altheim - St.Peter) 233/230,11T0-0000-0984-D,Y-Altheim (-Simbach - St. Peter) 233/230,Altheim,Y Simbach,TieLine
2024-08-29 08:00:00+00:00,11T0-0000-0986-7,OPPOSITE,St. Peter 2 - Altheim 233_230 St. Peter - Altheim_Simbach 233_230 Y-Altheim (-Simbach - St. Peter) 233/230 Y-Simbach (-Altheim - St.Peter) 233/230,11T0-0000-0985-A,Y-Simbach (-Altheim - St.Peter) 233/230,Simbach,Y Simbach,TieLine
2024-08-29 08:00:00+00:00,11TD2L000000003L,DIRECT,Altheim - Sittling 220,11TD2L000000004J,Altheim - Sittling 220,Altheim,Sittling,Line
2024-08-29 08:00:00+00:00,11T0-0000-0103-E,DIRECT,Hradec - Rohrsdorf - V446  Hradec - Rohrsdorf 446,10T-CZ-DE-00003S,Hradec - Rohrsdorf - V446,Hradec,Rohrsdorf,TieLine
2024-08-29 08:00:00+00:00,11T0-0000-0103-E,DIRECT,Hradec - Rohrsdorf - V446  Hradec - Rohrsdorf 446,10T-CZ-DE-00003S,Hradec - Rohrsdorf 446,Hradec,Rohrsdorf,TieLine
2024-08-29 08:00:00+00:00,11TD400000543-LM,DIRECT,Grafenrheinfeld - Stalldorf rt (416) Grafenrheinfeld - Stalldorf 416,11T-D2-D4-000022,Grafenrheinfeld - Stalldorf rt (416),Grafenrheinfeld,Stalldorf,Line
2024-08-29 08:00:00+00:00,11TD400000543-LM,DIRECT,Grafenrheinfeld - Stalldorf rt (416) Grafenrheinfeld - Stalldorf 416,11T-D2-D4-000022,Grafenrheinfeld - Stalldorf 416,Grafenrheinfeld,Stalldorf,Line
2024-08-29 08:00:00+00:00,11T0-0000-0872-S,OPPOSITE,Hoepfingen - Hueffenhardt ge,11TD400000543-LM,Hoepfingen - Hueffenhardt ge,Hoepfingen,Hueffenhardt,Line
2024-08-29 08:00:00+00:00,11T0-0000-1496-M,OPPOSITE,Emscherbruch - Mengede RECKLI S,11T0-0000-2064-H,Emscherbruch - Mengede RECKLI S,Emscherbruch,Mengede,Line
2024-08-29 08:00:00+00:00,11T0-0000-0781-W,DIRECT,Y-Oberzier (-Paffendorf - Sechtem) SECHTM S Y-Paffendorf (-Oberzier - Sechtem) SECHTM S Y-Sechtem (-Oberzier - Paffendorf) SECHTM S,11T0-0000-0782-T,Y-Oberzier (-Paffendorf - Sechtem) SECHTM S,Oberzier,Y-Paffendorf,Line
2024-08-29 08:00:00+00:00,11T0-0000-0781-W,DIRECT,Y-Oberzier (-Paffendorf - Sechtem) SECHTM S Y-Paffendorf (-Oberzier - Sechtem) SECHTM S Y-Sechtem (-Oberzier - Paffendorf) SECHTM S,11T0-0000-0815-6,Y-Paffendorf (-Oberzier - Sechtem) SECHTM S,Paffendorf,Y-Paffendorf,Line
2024-08-29 08:00:00+00:00,11T0-0000-0781-W,DIRECT,Y-Oberzier (-Paffendorf - Sechtem) SECHTM S Y-Paffendorf (-Oberzier - Sechtem) SECHTM S Y-Sechtem (-Oberzier - Paffendorf) SECHTM S,11T0-0000-0849-J,Y-Sechtem (-Oberzier - Paffendorf) SECHTM S,Sechtem,Y-Paffendorf,Line
2024-08-29 08:00:00+00:00,10T-DE-NL-00005N,DIRECT,Gramme - Achene 380.10,22T-BE-IN-LI0130,Gramme - Achene 380.10,Achene,Gramme,Line
2024-08-29 08:00:00+00:00,10T-DE-NL-00005N,OPPOSITE,Alegro HVDC,22T201903146---W,NA,NA,NA,
2024-08-29 08:00:00+00:00,10T-DE-NL-00005N,OPPOSITE,Achene - Lonny 380.19 Achene - Lonny 19,10T-BE-FR-000015,Achene - Lonny 380.19,Achene,Lonny,TieLine
2024-08-29 08:00:00+00:00,10T-DE-NL-00005N,OPPOSITE,Achene - Lonny 380.19 Achene - Lonny 19,10T-BE-FR-000015,Achene - Lonny 19,Achene,Lonny,TieLine
2024-08-29 08:00:00+00:00,10T-DE-NL-00005N,OPPOSITE,Boxmeer - Dodewaard 380 Zwart,49T000000000006C,Boxmeer - Dodewaard 380 Zwart,Boxmeer,Dodewaard,Line
2024-08-29 08:00:00+00:00,10T-DE-NL-00005N,OPPOSITE,Avelgem - Horta 380.102,22T20161020---1E,Avelgem - Horta 380.102,Avelgem,Horta,Line
2024-08-29 08:00:00+00:00,11T0-0000-0620-R,DIRECT,Y-Doerpen West (-Meppen - Niederlangen) EMSLD OW Y-Niederlangen (-Meppen - Doerpen West) EMSLD OW Y-Meppen (-Doerpen West - Niederlangen) EMSLD OW Meppen - Niederlangen - Doerpen West EMSLD OW,11T0-0000-0990-L,Y-Doerpen West (-Meppen - Niederlangen) EMSLD OW,Doerpen West,Y Niederlangen,Line
2024-08-29 08:00:00+00:00,11T0-0000-0620-R,DIRECT,Y-Doerpen West (-Meppen - Niederlangen) EMSLD OW Y-Niederlangen (-Meppen - Doerpen West) EMSLD OW Y-Meppen (-Doerpen West - Niederlangen) EMSLD OW Meppen - Niederlangen - Doerpen West EMSLD OW,11T0-0000-0991-I,Y-Niederlangen (-Meppen - Doerpen West) EMSLD OW,Niederlangen,Y Niederlangen,Line
2024-08-29 08:00:00+00:00,11T0-0000-0620-R,DIRECT,Y-Doerpen West (-Meppen - Niederlangen) EMSLD OW Y-Niederlangen (-Meppen - Doerpen West) EMSLD OW Y-Meppen (-Doerpen West - Niederlangen) EMSLD OW Meppen - Niederlangen - Doerpen West EMSLD OW,11T-D2-D7-00001H,Y-Meppen (-Doerpen West - Niederlangen) EMSLD OW,Meppen,Y Niederlangen,Line
2024-08-29 08:00:00+00:00,11T0-0000-0620-R,DIRECT,Y-Doerpen West (-Meppen - Niederlangen) EMSLD OW Y-Niederlangen (-Meppen - Doerpen West) EMSLD OW Y-Meppen (-Doerpen West - Niederlangen) EMSLD OW Meppen - Niederlangen - Doerpen West EMSLD OW,11T-D2-D7-00001H,NA,NA,NA,
2024-08-29 08:00:00+00:00,11T0-0000-0620-R,DIRECT,Doetinchem - Niederrhein 380 white Doetinchem - Niederrhein 380 white,10T1001C--000235,Doetinchem - Niederrhein 380 white,Doetinchem,Niederrhein,TieLine
2024-08-29 08:00:00+00:00,11T0-0000-0620-R,DIRECT,Doetinchem - Niederrhein 380 white Doetinchem - Niederrhein 380 white,10T1001C--000235,Doetinchem - Niederrhein 380 white,Doetinchem,Niederrhein,TieLine
2024-08-29 08:00:00+00:00,10T-DE-FR-000068,OPPOSITE,Ensdorf - Vigy VIGY1 N Ensdorf - Vigy VIGY1 N,10T-DE-FR-00005A,Ensdorf - Vigy VIGY1 N,Ensdorf,Vigy,TieLine
2024-08-29 08:00:00+00:00,10T-DE-FR-000068,OPPOSITE,Ensdorf - Vigy VIGY1 N Ensdorf - Vigy VIGY1 N,10T-DE-FR-00005A,Ensdorf - Vigy VIGY1 N,Ensdorf,Vigy,TieLine
2024-08-29 08:00:00+00:00,11T0-0000-0781-W,DIRECT,PST Oberzier TR 442 E,11T0-0000-2133-R,PST Oberzier TR 442 E,Oberzier,Oberzier,PST
2024-08-29 08:00:00+00:00,11T0-0000-0011-L,DIRECT,,,,,,
2024-08-29 08:00:00+00:00,11T0-0000-0011-L,DIRECT,Hradec - Rohrsdorf - V446  Hradec - Rohrsdorf 446,10T-CZ-DE-00003S,Hradec - Rohrsdorf - V446,Hradec,Rohrsdorf,TieLine
2024-08-29 08:00:00+00:00,11T0-0000-0011-L,DIRECT,Hradec - Rohrsdorf - V446  Hradec - Rohrsdorf 446,10T-CZ-DE-00003S,Hradec - Rohrsdorf 446,Hradec,Rohrsdorf,TieLine
2024-08-29 08:00:00+00:00,11TD8L555------W,OPPOSITE,Dresden/Sued - Schmoelln 556,11TD8L556------O,Dresden/Sued - Schmoelln 556,Dresden/Sued,Schmoelln,Line
2024-08-29 08:00:00+00:00,10T-HR-SI-000022,DIRECT,,,,,,
2024-08-29 08:00:00+00:00,10T-HR-SI-000022,OPPOSITE,,,,,,
2024-08-29 08:00:00+00:00,10T-HR-HU-000033,OPPOSITE,Pecs - Ernestinovo2 491B Ernestinovo - Pecs 2,10T-HR-HU-000041,Pecs - Ernestinovo2 491B,Pecs,Ernestinovo,TieLine
2024-08-29 08:00:00+00:00,10T-HR-HU-000033,OPPOSITE,Pecs - Ernestinovo2 491B Ernestinovo - Pecs 2,10T-HR-HU-000041,Ernestinovo - Pecs 2,Ernestinovo,Pecs 2,TieLine
2024-08-29 08:00:00+00:00,10T-HR-SI-00004Z,OPPOSITE,Tumbri - Krsko 2 400 kV Krsko - Tumbri 2,10T-HR-SI-00005X,Tumbri - Krsko 2,Tumbri,Krsko,TieLine
2024-08-29 08:00:00+00:00,10T-HR-SI-00004Z,OPPOSITE,Tumbri - Krsko 2 400 kV Krsko - Tumbri 2,10T-HR-SI-00005X,400 kV Krsko - Tumbri 2,Krsko,Tumbri,TieLine
2024-08-29 08:00:00+00:00,15T-M000002791-J,DIRECT,Gabcikovo - Gyor Gabcikovo - Gyor,10T-HU-SK-00002R,Gabcikovo - Gyor,Gabcikovo,Gyor,TieLine
2024-08-29 08:00:00+00:00,15T-M000002791-J,DIRECT,Gabcikovo - Gyor Gabcikovo - Gyor,10T-HU-SK-00002R,Gabcikovo - Gyor,Gabcikovo,Gyor,TieLine
2024-08-29 08:00:00+00:00,15T-M000002791-J,OPPOSITE,Gabcikovo - Gyor Gabcikovo - Gyor,10T-HU-SK-00002R,Gabcikovo - Gyor,Gabcikovo,Gyor,TieLine
2024-08-29 08:00:00+00:00,15T-M000002791-J,OPPOSITE,Gabcikovo - Gyor Gabcikovo - Gyor,10T-HU-SK-00002R,Gabcikovo - Gyor,Gabcikovo,Gyor,TieLine
2024-08-29 08:00:00+00:00,10T-HU-UA-00002F,DIRECT,Szabolcsbaka - Mukachevo,10T1001C--000421,Szabolcsbaka - Mukachevo,Szabolcsbaka,Mukachevo,TieLine
2024-08-29 08:00:00+00:00,10T1001C--00056R,DIRECT,Gabcikovo - Gyor Gabcikovo - Gyor,10T-HU-SK-00002R,Gabcikovo - Gyor,Gabcikovo,Gyor,TieLine
2024-08-29 08:00:00+00:00,10T1001C--00056R,DIRECT,Gabcikovo - Gyor Gabcikovo - Gyor,10T-HU-SK-00002R,Gabcikovo - Gyor,Gabcikovo,Gyor,TieLine
2024-08-29 08:00:00+00:00,10T1001C--00056R,OPPOSITE,Gonyu - Gyor,15T-M000002791-J,Gonyu - Gyor,Gonyu,Gyor,Line
2024-08-29 08:00:00+00:00,10T1001C--00056R,OPPOSITE,Gabcikovo - Gyor Gabcikovo - Gyor,10T-HU-SK-00002R,Gabcikovo - Gyor,Gabcikovo,Gyor,TieLine
2024-08-29 08:00:00+00:00,10T1001C--00056R,OPPOSITE,Gabcikovo - Gyor Gabcikovo - Gyor,10T-HU-SK-00002R,Gabcikovo - Gyor,Gabcikovo,Gyor,TieLine
2024-08-29 08:00:00+00:00,10T-HR-HU-000025,OPPOSITE,Cirkovce - Heviz Cirkovce - Heviz,10T1001C--00101B,Cirkovce - Heviz,Cirkovce,Heviz,TieLine
2024-08-29 08:00:00+00:00,10T-HR-HU-000025,OPPOSITE,Cirkovce - Heviz Cirkovce - Heviz,10T1001C--00101B,Cirkovce - Heviz,Cirkovce,Heviz,TieLine
2024-08-29 08:00:00+00:00,10T1001C--00101B,DIRECT,Zerjavinec - Heviz Zerjavinec - Heviz,10T-HR-HU-000025,Zerjavinec - Heviz,Zerjavinec,Heviz,TieLine
2024-08-29 08:00:00+00:00,10T1001C--00101B,DIRECT,Zerjavinec - Heviz Zerjavinec - Heviz,10T-HR-HU-000025,Zerjavinec - Heviz,Zerjavinec,Heviz,TieLine
2024-08-29 08:00:00+00:00,10T1001C--00101B,OPPOSITE,Zerjavinec - Heviz Zerjavinec - Heviz,10T-HR-HU-000025,Zerjavinec - Heviz,Zerjavinec,Heviz,TieLine
2024-08-29 08:00:00+00:00,10T1001C--00101B,OPPOSITE,Zerjavinec - Heviz Zerjavinec - Heviz,10T-HR-HU-000025,Zerjavinec - Heviz,Zerjavinec,Heviz,TieLine
2024-08-29 08:00:00+00:00,15T-M00000043583,DIRECT,Kerepes - Zuglo 2,15T-M00000043591,Kerepes - Zuglo 2,Kerepes,Zuglo,Line
2024-08-29 08:00:00+00:00,10T-DE-NL-00002T,OPPOSITE,PST Gronau TR 441 E,11T0-0000-0620-R,PST Gronau TR 441 E,Gronau,Gronau,PST
2024-08-29 08:00:00+00:00,10T-DE-NL-00002T,DIRECT,Gronau - Hanekenfaehr GRONAU W,11T0-0000-0617-A,Gronau - Hanekenfaehr GRONAU W,Gronau,Hanekenfaehr,Line
2024-08-29 08:00:00+00:00,10T-DE-NL-00002T,DIRECT,Y-Doerpen West (-Meppen - Niederlangen) EMSLD OW Y-Niederlangen (-Meppen - Doerpen West) EMSLD OW Y-Meppen (-Doerpen West - Niederlangen) EMSLD OW Meppen - Niederlangen - Doerpen West EMSLD OW,11T0-0000-0990-L,Y-Doerpen West (-Meppen - Niederlangen) EMSLD OW,Doerpen West,Y Niederlangen,Line
2024-08-29 08:00:00+00:00,10T-DE-NL-00002T,DIRECT,Y-Doerpen West (-Meppen - Niederlangen) EMSLD OW Y-Niederlangen (-Meppen - Doerpen West) EMSLD OW Y-Meppen (-Doerpen West - Niederlangen) EMSLD OW Meppen - Niederlangen - Doerpen West EMSLD OW,11T0-0000-0991-I,Y-Niederlangen (-Meppen - Doerpen West) EMSLD OW,Niederlangen,Y Niederlangen,Line
2024-08-29 08:00:00+00:00,10T-DE-NL-00002T,DIRECT,Y-Doerpen West (-Meppen - Niederlangen) EMSLD OW Y-Niederlangen (-Meppen - Doerpen West) EMSLD OW Y-Meppen (-Doerpen West - Niederlangen) EMSLD OW Meppen - Niederlangen - Doerpen West EMSLD OW,11T-D2-D7-00001H,Y-Meppen (-Doerpen West - Niederlangen) EMSLD OW,Meppen,Y Niederlangen,Line
2024-08-29 08:00:00+00:00,10T-DE-NL-00002T,DIRECT,Y-Doerpen West (-Meppen - Niederlangen) EMSLD OW Y-Niederlangen (-Meppen - Doerpen West) EMSLD OW Y-Meppen (-Doerpen West - Niederlangen) EMSLD OW Meppen - Niederlangen - Doerpen West EMSLD OW,11T-D2-D7-00001H,NA,NA,NA,
2024-08-29 08:00:00+00:00,10T-DE-NL-00005N,OPPOSITE,PST Gronau TR 441 E,11T0-0000-0620-R,PST Gronau TR 441 E,Gronau,Gronau,PST
2024-08-29 08:00:00+00:00,10T-DE-NL-00005N,OPPOSITE,Opladen - Rommerskirchen OPLADN N,11T0-0000-0793-M,Opladen - Rommerskirchen OPLADN N,Opladen,Rommerskirchen,Line
2024-08-29 08:00:00+00:00,49T0000000000274,DIRECT,Krimpen a/d IJssel - Geertruidenberg 380 Zwart,49T0000000000282,Krimpen a/d IJssel - Geertruidenberg 380 Zwart,Krimpen a/d IJssel,Geertruidenberg,Line
2024-08-29 08:00:00+00:00,49T0000000000274,OPPOSITE,Krimpen a/d IJssel - Geertruidenberg 380 Zwart,49T0000000000282,Krimpen a/d IJssel - Geertruidenberg 380 Zwart,Krimpen a/d IJssel,Geertruidenberg,Line
2024-08-29 08:00:00+00:00,19T000000001304A,OPPOSITE,Krosno Iskrzynia - Tarnow,19T000000000296P,Krosno Iskrzynia - Tarnow,Krosno Iskrzynia,Tarnow,Line
2024-08-29 08:00:00+00:00,19T0000000063830,DIRECT,Hagenwerder - Mikulowa 568 Mikulowa - Hagenwerder 568,10T-DE-PL-00001D,Hagenwerder - Mikulowa 568,Hagenwerder,Mikulowa,TieLine
2024-08-29 08:00:00+00:00,19T0000000063830,DIRECT,Hagenwerder - Mikulowa 568 Mikulowa - Hagenwerder 568,10T-DE-PL-00001D,Mikulowa - Hagenwerder 568,Mikulowa 568,Hagenwerder,TieLine
2024-08-29 08:00:00+00:00,19T0000000063830,OPPOSITE,Hagenwerder - Mikulowa 568 Mikulowa - Hagenwerder 568,10T-DE-PL-00001D,Hagenwerder - Mikulowa 568,Hagenwerder,Mikulowa,TieLine
2024-08-29 08:00:00+00:00,19T0000000063830,OPPOSITE,Hagenwerder - Mikulowa 568 Mikulowa - Hagenwerder 568,10T-DE-PL-00001D,Mikulowa - Hagenwerder 568,Mikulowa 568,Hagenwerder,TieLine
2024-08-29 08:00:00+00:00,19T000000006396S,DIRECT,Polaniec - Rzeszow,19T000000006420K,Polaniec - Rzeszow,Polaniec,Rzeszow,Line
2024-08-29 08:00:00+00:00,10T1001A1001A09N,DIRECT,Nosovice - Wielopole  Wielopole - Nosovice,10T-CZ-PL-00004A,Nosovice - Wielopole,Nosovice,Wielopole,TieLine
2024-08-29 08:00:00+00:00,10T1001A1001A09N,DIRECT,Nosovice - Wielopole  Wielopole - Nosovice,10T-CZ-PL-00004A,Wielopole - Nosovice,Wielopole,Nosovice,TieLine
2024-08-29 08:00:00+00:00,10T-CZ-PL-00004A,DIRECT,Dobrzen - Detmarovice Dobrzen - Detmarovice,10T1001A1001A09N,Dobrzen - Detmarovice,Dobrzen,Detmarovice,TieLine
2024-08-29 08:00:00+00:00,10T-CZ-PL-00004A,DIRECT,Dobrzen - Detmarovice Dobrzen - Detmarovice,10T1001A1001A09N,Dobrzen - Detmarovice,Detmarovice,Dobrzen,TieLine
2024-08-29 08:00:00+00:00,10T-CZ-PL-00004A,OPPOSITE,Dobrzen - Detmarovice Dobrzen - Detmarovice,10T1001A1001A09N,Dobrzen - Detmarovice,Dobrzen,Detmarovice,TieLine
2024-08-29 08:00:00+00:00,10T-CZ-PL-00004A,OPPOSITE,Dobrzen - Detmarovice Dobrzen - Detmarovice,10T1001A1001A09N,Dobrzen - Detmarovice,Detmarovice,Dobrzen,TieLine
2024-08-29 08:00:00+00:00,30TPARO220TRGJ-Q,OPPOSITE,Portile de Fier - Djerdap,10T-RO-RS-00001V,Portile de Fier - Djerdap,Portile de Fier,Djerdap,TieLine
2024-08-29 08:00:00+00:00,30TPARO220TRGJ-Q,OPPOSITE,Sibiu Sud - Mintia,30TMINT400SIBI-Z,Sibiu Sud - Mintia,Sibiu Sud,Mintia,Line
2024-08-29 08:00:00+00:00,30TPARO220TRGJ-Q,OPPOSITE,Sibiu Sud - Tantareni,30TSIBI400TINT-1,Sibiu Sud - Tantareni,Sibiu Sud,Tantareni,Line
2024-08-29 08:00:00+00:00,30T-ROSI400AT--1,DIRECT,Rosiori - Gadalin,30TGADA400ROSI-A,Rosiori - Gadalin,Rosiori,Gadalin,Line
2024-08-29 08:00:00+00:00,10T-RO-RS-00001V,DIRECT,Portile de Fier - Resita c1 Portile de Fier - Resita c2,30TPDFE220RESI1S,Portile de Fier - Resita c1,Portile de Fier,Resita c1,Line
2024-08-29 08:00:00+00:00,10T-RO-RS-00001V,DIRECT,Portile de Fier - Resita c1 Portile de Fier - Resita c2,30TPDFE220RESI2Q,Portile de Fier - Resita c2,Portile de Fier,Resita c2,Line
2024-08-29 08:00:00+00:00,10T-RO-RS-00001V,OPPOSITE,Tantareni - Kozlodui c2 Tantareni - Kozlodui c1,10T-BG-RO-00001A,Tantareni - Kozlodui c2,Tantareni,Kozlodui,TieLine
2024-08-29 08:00:00+00:00,10T-RO-RS-00001V,OPPOSITE,Tantareni - Kozlodui c2 Tantareni - Kozlodui c1,10T-RO-BG-00002A,Tantareni - Kozlodui c1,Tantareni,Kozlodui,TieLine
2024-08-29 08:00:00+00:00,30TPARO220TRGJ-Q,OPPOSITE,Isaccea - Vulcanesti,30TISAC400VULC-W,Isaccea - Vulcanesti,Isaccea,Vulcanesti,TieLine
2024-08-29 08:00:00+00:00,10T1001C--00101B,DIRECT,Kainachtal - Maribor 473 400 kV Maribor - Kainachtal 1,10T-AT-SI-00001T,Kainachtal - Maribor 473,Kainachtal,Maribor,TieLine
2024-08-29 08:00:00+00:00,10T1001C--00101B,DIRECT,Kainachtal - Maribor 473 400 kV Maribor - Kainachtal 1,10T-AT-SI-00001T,400 kV Maribor - Kainachtal 1,Maribor,Kainachtal,TieLine
2024-08-29 08:00:00+00:00,10T1001C--00101B,DIRECT,Zerjavinec - Cirkovce 400 kV Cirkovce - Zerjavinec,10T1001C--001037,Zerjavinec - Cirkovce,Zerjavinec,Cirkovce,TieLine
2024-08-29 08:00:00+00:00,10T1001C--00101B,DIRECT,Zerjavinec - Cirkovce 400 kV Cirkovce - Zerjavinec,10T1001C--001037,400 kV Cirkovce - Zerjavinec,Cirkovce,Zerjavinec,TieLine
2024-08-29 08:00:00+00:00,10T1001C--00101B,OPPOSITE,Zerjavinec - Cirkovce 400 kV Cirkovce - Zerjavinec,10T1001C--001037,Zerjavinec - Cirkovce,Zerjavinec,Cirkovce,TieLine
2024-08-29 08:00:00+00:00,10T1001C--00101B,OPPOSITE,Zerjavinec - Cirkovce 400 kV Cirkovce - Zerjavinec,10T1001C--001037,400 kV Cirkovce - Zerjavinec,Cirkovce,Zerjavinec,TieLine
2024-08-29 08:00:00+00:00,10T-HU-SK-00001T,DIRECT,R.Sobota - Sajoivanka  R.Sobota - Sajoivanka,10T1001C--00054V,R.Sobota - Sajoivanka,R.Sobota,Sajoivanka,TieLine
2024-08-29 08:00:00+00:00,10T-HU-SK-00001T,DIRECT,R.Sobota - Sajoivanka  R.Sobota - Sajoivanka,10T1001C--00054V,R.Sobota - Sajoivanka,R.Sobota,Sajoivanka,TieLine
2024-08-29 08:00:00+00:00,10T-SK-UA-00001W,DIRECT,R.Sobota - Sajoivanka  R.Sobota - Sajoivanka,10T1001C--00054V,R.Sobota - Sajoivanka,R.Sobota,Sajoivanka,TieLine
2024-08-29 08:00:00+00:00,10T-SK-UA-00001W,DIRECT,R.Sobota - Sajoivanka  R.Sobota - Sajoivanka,10T1001C--00054V,R.Sobota - Sajoivanka,R.Sobota,Sajoivanka,TieLine
2024-08-29 08:00:00+00:00,24T-V493-000000Q,DIRECT,Bosaca - Varin,24T-V495-0000008,Bosaca - Varin,Bosaca,Varin,Line
2024-08-29 08:00:00+00:00,24T-V490-000000G,DIRECT,V.Dur - Levice 2,24T-V491-0000007,V.Dur - Levice 2,V.Dur,Levice,Line
2024-08-29 08:00:00+00:00,24T-V425-0000004,DIRECT,Gabcikovo - P.Biskupice,24T-V429-0000005,Gabcikovo - P.Biskupice,Gabcikovo,P.Biskupice,Line
2024-08-29 08:00:00+00:00,10T-SK-UA-00001W,OPPOSITE,R.Sobota - Sajoivanka  R.Sobota - Sajoivanka,10T1001C--00054V,R.Sobota - Sajoivanka,R.Sobota,Sajoivanka,TieLine
2024-08-29 08:00:00+00:00,10T-SK-UA-00001W,OPPOSITE,R.Sobota - Sajoivanka  R.Sobota - Sajoivanka,10T1001C--00054V,R.Sobota - Sajoivanka,R.Sobota,Sajoivanka,TieLine
2024-08-29 08:00:00+00:00,10T-CZ-SK-00002W,OPPOSITE,Sp.Nova Ves - Lemesany,24T-V408-000000Y,Sp.Nova Ves - Lemesany,Sp.Nova Ves,Lemesany,Line
2024-08-29 09:00:00+00:00,14T-220-0-002213,OPPOSITE,Tauern - Weissenbach 222,14T-220-0-002221,Tauern - Weissenbach 222,Tauern,Weissenbach,Line
2024-08-29 09:00:00+00:00,14T-221-0-00223Q,OPPOSITE,Hessenberg - Weissenbach 224,14T-220-0-00224Y,Hessenberg - Weissenbach 224,Hessenberg,Weissenbach,Line
2024-08-29 09:00:00+00:00,10T-AT-SI-00003P,DIRECT,Kainachtal - Maribor 473 400 kV Maribor - Kainachtal 1,10T-AT-SI-00001T,Kainachtal - Maribor 473,Kainachtal,Maribor,TieLine
2024-08-29 09:00:00+00:00,10T-AT-SI-00003P,DIRECT,Kainachtal - Maribor 473 400 kV Maribor - Kainachtal 1,10T-AT-SI-00001T,400 kV Maribor - Kainachtal 1,Maribor,Kainachtal,TieLine
2024-08-29 09:00:00+00:00,10T-AT-SI-00003P,OPPOSITE,Kainachtal - Maribor 473 400 kV Maribor - Kainachtal 1,10T-AT-SI-00001T,Kainachtal - Maribor 473,Kainachtal,Maribor,TieLine
2024-08-29 09:00:00+00:00,10T-AT-SI-00003P,OPPOSITE,Kainachtal - Maribor 473 400 kV Maribor - Kainachtal 1,10T-AT-SI-00001T,400 kV Maribor - Kainachtal 1,Maribor,Kainachtal,TieLine
2024-08-29 09:00:00+00:00,10T-AT-SI-00003P,DIRECT,400 kV Cirkovce - Podlog,28T000000000301K,400 kV Cirkovce - Podlog,Cirkovce,Podlog,Line
2024-08-29 09:00:00+00:00,10T-AT-SI-00003P,OPPOSITE,400 kV Cirkovce - Podlog,28T000000000301K,400 kV Cirkovce - Podlog,Cirkovce,Podlog,Line
2024-08-29 09:00:00+00:00,10T-AT-SI-00003P,DIRECT,400 kV Cirkovce - Krsko,28T000000000300M,400 kV Cirkovce - Krsko,Cirkovce,Krsko,Line
2024-08-29 09:00:00+00:00,10T-AT-DE-000037,DIRECT,Pirach Neu - Pleinting 296/257 Pirach Neu - Pirach 296/257,11T0-0000-2108-O,Pirach Neu - Pleinting 296/257,Pirach Neu,Pleinting,Line
2024-08-29 09:00:00+00:00,10T-AT-DE-000037,DIRECT,Pirach Neu - Pleinting 296/257 Pirach Neu - Pirach 296/257,11T0-0000-2108-O,Pirach Neu - Pirach 296/257,Pirach Neu,Pirach,Line
2024-08-29 09:00:00+00:00,14T-220-0-0273BO,DIRECT,Strass - Thaur 274B,14T-220-0-0274BL,Strass - Thaur 274B,Strass,Thaur,Line
2024-08-29 09:00:00+00:00,10T1001C--00035Z,OPPOSITE,Westtirol - Silz 414 Westtitrol - Silz 414,10T1001C--00036X,Westtirol - Silz 414,Westtirol,Silz,TieLine
2024-08-29 09:00:00+00:00,10T1001C--00035Z,OPPOSITE,Westtirol - Silz 414 Westtitrol - Silz 414,10T1001C--00036X,NA,NA,NA,
2024-08-29 09:00:00+00:00,10T-AT-CZ-00003X,OPPOSITE,Slavetice - Durnrohr - V438  Duernrohr 1 - Slavetice 438,10T-AT-CZ-00004V,Slavetice - Durnrohr - V438,Slavetice,Durnrohr,TieLine
2024-08-29 09:00:00+00:00,10T-AT-CZ-00003X,OPPOSITE,Slavetice - Durnrohr - V438  Duernrohr 1 - Slavetice 438,10T-AT-CZ-00004V,Duernrohr 1 - Slavetice 438,Duernrohr 1,Slavetice,TieLine
2024-08-29 09:00:00+00:00,14T-38220-WT041O,OPPOSITE,Leupolz - Westtirol 412 Leupolz - Westtirol FUESSN O,10T-AT-DE-10007U,Leupolz - Westtirol 412,Leupolz,Westtirol,TieLine
2024-08-29 09:00:00+00:00,14T-38220-WT041O,OPPOSITE,Leupolz - Westtirol 412 Leupolz - Westtirol FUESSN O,10T-AT-DE-10007U,Leupolz - Westtirol FUESSN O,Leupolz,Westtirol,TieLine
2024-08-29 09:00:00+00:00,14T-38220-WT041O,OPPOSITE,Buers - Westtirol ws (421) Westtirol 1 - Buers 421,10T-AT-DE-000053,Buers - Westtirol ws (421),Buers,Westtirol,TieLine
2024-08-29 09:00:00+00:00,14T-38220-WT041O,OPPOSITE,Buers - Westtirol ws (421) Westtirol 1 - Buers 421,10T-AT-DE-000053,Westtirol 1 - Buers 421,Buers,Westtirol,TieLine
2024-08-29 09:00:00+00:00,14T-38220-ZZ041D,DIRECT,Zell am Ziller 1 - Zell am Ziller 2 ZZRHU42,14T-38220-ZZ042B,Zell am Ziller 1 - Zell am Ziller 2 ZZRHU42,Zell am Ziller 1,Zell am Ziller 2,Transformer
2024-08-29 09:00:00+00:00,10T-BE-FR-000015,OPPOSITE,Avelgem - Horta 380.102,22T20161020---1E,Avelgem - Horta 380.102,Avelgem,Horta,Line
2024-08-29 09:00:00+00:00,10T-BE-FR-000015,OPPOSITE,PST Van Eyck 2,22T-BE-PST--002U,PST Van Eyck 2,Van Eyck,Van Eyck,PST
2024-08-29 09:00:00+00:00,10T-BE-NL-00003E,OPPOSITE,Rilland - Zandvliet 380 White/30 Rilland - Zandvliet 380 White/30,10T-BE-NL-00004C,Rilland - Zandvliet 380 White/30,Zandvliet,Rilland,TieLine
2024-08-29 09:00:00+00:00,10T-BE-NL-00003E,OPPOSITE,Rilland - Zandvliet 380 White/30 Rilland - Zandvliet 380 White/30,10T-BE-NL-00004C,Rilland - Zandvliet 380 White/30,Rilland,Zandvliet,TieLine
2024-08-29 09:00:00+00:00,22T-BE-IN-LI0130,OPPOSITE,Avelgem - Horta 380.102,22T20161020---1E,Avelgem - Horta 380.102,Avelgem,Horta,Line
2024-08-29 09:00:00+00:00,22T-BE-IN-LI0130,OPPOSITE,Lixhe - Van Eyck 380.91 Alegro HVDC,22T20180102---2W,Lixhe - Van Eyck 380.91,Lixhe,Van Eyck,Line
2024-08-29 09:00:00+00:00,22T-BE-IN-LI0130,OPPOSITE,Lixhe - Van Eyck 380.91 Alegro HVDC,22T201903146---W,NA,NA,NA,
2024-08-29 09:00:00+00:00,22T-BE-IN-LI0130,OPPOSITE,PST Van Eyck 2,22T-BE-PST--002U,PST Van Eyck 2,Van Eyck,Van Eyck,PST
2024-08-29 09:00:00+00:00,22T-BE-IN-LI018R,DIRECT,Y-Van Eyck (-Andre Dumont - Gramme) 380.12 Y-Andre Dumont (-Gramme - Van Eyck) 380.12 Y-Gramme (-Andre Dumont - Van Eyck) 380.12,22T20161020---48,Y-Van Eyck (-Andre Dumont - Gramme) 380.12,Van Eyck,Zuttendaal,Line
2024-08-29 09:00:00+00:00,22T-BE-IN-LI018R,DIRECT,Y-Van Eyck (-Andre Dumont - Gramme) 380.12 Y-Andre Dumont (-Gramme - Van Eyck) 380.12 Y-Gramme (-Andre Dumont - Van Eyck) 380.12,22T20161020---48,Y-Andre Dumont (-Gramme - Van Eyck) 380.12,Andre Dumont,Zuttendaal,Line
2024-08-29 09:00:00+00:00,22T-BE-IN-LI018R,DIRECT,Y-Van Eyck (-Andre Dumont - Gramme) 380.12 Y-Andre Dumont (-Gramme - Van Eyck) 380.12 Y-Gramme (-Andre Dumont - Van Eyck) 380.12,22T20161020---48,Y-Gramme (-Andre Dumont - Van Eyck) 380.12,Gramme,Zuttendaal,Line
2024-08-29 09:00:00+00:00,10T-BE-NL-00001I,DIRECT,Y-Bruegel (-Courcelles - Drogenbos) 380.33 Y-Courcelles (-Bruegel - Drogenbos) 380.33 Y-Drogenbos (-Bruegel - Courcelles) 380.33,22T-BE-IN-LI0017,Y-Bruegel (-Courcelles - Drogenbos) 380.33,Bruegel,Mekingen,Line
2024-08-29 09:00:00+00:00,10T-BE-NL-00001I,DIRECT,Y-Bruegel (-Courcelles - Drogenbos) 380.33 Y-Courcelles (-Bruegel - Drogenbos) 380.33 Y-Drogenbos (-Bruegel - Courcelles) 380.33,22T-BE-IN-LI0017,Y-Courcelles (-Bruegel - Drogenbos) 380.33,Courcelles,Mekingen,Line
2024-08-29 09:00:00+00:00,10T-BE-NL-00001I,DIRECT,Y-Bruegel (-Courcelles - Drogenbos) 380.33 Y-Courcelles (-Bruegel - Drogenbos) 380.33 Y-Drogenbos (-Bruegel - Courcelles) 380.33,22T-BE-IN-LI0017,Y-Drogenbos (-Bruegel - Courcelles) 380.33,Drogenbos,Mekingen,Line
2024-08-29 09:00:00+00:00,10T-BE-NL-00001I,DIRECT,Gramme - Achene 380.10,22T-BE-IN-LI0130,Gramme - Achene 380.10,Achene,Gramme,Line
2024-08-29 09:00:00+00:00,10T-BE-NL-00001I,DIRECT,Y-Bruegel (-Mercator - Verbrande Brug) 380.36 Y-Mercator (-Bruegel - Verbrande Brug) 380.36 Y-Verbrande Brug (-Bruegel - Mercator) 380.36,22T-BE-IN-LI006Y,Y-Bruegel (-Mercator - Verbrande Brug) 380.36,Bruegel,Buggenhout,Line
2024-08-29 09:00:00+00:00,10T-BE-NL-00001I,DIRECT,Y-Bruegel (-Mercator - Verbrande Brug) 380.36 Y-Mercator (-Bruegel - Verbrande Brug) 380.36 Y-Verbrande Brug (-Bruegel - Mercator) 380.36,22T-BE-IN-LI006Y,Y-Mercator (-Bruegel - Verbrande Brug) 380.36,Mercator,Buggenhout,Line
2024-08-29 09:00:00+00:00,10T-BE-NL-00001I,DIRECT,Y-Bruegel (-Mercator - Verbrande Brug) 380.36 Y-Mercator (-Bruegel - Verbrande Brug) 380.36 Y-Verbrande Brug (-Bruegel - Mercator) 380.36,22T-BE-IN-LI006Y,Y-Verbrande Brug (-Bruegel - Mercator) 380.36,Verbrande Brug,Buggenhout,Line
2024-08-29 09:00:00+00:00,10T-BE-NL-00001I,DIRECT,PST Van Eyck 1,22T-BE-PST--001W,PST Van Eyck 1,Van Eyck,Van Eyck,PST
2024-08-29 09:00:00+00:00,10T-BE-NL-00001I,OPPOSITE,Achene - Lonny 380.19 Achene - Lonny 19,10T-BE-FR-000015,Achene - Lonny 380.19,Achene,Lonny,TieLine
2024-08-29 09:00:00+00:00,10T-BE-NL-00001I,OPPOSITE,Achene - Lonny 380.19 Achene - Lonny 19,10T-BE-FR-000015,Achene - Lonny 19,Achene,Lonny,TieLine
2024-08-29 09:00:00+00:00,10T-BE-NL-00001I,OPPOSITE,Y-Bruegel (-Mercator - Verbrande Brug) 380.36 Y-Mercator (-Bruegel - Verbrande Brug) 380.36 Y-Verbrande Brug (-Bruegel - Mercator) 380.36,22T-BE-IN-LI006Y,Y-Bruegel (-Mercator - Verbrande Brug) 380.36,Bruegel,Buggenhout,Line
2024-08-29 09:00:00+00:00,10T-BE-NL-00001I,OPPOSITE,Y-Bruegel (-Mercator - Verbrande Brug) 380.36 Y-Mercator (-Bruegel - Verbrande Brug) 380.36 Y-Verbrande Brug (-Bruegel - Mercator) 380.36,22T-BE-IN-LI006Y,Y-Mercator (-Bruegel - Verbrande Brug) 380.36,Mercator,Buggenhout,Line
2024-08-29 09:00:00+00:00,10T-BE-NL-00001I,OPPOSITE,Y-Bruegel (-Mercator - Verbrande Brug) 380.36 Y-Mercator (-Bruegel - Verbrande Brug) 380.36 Y-Verbrande Brug (-Bruegel - Mercator) 380.36,22T-BE-IN-LI006Y,Y-Verbrande Brug (-Bruegel - Mercator) 380.36,Verbrande Brug,Buggenhout,Line
2024-08-29 09:00:00+00:00,10T-BE-NL-00001I,OPPOSITE,PST Van Eyck 1,22T-BE-PST--001W,PST Van Eyck 1,Van Eyck,Van Eyck,PST
2024-08-29 09:00:00+00:00,22T20161020---3A,DIRECT,Y-Mercator (-Horta  - Rodenhuize) 380.73 Y-Horta (-Mercator - Rodenhuize) 380.73 Y-Rodenhuize (-Horta  - Mercator) 380.73,22T20161020---2C,Y-Mercator (-Horta  - Rodenhuize) 380.73,Mercator,Rodenhuize,Line
2024-08-29 09:00:00+00:00,22T20161020---3A,DIRECT,Y-Mercator (-Horta  - Rodenhuize) 380.73 Y-Horta (-Mercator - Rodenhuize) 380.73 Y-Rodenhuize (-Horta  - Mercator) 380.73,22T20161020---2C,Y-Horta (-Mercator - Rodenhuize) 380.73,Horta,Rodenhuize,Line
2024-08-29 09:00:00+00:00,22T20161020---3A,DIRECT,Y-Mercator (-Horta  - Rodenhuize) 380.73 Y-Horta (-Mercator - Rodenhuize) 380.73 Y-Rodenhuize (-Horta  - Mercator) 380.73,22T20161020---2C,Y-Rodenhuize (-Horta  - Mercator) 380.73,Rodenhuize,Rodenhuize,Line
2024-08-29 09:00:00+00:00,22T-BE-IN-LI014Z,OPPOSITE,Doel - Mercator 380.54,22T-BE-IN-LI016V,Doel - Mercator 380.54,Doel,Mercator,Line
2024-08-29 09:00:00+00:00,10T-BE-NL-00001I,DIRECT,Alegro HVDC,22T201903146---W,NA,NA,NA,
2024-08-29 09:00:00+00:00,10T-BE-NL-00001I,OPPOSITE,Alegro HVDC,22T201903146---W,NA,NA,NA,
2024-08-29 09:00:00+00:00,10T-CZ-DE-00001W,OPPOSITE,Prestice - Etzenricht  Etzenricht - Prestice 442,10T-CZ-DE-00004Q,Prestice - Etzenricht,Prestice,Etzenricht,TieLine
2024-08-29 09:00:00+00:00,10T-CZ-DE-00001W,OPPOSITE,Prestice - Etzenricht  Etzenricht - Prestice 442,10T-CZ-DE-00004Q,Etzenricht - Prestice 442,Etzenricht,Prestice,TieLine
2024-08-29 09:00:00+00:00,10T-CZ-DE-00003S,DIRECT,Hradec - Rohrsdorf - V445  Hradec - Rohrsdorf 445,10T-CZ-DE-00002U,Hradec - Rohrsdorf - V445,Hradec,Rohrsdorf,TieLine
2024-08-29 09:00:00+00:00,10T-CZ-DE-00003S,DIRECT,Hradec - Rohrsdorf - V445  Hradec - Rohrsdorf 445,10T-CZ-DE-00002U,Hradec - Rohrsdorf 445,Hradec,Rohrsdorf,TieLine
2024-08-29 09:00:00+00:00,10T-CZ-DE-00003S,OPPOSITE,Hradec - Rohrsdorf - V445  Hradec - Rohrsdorf 445,10T-CZ-DE-00002U,Hradec - Rohrsdorf - V445,Hradec,Rohrsdorf,TieLine
2024-08-29 09:00:00+00:00,10T-CZ-DE-00003S,OPPOSITE,Hradec - Rohrsdorf - V445  Hradec - Rohrsdorf 445,10T-CZ-DE-00002U,Hradec - Rohrsdorf 445,Hradec,Rohrsdorf,TieLine
2024-08-29 09:00:00+00:00,10T-CZ-SK-00001Y,DIRECT,Nosovice - Varin  Nosovice - Varin,10T-CZ-SK-00002W,Nosovice - Varin,Nosovice,Varin,TieLine
2024-08-29 09:00:00+00:00,10T-CZ-SK-00001Y,DIRECT,Nosovice - Varin  Nosovice - Varin,10T-CZ-SK-00002W,Nosovice - Varin,Nosovice,Varin,TieLine
2024-08-29 09:00:00+00:00,10T-CZ-SK-00001Y,OPPOSITE,Nosovice - Varin  Nosovice - Varin,10T-CZ-SK-00002W,Nosovice - Varin,Nosovice,Varin,TieLine
2024-08-29 09:00:00+00:00,10T-CZ-SK-00001Y,OPPOSITE,Nosovice - Varin  Nosovice - Varin,10T-CZ-SK-00002W,Nosovice - Varin,Nosovice,Varin,TieLine
2024-08-29 09:00:00+00:00,10T-CZ-SK-00002W,DIRECT,Krizovany - Sokolnice Sokolnice - Krizovany,10T-CZ-SK-00003U,Krizovany - Sokolnice,Krizovany,Sokolnice,TieLine
2024-08-29 09:00:00+00:00,10T-CZ-SK-00002W,DIRECT,Krizovany - Sokolnice Sokolnice - Krizovany,10T-CZ-SK-00003U,Sokolnice - Krizovany,Sokolnice,Krizovany,TieLine
2024-08-29 09:00:00+00:00,10T-CZ-SK-00002W,OPPOSITE,Krizovany - Sokolnice Sokolnice - Krizovany,10T-CZ-SK-00003U,Krizovany - Sokolnice,Krizovany,Sokolnice,TieLine
2024-08-29 09:00:00+00:00,10T-CZ-SK-00002W,OPPOSITE,Krizovany - Sokolnice Sokolnice - Krizovany,10T-CZ-SK-00003U,Sokolnice - Krizovany,Sokolnice,Krizovany,TieLine
2024-08-29 09:00:00+00:00,10T1001C--001223,DIRECT,Sokolnice - Zaya - V243 Zaya - Sokolnice 243,10T1001C--001215,Sokolnice - Zaya - V243,Sokolnice,Zaya,TieLine
2024-08-29 09:00:00+00:00,10T1001C--001223,DIRECT,Sokolnice - Zaya - V243 Zaya - Sokolnice 243,10T1001C--001215,Zaya - Sokolnice 243,Zaya,Sokolnice,TieLine
2024-08-29 09:00:00+00:00,10T1001C--001223,OPPOSITE,Sokolnice - Zaya - V243 Zaya - Sokolnice 243,10T1001C--001215,Sokolnice - Zaya - V243,Sokolnice,Zaya,TieLine
2024-08-29 09:00:00+00:00,10T1001C--001223,OPPOSITE,Sokolnice - Zaya - V243 Zaya - Sokolnice 243,10T1001C--001215,Zaya - Sokolnice 243,Zaya,Sokolnice,TieLine
2024-08-29 09:00:00+00:00,10T-CZ-SK-00003U,DIRECT,Nosovice - Varin  Nosovice - Varin,10T-CZ-SK-00002W,Nosovice - Varin,Nosovice,Varin,TieLine
2024-08-29 09:00:00+00:00,10T-CZ-SK-00003U,DIRECT,Nosovice - Varin  Nosovice - Varin,10T-CZ-SK-00002W,Nosovice - Varin,Nosovice,Varin,TieLine
2024-08-29 09:00:00+00:00,10T-CZ-SK-00003U,OPPOSITE,Nosovice - Varin  Nosovice - Varin,10T-CZ-SK-00002W,Nosovice - Varin,Nosovice,Varin,TieLine
2024-08-29 09:00:00+00:00,10T-CZ-SK-00003U,OPPOSITE,Nosovice - Varin  Nosovice - Varin,10T-CZ-SK-00002W,Nosovice - Varin,Nosovice,Varin,TieLine
2024-08-29 09:00:00+00:00,10T-CZ-SK-00003U,DIRECT,Sokolnice - Stupava  Sokolnice - Stupava,10T-CZ-SK-00005Q,Sokolnice - Stupava,Sokolnice,Stupava,TieLine
2024-08-29 09:00:00+00:00,10T-CZ-SK-00003U,DIRECT,Sokolnice - Stupava  Sokolnice - Stupava,10T-CZ-SK-00005Q,Sokolnice - Stupava,Stupava,Sokolnice,TieLine
2024-08-29 09:00:00+00:00,10T-CZ-SK-00003U,OPPOSITE,Sokolnice - Stupava  Sokolnice - Stupava,10T-CZ-SK-00005Q,Sokolnice - Stupava,Sokolnice,Stupava,TieLine
2024-08-29 09:00:00+00:00,10T-CZ-SK-00003U,OPPOSITE,Sokolnice - Stupava  Sokolnice - Stupava,10T-CZ-SK-00005Q,Sokolnice - Stupava,Stupava,Sokolnice,TieLine
2024-08-29 09:00:00+00:00,10T-CZ-SK-00003U,DIRECT,H. Zivotice - Krasikov,27T-TLI-V458---B,H. Zivotice - Krasikov,H. Zivotice,Krasikov,Line
2024-08-29 09:00:00+00:00,10T-CZ-SK-00003U,OPPOSITE,H. Zivotice - Krasikov,27T-TLI-V458---B,H. Zivotice - Krasikov,H. Zivotice,Krasikov,Line
2024-08-29 09:00:00+00:00,10T-CZ-DE-00004Q,DIRECT,Hradec - Etzenricht  Etzenricht - Hradec 441,10T-CZ-DE-00001W,Hradec - Etzenricht,Hradec,Etzenricht,TieLine
2024-08-29 09:00:00+00:00,10T-CZ-DE-00004Q,DIRECT,Hradec - Etzenricht  Etzenricht - Hradec 441,10T-CZ-DE-00001W,Etzenricht - Hradec 441,Etzenricht,Hradec,TieLine
2024-08-29 09:00:00+00:00,11T0-0000-0986-7,OPPOSITE,St. Peter 2 - Altheim 233_230 St. Peter - Altheim_Simbach 233_230 Y-Altheim (-Simbach - St. Peter) 233/230 Y-Simbach (-Altheim - St.Peter) 233/230,10T-AT-DE-00001B,St. Peter 2 - Altheim 233_230,St. Peter 2,Altheim,TieLine
2024-08-29 09:00:00+00:00,11T0-0000-0986-7,OPPOSITE,St. Peter 2 - Altheim 233_230 St. Peter - Altheim_Simbach 233_230 Y-Altheim (-Simbach - St. Peter) 233/230 Y-Simbach (-Altheim - St.Peter) 233/230,10T-AT-DE-00001B,NA,NA,NA,
2024-08-29 09:00:00+00:00,11T0-0000-0986-7,OPPOSITE,St. Peter 2 - Altheim 233_230 St. Peter - Altheim_Simbach 233_230 Y-Altheim (-Simbach - St. Peter) 233/230 Y-Simbach (-Altheim - St.Peter) 233/230,11T0-0000-0984-D,Y-Altheim (-Simbach - St. Peter) 233/230,Altheim,Y Simbach,TieLine
2024-08-29 09:00:00+00:00,11T0-0000-0986-7,OPPOSITE,St. Peter 2 - Altheim 233_230 St. Peter - Altheim_Simbach 233_230 Y-Altheim (-Simbach - St. Peter) 233/230 Y-Simbach (-Altheim - St.Peter) 233/230,11T0-0000-0985-A,Y-Simbach (-Altheim - St.Peter) 233/230,Simbach,Y Simbach,TieLine
2024-08-29 09:00:00+00:00,11TD2L000000003L,DIRECT,Altheim - Sittling 220,11TD2L000000004J,Altheim - Sittling 220,Altheim,Sittling,Line
2024-08-29 09:00:00+00:00,11T0-0000-0103-E,DIRECT,Hradec - Rohrsdorf - V445  Hradec - Rohrsdorf 445,10T-CZ-DE-00002U,Hradec - Rohrsdorf - V445,Hradec,Rohrsdorf,TieLine
2024-08-29 09:00:00+00:00,11T0-0000-0103-E,DIRECT,Hradec - Rohrsdorf - V445  Hradec - Rohrsdorf 445,10T-CZ-DE-00002U,Hradec - Rohrsdorf 445,Hradec,Rohrsdorf,TieLine
2024-08-29 09:00:00+00:00,11TD400000543-LM,DIRECT,Grafenrheinfeld - Stalldorf rt (416) Grafenrheinfeld - Stalldorf 416,11T-D2-D4-000022,Grafenrheinfeld - Stalldorf rt (416),Grafenrheinfeld,Stalldorf,Line
2024-08-29 09:00:00+00:00,11TD400000543-LM,DIRECT,Grafenrheinfeld - Stalldorf rt (416) Grafenrheinfeld - Stalldorf 416,11T-D2-D4-000022,Grafenrheinfeld - Stalldorf 416,Grafenrheinfeld,Stalldorf,Line
2024-08-29 09:00:00+00:00,11T0-0000-0872-S,OPPOSITE,Hoepfingen - Hueffenhardt ge,11TD400000543-LM,Hoepfingen - Hueffenhardt ge,Hoepfingen,Hueffenhardt,Line
2024-08-29 09:00:00+00:00,11T0-0000-1496-M,OPPOSITE,Emscherbruch - Mengede RECKLI S,11T0-0000-2064-H,Emscherbruch - Mengede RECKLI S,Emscherbruch,Mengede,Line
2024-08-29 09:00:00+00:00,11T0-0000-0781-W,DIRECT,Y-Oberzier (-Paffendorf - Sechtem) SECHTM S Y-Paffendorf (-Oberzier - Sechtem) SECHTM S Y-Sechtem (-Oberzier - Paffendorf) SECHTM S,11T0-0000-0782-T,Y-Oberzier (-Paffendorf - Sechtem) SECHTM S,Oberzier,Y-Paffendorf,Line
2024-08-29 09:00:00+00:00,11T0-0000-0781-W,DIRECT,Y-Oberzier (-Paffendorf - Sechtem) SECHTM S Y-Paffendorf (-Oberzier - Sechtem) SECHTM S Y-Sechtem (-Oberzier - Paffendorf) SECHTM S,11T0-0000-0815-6,Y-Paffendorf (-Oberzier - Sechtem) SECHTM S,Paffendorf,Y-Paffendorf,Line
2024-08-29 09:00:00+00:00,11T0-0000-0781-W,DIRECT,Y-Oberzier (-Paffendorf - Sechtem) SECHTM S Y-Paffendorf (-Oberzier - Sechtem) SECHTM S Y-Sechtem (-Oberzier - Paffendorf) SECHTM S,11T0-0000-0849-J,Y-Sechtem (-Oberzier - Paffendorf) SECHTM S,Sechtem,Y-Paffendorf,Line
2024-08-29 09:00:00+00:00,10T-DE-NL-00005N,DIRECT,Gramme - Achene 380.10,22T-BE-IN-LI0130,Gramme - Achene 380.10,Achene,Gramme,Line
2024-08-29 09:00:00+00:00,10T-DE-NL-00005N,OPPOSITE,Alegro HVDC,22T201903146---W,NA,NA,NA,
2024-08-29 09:00:00+00:00,10T-DE-NL-00005N,OPPOSITE,Achene - Lonny 380.19 Achene - Lonny 19,10T-BE-FR-000015,Achene - Lonny 380.19,Achene,Lonny,TieLine
2024-08-29 09:00:00+00:00,10T-DE-NL-00005N,OPPOSITE,Achene - Lonny 380.19 Achene - Lonny 19,10T-BE-FR-000015,Achene - Lonny 19,Achene,Lonny,TieLine
2024-08-29 09:00:00+00:00,10T-DE-NL-00005N,OPPOSITE,Boxmeer - Dodewaard 380 Zwart,49T000000000006C,Boxmeer - Dodewaard 380 Zwart,Boxmeer,Dodewaard,Line
2024-08-29 09:00:00+00:00,10T-DE-NL-00005N,OPPOSITE,Avelgem - Horta 380.102,22T20161020---1E,Avelgem - Horta 380.102,Avelgem,Horta,Line
2024-08-29 09:00:00+00:00,10T-DE-FR-000068,OPPOSITE,Ensdorf - Vigy VIGY1 N Ensdorf - Vigy VIGY1 N,10T-DE-FR-00005A,Ensdorf - Vigy VIGY1 N,Ensdorf,Vigy,TieLine
2024-08-29 09:00:00+00:00,10T-DE-FR-000068,OPPOSITE,Ensdorf - Vigy VIGY1 N Ensdorf - Vigy VIGY1 N,10T-DE-FR-00005A,Ensdorf - Vigy VIGY1 N,Ensdorf,Vigy,TieLine
2024-08-29 09:00:00+00:00,11T0-0000-0781-W,DIRECT,PST Oberzier TR 442 E,11T0-0000-2133-R,PST Oberzier TR 442 E,Oberzier,Oberzier,PST
2024-08-29 09:00:00+00:00,11TD8L565------N,DIRECT,Graustein - Baerwalde 566,11TD8L566------F,Graustein - Baerwalde 566,Graustein,Baerwalde,Line
2024-08-29 09:00:00+00:00,11T0-0000-0011-L,DIRECT,,,,,,
2024-08-29 09:00:00+00:00,11TD8L555------W,OPPOSITE,Dresden/Sued - Schmoelln 556,11TD8L556------O,Dresden/Sued - Schmoelln 556,Dresden/Sued,Schmoelln,Line
2024-08-29 09:00:00+00:00,10T-HR-SI-000022,DIRECT,,,,,,
2024-08-29 09:00:00+00:00,10T-HR-SI-000022,OPPOSITE,,,,,,
2024-08-29 09:00:00+00:00,10T-HR-HU-000033,OPPOSITE,Pecs - Ernestinovo2 491B Ernestinovo - Pecs 2,10T-HR-HU-000041,Pecs - Ernestinovo2 491B,Pecs,Ernestinovo,TieLine
2024-08-29 09:00:00+00:00,10T-HR-HU-000033,OPPOSITE,Pecs - Ernestinovo2 491B Ernestinovo - Pecs 2,10T-HR-HU-000041,Ernestinovo - Pecs 2,Ernestinovo,Pecs 2,TieLine
2024-08-29 09:00:00+00:00,10T-HR-SI-00004Z,OPPOSITE,Tumbri - Krsko 2 400 kV Krsko - Tumbri 2,10T-HR-SI-00005X,Tumbri - Krsko 2,Tumbri,Krsko,TieLine
2024-08-29 09:00:00+00:00,10T-HR-SI-00004Z,OPPOSITE,Tumbri - Krsko 2 400 kV Krsko - Tumbri 2,10T-HR-SI-00005X,400 kV Krsko - Tumbri 2,Krsko,Tumbri,TieLine
2024-08-29 09:00:00+00:00,15T-M000002791-J,DIRECT,Gabcikovo - Gyor Gabcikovo - Gyor,10T-HU-SK-00002R,Gabcikovo - Gyor,Gabcikovo,Gyor,TieLine
2024-08-29 09:00:00+00:00,15T-M000002791-J,DIRECT,Gabcikovo - Gyor Gabcikovo - Gyor,10T-HU-SK-00002R,Gabcikovo - Gyor,Gabcikovo,Gyor,TieLine
2024-08-29 09:00:00+00:00,15T-M000002791-J,OPPOSITE,Gabcikovo - Gyor Gabcikovo - Gyor,10T-HU-SK-00002R,Gabcikovo - Gyor,Gabcikovo,Gyor,TieLine
2024-08-29 09:00:00+00:00,15T-M000002791-J,OPPOSITE,Gabcikovo - Gyor Gabcikovo - Gyor,10T-HU-SK-00002R,Gabcikovo - Gyor,Gabcikovo,Gyor,TieLine
2024-08-29 09:00:00+00:00,10T-HU-UA-00002F,DIRECT,Szabolcsbaka - Mukachevo,10T1001C--000421,Szabolcsbaka - Mukachevo,Szabolcsbaka,Mukachevo,TieLine
2024-08-29 09:00:00+00:00,10T1001C--00056R,DIRECT,Gabcikovo - Gyor Gabcikovo - Gyor,10T-HU-SK-00002R,Gabcikovo - Gyor,Gabcikovo,Gyor,TieLine
2024-08-29 09:00:00+00:00,10T1001C--00056R,DIRECT,Gabcikovo - Gyor Gabcikovo - Gyor,10T-HU-SK-00002R,Gabcikovo - Gyor,Gabcikovo,Gyor,TieLine
2024-08-29 09:00:00+00:00,10T1001C--00056R,OPPOSITE,Gonyu - Gyor,15T-M000002791-J,Gonyu - Gyor,Gonyu,Gyor,Line
2024-08-29 09:00:00+00:00,10T1001C--00056R,OPPOSITE,Gabcikovo - Gyor Gabcikovo - Gyor,10T-HU-SK-00002R,Gabcikovo - Gyor,Gabcikovo,Gyor,TieLine
2024-08-29 09:00:00+00:00,10T1001C--00056R,OPPOSITE,Gabcikovo - Gyor Gabcikovo - Gyor,10T-HU-SK-00002R,Gabcikovo - Gyor,Gabcikovo,Gyor,TieLine
2024-08-29 09:00:00+00:00,10T-HR-HU-000025,OPPOSITE,Cirkovce - Heviz Cirkovce - Heviz,10T1001C--00101B,Cirkovce - Heviz,Cirkovce,Heviz,TieLine
2024-08-29 09:00:00+00:00,10T-HR-HU-000025,OPPOSITE,Cirkovce - Heviz Cirkovce - Heviz,10T1001C--00101B,Cirkovce - Heviz,Cirkovce,Heviz,TieLine
2024-08-29 09:00:00+00:00,10T1001C--00101B,DIRECT,Zerjavinec - Heviz Zerjavinec - Heviz,10T-HR-HU-000025,Zerjavinec - Heviz,Zerjavinec,Heviz,TieLine
2024-08-29 09:00:00+00:00,10T1001C--00101B,DIRECT,Zerjavinec - Heviz Zerjavinec - Heviz,10T-HR-HU-000025,Zerjavinec - Heviz,Zerjavinec,Heviz,TieLine
2024-08-29 09:00:00+00:00,10T1001C--00101B,OPPOSITE,Zerjavinec - Heviz Zerjavinec - Heviz,10T-HR-HU-000025,Zerjavinec - Heviz,Zerjavinec,Heviz,TieLine
2024-08-29 09:00:00+00:00,10T1001C--00101B,OPPOSITE,Zerjavinec - Heviz Zerjavinec - Heviz,10T-HR-HU-000025,Zerjavinec - Heviz,Zerjavinec,Heviz,TieLine
2024-08-29 09:00:00+00:00,15T-M00000043583,DIRECT,Kerepes - Zuglo 2,15T-M00000043591,Kerepes - Zuglo 2,Kerepes,Zuglo,Line
2024-08-29 09:00:00+00:00,10T-DE-NL-00002T,OPPOSITE,PST Gronau TR 441 E,11T0-0000-0620-R,PST Gronau TR 441 E,Gronau,Gronau,PST
2024-08-29 09:00:00+00:00,10T-DE-NL-00002T,DIRECT,PST Gronau TR 441 E,11T0-0000-0620-R,PST Gronau TR 441 E,Gronau,Gronau,PST
2024-08-29 09:00:00+00:00,10T-DE-NL-00002T,DIRECT,Gronau - Hanekenfaehr GRONAU W,11T0-0000-0617-A,Gronau - Hanekenfaehr GRONAU W,Gronau,Hanekenfaehr,Line
2024-08-29 09:00:00+00:00,10T-DE-NL-00002T,DIRECT,Y-Doerpen West (-Meppen - Niederlangen) EMSLD OW Y-Niederlangen (-Meppen - Doerpen West) EMSLD OW Y-Meppen (-Doerpen West - Niederlangen) EMSLD OW Meppen - Niederlangen - Doerpen West EMSLD OW,11T0-0000-0990-L,Y-Doerpen West (-Meppen - Niederlangen) EMSLD OW,Doerpen West,Y Niederlangen,Line
2024-08-29 09:00:00+00:00,10T-DE-NL-00002T,DIRECT,Y-Doerpen West (-Meppen - Niederlangen) EMSLD OW Y-Niederlangen (-Meppen - Doerpen West) EMSLD OW Y-Meppen (-Doerpen West - Niederlangen) EMSLD OW Meppen - Niederlangen - Doerpen West EMSLD OW,11T0-0000-0991-I,Y-Niederlangen (-Meppen - Doerpen West) EMSLD OW,Niederlangen,Y Niederlangen,Line
2024-08-29 09:00:00+00:00,10T-DE-NL-00002T,DIRECT,Y-Doerpen West (-Meppen - Niederlangen) EMSLD OW Y-Niederlangen (-Meppen - Doerpen West) EMSLD OW Y-Meppen (-Doerpen West - Niederlangen) EMSLD OW Meppen - Niederlangen - Doerpen West EMSLD OW,11T-D2-D7-00001H,Y-Meppen (-Doerpen West - Niederlangen) EMSLD OW,Meppen,Y Niederlangen,Line
2024-08-29 09:00:00+00:00,10T-DE-NL-00002T,DIRECT,Y-Doerpen West (-Meppen - Niederlangen) EMSLD OW Y-Niederlangen (-Meppen - Doerpen West) EMSLD OW Y-Meppen (-Doerpen West - Niederlangen) EMSLD OW Meppen - Niederlangen - Doerpen West EMSLD OW,11T-D2-D7-00001H,NA,NA,NA,
2024-08-29 09:00:00+00:00,10T-DE-NL-00005N,DIRECT,PST Gronau TR 441 E,11T0-0000-0620-R,PST Gronau TR 441 E,Gronau,Gronau,PST
2024-08-29 09:00:00+00:00,10T-DE-NL-00005N,OPPOSITE,PST Gronau TR 441 E,11T0-0000-0620-R,PST Gronau TR 441 E,Gronau,Gronau,PST
2024-08-29 09:00:00+00:00,10T-DE-NL-00005N,OPPOSITE,Opladen - Rommerskirchen OPLADN N,11T0-0000-0793-M,Opladen - Rommerskirchen OPLADN N,Opladen,Rommerskirchen,Line
2024-08-29 09:00:00+00:00,49T0000000000274,DIRECT,Krimpen a/d IJssel - Geertruidenberg 380 Zwart,49T0000000000282,Krimpen a/d IJssel - Geertruidenberg 380 Zwart,Krimpen a/d IJssel,Geertruidenberg,Line
2024-08-29 09:00:00+00:00,49T0000000000274,OPPOSITE,Krimpen a/d IJssel - Geertruidenberg 380 Zwart,49T0000000000282,Krimpen a/d IJssel - Geertruidenberg 380 Zwart,Krimpen a/d IJssel,Geertruidenberg,Line
2024-08-29 09:00:00+00:00,19T000000001304A,OPPOSITE,Krosno Iskrzynia - Tarnow,19T000000000296P,Krosno Iskrzynia - Tarnow,Krosno Iskrzynia,Tarnow,Line
2024-08-29 09:00:00+00:00,10T-CZ-PL-00004A,DIRECT,Nosovice - Albrechtice,27T-TLI-V460---8,Nosovice - Albrechtice,Nosovice,Albrechtice,Line
2024-08-29 09:00:00+00:00,19T0000000063830,DIRECT,Hagenwerder - Mikulowa 568 Mikulowa - Hagenwerder 568,10T-DE-PL-00001D,Hagenwerder - Mikulowa 568,Hagenwerder,Mikulowa,TieLine
2024-08-29 09:00:00+00:00,19T0000000063830,DIRECT,Hagenwerder - Mikulowa 568 Mikulowa - Hagenwerder 568,10T-DE-PL-00001D,Mikulowa - Hagenwerder 568,Mikulowa 568,Hagenwerder,TieLine
2024-08-29 09:00:00+00:00,19T0000000063830,OPPOSITE,Hagenwerder - Mikulowa 568 Mikulowa - Hagenwerder 568,10T-DE-PL-00001D,Hagenwerder - Mikulowa 568,Hagenwerder,Mikulowa,TieLine
2024-08-29 09:00:00+00:00,19T0000000063830,OPPOSITE,Hagenwerder - Mikulowa 568 Mikulowa - Hagenwerder 568,10T-DE-PL-00001D,Mikulowa - Hagenwerder 568,Mikulowa 568,Hagenwerder,TieLine
2024-08-29 09:00:00+00:00,10T1001A1001A09N,DIRECT,Nosovice - Wielopole  Wielopole - Nosovice,10T-CZ-PL-00004A,Nosovice - Wielopole,Nosovice,Wielopole,TieLine
2024-08-29 09:00:00+00:00,10T1001A1001A09N,DIRECT,Nosovice - Wielopole  Wielopole - Nosovice,10T-CZ-PL-00004A,Wielopole - Nosovice,Wielopole,Nosovice,TieLine
2024-08-29 09:00:00+00:00,10T-CZ-PL-00004A,DIRECT,Dobrzen - Detmarovice Dobrzen - Detmarovice,10T1001A1001A09N,Dobrzen - Detmarovice,Dobrzen,Detmarovice,TieLine
2024-08-29 09:00:00+00:00,10T-CZ-PL-00004A,DIRECT,Dobrzen - Detmarovice Dobrzen - Detmarovice,10T1001A1001A09N,Dobrzen - Detmarovice,Detmarovice,Dobrzen,TieLine
2024-08-29 09:00:00+00:00,10T-CZ-PL-00004A,OPPOSITE,Dobrzen - Detmarovice Dobrzen - Detmarovice,10T1001A1001A09N,Dobrzen - Detmarovice,Dobrzen,Detmarovice,TieLine
2024-08-29 09:00:00+00:00,10T-CZ-PL-00004A,OPPOSITE,Dobrzen - Detmarovice Dobrzen - Detmarovice,10T1001A1001A09N,Dobrzen - Detmarovice,Detmarovice,Dobrzen,TieLine
2024-08-29 09:00:00+00:00,30TPARO220TRGJ-Q,OPPOSITE,Portile de Fier - Djerdap,10T-RO-RS-00001V,Portile de Fier - Djerdap,Portile de Fier,Djerdap,TieLine
2024-08-29 09:00:00+00:00,30TPARO220TRGJ-Q,OPPOSITE,Sibiu Sud - Mintia,30TMINT400SIBI-Z,Sibiu Sud - Mintia,Sibiu Sud,Mintia,Line
2024-08-29 09:00:00+00:00,30TPARO220TRGJ-Q,OPPOSITE,Sibiu Sud - Tantareni,30TSIBI400TINT-1,Sibiu Sud - Tantareni,Sibiu Sud,Tantareni,Line
2024-08-29 09:00:00+00:00,30T-ROSI400AT--1,DIRECT,Rosiori - Gadalin,30TGADA400ROSI-A,Rosiori - Gadalin,Rosiori,Gadalin,Line
2024-08-29 09:00:00+00:00,10T-RO-RS-00001V,DIRECT,Portile de Fier - Resita c1 Portile de Fier - Resita c2,30TPDFE220RESI1S,Portile de Fier - Resita c1,Portile de Fier,Resita c1,Line
2024-08-29 09:00:00+00:00,10T-RO-RS-00001V,DIRECT,Portile de Fier - Resita c1 Portile de Fier - Resita c2,30TPDFE220RESI2Q,Portile de Fier - Resita c2,Portile de Fier,Resita c2,Line
2024-08-29 09:00:00+00:00,10T-RO-RS-00001V,OPPOSITE,Tantareni - Kozlodui c2 Tantareni - Kozlodui c1,10T-BG-RO-00001A,Tantareni - Kozlodui c2,Tantareni,Kozlodui,TieLine
2024-08-29 09:00:00+00:00,10T-RO-RS-00001V,OPPOSITE,Tantareni - Kozlodui c2 Tantareni - Kozlodui c1,10T-RO-BG-00002A,Tantareni - Kozlodui c1,Tantareni,Kozlodui,TieLine
2024-08-29 09:00:00+00:00,30TPARO220TRGJ-Q,OPPOSITE,Isaccea - Vulcanesti,30TISAC400VULC-W,Isaccea - Vulcanesti,Isaccea,Vulcanesti,TieLine
2024-08-29 09:00:00+00:00,10T1001C--00101B,DIRECT,Kainachtal - Maribor 473 400 kV Maribor - Kainachtal 1,10T-AT-SI-00001T,Kainachtal - Maribor 473,Kainachtal,Maribor,TieLine
2024-08-29 09:00:00+00:00,10T1001C--00101B,DIRECT,Kainachtal - Maribor 473 400 kV Maribor - Kainachtal 1,10T-AT-SI-00001T,400 kV Maribor - Kainachtal 1,Maribor,Kainachtal,TieLine
2024-08-29 09:00:00+00:00,10T1001C--00101B,DIRECT,Zerjavinec - Cirkovce 400 kV Cirkovce - Zerjavinec,10T1001C--001037,Zerjavinec - Cirkovce,Zerjavinec,Cirkovce,TieLine
2024-08-29 09:00:00+00:00,10T1001C--00101B,DIRECT,Zerjavinec - Cirkovce 400 kV Cirkovce - Zerjavinec,10T1001C--001037,400 kV Cirkovce - Zerjavinec,Cirkovce,Zerjavinec,TieLine
2024-08-29 09:00:00+00:00,10T1001C--00101B,OPPOSITE,Zerjavinec - Cirkovce 400 kV Cirkovce - Zerjavinec,10T1001C--001037,Zerjavinec - Cirkovce,Zerjavinec,Cirkovce,TieLine
2024-08-29 09:00:00+00:00,10T1001C--00101B,OPPOSITE,Zerjavinec - Cirkovce 400 kV Cirkovce - Zerjavinec,10T1001C--001037,400 kV Cirkovce - Zerjavinec,Cirkovce,Zerjavinec,TieLine
2024-08-29 09:00:00+00:00,10T-HU-SK-00001T,DIRECT,R.Sobota - Sajoivanka  R.Sobota - Sajoivanka,10T1001C--00054V,R.Sobota - Sajoivanka,R.Sobota,Sajoivanka,TieLine
2024-08-29 09:00:00+00:00,10T-HU-SK-00001T,DIRECT,R.Sobota - Sajoivanka  R.Sobota - Sajoivanka,10T1001C--00054V,R.Sobota - Sajoivanka,R.Sobota,Sajoivanka,TieLine
2024-08-29 09:00:00+00:00,10T-SK-UA-00001W,DIRECT,R.Sobota - Sajoivanka  R.Sobota - Sajoivanka,10T1001C--00054V,R.Sobota - Sajoivanka,R.Sobota,Sajoivanka,TieLine
2024-08-29 09:00:00+00:00,10T-SK-UA-00001W,DIRECT,R.Sobota - Sajoivanka  R.Sobota - Sajoivanka,10T1001C--00054V,R.Sobota - Sajoivanka,R.Sobota,Sajoivanka,TieLine
2024-08-29 09:00:00+00:00,24T-V493-000000Q,DIRECT,Bosaca - Varin,24T-V495-0000008,Bosaca - Varin,Bosaca,Varin,Line
2024-08-29 09:00:00+00:00,24T-V490-000000G,DIRECT,V.Dur - Levice 2,24T-V491-0000007,V.Dur - Levice 2,V.Dur,Levice,Line
2024-08-29 09:00:00+00:00,24T-V425-0000004,DIRECT,Gabcikovo - P.Biskupice,24T-V429-0000005,Gabcikovo - P.Biskupice,Gabcikovo,P.Biskupice,Line
2024-08-29 09:00:00+00:00,10T-SK-UA-00001W,OPPOSITE,R.Sobota - Sajoivanka  R.Sobota - Sajoivanka,10T1001C--00054V,R.Sobota - Sajoivanka,R.Sobota,Sajoivanka,TieLine
2024-08-29 09:00:00+00:00,10T-SK-UA-00001W,OPPOSITE,R.Sobota - Sajoivanka  R.Sobota - Sajoivanka,10T1001C--00054V,R.Sobota - Sajoivanka,R.Sobota,Sajoivanka,TieLine
2024-08-29 09:00:00+00:00,10T-CZ-SK-00002W,OPPOSITE,Sp.Nova Ves - Lemesany,24T-V408-000000Y,Sp.Nova Ves - Lemesany,Sp.Nova Ves,Lemesany,Line
2024-08-29 09:00:00+00:00,24T-V409-000000P,OPPOSITE,Moldava - R.Sobota,24T-V427-000000N,Moldava - R.Sobota,Moldava,R.Sobota,Line
2024-08-29 10:00:00+00:00,10T-AT-SI-00003P,DIRECT,Kainachtal - Obersielach 471,14T-380-0-00471D,Kainachtal - Obersielach 471,Kainachtal,Obersielach,Line
2024-08-29 10:00:00+00:00,10T-AT-SI-00003P,OPPOSITE,Kainachtal - Obersielach 471,14T-380-0-00471D,Kainachtal - Obersielach 471,Kainachtal,Obersielach,Line
2024-08-29 10:00:00+00:00,10T-AT-SI-00003P,DIRECT,Kainachtal - Maribor 473 400 kV Maribor - Kainachtal 1,10T-AT-SI-00001T,Kainachtal - Maribor 473,Kainachtal,Maribor,TieLine
2024-08-29 10:00:00+00:00,10T-AT-SI-00003P,DIRECT,Kainachtal - Maribor 473 400 kV Maribor - Kainachtal 1,10T-AT-SI-00001T,400 kV Maribor - Kainachtal 1,Maribor,Kainachtal,TieLine
2024-08-29 10:00:00+00:00,10T-AT-SI-00003P,OPPOSITE,Kainachtal - Maribor 473 400 kV Maribor - Kainachtal 1,10T-AT-SI-00001T,Kainachtal - Maribor 473,Kainachtal,Maribor,TieLine
2024-08-29 10:00:00+00:00,10T-AT-SI-00003P,OPPOSITE,Kainachtal - Maribor 473 400 kV Maribor - Kainachtal 1,10T-AT-SI-00001T,400 kV Maribor - Kainachtal 1,Maribor,Kainachtal,TieLine
2024-08-29 10:00:00+00:00,10T-AT-SI-00003P,DIRECT,400 kV Cirkovce - Podlog,28T000000000301K,400 kV Cirkovce - Podlog,Cirkovce,Podlog,Line
2024-08-29 10:00:00+00:00,10T-AT-SI-00003P,OPPOSITE,400 kV Cirkovce - Podlog,28T000000000301K,400 kV Cirkovce - Podlog,Cirkovce,Podlog,Line
2024-08-29 10:00:00+00:00,10T-AT-SI-00003P,DIRECT,400 kV Cirkovce - Krsko,28T000000000300M,400 kV Cirkovce - Krsko,Cirkovce,Krsko,Line
2024-08-29 10:00:00+00:00,14T-220-0-0267BG,DIRECT,Feistritz - Villach 266C,14T-220-0-0266CH,Feistritz - Villach 266C,Feistritz,Villach,Line
2024-08-29 10:00:00+00:00,10T1001C--00035Z,OPPOSITE,Westtirol - Silz 414 Westtitrol - Silz 414,10T1001C--00036X,Westtirol - Silz 414,Westtirol,Silz,TieLine
2024-08-29 10:00:00+00:00,10T1001C--00035Z,OPPOSITE,Westtirol - Silz 414 Westtitrol - Silz 414,10T1001C--00036X,NA,NA,NA,
2024-08-29 10:00:00+00:00,10T-AT-SI-00001T,DIRECT,Kainachtal - Maribor 474 400 kV Maribor - Kainachtal 2,10T-AT-SI-00002R,Kainachtal - Maribor 474,Kainachtal,Maribor,TieLine
2024-08-29 10:00:00+00:00,10T-AT-SI-00001T,DIRECT,Kainachtal - Maribor 474 400 kV Maribor - Kainachtal 2,10T-AT-SI-00002R,400 kV Maribor - Kainachtal 2,Maribor,Kainachtal,TieLine
2024-08-29 10:00:00+00:00,10T-AT-SI-00001T,OPPOSITE,Kainachtal - Maribor 474 400 kV Maribor - Kainachtal 2,10T-AT-SI-00002R,Kainachtal - Maribor 474,Kainachtal,Maribor,TieLine
2024-08-29 10:00:00+00:00,10T-AT-SI-00001T,OPPOSITE,Kainachtal - Maribor 474 400 kV Maribor - Kainachtal 2,10T-AT-SI-00002R,400 kV Maribor - Kainachtal 2,Maribor,Kainachtal,TieLine
2024-08-29 10:00:00+00:00,14T-38220-EH0425,DIRECT,,,,,,
2024-08-29 10:00:00+00:00,14T-38220-WT041O,OPPOSITE,Leupolz - Westtirol 412 Leupolz - Westtirol FUESSN O,10T-AT-DE-10007U,Leupolz - Westtirol 412,Leupolz,Westtirol,TieLine
2024-08-29 10:00:00+00:00,14T-38220-WT041O,OPPOSITE,Leupolz - Westtirol 412 Leupolz - Westtirol FUESSN O,10T-AT-DE-10007U,Leupolz - Westtirol FUESSN O,Leupolz,Westtirol,TieLine
2024-08-29 10:00:00+00:00,14T-38220-ZZ041D,DIRECT,Zell am Ziller 1 - Zell am Ziller 2 ZZRHU42,14T-38220-ZZ042B,Zell am Ziller 1 - Zell am Ziller 2 ZZRHU42,Zell am Ziller 1,Zell am Ziller 2,Transformer
2024-08-29 10:00:00+00:00,10T-BE-NL-00003E,OPPOSITE,Rilland - Zandvliet 380 White/30 Rilland - Zandvliet 380 White/30,10T-BE-NL-00004C,Rilland - Zandvliet 380 White/30,Zandvliet,Rilland,TieLine
2024-08-29 10:00:00+00:00,10T-BE-NL-00003E,OPPOSITE,Rilland - Zandvliet 380 White/30 Rilland - Zandvliet 380 White/30,10T-BE-NL-00004C,Rilland - Zandvliet 380 White/30,Rilland,Zandvliet,TieLine
2024-08-29 10:00:00+00:00,22T-BE-IN-LI0130,DIRECT,Avelgem - Horta 380.102,22T20161020---1E,Avelgem - Horta 380.102,Avelgem,Horta,Line
2024-08-29 10:00:00+00:00,22T-BE-IN-LI0130,DIRECT,PST Van Eyck 2,22T-BE-PST--002U,PST Van Eyck 2,Van Eyck,Van Eyck,PST
2024-08-29 10:00:00+00:00,22T-BE-IN-LI0130,OPPOSITE,Avelgem - Horta 380.102,22T20161020---1E,Avelgem - Horta 380.102,Avelgem,Horta,Line
2024-08-29 10:00:00+00:00,22T-BE-IN-LI0130,OPPOSITE,Lixhe - Van Eyck 380.91 Alegro HVDC,22T20180102---2W,Lixhe - Van Eyck 380.91,Lixhe,Van Eyck,Line
2024-08-29 10:00:00+00:00,22T-BE-IN-LI0130,OPPOSITE,Lixhe - Van Eyck 380.91 Alegro HVDC,22T201903146---W,NA,NA,NA,
2024-08-29 10:00:00+00:00,22T-BE-IN-LI0130,OPPOSITE,PST Van Eyck 2,22T-BE-PST--002U,PST Van Eyck 2,Van Eyck,Van Eyck,PST
2024-08-29 10:00:00+00:00,22T-BE-IN-LI018R,DIRECT,Y-Van Eyck (-Andre Dumont - Gramme) 380.12 Y-Andre Dumont (-Gramme - Van Eyck) 380.12 Y-Gramme (-Andre Dumont - Van Eyck) 380.12,22T20161020---48,Y-Van Eyck (-Andre Dumont - Gramme) 380.12,Van Eyck,Zuttendaal,Line
2024-08-29 10:00:00+00:00,22T-BE-IN-LI018R,DIRECT,Y-Van Eyck (-Andre Dumont - Gramme) 380.12 Y-Andre Dumont (-Gramme - Van Eyck) 380.12 Y-Gramme (-Andre Dumont - Van Eyck) 380.12,22T20161020---48,Y-Andre Dumont (-Gramme - Van Eyck) 380.12,Andre Dumont,Zuttendaal,Line
2024-08-29 10:00:00+00:00,22T-BE-IN-LI018R,DIRECT,Y-Van Eyck (-Andre Dumont - Gramme) 380.12 Y-Andre Dumont (-Gramme - Van Eyck) 380.12 Y-Gramme (-Andre Dumont - Van Eyck) 380.12,22T20161020---48,Y-Gramme (-Andre Dumont - Van Eyck) 380.12,Gramme,Zuttendaal,Line
2024-08-29 10:00:00+00:00,10T-BE-NL-00001I,DIRECT,Y-Bruegel (-Courcelles - Drogenbos) 380.33 Y-Courcelles (-Bruegel - Drogenbos) 380.33 Y-Drogenbos (-Bruegel - Courcelles) 380.33,22T-BE-IN-LI0017,Y-Bruegel (-Courcelles - Drogenbos) 380.33,Bruegel,Mekingen,Line
2024-08-29 10:00:00+00:00,10T-BE-NL-00001I,DIRECT,Y-Bruegel (-Courcelles - Drogenbos) 380.33 Y-Courcelles (-Bruegel - Drogenbos) 380.33 Y-Drogenbos (-Bruegel - Courcelles) 380.33,22T-BE-IN-LI0017,Y-Courcelles (-Bruegel - Drogenbos) 380.33,Courcelles,Mekingen,Line
2024-08-29 10:00:00+00:00,10T-BE-NL-00001I,DIRECT,Y-Bruegel (-Courcelles - Drogenbos) 380.33 Y-Courcelles (-Bruegel - Drogenbos) 380.33 Y-Drogenbos (-Bruegel - Courcelles) 380.33,22T-BE-IN-LI0017,Y-Drogenbos (-Bruegel - Courcelles) 380.33,Drogenbos,Mekingen,Line
2024-08-29 10:00:00+00:00,10T-BE-NL-00001I,DIRECT,Gramme - Achene 380.10,22T-BE-IN-LI0130,Gramme - Achene 380.10,Achene,Gramme,Line
2024-08-29 10:00:00+00:00,10T-BE-NL-00001I,DIRECT,Y-Bruegel (-Mercator - Verbrande Brug) 380.36 Y-Mercator (-Bruegel - Verbrande Brug) 380.36 Y-Verbrande Brug (-Bruegel - Mercator) 380.36,22T-BE-IN-LI006Y,Y-Bruegel (-Mercator - Verbrande Brug) 380.36,Bruegel,Buggenhout,Line
2024-08-29 10:00:00+00:00,10T-BE-NL-00001I,DIRECT,Y-Bruegel (-Mercator - Verbrande Brug) 380.36 Y-Mercator (-Bruegel - Verbrande Brug) 380.36 Y-Verbrande Brug (-Bruegel - Mercator) 380.36,22T-BE-IN-LI006Y,Y-Mercator (-Bruegel - Verbrande Brug) 380.36,Mercator,Buggenhout,Line
2024-08-29 10:00:00+00:00,10T-BE-NL-00001I,DIRECT,Y-Bruegel (-Mercator - Verbrande Brug) 380.36 Y-Mercator (-Bruegel - Verbrande Brug) 380.36 Y-Verbrande Brug (-Bruegel - Mercator) 380.36,22T-BE-IN-LI006Y,Y-Verbrande Brug (-Bruegel - Mercator) 380.36,Verbrande Brug,Buggenhout,Line
2024-08-29 10:00:00+00:00,10T-BE-NL-00001I,DIRECT,PST Van Eyck 1,22T-BE-PST--001W,PST Van Eyck 1,Van Eyck,Van Eyck,PST
2024-08-29 10:00:00+00:00,10T-BE-NL-00001I,OPPOSITE,Achene - Lonny 380.19 Achene - Lonny 19,10T-BE-FR-000015,Achene - Lonny 380.19,Achene,Lonny,TieLine
2024-08-29 10:00:00+00:00,10T-BE-NL-00001I,OPPOSITE,Achene - Lonny 380.19 Achene - Lonny 19,10T-BE-FR-000015,Achene - Lonny 19,Achene,Lonny,TieLine
2024-08-29 10:00:00+00:00,10T-BE-NL-00001I,OPPOSITE,Y-Bruegel (-Mercator - Verbrande Brug) 380.36 Y-Mercator (-Bruegel - Verbrande Brug) 380.36 Y-Verbrande Brug (-Bruegel - Mercator) 380.36,22T-BE-IN-LI006Y,Y-Bruegel (-Mercator - Verbrande Brug) 380.36,Bruegel,Buggenhout,Line
2024-08-29 10:00:00+00:00,10T-BE-NL-00001I,OPPOSITE,Y-Bruegel (-Mercator - Verbrande Brug) 380.36 Y-Mercator (-Bruegel - Verbrande Brug) 380.36 Y-Verbrande Brug (-Bruegel - Mercator) 380.36,22T-BE-IN-LI006Y,Y-Mercator (-Bruegel - Verbrande Brug) 380.36,Mercator,Buggenhout,Line
2024-08-29 10:00:00+00:00,10T-BE-NL-00001I,OPPOSITE,Y-Bruegel (-Mercator - Verbrande Brug) 380.36 Y-Mercator (-Bruegel - Verbrande Brug) 380.36 Y-Verbrande Brug (-Bruegel - Mercator) 380.36,22T-BE-IN-LI006Y,Y-Verbrande Brug (-Bruegel - Mercator) 380.36,Verbrande Brug,Buggenhout,Line
2024-08-29 10:00:00+00:00,10T-BE-NL-00001I,OPPOSITE,PST Van Eyck 1,22T-BE-PST--001W,PST Van Eyck 1,Van Eyck,Van Eyck,PST
2024-08-29 10:00:00+00:00,22T20161020---3A,DIRECT,Y-Mercator (-Horta  - Rodenhuize) 380.73 Y-Horta (-Mercator - Rodenhuize) 380.73 Y-Rodenhuize (-Horta  - Mercator) 380.73,22T20161020---2C,Y-Mercator (-Horta  - Rodenhuize) 380.73,Mercator,Rodenhuize,Line
2024-08-29 10:00:00+00:00,22T20161020---3A,DIRECT,Y-Mercator (-Horta  - Rodenhuize) 380.73 Y-Horta (-Mercator - Rodenhuize) 380.73 Y-Rodenhuize (-Horta  - Mercator) 380.73,22T20161020---2C,Y-Horta (-Mercator - Rodenhuize) 380.73,Horta,Rodenhuize,Line
2024-08-29 10:00:00+00:00,22T20161020---3A,DIRECT,Y-Mercator (-Horta  - Rodenhuize) 380.73 Y-Horta (-Mercator - Rodenhuize) 380.73 Y-Rodenhuize (-Horta  - Mercator) 380.73,22T20161020---2C,Y-Rodenhuize (-Horta  - Mercator) 380.73,Rodenhuize,Rodenhuize,Line
2024-08-29 10:00:00+00:00,10T-BE-NL-00001I,DIRECT,Alegro HVDC,22T201903146---W,NA,NA,NA,
2024-08-29 10:00:00+00:00,10T-BE-NL-00001I,OPPOSITE,Alegro HVDC,22T201903146---W,NA,NA,NA,
2024-08-29 10:00:00+00:00,10T-CZ-DE-00001W,OPPOSITE,Prestice - Etzenricht  Etzenricht - Prestice 442,10T-CZ-DE-00004Q,Prestice - Etzenricht,Prestice,Etzenricht,TieLine
2024-08-29 10:00:00+00:00,10T-CZ-DE-00001W,OPPOSITE,Prestice - Etzenricht  Etzenricht - Prestice 442,10T-CZ-DE-00004Q,Etzenricht - Prestice 442,Etzenricht,Prestice,TieLine
2024-08-29 10:00:00+00:00,10T-CZ-DE-00003S,OPPOSITE,Hradec - Rohrsdorf - V445  Hradec - Rohrsdorf 445,10T-CZ-DE-00002U,Hradec - Rohrsdorf - V445,Hradec,Rohrsdorf,TieLine
2024-08-29 10:00:00+00:00,10T-CZ-DE-00003S,OPPOSITE,Hradec - Rohrsdorf - V445  Hradec - Rohrsdorf 445,10T-CZ-DE-00002U,Hradec - Rohrsdorf 445,Hradec,Rohrsdorf,TieLine
2024-08-29 10:00:00+00:00,10T-CZ-DE-00002U,DIRECT,Hradec - Rohrsdorf - V446  Hradec - Rohrsdorf 446,10T-CZ-DE-00003S,Hradec - Rohrsdorf - V446,Hradec,Rohrsdorf,TieLine
2024-08-29 10:00:00+00:00,10T-CZ-DE-00002U,DIRECT,Hradec - Rohrsdorf - V446  Hradec - Rohrsdorf 446,10T-CZ-DE-00003S,Hradec - Rohrsdorf 446,Hradec,Rohrsdorf,TieLine
2024-08-29 10:00:00+00:00,10T-CZ-SK-00001Y,DIRECT,Nosovice - Varin  Nosovice - Varin,10T-CZ-SK-00002W,Nosovice - Varin,Nosovice,Varin,TieLine
2024-08-29 10:00:00+00:00,10T-CZ-SK-00001Y,DIRECT,Nosovice - Varin  Nosovice - Varin,10T-CZ-SK-00002W,Nosovice - Varin,Nosovice,Varin,TieLine
2024-08-29 10:00:00+00:00,10T-CZ-SK-00001Y,OPPOSITE,Nosovice - Varin  Nosovice - Varin,10T-CZ-SK-00002W,Nosovice - Varin,Nosovice,Varin,TieLine
2024-08-29 10:00:00+00:00,10T-CZ-SK-00001Y,OPPOSITE,Nosovice - Varin  Nosovice - Varin,10T-CZ-SK-00002W,Nosovice - Varin,Nosovice,Varin,TieLine
2024-08-29 10:00:00+00:00,10T-CZ-SK-00002W,DIRECT,Krizovany - Sokolnice Sokolnice - Krizovany,10T-CZ-SK-00003U,Krizovany - Sokolnice,Krizovany,Sokolnice,TieLine
2024-08-29 10:00:00+00:00,10T-CZ-SK-00002W,DIRECT,Krizovany - Sokolnice Sokolnice - Krizovany,10T-CZ-SK-00003U,Sokolnice - Krizovany,Sokolnice,Krizovany,TieLine
2024-08-29 10:00:00+00:00,10T-CZ-SK-00002W,OPPOSITE,Krizovany - Sokolnice Sokolnice - Krizovany,10T-CZ-SK-00003U,Krizovany - Sokolnice,Krizovany,Sokolnice,TieLine
2024-08-29 10:00:00+00:00,10T-CZ-SK-00002W,OPPOSITE,Krizovany - Sokolnice Sokolnice - Krizovany,10T-CZ-SK-00003U,Sokolnice - Krizovany,Sokolnice,Krizovany,TieLine
2024-08-29 10:00:00+00:00,10T-AT-CZ-00004V,DIRECT,Slavetice - Durnrohr - V437  Duernrohr 1 - Slavetice 437,10T-AT-CZ-00003X,Slavetice - Durnrohr - V437,Slavetice,Durnrohr,TieLine
2024-08-29 10:00:00+00:00,10T-AT-CZ-00004V,DIRECT,Slavetice - Durnrohr - V437  Duernrohr 1 - Slavetice 437,10T-AT-CZ-00003X,Duernrohr 1 - Slavetice 437,Duernrohr 1,Slavetice,TieLine
2024-08-29 10:00:00+00:00,10T1001C--001223,DIRECT,Sokolnice - Zaya - V243 Zaya - Sokolnice 243,10T1001C--001215,Sokolnice - Zaya - V243,Sokolnice,Zaya,TieLine
2024-08-29 10:00:00+00:00,10T1001C--001223,DIRECT,Sokolnice - Zaya - V243 Zaya - Sokolnice 243,10T1001C--001215,Zaya - Sokolnice 243,Zaya,Sokolnice,TieLine
2024-08-29 10:00:00+00:00,10T1001C--001223,OPPOSITE,Sokolnice - Zaya - V243 Zaya - Sokolnice 243,10T1001C--001215,Sokolnice - Zaya - V243,Sokolnice,Zaya,TieLine
2024-08-29 10:00:00+00:00,10T1001C--001223,OPPOSITE,Sokolnice - Zaya - V243 Zaya - Sokolnice 243,10T1001C--001215,Zaya - Sokolnice 243,Zaya,Sokolnice,TieLine
2024-08-29 10:00:00+00:00,10T-CZ-SK-00003U,DIRECT,Nosovice - Varin  Nosovice - Varin,10T-CZ-SK-00002W,Nosovice - Varin,Nosovice,Varin,TieLine
2024-08-29 10:00:00+00:00,10T-CZ-SK-00003U,DIRECT,Nosovice - Varin  Nosovice - Varin,10T-CZ-SK-00002W,Nosovice - Varin,Nosovice,Varin,TieLine
2024-08-29 10:00:00+00:00,10T-CZ-SK-00003U,OPPOSITE,Nosovice - Varin  Nosovice - Varin,10T-CZ-SK-00002W,Nosovice - Varin,Nosovice,Varin,TieLine
2024-08-29 10:00:00+00:00,10T-CZ-SK-00003U,OPPOSITE,Nosovice - Varin  Nosovice - Varin,10T-CZ-SK-00002W,Nosovice - Varin,Nosovice,Varin,TieLine
2024-08-29 10:00:00+00:00,10T-CZ-SK-00003U,DIRECT,Sokolnice - Stupava  Sokolnice - Stupava,10T-CZ-SK-00005Q,Sokolnice - Stupava,Sokolnice,Stupava,TieLine
2024-08-29 10:00:00+00:00,10T-CZ-SK-00003U,DIRECT,Sokolnice - Stupava  Sokolnice - Stupava,10T-CZ-SK-00005Q,Sokolnice - Stupava,Stupava,Sokolnice,TieLine
2024-08-29 10:00:00+00:00,10T-CZ-SK-00003U,OPPOSITE,Sokolnice - Stupava  Sokolnice - Stupava,10T-CZ-SK-00005Q,Sokolnice - Stupava,Sokolnice,Stupava,TieLine
2024-08-29 10:00:00+00:00,10T-CZ-SK-00003U,OPPOSITE,Sokolnice - Stupava  Sokolnice - Stupava,10T-CZ-SK-00005Q,Sokolnice - Stupava,Stupava,Sokolnice,TieLine
2024-08-29 10:00:00+00:00,10T-CZ-SK-00003U,DIRECT,H. Zivotice - Krasikov,27T-TLI-V458---B,H. Zivotice - Krasikov,H. Zivotice,Krasikov,Line
2024-08-29 10:00:00+00:00,10T-CZ-SK-00003U,OPPOSITE,H. Zivotice - Krasikov,27T-TLI-V458---B,H. Zivotice - Krasikov,H. Zivotice,Krasikov,Line
2024-08-29 10:00:00+00:00,10T-CZ-DE-00004Q,DIRECT,Hradec - Etzenricht  Etzenricht - Hradec 441,10T-CZ-DE-00001W,Hradec - Etzenricht,Hradec,Etzenricht,TieLine
2024-08-29 10:00:00+00:00,10T-CZ-DE-00004Q,DIRECT,Hradec - Etzenricht  Etzenricht - Hradec 441,10T-CZ-DE-00001W,Etzenricht - Hradec 441,Etzenricht,Hradec,TieLine
2024-08-29 10:00:00+00:00,10T1001C--00061Y,DIRECT,Pirach - St. Peter 256 Pirach - St. Peter 256,10T-AT-DE-000029,Pirach - St. Peter 256,Pirach,St. Peter,TieLine
2024-08-29 10:00:00+00:00,10T1001C--00061Y,DIRECT,Pirach - St. Peter 256 Pirach - St. Peter 256,10T-AT-DE-000029,Pirach - St. Peter 256,Pirach,St. Peter,TieLine
2024-08-29 10:00:00+00:00,11T0-0000-0986-7,OPPOSITE,St. Peter 2 - Altheim 233_230 St. Peter - Altheim_Simbach 233_230 Y-Altheim (-Simbach - St. Peter) 233/230 Y-Simbach (-Altheim - St.Peter) 233/230,10T-AT-DE-00001B,St. Peter 2 - Altheim 233_230,St. Peter 2,Altheim,TieLine
2024-08-29 10:00:00+00:00,11T0-0000-0986-7,OPPOSITE,St. Peter 2 - Altheim 233_230 St. Peter - Altheim_Simbach 233_230 Y-Altheim (-Simbach - St. Peter) 233/230 Y-Simbach (-Altheim - St.Peter) 233/230,10T-AT-DE-00001B,NA,NA,NA,
2024-08-29 10:00:00+00:00,11T0-0000-0986-7,OPPOSITE,St. Peter 2 - Altheim 233_230 St. Peter - Altheim_Simbach 233_230 Y-Altheim (-Simbach - St. Peter) 233/230 Y-Simbach (-Altheim - St.Peter) 233/230,11T0-0000-0984-D,Y-Altheim (-Simbach - St. Peter) 233/230,Altheim,Y Simbach,TieLine
2024-08-29 10:00:00+00:00,11T0-0000-0986-7,OPPOSITE,St. Peter 2 - Altheim 233_230 St. Peter - Altheim_Simbach 233_230 Y-Altheim (-Simbach - St. Peter) 233/230 Y-Simbach (-Altheim - St.Peter) 233/230,11T0-0000-0985-A,Y-Simbach (-Altheim - St.Peter) 233/230,Simbach,Y Simbach,TieLine
2024-08-29 10:00:00+00:00,11TD2L000000003L,DIRECT,Altheim - Sittling 220,11TD2L000000004J,Altheim - Sittling 220,Altheim,Sittling,Line
2024-08-29 10:00:00+00:00,11T0-0000-0103-E,DIRECT,Hradec - Rohrsdorf - V445  Hradec - Rohrsdorf 445,10T-CZ-DE-00002U,Hradec - Rohrsdorf - V445,Hradec,Rohrsdorf,TieLine
2024-08-29 10:00:00+00:00,11T0-0000-0103-E,DIRECT,Hradec - Rohrsdorf - V445  Hradec - Rohrsdorf 445,10T-CZ-DE-00002U,Hradec - Rohrsdorf 445,Hradec,Rohrsdorf,TieLine
2024-08-29 10:00:00+00:00,11TD400000543-LM,DIRECT,Grafenrheinfeld - Stalldorf rt (416) Grafenrheinfeld - Stalldorf 416,11T-D2-D4-000022,Grafenrheinfeld - Stalldorf rt (416),Grafenrheinfeld,Stalldorf,Line
2024-08-29 10:00:00+00:00,11TD400000543-LM,DIRECT,Grafenrheinfeld - Stalldorf rt (416) Grafenrheinfeld - Stalldorf 416,11T-D2-D4-000022,Grafenrheinfeld - Stalldorf 416,Grafenrheinfeld,Stalldorf,Line
2024-08-29 10:00:00+00:00,11T0-0000-0781-W,DIRECT,Y-Oberzier (-Paffendorf - Sechtem) SECHTM S Y-Paffendorf (-Oberzier - Sechtem) SECHTM S Y-Sechtem (-Oberzier - Paffendorf) SECHTM S,11T0-0000-0782-T,Y-Oberzier (-Paffendorf - Sechtem) SECHTM S,Oberzier,Y-Paffendorf,Line
2024-08-29 10:00:00+00:00,11T0-0000-0781-W,DIRECT,Y-Oberzier (-Paffendorf - Sechtem) SECHTM S Y-Paffendorf (-Oberzier - Sechtem) SECHTM S Y-Sechtem (-Oberzier - Paffendorf) SECHTM S,11T0-0000-0815-6,Y-Paffendorf (-Oberzier - Sechtem) SECHTM S,Paffendorf,Y-Paffendorf,Line
2024-08-29 10:00:00+00:00,11T0-0000-0781-W,DIRECT,Y-Oberzier (-Paffendorf - Sechtem) SECHTM S Y-Paffendorf (-Oberzier - Sechtem) SECHTM S Y-Sechtem (-Oberzier - Paffendorf) SECHTM S,11T0-0000-0849-J,Y-Sechtem (-Oberzier - Paffendorf) SECHTM S,Sechtem,Y-Paffendorf,Line
2024-08-29 10:00:00+00:00,10T-DE-NL-00005N,DIRECT,Gramme - Achene 380.10,22T-BE-IN-LI0130,Gramme - Achene 380.10,Achene,Gramme,Line
2024-08-29 10:00:00+00:00,10T-DE-NL-00005N,OPPOSITE,Alegro HVDC,22T201903146---W,NA,NA,NA,
2024-08-29 10:00:00+00:00,10T-DE-NL-00005N,OPPOSITE,Achene - Lonny 380.19 Achene - Lonny 19,10T-BE-FR-000015,Achene - Lonny 380.19,Achene,Lonny,TieLine
2024-08-29 10:00:00+00:00,10T-DE-NL-00005N,OPPOSITE,Achene - Lonny 380.19 Achene - Lonny 19,10T-BE-FR-000015,Achene - Lonny 19,Achene,Lonny,TieLine
2024-08-29 10:00:00+00:00,10T-DE-NL-00005N,OPPOSITE,Boxmeer - Dodewaard 380 Zwart,49T000000000006C,Boxmeer - Dodewaard 380 Zwart,Boxmeer,Dodewaard,Line
2024-08-29 10:00:00+00:00,10T-DE-NL-00005N,OPPOSITE,Maasbracht - Dodewaard 380 Wit,49T000000000013F,Maasbracht - Dodewaard 380 Wit,Dodewaard,Maasbracht,Line
2024-08-29 10:00:00+00:00,10T-DE-NL-00005N,OPPOSITE,Avelgem - Horta 380.102,22T20161020---1E,Avelgem - Horta 380.102,Avelgem,Horta,Line
2024-08-29 10:00:00+00:00,11T0-0000-0781-W,DIRECT,PST Oberzier TR 442 E,11T0-0000-2133-R,PST Oberzier TR 442 E,Oberzier,Oberzier,PST
2024-08-29 10:00:00+00:00,11T0-0000-0013-F,DIRECT,Hagenwerder - Mikulowa 567 Mikulowa - Hagenwerder 567,10T-DE-PL-00002B,Hagenwerder - Mikulowa 567,Hagenwerder,Mikulowa,TieLine
2024-08-29 10:00:00+00:00,11T0-0000-0013-F,DIRECT,Hagenwerder - Mikulowa 567 Mikulowa - Hagenwerder 567,10T-DE-PL-00002B,Mikulowa - Hagenwerder 567,Mikulowa 567,Hagenwerder,TieLine
2024-08-29 10:00:00+00:00,11TD8L555------W,OPPOSITE,Dresden/Sued - Schmoelln 556,11TD8L556------O,Dresden/Sued - Schmoelln 556,Dresden/Sued,Schmoelln,Line
2024-08-29 10:00:00+00:00,10T-DE-FR-000068,OPPOSITE,Ensdorf - Vigy VIGY1 N Ensdorf - Vigy VIGY1 N,10T-DE-FR-00005A,Ensdorf - Vigy VIGY1 N,Ensdorf,Vigy,TieLine
2024-08-29 10:00:00+00:00,10T-DE-FR-000068,OPPOSITE,Ensdorf - Vigy VIGY1 N Ensdorf - Vigy VIGY1 N,10T-DE-FR-00005A,Ensdorf - Vigy VIGY1 N,Ensdorf,Vigy,TieLine
2024-08-29 10:00:00+00:00,10T-HR-SI-000022,DIRECT,,,,,,
2024-08-29 10:00:00+00:00,10T-HR-SI-000022,OPPOSITE,,,,,,
2024-08-29 10:00:00+00:00,10T-HR-HU-000033,OPPOSITE,Pecs - Ernestinovo2 491B Ernestinovo - Pecs 2,10T-HR-HU-000041,Pecs - Ernestinovo2 491B,Pecs,Ernestinovo,TieLine
2024-08-29 10:00:00+00:00,10T-HR-HU-000033,OPPOSITE,Pecs - Ernestinovo2 491B Ernestinovo - Pecs 2,10T-HR-HU-000041,Ernestinovo - Pecs 2,Ernestinovo,Pecs 2,TieLine
2024-08-29 10:00:00+00:00,10T-HR-SI-00004Z,OPPOSITE,Tumbri - Krsko 2 400 kV Krsko - Tumbri 2,10T-HR-SI-00005X,Tumbri - Krsko 2,Tumbri,Krsko,TieLine
2024-08-29 10:00:00+00:00,10T-HR-SI-00004Z,OPPOSITE,Tumbri - Krsko 2 400 kV Krsko - Tumbri 2,10T-HR-SI-00005X,400 kV Krsko - Tumbri 2,Krsko,Tumbri,TieLine
2024-08-29 10:00:00+00:00,15T-M000002791-J,DIRECT,Gabcikovo - Gyor Gabcikovo - Gyor,10T-HU-SK-00002R,Gabcikovo - Gyor,Gabcikovo,Gyor,TieLine
2024-08-29 10:00:00+00:00,15T-M000002791-J,DIRECT,Gabcikovo - Gyor Gabcikovo - Gyor,10T-HU-SK-00002R,Gabcikovo - Gyor,Gabcikovo,Gyor,TieLine
2024-08-29 10:00:00+00:00,15T-M000002791-J,OPPOSITE,Gabcikovo - Gyor Gabcikovo - Gyor,10T-HU-SK-00002R,Gabcikovo - Gyor,Gabcikovo,Gyor,TieLine
2024-08-29 10:00:00+00:00,15T-M000002791-J,OPPOSITE,Gabcikovo - Gyor Gabcikovo - Gyor,10T-HU-SK-00002R,Gabcikovo - Gyor,Gabcikovo,Gyor,TieLine
2024-08-29 10:00:00+00:00,10T-HU-UA-00002F,DIRECT,Szabolcsbaka - Mukachevo,10T1001C--000421,Szabolcsbaka - Mukachevo,Szabolcsbaka,Mukachevo,TieLine
2024-08-29 10:00:00+00:00,10T1001C--00056R,DIRECT,Gabcikovo - Gyor Gabcikovo - Gyor,10T-HU-SK-00002R,Gabcikovo - Gyor,Gabcikovo,Gyor,TieLine
2024-08-29 10:00:00+00:00,10T1001C--00056R,DIRECT,Gabcikovo - Gyor Gabcikovo - Gyor,10T-HU-SK-00002R,Gabcikovo - Gyor,Gabcikovo,Gyor,TieLine
2024-08-29 10:00:00+00:00,10T1001C--00056R,OPPOSITE,Gonyu - Gyor,15T-M000002791-J,Gonyu - Gyor,Gonyu,Gyor,Line
2024-08-29 10:00:00+00:00,10T1001C--00056R,OPPOSITE,Gabcikovo - Gyor Gabcikovo - Gyor,10T-HU-SK-00002R,Gabcikovo - Gyor,Gabcikovo,Gyor,TieLine
2024-08-29 10:00:00+00:00,10T1001C--00056R,OPPOSITE,Gabcikovo - Gyor Gabcikovo - Gyor,10T-HU-SK-00002R,Gabcikovo - Gyor,Gabcikovo,Gyor,TieLine
2024-08-29 10:00:00+00:00,10T-HR-HU-000025,OPPOSITE,Cirkovce - Heviz Cirkovce - Heviz,10T1001C--00101B,Cirkovce - Heviz,Cirkovce,Heviz,TieLine
2024-08-29 10:00:00+00:00,10T-HR-HU-000025,OPPOSITE,Cirkovce - Heviz Cirkovce - Heviz,10T1001C--00101B,Cirkovce - Heviz,Cirkovce,Heviz,TieLine
2024-08-29 10:00:00+00:00,10T1001C--00101B,DIRECT,Zerjavinec - Heviz Zerjavinec - Heviz,10T-HR-HU-000025,Zerjavinec - Heviz,Zerjavinec,Heviz,TieLine
2024-08-29 10:00:00+00:00,10T1001C--00101B,DIRECT,Zerjavinec - Heviz Zerjavinec - Heviz,10T-HR-HU-000025,Zerjavinec - Heviz,Zerjavinec,Heviz,TieLine
2024-08-29 10:00:00+00:00,10T1001C--00101B,OPPOSITE,Zerjavinec - Heviz Zerjavinec - Heviz,10T-HR-HU-000025,Zerjavinec - Heviz,Zerjavinec,Heviz,TieLine
2024-08-29 10:00:00+00:00,10T1001C--00101B,OPPOSITE,Zerjavinec - Heviz Zerjavinec - Heviz,10T-HR-HU-000025,Zerjavinec - Heviz,Zerjavinec,Heviz,TieLine
2024-08-29 10:00:00+00:00,15T-M00000043583,DIRECT,Kerepes - Zuglo 2,15T-M00000043591,Kerepes - Zuglo 2,Kerepes,Zuglo,Line
2024-08-29 10:00:00+00:00,10T-DE-NL-00002T,OPPOSITE,PST Gronau TR 441 E,11T0-0000-0620-R,PST Gronau TR 441 E,Gronau,Gronau,PST
2024-08-29 10:00:00+00:00,10T-DE-NL-00002T,DIRECT,Y-Doerpen West (-Meppen - Niederlangen) EMSLD OW Y-Niederlangen (-Meppen - Doerpen West) EMSLD OW Y-Meppen (-Doerpen West - Niederlangen) EMSLD OW Meppen - Niederlangen - Doerpen West EMSLD OW,11T0-0000-0990-L,Y-Doerpen West (-Meppen - Niederlangen) EMSLD OW,Doerpen West,Y Niederlangen,Line
2024-08-29 10:00:00+00:00,10T-DE-NL-00002T,DIRECT,Y-Doerpen West (-Meppen - Niederlangen) EMSLD OW Y-Niederlangen (-Meppen - Doerpen West) EMSLD OW Y-Meppen (-Doerpen West - Niederlangen) EMSLD OW Meppen - Niederlangen - Doerpen West EMSLD OW,11T0-0000-0991-I,Y-Niederlangen (-Meppen - Doerpen West) EMSLD OW,Niederlangen,Y Niederlangen,Line
2024-08-29 10:00:00+00:00,10T-DE-NL-00002T,DIRECT,Y-Doerpen West (-Meppen - Niederlangen) EMSLD OW Y-Niederlangen (-Meppen - Doerpen West) EMSLD OW Y-Meppen (-Doerpen West - Niederlangen) EMSLD OW Meppen - Niederlangen - Doerpen West EMSLD OW,11T-D2-D7-00001H,Y-Meppen (-Doerpen West - Niederlangen) EMSLD OW,Meppen,Y Niederlangen,Line
2024-08-29 10:00:00+00:00,10T-DE-NL-00002T,DIRECT,Y-Doerpen West (-Meppen - Niederlangen) EMSLD OW Y-Niederlangen (-Meppen - Doerpen West) EMSLD OW Y-Meppen (-Doerpen West - Niederlangen) EMSLD OW Meppen - Niederlangen - Doerpen West EMSLD OW,11T-D2-D7-00001H,NA,NA,NA,
2024-08-29 10:00:00+00:00,10T-DE-NL-00005N,OPPOSITE,PST Gronau TR 441 E,11T0-0000-0620-R,PST Gronau TR 441 E,Gronau,Gronau,PST
2024-08-29 10:00:00+00:00,10T-DE-NL-00005N,OPPOSITE,Opladen - Rommerskirchen OPLADN N,11T0-0000-0793-M,Opladen - Rommerskirchen OPLADN N,Opladen,Rommerskirchen,Line
2024-08-29 10:00:00+00:00,49T0000000000274,DIRECT,Krimpen a/d IJssel - Geertruidenberg 380 Zwart,49T0000000000282,Krimpen a/d IJssel - Geertruidenberg 380 Zwart,Krimpen a/d IJssel,Geertruidenberg,Line
2024-08-29 10:00:00+00:00,49T0000000000274,OPPOSITE,Krimpen a/d IJssel - Geertruidenberg 380 Zwart,49T0000000000282,Krimpen a/d IJssel - Geertruidenberg 380 Zwart,Krimpen a/d IJssel,Geertruidenberg,Line
2024-08-29 10:00:00+00:00,19T000000001304A,OPPOSITE,Krosno Iskrzynia - Tarnow,19T000000000296P,Krosno Iskrzynia - Tarnow,Krosno Iskrzynia,Tarnow,Line
2024-08-29 10:00:00+00:00,19T0000000063830,OPPOSITE,Hagenwerder - Mikulowa 568 Mikulowa - Hagenwerder 568,10T-DE-PL-00001D,Hagenwerder - Mikulowa 568,Hagenwerder,Mikulowa,TieLine
2024-08-29 10:00:00+00:00,19T0000000063830,OPPOSITE,Hagenwerder - Mikulowa 568 Mikulowa - Hagenwerder 568,10T-DE-PL-00001D,Mikulowa - Hagenwerder 568,Mikulowa 568,Hagenwerder,TieLine
2024-08-29 10:00:00+00:00,10T1001A1001A09N,DIRECT,Nosovice - Wielopole  Wielopole - Nosovice,10T-CZ-PL-00004A,Nosovice - Wielopole,Nosovice,Wielopole,TieLine
2024-08-29 10:00:00+00:00,10T1001A1001A09N,DIRECT,Nosovice - Wielopole  Wielopole - Nosovice,10T-CZ-PL-00004A,Wielopole - Nosovice,Wielopole,Nosovice,TieLine
2024-08-29 10:00:00+00:00,10T-CZ-PL-00004A,DIRECT,Dobrzen - Detmarovice Dobrzen - Detmarovice,10T1001A1001A09N,Dobrzen - Detmarovice,Dobrzen,Detmarovice,TieLine
2024-08-29 10:00:00+00:00,10T-CZ-PL-00004A,DIRECT,Dobrzen - Detmarovice Dobrzen - Detmarovice,10T1001A1001A09N,Dobrzen - Detmarovice,Detmarovice,Dobrzen,TieLine
2024-08-29 10:00:00+00:00,10T-CZ-PL-00004A,OPPOSITE,Dobrzen - Detmarovice Dobrzen - Detmarovice,10T1001A1001A09N,Dobrzen - Detmarovice,Dobrzen,Detmarovice,TieLine
2024-08-29 10:00:00+00:00,10T-CZ-PL-00004A,OPPOSITE,Dobrzen - Detmarovice Dobrzen - Detmarovice,10T1001A1001A09N,Dobrzen - Detmarovice,Detmarovice,Dobrzen,TieLine
2024-08-29 10:00:00+00:00,30TPARO220TRGJ-Q,OPPOSITE,Portile de Fier - Djerdap,10T-RO-RS-00001V,Portile de Fier - Djerdap,Portile de Fier,Djerdap,TieLine
2024-08-29 10:00:00+00:00,30TPARO220TRGJ-Q,OPPOSITE,Sibiu Sud - Mintia,30TMINT400SIBI-Z,Sibiu Sud - Mintia,Sibiu Sud,Mintia,Line
2024-08-29 10:00:00+00:00,30TPARO220TRGJ-Q,OPPOSITE,Sibiu Sud - Tantareni,30TSIBI400TINT-1,Sibiu Sud - Tantareni,Sibiu Sud,Tantareni,Line
2024-08-29 10:00:00+00:00,30T-ROSI400AT--1,DIRECT,Rosiori - Gadalin,30TGADA400ROSI-A,Rosiori - Gadalin,Rosiori,Gadalin,Line
2024-08-29 10:00:00+00:00,10T-RO-RS-00001V,OPPOSITE,Tantareni - Kozlodui c2 Tantareni - Kozlodui c1,10T-BG-RO-00001A,Tantareni - Kozlodui c2,Tantareni,Kozlodui,TieLine
2024-08-29 10:00:00+00:00,10T-RO-RS-00001V,OPPOSITE,Tantareni - Kozlodui c2 Tantareni - Kozlodui c1,10T-RO-BG-00002A,Tantareni - Kozlodui c1,Tantareni,Kozlodui,TieLine
2024-08-29 10:00:00+00:00,30TPARO220TRGJ-Q,OPPOSITE,Isaccea - Vulcanesti,30TISAC400VULC-W,Isaccea - Vulcanesti,Isaccea,Vulcanesti,TieLine
2024-08-29 10:00:00+00:00,10T1001C--00101B,DIRECT,Kainachtal - Maribor 473 400 kV Maribor - Kainachtal 1,10T-AT-SI-00001T,Kainachtal - Maribor 473,Kainachtal,Maribor,TieLine
2024-08-29 10:00:00+00:00,10T1001C--00101B,DIRECT,Kainachtal - Maribor 473 400 kV Maribor - Kainachtal 1,10T-AT-SI-00001T,400 kV Maribor - Kainachtal 1,Maribor,Kainachtal,TieLine
2024-08-29 10:00:00+00:00,10T1001C--00101B,DIRECT,Zerjavinec - Cirkovce 400 kV Cirkovce - Zerjavinec,10T1001C--001037,Zerjavinec - Cirkovce,Zerjavinec,Cirkovce,TieLine
2024-08-29 10:00:00+00:00,10T1001C--00101B,DIRECT,Zerjavinec - Cirkovce 400 kV Cirkovce - Zerjavinec,10T1001C--001037,400 kV Cirkovce - Zerjavinec,Cirkovce,Zerjavinec,TieLine
2024-08-29 10:00:00+00:00,10T1001C--00101B,OPPOSITE,Zerjavinec - Cirkovce 400 kV Cirkovce - Zerjavinec,10T1001C--001037,Zerjavinec - Cirkovce,Zerjavinec,Cirkovce,TieLine
2024-08-29 10:00:00+00:00,10T1001C--00101B,OPPOSITE,Zerjavinec - Cirkovce 400 kV Cirkovce - Zerjavinec,10T1001C--001037,400 kV Cirkovce - Zerjavinec,Cirkovce,Zerjavinec,TieLine
2024-08-29 10:00:00+00:00,10T-HU-SK-00001T,DIRECT,R.Sobota - Sajoivanka  R.Sobota - Sajoivanka,10T1001C--00054V,R.Sobota - Sajoivanka,R.Sobota,Sajoivanka,TieLine
2024-08-29 10:00:00+00:00,10T-HU-SK-00001T,DIRECT,R.Sobota - Sajoivanka  R.Sobota - Sajoivanka,10T1001C--00054V,R.Sobota - Sajoivanka,R.Sobota,Sajoivanka,TieLine
2024-08-29 10:00:00+00:00,10T-SK-UA-00001W,DIRECT,R.Sobota - Sajoivanka  R.Sobota - Sajoivanka,10T1001C--00054V,R.Sobota - Sajoivanka,R.Sobota,Sajoivanka,TieLine
2024-08-29 10:00:00+00:00,10T-SK-UA-00001W,DIRECT,R.Sobota - Sajoivanka  R.Sobota - Sajoivanka,10T1001C--00054V,R.Sobota - Sajoivanka,R.Sobota,Sajoivanka,TieLine
2024-08-29 10:00:00+00:00,24T-V493-000000Q,DIRECT,Bosaca - Varin,24T-V495-0000008,Bosaca - Varin,Bosaca,Varin,Line
2024-08-29 10:00:00+00:00,24T-V490-000000G,DIRECT,V.Dur - Levice 2,24T-V491-0000007,V.Dur - Levice 2,V.Dur,Levice,Line
2024-08-29 10:00:00+00:00,24T-V425-0000004,DIRECT,Gabcikovo - P.Biskupice,24T-V429-0000005,Gabcikovo - P.Biskupice,Gabcikovo,P.Biskupice,Line
2024-08-29 10:00:00+00:00,10T-SK-UA-00001W,OPPOSITE,R.Sobota - Sajoivanka  R.Sobota - Sajoivanka,10T1001C--00054V,R.Sobota - Sajoivanka,R.Sobota,Sajoivanka,TieLine
2024-08-29 10:00:00+00:00,10T-SK-UA-00001W,OPPOSITE,R.Sobota - Sajoivanka  R.Sobota - Sajoivanka,10T1001C--00054V,R.Sobota - Sajoivanka,R.Sobota,Sajoivanka,TieLine
2024-08-29 10:00:00+00:00,10T-CZ-SK-00002W,OPPOSITE,Sp.Nova Ves - Lemesany,24T-V408-000000Y,Sp.Nova Ves - Lemesany,Sp.Nova Ves,Lemesany,Line
2024-08-29 11:00:00+00:00,10T-AT-SI-00003P,DIRECT,Kainachtal - Obersielach 471,14T-380-0-00471D,Kainachtal - Obersielach 471,Kainachtal,Obersielach,Line
2024-08-29 11:00:00+00:00,10T-AT-SI-00003P,OPPOSITE,Kainachtal - Obersielach 471,14T-380-0-00471D,Kainachtal - Obersielach 471,Kainachtal,Obersielach,Line
2024-08-29 11:00:00+00:00,10T-AT-SI-00003P,DIRECT,Kainachtal - Maribor 473 400 kV Maribor - Kainachtal 1,10T-AT-SI-00001T,Kainachtal - Maribor 473,Kainachtal,Maribor,TieLine
2024-08-29 11:00:00+00:00,10T-AT-SI-00003P,DIRECT,Kainachtal - Maribor 473 400 kV Maribor - Kainachtal 1,10T-AT-SI-00001T,400 kV Maribor - Kainachtal 1,Maribor,Kainachtal,TieLine
2024-08-29 11:00:00+00:00,10T-AT-SI-00003P,OPPOSITE,Kainachtal - Maribor 473 400 kV Maribor - Kainachtal 1,10T-AT-SI-00001T,Kainachtal - Maribor 473,Kainachtal,Maribor,TieLine
2024-08-29 11:00:00+00:00,10T-AT-SI-00003P,OPPOSITE,Kainachtal - Maribor 473 400 kV Maribor - Kainachtal 1,10T-AT-SI-00001T,400 kV Maribor - Kainachtal 1,Maribor,Kainachtal,TieLine
2024-08-29 11:00:00+00:00,10T-AT-SI-00003P,DIRECT,400 kV Cirkovce - Podlog,28T000000000301K,400 kV Cirkovce - Podlog,Cirkovce,Podlog,Line
2024-08-29 11:00:00+00:00,10T-AT-SI-00003P,OPPOSITE,400 kV Cirkovce - Podlog,28T000000000301K,400 kV Cirkovce - Podlog,Cirkovce,Podlog,Line
2024-08-29 11:00:00+00:00,10T-AT-SI-00003P,DIRECT,400 kV Cirkovce - Krsko,28T000000000300M,400 kV Cirkovce - Krsko,Cirkovce,Krsko,Line
2024-08-29 11:00:00+00:00,14T-220-0-0267BG,DIRECT,Feistritz - Villach 266C,14T-220-0-0266CH,Feistritz - Villach 266C,Feistritz,Villach,Line
2024-08-29 11:00:00+00:00,10T1001C--00035Z,OPPOSITE,Westtirol - Silz 414 Westtitrol - Silz 414,10T1001C--00036X,Westtirol - Silz 414,Westtirol,Silz,TieLine
2024-08-29 11:00:00+00:00,10T1001C--00035Z,OPPOSITE,Westtirol - Silz 414 Westtitrol - Silz 414,10T1001C--00036X,NA,NA,NA,
2024-08-29 11:00:00+00:00,10T-AT-SI-00001T,DIRECT,Kainachtal - Maribor 474 400 kV Maribor - Kainachtal 2,10T-AT-SI-00002R,Kainachtal - Maribor 474,Kainachtal,Maribor,TieLine
2024-08-29 11:00:00+00:00,10T-AT-SI-00001T,DIRECT,Kainachtal - Maribor 474 400 kV Maribor - Kainachtal 2,10T-AT-SI-00002R,400 kV Maribor - Kainachtal 2,Maribor,Kainachtal,TieLine
2024-08-29 11:00:00+00:00,10T-AT-SI-00001T,OPPOSITE,Kainachtal - Maribor 474 400 kV Maribor - Kainachtal 2,10T-AT-SI-00002R,Kainachtal - Maribor 474,Kainachtal,Maribor,TieLine
2024-08-29 11:00:00+00:00,10T-AT-SI-00001T,OPPOSITE,Kainachtal - Maribor 474 400 kV Maribor - Kainachtal 2,10T-AT-SI-00002R,400 kV Maribor - Kainachtal 2,Maribor,Kainachtal,TieLine
2024-08-29 11:00:00+00:00,14T-38220-WT041O,OPPOSITE,Leupolz - Westtirol 412 Leupolz - Westtirol FUESSN O,10T-AT-DE-10007U,Leupolz - Westtirol 412,Leupolz,Westtirol,TieLine
2024-08-29 11:00:00+00:00,14T-38220-WT041O,OPPOSITE,Leupolz - Westtirol 412 Leupolz - Westtirol FUESSN O,10T-AT-DE-10007U,Leupolz - Westtirol FUESSN O,Leupolz,Westtirol,TieLine
2024-08-29 11:00:00+00:00,14T-38220-ZZ041D,DIRECT,Zell am Ziller 1 - Zell am Ziller 2 ZZRHU42,14T-38220-ZZ042B,Zell am Ziller 1 - Zell am Ziller 2 ZZRHU42,Zell am Ziller 1,Zell am Ziller 2,Transformer
2024-08-29 11:00:00+00:00,14T-38220-LI043U,DIRECT,Lienz 2 - Lienz 1 LIRHU41,14T-38220-LI041Y,Lienz 2 - Lienz 1 LIRHU41,Lienz 2,Lienz 1,Transformer
2024-08-29 11:00:00+00:00,10T-BE-NL-00003E,OPPOSITE,Rilland - Zandvliet 380 White/30 Rilland - Zandvliet 380 White/30,10T-BE-NL-00004C,Rilland - Zandvliet 380 White/30,Zandvliet,Rilland,TieLine
2024-08-29 11:00:00+00:00,10T-BE-NL-00003E,OPPOSITE,Rilland - Zandvliet 380 White/30 Rilland - Zandvliet 380 White/30,10T-BE-NL-00004C,Rilland - Zandvliet 380 White/30,Rilland,Zandvliet,TieLine
2024-08-29 11:00:00+00:00,22T-BE-IN-LI0130,DIRECT,Avelgem - Horta 380.102,22T20161020---1E,Avelgem - Horta 380.102,Avelgem,Horta,Line
2024-08-29 11:00:00+00:00,22T-BE-IN-LI0130,DIRECT,PST Van Eyck 2,22T-BE-PST--002U,PST Van Eyck 2,Van Eyck,Van Eyck,PST
2024-08-29 11:00:00+00:00,22T-BE-IN-LI0130,OPPOSITE,Avelgem - Horta 380.102,22T20161020---1E,Avelgem - Horta 380.102,Avelgem,Horta,Line
2024-08-29 11:00:00+00:00,22T-BE-IN-LI0130,OPPOSITE,Lixhe - Van Eyck 380.91 Alegro HVDC,22T20180102---2W,Lixhe - Van Eyck 380.91,Lixhe,Van Eyck,Line
2024-08-29 11:00:00+00:00,22T-BE-IN-LI0130,OPPOSITE,Lixhe - Van Eyck 380.91 Alegro HVDC,22T201903146---W,NA,NA,NA,
2024-08-29 11:00:00+00:00,22T-BE-IN-LI0130,OPPOSITE,PST Van Eyck 2,22T-BE-PST--002U,PST Van Eyck 2,Van Eyck,Van Eyck,PST
2024-08-29 11:00:00+00:00,22T-BE-IN-LI018R,DIRECT,Y-Van Eyck (-Andre Dumont - Gramme) 380.12 Y-Andre Dumont (-Gramme - Van Eyck) 380.12 Y-Gramme (-Andre Dumont - Van Eyck) 380.12,22T20161020---48,Y-Van Eyck (-Andre Dumont - Gramme) 380.12,Van Eyck,Zuttendaal,Line
2024-08-29 11:00:00+00:00,22T-BE-IN-LI018R,DIRECT,Y-Van Eyck (-Andre Dumont - Gramme) 380.12 Y-Andre Dumont (-Gramme - Van Eyck) 380.12 Y-Gramme (-Andre Dumont - Van Eyck) 380.12,22T20161020---48,Y-Andre Dumont (-Gramme - Van Eyck) 380.12,Andre Dumont,Zuttendaal,Line
2024-08-29 11:00:00+00:00,22T-BE-IN-LI018R,DIRECT,Y-Van Eyck (-Andre Dumont - Gramme) 380.12 Y-Andre Dumont (-Gramme - Van Eyck) 380.12 Y-Gramme (-Andre Dumont - Van Eyck) 380.12,22T20161020---48,Y-Gramme (-Andre Dumont - Van Eyck) 380.12,Gramme,Zuttendaal,Line
2024-08-29 11:00:00+00:00,10T-BE-NL-00001I,DIRECT,Y-Bruegel (-Courcelles - Drogenbos) 380.33 Y-Courcelles (-Bruegel - Drogenbos) 380.33 Y-Drogenbos (-Bruegel - Courcelles) 380.33,22T-BE-IN-LI0017,Y-Bruegel (-Courcelles - Drogenbos) 380.33,Bruegel,Mekingen,Line
2024-08-29 11:00:00+00:00,10T-BE-NL-00001I,DIRECT,Y-Bruegel (-Courcelles - Drogenbos) 380.33 Y-Courcelles (-Bruegel - Drogenbos) 380.33 Y-Drogenbos (-Bruegel - Courcelles) 380.33,22T-BE-IN-LI0017,Y-Courcelles (-Bruegel - Drogenbos) 380.33,Courcelles,Mekingen,Line
2024-08-29 11:00:00+00:00,10T-BE-NL-00001I,DIRECT,Y-Bruegel (-Courcelles - Drogenbos) 380.33 Y-Courcelles (-Bruegel - Drogenbos) 380.33 Y-Drogenbos (-Bruegel - Courcelles) 380.33,22T-BE-IN-LI0017,Y-Drogenbos (-Bruegel - Courcelles) 380.33,Drogenbos,Mekingen,Line
2024-08-29 11:00:00+00:00,10T-BE-NL-00001I,DIRECT,Gramme - Achene 380.10,22T-BE-IN-LI0130,Gramme - Achene 380.10,Achene,Gramme,Line
2024-08-29 11:00:00+00:00,10T-BE-NL-00001I,DIRECT,Y-Bruegel (-Mercator - Verbrande Brug) 380.36 Y-Mercator (-Bruegel - Verbrande Brug) 380.36 Y-Verbrande Brug (-Bruegel - Mercator) 380.36,22T-BE-IN-LI006Y,Y-Bruegel (-Mercator - Verbrande Brug) 380.36,Bruegel,Buggenhout,Line
2024-08-29 11:00:00+00:00,10T-BE-NL-00001I,DIRECT,Y-Bruegel (-Mercator - Verbrande Brug) 380.36 Y-Mercator (-Bruegel - Verbrande Brug) 380.36 Y-Verbrande Brug (-Bruegel - Mercator) 380.36,22T-BE-IN-LI006Y,Y-Mercator (-Bruegel - Verbrande Brug) 380.36,Mercator,Buggenhout,Line
2024-08-29 11:00:00+00:00,10T-BE-NL-00001I,DIRECT,Y-Bruegel (-Mercator - Verbrande Brug) 380.36 Y-Mercator (-Bruegel - Verbrande Brug) 380.36 Y-Verbrande Brug (-Bruegel - Mercator) 380.36,22T-BE-IN-LI006Y,Y-Verbrande Brug (-Bruegel - Mercator) 380.36,Verbrande Brug,Buggenhout,Line
2024-08-29 11:00:00+00:00,10T-BE-NL-00001I,DIRECT,PST Van Eyck 1,22T-BE-PST--001W,PST Van Eyck 1,Van Eyck,Van Eyck,PST
2024-08-29 11:00:00+00:00,10T-BE-NL-00001I,OPPOSITE,Achene - Lonny 380.19 Achene - Lonny 19,10T-BE-FR-000015,Achene - Lonny 380.19,Achene,Lonny,TieLine
2024-08-29 11:00:00+00:00,10T-BE-NL-00001I,OPPOSITE,Achene - Lonny 380.19 Achene - Lonny 19,10T-BE-FR-000015,Achene - Lonny 19,Achene,Lonny,TieLine
2024-08-29 11:00:00+00:00,10T-BE-NL-00001I,OPPOSITE,Avelgem - Horta 380.102,22T20161020---1E,Avelgem - Horta 380.102,Avelgem,Horta,Line
2024-08-29 11:00:00+00:00,10T-BE-NL-00001I,OPPOSITE,Lixhe - Gramme 380.11,22T-BE-IN-LI018R,Lixhe - Gramme 380.11,Gramme,Lixhe,Line
2024-08-29 11:00:00+00:00,10T-BE-NL-00001I,OPPOSITE,Y-Bruegel (-Mercator - Verbrande Brug) 380.36 Y-Mercator (-Bruegel - Verbrande Brug) 380.36 Y-Verbrande Brug (-Bruegel - Mercator) 380.36,22T-BE-IN-LI006Y,Y-Bruegel (-Mercator - Verbrande Brug) 380.36,Bruegel,Buggenhout,Line
2024-08-29 11:00:00+00:00,10T-BE-NL-00001I,OPPOSITE,Y-Bruegel (-Mercator - Verbrande Brug) 380.36 Y-Mercator (-Bruegel - Verbrande Brug) 380.36 Y-Verbrande Brug (-Bruegel - Mercator) 380.36,22T-BE-IN-LI006Y,Y-Mercator (-Bruegel - Verbrande Brug) 380.36,Mercator,Buggenhout,Line
2024-08-29 11:00:00+00:00,10T-BE-NL-00001I,OPPOSITE,Y-Bruegel (-Mercator - Verbrande Brug) 380.36 Y-Mercator (-Bruegel - Verbrande Brug) 380.36 Y-Verbrande Brug (-Bruegel - Mercator) 380.36,22T-BE-IN-LI006Y,Y-Verbrande Brug (-Bruegel - Mercator) 380.36,Verbrande Brug,Buggenhout,Line
2024-08-29 11:00:00+00:00,10T-BE-NL-00001I,OPPOSITE,PST Van Eyck 1,22T-BE-PST--001W,PST Van Eyck 1,Van Eyck,Van Eyck,PST
2024-08-29 11:00:00+00:00,22T20161020---3A,DIRECT,Y-Mercator (-Horta  - Rodenhuize) 380.73 Y-Horta (-Mercator - Rodenhuize) 380.73 Y-Rodenhuize (-Horta  - Mercator) 380.73,22T20161020---2C,Y-Mercator (-Horta  - Rodenhuize) 380.73,Mercator,Rodenhuize,Line
2024-08-29 11:00:00+00:00,22T20161020---3A,DIRECT,Y-Mercator (-Horta  - Rodenhuize) 380.73 Y-Horta (-Mercator - Rodenhuize) 380.73 Y-Rodenhuize (-Horta  - Mercator) 380.73,22T20161020---2C,Y-Horta (-Mercator - Rodenhuize) 380.73,Horta,Rodenhuize,Line
2024-08-29 11:00:00+00:00,22T20161020---3A,DIRECT,Y-Mercator (-Horta  - Rodenhuize) 380.73 Y-Horta (-Mercator - Rodenhuize) 380.73 Y-Rodenhuize (-Horta  - Mercator) 380.73,22T20161020---2C,Y-Rodenhuize (-Horta  - Mercator) 380.73,Rodenhuize,Rodenhuize,Line
2024-08-29 11:00:00+00:00,10T-BE-NL-00001I,DIRECT,Alegro HVDC,22T201903146---W,NA,NA,NA,
2024-08-29 11:00:00+00:00,10T-BE-NL-00001I,OPPOSITE,Alegro HVDC,22T201903146---W,NA,NA,NA,
2024-08-29 11:00:00+00:00,10T-CZ-DE-00001W,OPPOSITE,Prestice - Etzenricht  Etzenricht - Prestice 442,10T-CZ-DE-00004Q,Prestice - Etzenricht,Prestice,Etzenricht,TieLine
2024-08-29 11:00:00+00:00,10T-CZ-DE-00001W,OPPOSITE,Prestice - Etzenricht  Etzenricht - Prestice 442,10T-CZ-DE-00004Q,Etzenricht - Prestice 442,Etzenricht,Prestice,TieLine
2024-08-29 11:00:00+00:00,10T-CZ-DE-00003S,DIRECT,Hradec - Rohrsdorf - V445  Hradec - Rohrsdorf 445,10T-CZ-DE-00002U,Hradec - Rohrsdorf - V445,Hradec,Rohrsdorf,TieLine
2024-08-29 11:00:00+00:00,10T-CZ-DE-00003S,DIRECT,Hradec - Rohrsdorf - V445  Hradec - Rohrsdorf 445,10T-CZ-DE-00002U,Hradec - Rohrsdorf 445,Hradec,Rohrsdorf,TieLine
2024-08-29 11:00:00+00:00,10T-CZ-DE-00003S,OPPOSITE,Hradec - Rohrsdorf - V445  Hradec - Rohrsdorf 445,10T-CZ-DE-00002U,Hradec - Rohrsdorf - V445,Hradec,Rohrsdorf,TieLine
2024-08-29 11:00:00+00:00,10T-CZ-DE-00003S,OPPOSITE,Hradec - Rohrsdorf - V445  Hradec - Rohrsdorf 445,10T-CZ-DE-00002U,Hradec - Rohrsdorf 445,Hradec,Rohrsdorf,TieLine
2024-08-29 11:00:00+00:00,10T-CZ-SK-00001Y,DIRECT,Nosovice - Varin  Nosovice - Varin,10T-CZ-SK-00002W,Nosovice - Varin,Nosovice,Varin,TieLine
2024-08-29 11:00:00+00:00,10T-CZ-SK-00001Y,DIRECT,Nosovice - Varin  Nosovice - Varin,10T-CZ-SK-00002W,Nosovice - Varin,Nosovice,Varin,TieLine
2024-08-29 11:00:00+00:00,10T-CZ-SK-00001Y,OPPOSITE,Nosovice - Varin  Nosovice - Varin,10T-CZ-SK-00002W,Nosovice - Varin,Nosovice,Varin,TieLine
2024-08-29 11:00:00+00:00,10T-CZ-SK-00001Y,OPPOSITE,Nosovice - Varin  Nosovice - Varin,10T-CZ-SK-00002W,Nosovice - Varin,Nosovice,Varin,TieLine
2024-08-29 11:00:00+00:00,10T-CZ-SK-00002W,DIRECT,Krizovany - Sokolnice Sokolnice - Krizovany,10T-CZ-SK-00003U,Krizovany - Sokolnice,Krizovany,Sokolnice,TieLine
2024-08-29 11:00:00+00:00,10T-CZ-SK-00002W,DIRECT,Krizovany - Sokolnice Sokolnice - Krizovany,10T-CZ-SK-00003U,Sokolnice - Krizovany,Sokolnice,Krizovany,TieLine
2024-08-29 11:00:00+00:00,10T-CZ-SK-00002W,OPPOSITE,Krizovany - Sokolnice Sokolnice - Krizovany,10T-CZ-SK-00003U,Krizovany - Sokolnice,Krizovany,Sokolnice,TieLine
2024-08-29 11:00:00+00:00,10T-CZ-SK-00002W,OPPOSITE,Krizovany - Sokolnice Sokolnice - Krizovany,10T-CZ-SK-00003U,Sokolnice - Krizovany,Sokolnice,Krizovany,TieLine
2024-08-29 11:00:00+00:00,10T-AT-CZ-00004V,DIRECT,Slavetice - Durnrohr - V437  Duernrohr 1 - Slavetice 437,10T-AT-CZ-00003X,Slavetice - Durnrohr - V437,Slavetice,Durnrohr,TieLine
2024-08-29 11:00:00+00:00,10T-AT-CZ-00004V,DIRECT,Slavetice - Durnrohr - V437  Duernrohr 1 - Slavetice 437,10T-AT-CZ-00003X,Duernrohr 1 - Slavetice 437,Duernrohr 1,Slavetice,TieLine
2024-08-29 11:00:00+00:00,10T1001C--001223,DIRECT,Sokolnice - Zaya - V243 Zaya - Sokolnice 243,10T1001C--001215,Sokolnice - Zaya - V243,Sokolnice,Zaya,TieLine
2024-08-29 11:00:00+00:00,10T1001C--001223,DIRECT,Sokolnice - Zaya - V243 Zaya - Sokolnice 243,10T1001C--001215,Zaya - Sokolnice 243,Zaya,Sokolnice,TieLine
2024-08-29 11:00:00+00:00,10T1001C--001223,OPPOSITE,Sokolnice - Zaya - V243 Zaya - Sokolnice 243,10T1001C--001215,Sokolnice - Zaya - V243,Sokolnice,Zaya,TieLine
2024-08-29 11:00:00+00:00,10T1001C--001223,OPPOSITE,Sokolnice - Zaya - V243 Zaya - Sokolnice 243,10T1001C--001215,Zaya - Sokolnice 243,Zaya,Sokolnice,TieLine
2024-08-29 11:00:00+00:00,10T-CZ-SK-00003U,DIRECT,Nosovice - Varin  Nosovice - Varin,10T-CZ-SK-00002W,Nosovice - Varin,Nosovice,Varin,TieLine
2024-08-29 11:00:00+00:00,10T-CZ-SK-00003U,DIRECT,Nosovice - Varin  Nosovice - Varin,10T-CZ-SK-00002W,Nosovice - Varin,Nosovice,Varin,TieLine
2024-08-29 11:00:00+00:00,10T-CZ-SK-00003U,OPPOSITE,Nosovice - Varin  Nosovice - Varin,10T-CZ-SK-00002W,Nosovice - Varin,Nosovice,Varin,TieLine
2024-08-29 11:00:00+00:00,10T-CZ-SK-00003U,OPPOSITE,Nosovice - Varin  Nosovice - Varin,10T-CZ-SK-00002W,Nosovice - Varin,Nosovice,Varin,TieLine
2024-08-29 11:00:00+00:00,10T-CZ-SK-00003U,DIRECT,Sokolnice - Stupava  Sokolnice - Stupava,10T-CZ-SK-00005Q,Sokolnice - Stupava,Sokolnice,Stupava,TieLine
2024-08-29 11:00:00+00:00,10T-CZ-SK-00003U,DIRECT,Sokolnice - Stupava  Sokolnice - Stupava,10T-CZ-SK-00005Q,Sokolnice - Stupava,Stupava,Sokolnice,TieLine
2024-08-29 11:00:00+00:00,10T-CZ-SK-00003U,OPPOSITE,Sokolnice - Stupava  Sokolnice - Stupava,10T-CZ-SK-00005Q,Sokolnice - Stupava,Sokolnice,Stupava,TieLine
2024-08-29 11:00:00+00:00,10T-CZ-SK-00003U,OPPOSITE,Sokolnice - Stupava  Sokolnice - Stupava,10T-CZ-SK-00005Q,Sokolnice - Stupava,Stupava,Sokolnice,TieLine
2024-08-29 11:00:00+00:00,10T-CZ-SK-00003U,DIRECT,H. Zivotice - Krasikov,27T-TLI-V458---B,H. Zivotice - Krasikov,H. Zivotice,Krasikov,Line
2024-08-29 11:00:00+00:00,10T-CZ-SK-00003U,OPPOSITE,H. Zivotice - Krasikov,27T-TLI-V458---B,H. Zivotice - Krasikov,H. Zivotice,Krasikov,Line
2024-08-29 11:00:00+00:00,10T-CZ-DE-00004Q,DIRECT,Hradec - Etzenricht  Etzenricht - Hradec 441,10T-CZ-DE-00001W,Hradec - Etzenricht,Hradec,Etzenricht,TieLine
2024-08-29 11:00:00+00:00,10T-CZ-DE-00004Q,DIRECT,Hradec - Etzenricht  Etzenricht - Hradec 441,10T-CZ-DE-00001W,Etzenricht - Hradec 441,Etzenricht,Hradec,TieLine
2024-08-29 11:00:00+00:00,10T1001C--00061Y,DIRECT,Pirach - St. Peter 256 Pirach - St. Peter 256,10T-AT-DE-000029,Pirach - St. Peter 256,Pirach,St. Peter,TieLine
2024-08-29 11:00:00+00:00,10T1001C--00061Y,DIRECT,Pirach - St. Peter 256 Pirach - St. Peter 256,10T-AT-DE-000029,Pirach - St. Peter 256,Pirach,St. Peter,TieLine
2024-08-29 11:00:00+00:00,11T0-0000-0986-7,OPPOSITE,St. Peter 2 - Altheim 233_230 St. Peter - Altheim_Simbach 233_230 Y-Altheim (-Simbach - St. Peter) 233/230 Y-Simbach (-Altheim - St.Peter) 233/230,10T-AT-DE-00001B,St. Peter 2 - Altheim 233_230,St. Peter 2,Altheim,TieLine
2024-08-29 11:00:00+00:00,11T0-0000-0986-7,OPPOSITE,St. Peter 2 - Altheim 233_230 St. Peter - Altheim_Simbach 233_230 Y-Altheim (-Simbach - St. Peter) 233/230 Y-Simbach (-Altheim - St.Peter) 233/230,10T-AT-DE-00001B,NA,NA,NA,
2024-08-29 11:00:00+00:00,11T0-0000-0986-7,OPPOSITE,St. Peter 2 - Altheim 233_230 St. Peter - Altheim_Simbach 233_230 Y-Altheim (-Simbach - St. Peter) 233/230 Y-Simbach (-Altheim - St.Peter) 233/230,11T0-0000-0984-D,Y-Altheim (-Simbach - St. Peter) 233/230,Altheim,Y Simbach,TieLine
2024-08-29 11:00:00+00:00,11T0-0000-0986-7,OPPOSITE,St. Peter 2 - Altheim 233_230 St. Peter - Altheim_Simbach 233_230 Y-Altheim (-Simbach - St. Peter) 233/230 Y-Simbach (-Altheim - St.Peter) 233/230,11T0-0000-0985-A,Y-Simbach (-Altheim - St.Peter) 233/230,Simbach,Y Simbach,TieLine
2024-08-29 11:00:00+00:00,11TD2L000000003L,DIRECT,Altheim - Sittling 220,11TD2L000000004J,Altheim - Sittling 220,Altheim,Sittling,Line
2024-08-29 11:00:00+00:00,11T0-0000-0103-E,DIRECT,Hradec - Rohrsdorf - V445  Hradec - Rohrsdorf 445,10T-CZ-DE-00002U,Hradec - Rohrsdorf - V445,Hradec,Rohrsdorf,TieLine
2024-08-29 11:00:00+00:00,11T0-0000-0103-E,DIRECT,Hradec - Rohrsdorf - V445  Hradec - Rohrsdorf 445,10T-CZ-DE-00002U,Hradec - Rohrsdorf 445,Hradec,Rohrsdorf,TieLine
2024-08-29 11:00:00+00:00,11TD400000543-LM,DIRECT,Grafenrheinfeld - Stalldorf rt (416) Grafenrheinfeld - Stalldorf 416,11T-D2-D4-000022,Grafenrheinfeld - Stalldorf rt (416),Grafenrheinfeld,Stalldorf,Line
2024-08-29 11:00:00+00:00,11TD400000543-LM,DIRECT,Grafenrheinfeld - Stalldorf rt (416) Grafenrheinfeld - Stalldorf 416,11T-D2-D4-000022,Grafenrheinfeld - Stalldorf 416,Grafenrheinfeld,Stalldorf,Line
2024-08-29 11:00:00+00:00,11T0-0000-0781-W,DIRECT,Y-Oberzier (-Paffendorf - Sechtem) SECHTM S Y-Paffendorf (-Oberzier - Sechtem) SECHTM S Y-Sechtem (-Oberzier - Paffendorf) SECHTM S,11T0-0000-0782-T,Y-Oberzier (-Paffendorf - Sechtem) SECHTM S,Oberzier,Y-Paffendorf,Line
2024-08-29 11:00:00+00:00,11T0-0000-0781-W,DIRECT,Y-Oberzier (-Paffendorf - Sechtem) SECHTM S Y-Paffendorf (-Oberzier - Sechtem) SECHTM S Y-Sechtem (-Oberzier - Paffendorf) SECHTM S,11T0-0000-0815-6,Y-Paffendorf (-Oberzier - Sechtem) SECHTM S,Paffendorf,Y-Paffendorf,Line
2024-08-29 11:00:00+00:00,11T0-0000-0781-W,DIRECT,Y-Oberzier (-Paffendorf - Sechtem) SECHTM S Y-Paffendorf (-Oberzier - Sechtem) SECHTM S Y-Sechtem (-Oberzier - Paffendorf) SECHTM S,11T0-0000-0849-J,Y-Sechtem (-Oberzier - Paffendorf) SECHTM S,Sechtem,Y-Paffendorf,Line
2024-08-29 11:00:00+00:00,10T-DE-NL-00005N,DIRECT,Gramme - Achene 380.10,22T-BE-IN-LI0130,Gramme - Achene 380.10,Achene,Gramme,Line
2024-08-29 11:00:00+00:00,10T-DE-NL-00005N,OPPOSITE,Alegro HVDC,22T201903146---W,NA,NA,NA,
2024-08-29 11:00:00+00:00,10T-DE-NL-00005N,OPPOSITE,Gramme - Achene 380.10,22T-BE-IN-LI0130,Gramme - Achene 380.10,Achene,Gramme,Line
2024-08-29 11:00:00+00:00,10T-DE-NL-00005N,OPPOSITE,Boxmeer - Dodewaard 380 Zwart,49T000000000006C,Boxmeer - Dodewaard 380 Zwart,Boxmeer,Dodewaard,Line
2024-08-29 11:00:00+00:00,10T-DE-NL-00005N,OPPOSITE,Maasbracht - Dodewaard 380 Wit,49T000000000013F,Maasbracht - Dodewaard 380 Wit,Dodewaard,Maasbracht,Line
2024-08-29 11:00:00+00:00,10T-DE-NL-00005N,OPPOSITE,Avelgem - Horta 380.102,22T20161020---1E,Avelgem - Horta 380.102,Avelgem,Horta,Line
2024-08-29 11:00:00+00:00,11T0-0000-0604-N,DIRECT,Ensdorf - Vigy VIGY2 S Ensdorf - Vigy VIGY2 S,10T-DE-FR-000068,Ensdorf - Vigy VIGY2 S,Ensdorf,Vigy,TieLine
2024-08-29 11:00:00+00:00,11T0-0000-0604-N,DIRECT,Ensdorf - Vigy VIGY2 S Ensdorf - Vigy VIGY2 S,10T-DE-FR-000068,Ensdorf - Vigy VIGY2 S,Ensdorf,Vigy,TieLine
2024-08-29 11:00:00+00:00,11T0-0000-0781-W,DIRECT,PST Oberzier TR 442 E,11T0-0000-2133-R,PST Oberzier TR 442 E,Oberzier,Oberzier,PST
2024-08-29 11:00:00+00:00,11T0-0000-0013-F,DIRECT,Hagenwerder - Mikulowa 567 Mikulowa - Hagenwerder 567,10T-DE-PL-00002B,Hagenwerder - Mikulowa 567,Hagenwerder,Mikulowa,TieLine
2024-08-29 11:00:00+00:00,11T0-0000-0013-F,DIRECT,Hagenwerder - Mikulowa 567 Mikulowa - Hagenwerder 567,10T-DE-PL-00002B,Mikulowa - Hagenwerder 567,Mikulowa 567,Hagenwerder,TieLine
2024-08-29 11:00:00+00:00,11TD8L555------W,OPPOSITE,Dresden/Sued - Schmoelln 556,11TD8L556------O,Dresden/Sued - Schmoelln 556,Dresden/Sued,Schmoelln,Line
2024-08-29 11:00:00+00:00,10T-HR-SI-000022,OPPOSITE,,,,,,
2024-08-29 11:00:00+00:00,10T-HR-SI-000022,DIRECT,Melina - Divaca 400 kV Divaca - Melina,10T-HR-SI-000014,Melina - Divaca,Melina,Divaca,TieLine
2024-08-29 11:00:00+00:00,10T-HR-SI-000022,DIRECT,Melina - Divaca 400 kV Divaca - Melina,10T-HR-SI-000014,400 kV Divaca - Melina,Divaca,Melina,TieLine
2024-08-29 11:00:00+00:00,10T-HR-SI-000022,OPPOSITE,Melina - Divaca 400 kV Divaca - Melina,10T-HR-SI-000014,Melina - Divaca,Melina,Divaca,TieLine
2024-08-29 11:00:00+00:00,10T-HR-SI-000022,OPPOSITE,Melina - Divaca 400 kV Divaca - Melina,10T-HR-SI-000014,400 kV Divaca - Melina,Divaca,Melina,TieLine
2024-08-29 11:00:00+00:00,10T-HR-HU-000033,OPPOSITE,Pecs - Ernestinovo2 491B Ernestinovo - Pecs 2,10T-HR-HU-000041,Pecs - Ernestinovo2 491B,Pecs,Ernestinovo,TieLine
2024-08-29 11:00:00+00:00,10T-HR-HU-000033,OPPOSITE,Pecs - Ernestinovo2 491B Ernestinovo - Pecs 2,10T-HR-HU-000041,Ernestinovo - Pecs 2,Ernestinovo,Pecs 2,TieLine
2024-08-29 11:00:00+00:00,10T-HR-SI-00004Z,OPPOSITE,Tumbri - Krsko 2 400 kV Krsko - Tumbri 2,10T-HR-SI-00005X,Tumbri - Krsko 2,Tumbri,Krsko,TieLine
2024-08-29 11:00:00+00:00,10T-HR-SI-00004Z,OPPOSITE,Tumbri - Krsko 2 400 kV Krsko - Tumbri 2,10T-HR-SI-00005X,400 kV Krsko - Tumbri 2,Krsko,Tumbri,TieLine
2024-08-29 11:00:00+00:00,15T-M000002791-J,DIRECT,Gabcikovo - Gyor Gabcikovo - Gyor,10T-HU-SK-00002R,Gabcikovo - Gyor,Gabcikovo,Gyor,TieLine
2024-08-29 11:00:00+00:00,15T-M000002791-J,DIRECT,Gabcikovo - Gyor Gabcikovo - Gyor,10T-HU-SK-00002R,Gabcikovo - Gyor,Gabcikovo,Gyor,TieLine
2024-08-29 11:00:00+00:00,15T-M000002791-J,OPPOSITE,Gabcikovo - Gyor Gabcikovo - Gyor,10T-HU-SK-00002R,Gabcikovo - Gyor,Gabcikovo,Gyor,TieLine
2024-08-29 11:00:00+00:00,15T-M000002791-J,OPPOSITE,Gabcikovo - Gyor Gabcikovo - Gyor,10T-HU-SK-00002R,Gabcikovo - Gyor,Gabcikovo,Gyor,TieLine
2024-08-29 11:00:00+00:00,10T-HU-UA-00002F,DIRECT,Szabolcsbaka - Mukachevo,10T1001C--000421,Szabolcsbaka - Mukachevo,Szabolcsbaka,Mukachevo,TieLine
2024-08-29 11:00:00+00:00,10T1001C--00056R,DIRECT,Gabcikovo - Gyor Gabcikovo - Gyor,10T-HU-SK-00002R,Gabcikovo - Gyor,Gabcikovo,Gyor,TieLine
2024-08-29 11:00:00+00:00,10T1001C--00056R,DIRECT,Gabcikovo - Gyor Gabcikovo - Gyor,10T-HU-SK-00002R,Gabcikovo - Gyor,Gabcikovo,Gyor,TieLine
2024-08-29 11:00:00+00:00,10T1001C--00056R,OPPOSITE,Gonyu - Gyor,15T-M000002791-J,Gonyu - Gyor,Gonyu,Gyor,Line
2024-08-29 11:00:00+00:00,10T1001C--00056R,OPPOSITE,Gabcikovo - Gyor Gabcikovo - Gyor,10T-HU-SK-00002R,Gabcikovo - Gyor,Gabcikovo,Gyor,TieLine
2024-08-29 11:00:00+00:00,10T1001C--00056R,OPPOSITE,Gabcikovo - Gyor Gabcikovo - Gyor,10T-HU-SK-00002R,Gabcikovo - Gyor,Gabcikovo,Gyor,TieLine
2024-08-29 11:00:00+00:00,10T1001C--00101B,DIRECT,Zerjavinec - Heviz Zerjavinec - Heviz,10T-HR-HU-000025,Zerjavinec - Heviz,Zerjavinec,Heviz,TieLine
2024-08-29 11:00:00+00:00,10T1001C--00101B,DIRECT,Zerjavinec - Heviz Zerjavinec - Heviz,10T-HR-HU-000025,Zerjavinec - Heviz,Zerjavinec,Heviz,TieLine
2024-08-29 11:00:00+00:00,10T1001C--00101B,OPPOSITE,Zerjavinec - Heviz Zerjavinec - Heviz,10T-HR-HU-000025,Zerjavinec - Heviz,Zerjavinec,Heviz,TieLine
2024-08-29 11:00:00+00:00,10T1001C--00101B,OPPOSITE,Zerjavinec - Heviz Zerjavinec - Heviz,10T-HR-HU-000025,Zerjavinec - Heviz,Zerjavinec,Heviz,TieLine
2024-08-29 11:00:00+00:00,15T-M00000043583,DIRECT,Kerepes - Zuglo 2,15T-M00000043591,Kerepes - Zuglo 2,Kerepes,Zuglo,Line
2024-08-29 11:00:00+00:00,10T-DE-NL-00002T,OPPOSITE,PST Gronau TR 441 E,11T0-0000-0620-R,PST Gronau TR 441 E,Gronau,Gronau,PST
2024-08-29 11:00:00+00:00,10T-DE-NL-00002T,DIRECT,Y-Doerpen West (-Meppen - Niederlangen) EMSLD OW Y-Niederlangen (-Meppen - Doerpen West) EMSLD OW Y-Meppen (-Doerpen West - Niederlangen) EMSLD OW Meppen - Niederlangen - Doerpen West EMSLD OW,11T0-0000-0990-L,Y-Doerpen West (-Meppen - Niederlangen) EMSLD OW,Doerpen West,Y Niederlangen,Line
2024-08-29 11:00:00+00:00,10T-DE-NL-00002T,DIRECT,Y-Doerpen West (-Meppen - Niederlangen) EMSLD OW Y-Niederlangen (-Meppen - Doerpen West) EMSLD OW Y-Meppen (-Doerpen West - Niederlangen) EMSLD OW Meppen - Niederlangen - Doerpen West EMSLD OW,11T0-0000-0991-I,Y-Niederlangen (-Meppen - Doerpen West) EMSLD OW,Niederlangen,Y Niederlangen,Line
2024-08-29 11:00:00+00:00,10T-DE-NL-00002T,DIRECT,Y-Doerpen West (-Meppen - Niederlangen) EMSLD OW Y-Niederlangen (-Meppen - Doerpen West) EMSLD OW Y-Meppen (-Doerpen West - Niederlangen) EMSLD OW Meppen - Niederlangen - Doerpen West EMSLD OW,11T-D2-D7-00001H,Y-Meppen (-Doerpen West - Niederlangen) EMSLD OW,Meppen,Y Niederlangen,Line
2024-08-29 11:00:00+00:00,10T-DE-NL-00002T,DIRECT,Y-Doerpen West (-Meppen - Niederlangen) EMSLD OW Y-Niederlangen (-Meppen - Doerpen West) EMSLD OW Y-Meppen (-Doerpen West - Niederlangen) EMSLD OW Meppen - Niederlangen - Doerpen West EMSLD OW,11T-D2-D7-00001H,NA,NA,NA,
2024-08-29 11:00:00+00:00,10T-DE-NL-00005N,OPPOSITE,PST Gronau TR 441 E,11T0-0000-0620-R,PST Gronau TR 441 E,Gronau,Gronau,PST
2024-08-29 11:00:00+00:00,10T-DE-NL-00005N,OPPOSITE,Opladen - Rommerskirchen OPLADN N,11T0-0000-0793-M,Opladen - Rommerskirchen OPLADN N,Opladen,Rommerskirchen,Line
2024-08-29 11:00:00+00:00,49T0000000000096,OPPOSITE,Diemen - Lelystad 380 Zwart,49T000000000010L,Diemen - Lelystad 380 Zwart,Diemen,Lelystad,Line
2024-08-29 11:00:00+00:00,49T000000000022E,OPPOSITE,Lelystad - Ens 380 Zwart,49T000000000023C,Lelystad - Ens 380 Zwart,Lelystad,Ens,Line
2024-08-29 11:00:00+00:00,10T-DE-NL-00002T,OPPOSITE,Zwolle - Meeden 380 Wit Eemshaven - Meeden 380 Wit,49T000000000001M,Zwolle - Meeden 380 Wit,Zwolle,Meeden,Line
2024-08-29 11:00:00+00:00,10T-DE-NL-00002T,OPPOSITE,Zwolle - Meeden 380 Wit Eemshaven - Meeden 380 Wit,49T000000000004G,Eemshaven - Meeden 380 Wit,Eemshaven,Meeden,Line
2024-08-29 11:00:00+00:00,49T0000000000274,DIRECT,Krimpen a/d IJssel - Geertruidenberg 380 Zwart,49T0000000000282,Krimpen a/d IJssel - Geertruidenberg 380 Zwart,Krimpen a/d IJssel,Geertruidenberg,Line
2024-08-29 11:00:00+00:00,49T0000000000274,OPPOSITE,Krimpen a/d IJssel - Geertruidenberg 380 Zwart,49T0000000000282,Krimpen a/d IJssel - Geertruidenberg 380 Zwart,Krimpen a/d IJssel,Geertruidenberg,Line
2024-08-29 11:00:00+00:00,19T000000001304A,OPPOSITE,Krosno Iskrzynia - Tarnow,19T000000000296P,Krosno Iskrzynia - Tarnow,Krosno Iskrzynia,Tarnow,Line
2024-08-29 11:00:00+00:00,19T0000000063830,OPPOSITE,Hagenwerder - Mikulowa 568 Mikulowa - Hagenwerder 568,10T-DE-PL-00001D,Hagenwerder - Mikulowa 568,Hagenwerder,Mikulowa,TieLine
2024-08-29 11:00:00+00:00,19T0000000063830,OPPOSITE,Hagenwerder - Mikulowa 568 Mikulowa - Hagenwerder 568,10T-DE-PL-00001D,Mikulowa - Hagenwerder 568,Mikulowa 568,Hagenwerder,TieLine
2024-08-29 11:00:00+00:00,10T1001A1001A09N,DIRECT,Nosovice - Wielopole  Wielopole - Nosovice,10T-CZ-PL-00004A,Nosovice - Wielopole,Nosovice,Wielopole,TieLine
2024-08-29 11:00:00+00:00,10T1001A1001A09N,DIRECT,Nosovice - Wielopole  Wielopole - Nosovice,10T-CZ-PL-00004A,Wielopole - Nosovice,Wielopole,Nosovice,TieLine
2024-08-29 11:00:00+00:00,10T-CZ-PL-00004A,DIRECT,Dobrzen - Detmarovice Dobrzen - Detmarovice,10T1001A1001A09N,Dobrzen - Detmarovice,Dobrzen,Detmarovice,TieLine
2024-08-29 11:00:00+00:00,10T-CZ-PL-00004A,DIRECT,Dobrzen - Detmarovice Dobrzen - Detmarovice,10T1001A1001A09N,Dobrzen - Detmarovice,Detmarovice,Dobrzen,TieLine
2024-08-29 11:00:00+00:00,10T-CZ-PL-00004A,OPPOSITE,Dobrzen - Detmarovice Dobrzen - Detmarovice,10T1001A1001A09N,Dobrzen - Detmarovice,Dobrzen,Detmarovice,TieLine
2024-08-29 11:00:00+00:00,10T-CZ-PL-00004A,OPPOSITE,Dobrzen - Detmarovice Dobrzen - Detmarovice,10T1001A1001A09N,Dobrzen - Detmarovice,Detmarovice,Dobrzen,TieLine
2024-08-29 11:00:00+00:00,30TPARO220TRGJ-Q,OPPOSITE,Portile de Fier - Djerdap,10T-RO-RS-00001V,Portile de Fier - Djerdap,Portile de Fier,Djerdap,TieLine
2024-08-29 11:00:00+00:00,30TPARO220TRGJ-Q,OPPOSITE,Sibiu Sud - Mintia,30TMINT400SIBI-Z,Sibiu Sud - Mintia,Sibiu Sud,Mintia,Line
2024-08-29 11:00:00+00:00,30TPARO220TRGJ-Q,OPPOSITE,Sibiu Sud - Tantareni,30TSIBI400TINT-1,Sibiu Sud - Tantareni,Sibiu Sud,Tantareni,Line
2024-08-29 11:00:00+00:00,30T-ROSI400AT--1,DIRECT,Rosiori - Gadalin,30TGADA400ROSI-A,Rosiori - Gadalin,Rosiori,Gadalin,Line
2024-08-29 11:00:00+00:00,10T-RO-RS-00001V,OPPOSITE,Tantareni - Kozlodui c2 Tantareni - Kozlodui c1,10T-BG-RO-00001A,Tantareni - Kozlodui c2,Tantareni,Kozlodui,TieLine
2024-08-29 11:00:00+00:00,10T-RO-RS-00001V,OPPOSITE,Tantareni - Kozlodui c2 Tantareni - Kozlodui c1,10T-RO-BG-00002A,Tantareni - Kozlodui c1,Tantareni,Kozlodui,TieLine
2024-08-29 11:00:00+00:00,30TPARO220TRGJ-Q,OPPOSITE,Isaccea - Vulcanesti,30TISAC400VULC-W,Isaccea - Vulcanesti,Isaccea,Vulcanesti,TieLine
2024-08-29 11:00:00+00:00,10T1001C--00101B,DIRECT,Kainachtal - Maribor 473 400 kV Maribor - Kainachtal 1,10T-AT-SI-00001T,Kainachtal - Maribor 473,Kainachtal,Maribor,TieLine
2024-08-29 11:00:00+00:00,10T1001C--00101B,DIRECT,Kainachtal - Maribor 473 400 kV Maribor - Kainachtal 1,10T-AT-SI-00001T,400 kV Maribor - Kainachtal 1,Maribor,Kainachtal,TieLine
2024-08-29 11:00:00+00:00,10T1001C--00101B,DIRECT,Zerjavinec - Cirkovce 400 kV Cirkovce - Zerjavinec,10T1001C--001037,Zerjavinec - Cirkovce,Zerjavinec,Cirkovce,TieLine
2024-08-29 11:00:00+00:00,10T1001C--00101B,DIRECT,Zerjavinec - Cirkovce 400 kV Cirkovce - Zerjavinec,10T1001C--001037,400 kV Cirkovce - Zerjavinec,Cirkovce,Zerjavinec,TieLine
2024-08-29 11:00:00+00:00,10T1001C--00101B,OPPOSITE,Kainachtal - Maribor 473 400 kV Maribor - Kainachtal 1,10T-AT-SI-00001T,Kainachtal - Maribor 473,Kainachtal,Maribor,TieLine
2024-08-29 11:00:00+00:00,10T1001C--00101B,OPPOSITE,Kainachtal - Maribor 473 400 kV Maribor - Kainachtal 1,10T-AT-SI-00001T,400 kV Maribor - Kainachtal 1,Maribor,Kainachtal,TieLine
2024-08-29 11:00:00+00:00,10T1001C--00101B,OPPOSITE,Zerjavinec - Cirkovce 400 kV Cirkovce - Zerjavinec,10T1001C--001037,Zerjavinec - Cirkovce,Zerjavinec,Cirkovce,TieLine
2024-08-29 11:00:00+00:00,10T1001C--00101B,OPPOSITE,Zerjavinec - Cirkovce 400 kV Cirkovce - Zerjavinec,10T1001C--001037,400 kV Cirkovce - Zerjavinec,Cirkovce,Zerjavinec,TieLine
2024-08-29 11:00:00+00:00,10T-HU-SK-00001T,DIRECT,R.Sobota - Sajoivanka  R.Sobota - Sajoivanka,10T1001C--00054V,R.Sobota - Sajoivanka,R.Sobota,Sajoivanka,TieLine
2024-08-29 11:00:00+00:00,10T-HU-SK-00001T,DIRECT,R.Sobota - Sajoivanka  R.Sobota - Sajoivanka,10T1001C--00054V,R.Sobota - Sajoivanka,R.Sobota,Sajoivanka,TieLine
2024-08-29 11:00:00+00:00,10T-SK-UA-00001W,DIRECT,R.Sobota - Sajoivanka  R.Sobota - Sajoivanka,10T1001C--00054V,R.Sobota - Sajoivanka,R.Sobota,Sajoivanka,TieLine
2024-08-29 11:00:00+00:00,10T-SK-UA-00001W,DIRECT,R.Sobota - Sajoivanka  R.Sobota - Sajoivanka,10T1001C--00054V,R.Sobota - Sajoivanka,R.Sobota,Sajoivanka,TieLine
2024-08-29 11:00:00+00:00,24T-V493-000000Q,DIRECT,Bosaca - Varin,24T-V495-0000008,Bosaca - Varin,Bosaca,Varin,Line
2024-08-29 11:00:00+00:00,24T-V490-000000G,DIRECT,V.Dur - Levice 2,24T-V491-0000007,V.Dur - Levice 2,V.Dur,Levice,Line
2024-08-29 11:00:00+00:00,24T-V425-0000004,DIRECT,Gabcikovo - P.Biskupice,24T-V429-0000005,Gabcikovo - P.Biskupice,Gabcikovo,P.Biskupice,Line
2024-08-29 11:00:00+00:00,10T-SK-UA-00001W,OPPOSITE,R.Sobota - Sajoivanka  R.Sobota - Sajoivanka,10T1001C--00054V,R.Sobota - Sajoivanka,R.Sobota,Sajoivanka,TieLine
2024-08-29 11:00:00+00:00,10T-SK-UA-00001W,OPPOSITE,R.Sobota - Sajoivanka  R.Sobota - Sajoivanka,10T1001C--00054V,R.Sobota - Sajoivanka,R.Sobota,Sajoivanka,TieLine
2024-08-29 11:00:00+00:00,10T-CZ-SK-00002W,OPPOSITE,Sp.Nova Ves - Lemesany,24T-V408-000000Y,Sp.Nova Ves - Lemesany,Sp.Nova Ves,Lemesany,Line
2024-08-29 12:00:00+00:00,10T-AT-SI-00003P,DIRECT,Kainachtal - Obersielach 471,14T-380-0-00471D,Kainachtal - Obersielach 471,Kainachtal,Obersielach,Line
2024-08-29 12:00:00+00:00,10T-AT-SI-00003P,OPPOSITE,Kainachtal - Obersielach 471,14T-380-0-00471D,Kainachtal - Obersielach 471,Kainachtal,Obersielach,Line
2024-08-29 12:00:00+00:00,10T-AT-SI-00003P,DIRECT,Kainachtal - Maribor 473 400 kV Maribor - Kainachtal 1,10T-AT-SI-00001T,Kainachtal - Maribor 473,Kainachtal,Maribor,TieLine
2024-08-29 12:00:00+00:00,10T-AT-SI-00003P,DIRECT,Kainachtal - Maribor 473 400 kV Maribor - Kainachtal 1,10T-AT-SI-00001T,400 kV Maribor - Kainachtal 1,Maribor,Kainachtal,TieLine
2024-08-29 12:00:00+00:00,10T-AT-SI-00003P,OPPOSITE,Kainachtal - Maribor 473 400 kV Maribor - Kainachtal 1,10T-AT-SI-00001T,Kainachtal - Maribor 473,Kainachtal,Maribor,TieLine
2024-08-29 12:00:00+00:00,10T-AT-SI-00003P,OPPOSITE,Kainachtal - Maribor 473 400 kV Maribor - Kainachtal 1,10T-AT-SI-00001T,400 kV Maribor - Kainachtal 1,Maribor,Kainachtal,TieLine
2024-08-29 12:00:00+00:00,10T-AT-SI-00003P,DIRECT,400 kV Cirkovce - Podlog,28T000000000301K,400 kV Cirkovce - Podlog,Cirkovce,Podlog,Line
2024-08-29 12:00:00+00:00,10T-AT-SI-00003P,OPPOSITE,400 kV Cirkovce - Podlog,28T000000000301K,400 kV Cirkovce - Podlog,Cirkovce,Podlog,Line
2024-08-29 12:00:00+00:00,10T-AT-SI-00003P,DIRECT,400 kV Cirkovce - Krsko,28T000000000300M,400 kV Cirkovce - Krsko,Cirkovce,Krsko,Line
2024-08-29 12:00:00+00:00,10T-AT-DE-000037,DIRECT,Pirach Neu - Pleinting 296/257 Pirach Neu - Pirach 296/257,11T0-0000-2108-O,Pirach Neu - Pleinting 296/257,Pirach Neu,Pleinting,Line
2024-08-29 12:00:00+00:00,10T-AT-DE-000037,DIRECT,Pirach Neu - Pleinting 296/257 Pirach Neu - Pirach 296/257,11T0-0000-2108-O,Pirach Neu - Pirach 296/257,Pirach Neu,Pirach,Line
2024-08-29 12:00:00+00:00,10T1001C--00035Z,OPPOSITE,Westtirol - Silz 414 Westtitrol - Silz 414,10T1001C--00036X,Westtirol - Silz 414,Westtirol,Silz,TieLine
2024-08-29 12:00:00+00:00,10T1001C--00035Z,OPPOSITE,Westtirol - Silz 414 Westtitrol - Silz 414,10T1001C--00036X,NA,NA,NA,
2024-08-29 12:00:00+00:00,10T-AT-SI-00001T,DIRECT,Kainachtal - Maribor 474 400 kV Maribor - Kainachtal 2,10T-AT-SI-00002R,Kainachtal - Maribor 474,Kainachtal,Maribor,TieLine
2024-08-29 12:00:00+00:00,10T-AT-SI-00001T,DIRECT,Kainachtal - Maribor 474 400 kV Maribor - Kainachtal 2,10T-AT-SI-00002R,400 kV Maribor - Kainachtal 2,Maribor,Kainachtal,TieLine
2024-08-29 12:00:00+00:00,10T-AT-SI-00001T,OPPOSITE,Kainachtal - Maribor 474 400 kV Maribor - Kainachtal 2,10T-AT-SI-00002R,Kainachtal - Maribor 474,Kainachtal,Maribor,TieLine
2024-08-29 12:00:00+00:00,10T-AT-SI-00001T,OPPOSITE,Kainachtal - Maribor 474 400 kV Maribor - Kainachtal 2,10T-AT-SI-00002R,400 kV Maribor - Kainachtal 2,Maribor,Kainachtal,TieLine
2024-08-29 12:00:00+00:00,14T-38220-WT041O,OPPOSITE,Leupolz - Westtirol 412 Leupolz - Westtirol FUESSN O,10T-AT-DE-10007U,Leupolz - Westtirol 412,Leupolz,Westtirol,TieLine
2024-08-29 12:00:00+00:00,14T-38220-WT041O,OPPOSITE,Leupolz - Westtirol 412 Leupolz - Westtirol FUESSN O,10T-AT-DE-10007U,Leupolz - Westtirol FUESSN O,Leupolz,Westtirol,TieLine
2024-08-29 12:00:00+00:00,14T-38220-WT041O,OPPOSITE,Buers - Westtirol ws (421) Westtirol 1 - Buers 421,10T-AT-DE-000053,Buers - Westtirol ws (421),Buers,Westtirol,TieLine
2024-08-29 12:00:00+00:00,14T-38220-WT041O,OPPOSITE,Buers - Westtirol ws (421) Westtirol 1 - Buers 421,10T-AT-DE-000053,Westtirol 1 - Buers 421,Buers,Westtirol,TieLine
2024-08-29 12:00:00+00:00,14T-38220-ZZ041D,DIRECT,Zell am Ziller 1 - Zell am Ziller 2 ZZRHU42,14T-38220-ZZ042B,Zell am Ziller 1 - Zell am Ziller 2 ZZRHU42,Zell am Ziller 1,Zell am Ziller 2,Transformer
2024-08-29 12:00:00+00:00,10T-BE-FR-000015,DIRECT,Avelgem - Horta 380.102,22T20161020---1E,Avelgem - Horta 380.102,Avelgem,Horta,Line
2024-08-29 12:00:00+00:00,10T-BE-FR-000015,DIRECT,Y-Bruegel (-Courcelles - Drogenbos) 380.33 Y-Courcelles (-Bruegel - Drogenbos) 380.33 Y-Drogenbos (-Bruegel - Courcelles) 380.33,22T-BE-IN-LI0017,Y-Bruegel (-Courcelles - Drogenbos) 380.33,Bruegel,Mekingen,Line
2024-08-29 12:00:00+00:00,10T-BE-FR-000015,DIRECT,Y-Bruegel (-Courcelles - Drogenbos) 380.33 Y-Courcelles (-Bruegel - Drogenbos) 380.33 Y-Drogenbos (-Bruegel - Courcelles) 380.33,22T-BE-IN-LI0017,Y-Courcelles (-Bruegel - Drogenbos) 380.33,Courcelles,Mekingen,Line
2024-08-29 12:00:00+00:00,10T-BE-FR-000015,DIRECT,Y-Bruegel (-Courcelles - Drogenbos) 380.33 Y-Courcelles (-Bruegel - Drogenbos) 380.33 Y-Drogenbos (-Bruegel - Courcelles) 380.33,22T-BE-IN-LI0017,Y-Drogenbos (-Bruegel - Courcelles) 380.33,Drogenbos,Mekingen,Line
2024-08-29 12:00:00+00:00,10T-BE-FR-000015,DIRECT,Lixhe - Van Eyck 380.91 Alegro HVDC,22T20180102---2W,Lixhe - Van Eyck 380.91,Lixhe,Van Eyck,Line
2024-08-29 12:00:00+00:00,10T-BE-FR-000015,DIRECT,Lixhe - Van Eyck 380.91 Alegro HVDC,22T201903146---W,NA,NA,NA,
2024-08-29 12:00:00+00:00,10T-BE-FR-000015,DIRECT,PST Van Eyck 2,22T-BE-PST--002U,PST Van Eyck 2,Van Eyck,Van Eyck,PST
2024-08-29 12:00:00+00:00,10T-BE-FR-000015,OPPOSITE,Avelgem - Horta 380.102,22T20161020---1E,Avelgem - Horta 380.102,Avelgem,Horta,Line
2024-08-29 12:00:00+00:00,10T-BE-FR-000015,OPPOSITE,PST Van Eyck 2,22T-BE-PST--002U,PST Van Eyck 2,Van Eyck,Van Eyck,PST
2024-08-29 12:00:00+00:00,10T-BE-NL-00003E,OPPOSITE,Rilland - Zandvliet 380 White/30 Rilland - Zandvliet 380 White/30,10T-BE-NL-00004C,Rilland - Zandvliet 380 White/30,Zandvliet,Rilland,TieLine
2024-08-29 12:00:00+00:00,10T-BE-NL-00003E,OPPOSITE,Rilland - Zandvliet 380 White/30 Rilland - Zandvliet 380 White/30,10T-BE-NL-00004C,Rilland - Zandvliet 380 White/30,Rilland,Zandvliet,TieLine
2024-08-29 12:00:00+00:00,22T-BE-IN-LI018R,DIRECT,Y-Van Eyck (-Andre Dumont - Gramme) 380.12 Y-Andre Dumont (-Gramme - Van Eyck) 380.12 Y-Gramme (-Andre Dumont - Van Eyck) 380.12,22T20161020---48,Y-Van Eyck (-Andre Dumont - Gramme) 380.12,Van Eyck,Zuttendaal,Line
2024-08-29 12:00:00+00:00,22T-BE-IN-LI018R,DIRECT,Y-Van Eyck (-Andre Dumont - Gramme) 380.12 Y-Andre Dumont (-Gramme - Van Eyck) 380.12 Y-Gramme (-Andre Dumont - Van Eyck) 380.12,22T20161020---48,Y-Andre Dumont (-Gramme - Van Eyck) 380.12,Andre Dumont,Zuttendaal,Line
2024-08-29 12:00:00+00:00,22T-BE-IN-LI018R,DIRECT,Y-Van Eyck (-Andre Dumont - Gramme) 380.12 Y-Andre Dumont (-Gramme - Van Eyck) 380.12 Y-Gramme (-Andre Dumont - Van Eyck) 380.12,22T20161020---48,Y-Gramme (-Andre Dumont - Van Eyck) 380.12,Gramme,Zuttendaal,Line
2024-08-29 12:00:00+00:00,10T-BE-NL-00001I,DIRECT,Achene - Lonny 380.19 Achene - Lonny 19,10T-BE-FR-000015,Achene - Lonny 380.19,Achene,Lonny,TieLine
2024-08-29 12:00:00+00:00,10T-BE-NL-00001I,DIRECT,Achene - Lonny 380.19 Achene - Lonny 19,10T-BE-FR-000015,Achene - Lonny 19,Achene,Lonny,TieLine
2024-08-29 12:00:00+00:00,10T-BE-NL-00001I,DIRECT,Y-Bruegel (-Courcelles - Drogenbos) 380.33 Y-Courcelles (-Bruegel - Drogenbos) 380.33 Y-Drogenbos (-Bruegel - Courcelles) 380.33,22T-BE-IN-LI0017,Y-Bruegel (-Courcelles - Drogenbos) 380.33,Bruegel,Mekingen,Line
2024-08-29 12:00:00+00:00,10T-BE-NL-00001I,DIRECT,Y-Bruegel (-Courcelles - Drogenbos) 380.33 Y-Courcelles (-Bruegel - Drogenbos) 380.33 Y-Drogenbos (-Bruegel - Courcelles) 380.33,22T-BE-IN-LI0017,Y-Courcelles (-Bruegel - Drogenbos) 380.33,Courcelles,Mekingen,Line
2024-08-29 12:00:00+00:00,10T-BE-NL-00001I,DIRECT,Y-Bruegel (-Courcelles - Drogenbos) 380.33 Y-Courcelles (-Bruegel - Drogenbos) 380.33 Y-Drogenbos (-Bruegel - Courcelles) 380.33,22T-BE-IN-LI0017,Y-Drogenbos (-Bruegel - Courcelles) 380.33,Drogenbos,Mekingen,Line
2024-08-29 12:00:00+00:00,10T-BE-NL-00001I,DIRECT,Y-Bruegel (-Mercator - Verbrande Brug) 380.36 Y-Mercator (-Bruegel - Verbrande Brug) 380.36 Y-Verbrande Brug (-Bruegel - Mercator) 380.36,22T-BE-IN-LI006Y,Y-Bruegel (-Mercator - Verbrande Brug) 380.36,Bruegel,Buggenhout,Line
2024-08-29 12:00:00+00:00,10T-BE-NL-00001I,DIRECT,Y-Bruegel (-Mercator - Verbrande Brug) 380.36 Y-Mercator (-Bruegel - Verbrande Brug) 380.36 Y-Verbrande Brug (-Bruegel - Mercator) 380.36,22T-BE-IN-LI006Y,Y-Mercator (-Bruegel - Verbrande Brug) 380.36,Mercator,Buggenhout,Line
2024-08-29 12:00:00+00:00,10T-BE-NL-00001I,DIRECT,Y-Bruegel (-Mercator - Verbrande Brug) 380.36 Y-Mercator (-Bruegel - Verbrande Brug) 380.36 Y-Verbrande Brug (-Bruegel - Mercator) 380.36,22T-BE-IN-LI006Y,Y-Verbrande Brug (-Bruegel - Mercator) 380.36,Verbrande Brug,Buggenhout,Line
2024-08-29 12:00:00+00:00,10T-BE-NL-00001I,DIRECT,PST Van Eyck 1,22T-BE-PST--001W,PST Van Eyck 1,Van Eyck,Van Eyck,PST
2024-08-29 12:00:00+00:00,10T-BE-NL-00001I,OPPOSITE,Achene - Lonny 380.19 Achene - Lonny 19,10T-BE-FR-000015,Achene - Lonny 380.19,Achene,Lonny,TieLine
2024-08-29 12:00:00+00:00,10T-BE-NL-00001I,OPPOSITE,Achene - Lonny 380.19 Achene - Lonny 19,10T-BE-FR-000015,Achene - Lonny 19,Achene,Lonny,TieLine
2024-08-29 12:00:00+00:00,10T-BE-NL-00001I,OPPOSITE,Y-Bruegel (-Mercator - Verbrande Brug) 380.36 Y-Mercator (-Bruegel - Verbrande Brug) 380.36 Y-Verbrande Brug (-Bruegel - Mercator) 380.36,22T-BE-IN-LI006Y,Y-Bruegel (-Mercator - Verbrande Brug) 380.36,Bruegel,Buggenhout,Line
2024-08-29 12:00:00+00:00,10T-BE-NL-00001I,OPPOSITE,Y-Bruegel (-Mercator - Verbrande Brug) 380.36 Y-Mercator (-Bruegel - Verbrande Brug) 380.36 Y-Verbrande Brug (-Bruegel - Mercator) 380.36,22T-BE-IN-LI006Y,Y-Mercator (-Bruegel - Verbrande Brug) 380.36,Mercator,Buggenhout,Line
2024-08-29 12:00:00+00:00,10T-BE-NL-00001I,OPPOSITE,Y-Bruegel (-Mercator - Verbrande Brug) 380.36 Y-Mercator (-Bruegel - Verbrande Brug) 380.36 Y-Verbrande Brug (-Bruegel - Mercator) 380.36,22T-BE-IN-LI006Y,Y-Verbrande Brug (-Bruegel - Mercator) 380.36,Verbrande Brug,Buggenhout,Line
2024-08-29 12:00:00+00:00,10T-BE-NL-00001I,OPPOSITE,PST Van Eyck 1,22T-BE-PST--001W,PST Van Eyck 1,Van Eyck,Van Eyck,PST
2024-08-29 12:00:00+00:00,22T20161020---3A,DIRECT,Y-Mercator (-Horta  - Rodenhuize) 380.73 Y-Horta (-Mercator - Rodenhuize) 380.73 Y-Rodenhuize (-Horta  - Mercator) 380.73,22T20161020---2C,Y-Mercator (-Horta  - Rodenhuize) 380.73,Mercator,Rodenhuize,Line
2024-08-29 12:00:00+00:00,22T20161020---3A,DIRECT,Y-Mercator (-Horta  - Rodenhuize) 380.73 Y-Horta (-Mercator - Rodenhuize) 380.73 Y-Rodenhuize (-Horta  - Mercator) 380.73,22T20161020---2C,Y-Horta (-Mercator - Rodenhuize) 380.73,Horta,Rodenhuize,Line
2024-08-29 12:00:00+00:00,22T20161020---3A,DIRECT,Y-Mercator (-Horta  - Rodenhuize) 380.73 Y-Horta (-Mercator - Rodenhuize) 380.73 Y-Rodenhuize (-Horta  - Mercator) 380.73,22T20161020---2C,Y-Rodenhuize (-Horta  - Mercator) 380.73,Rodenhuize,Rodenhuize,Line
2024-08-29 12:00:00+00:00,10T-BE-NL-00001I,DIRECT,Alegro HVDC,22T201903146---W,NA,NA,NA,
2024-08-29 12:00:00+00:00,10T-BE-NL-00001I,OPPOSITE,Alegro HVDC,22T201903146---W,NA,NA,NA,
2024-08-29 12:00:00+00:00,10T-CZ-DE-00001W,OPPOSITE,Prestice - Etzenricht  Etzenricht - Prestice 442,10T-CZ-DE-00004Q,Prestice - Etzenricht,Prestice,Etzenricht,TieLine
2024-08-29 12:00:00+00:00,10T-CZ-DE-00001W,OPPOSITE,Prestice - Etzenricht  Etzenricht - Prestice 442,10T-CZ-DE-00004Q,Etzenricht - Prestice 442,Etzenricht,Prestice,TieLine
2024-08-29 12:00:00+00:00,10T-CZ-DE-00003S,DIRECT,Hradec - Rohrsdorf - V445  Hradec - Rohrsdorf 445,10T-CZ-DE-00002U,Hradec - Rohrsdorf - V445,Hradec,Rohrsdorf,TieLine
2024-08-29 12:00:00+00:00,10T-CZ-DE-00003S,DIRECT,Hradec - Rohrsdorf - V445  Hradec - Rohrsdorf 445,10T-CZ-DE-00002U,Hradec - Rohrsdorf 445,Hradec,Rohrsdorf,TieLine
2024-08-29 12:00:00+00:00,10T-CZ-DE-00003S,OPPOSITE,Hradec - Rohrsdorf - V445  Hradec - Rohrsdorf 445,10T-CZ-DE-00002U,Hradec - Rohrsdorf - V445,Hradec,Rohrsdorf,TieLine
2024-08-29 12:00:00+00:00,10T-CZ-DE-00003S,OPPOSITE,Hradec - Rohrsdorf - V445  Hradec - Rohrsdorf 445,10T-CZ-DE-00002U,Hradec - Rohrsdorf 445,Hradec,Rohrsdorf,TieLine
2024-08-29 12:00:00+00:00,10T-CZ-SK-00001Y,DIRECT,Nosovice - Varin  Nosovice - Varin,10T-CZ-SK-00002W,Nosovice - Varin,Nosovice,Varin,TieLine
2024-08-29 12:00:00+00:00,10T-CZ-SK-00001Y,DIRECT,Nosovice - Varin  Nosovice - Varin,10T-CZ-SK-00002W,Nosovice - Varin,Nosovice,Varin,TieLine
2024-08-29 12:00:00+00:00,10T-CZ-SK-00001Y,OPPOSITE,Nosovice - Varin  Nosovice - Varin,10T-CZ-SK-00002W,Nosovice - Varin,Nosovice,Varin,TieLine
2024-08-29 12:00:00+00:00,10T-CZ-SK-00001Y,OPPOSITE,Nosovice - Varin  Nosovice - Varin,10T-CZ-SK-00002W,Nosovice - Varin,Nosovice,Varin,TieLine
2024-08-29 12:00:00+00:00,10T-CZ-SK-00002W,DIRECT,Krizovany - Sokolnice Sokolnice - Krizovany,10T-CZ-SK-00003U,Krizovany - Sokolnice,Krizovany,Sokolnice,TieLine
2024-08-29 12:00:00+00:00,10T-CZ-SK-00002W,DIRECT,Krizovany - Sokolnice Sokolnice - Krizovany,10T-CZ-SK-00003U,Sokolnice - Krizovany,Sokolnice,Krizovany,TieLine
2024-08-29 12:00:00+00:00,10T-CZ-SK-00002W,OPPOSITE,Krizovany - Sokolnice Sokolnice - Krizovany,10T-CZ-SK-00003U,Krizovany - Sokolnice,Krizovany,Sokolnice,TieLine
2024-08-29 12:00:00+00:00,10T-CZ-SK-00002W,OPPOSITE,Krizovany - Sokolnice Sokolnice - Krizovany,10T-CZ-SK-00003U,Sokolnice - Krizovany,Sokolnice,Krizovany,TieLine
2024-08-29 12:00:00+00:00,10T-AT-CZ-00004V,DIRECT,Slavetice - Durnrohr - V437  Duernrohr 1 - Slavetice 437,10T-AT-CZ-00003X,Slavetice - Durnrohr - V437,Slavetice,Durnrohr,TieLine
2024-08-29 12:00:00+00:00,10T-AT-CZ-00004V,DIRECT,Slavetice - Durnrohr - V437  Duernrohr 1 - Slavetice 437,10T-AT-CZ-00003X,Duernrohr 1 - Slavetice 437,Duernrohr 1,Slavetice,TieLine
2024-08-29 12:00:00+00:00,10T1001C--001223,DIRECT,Sokolnice - Zaya - V243 Zaya - Sokolnice 243,10T1001C--001215,Sokolnice - Zaya - V243,Sokolnice,Zaya,TieLine
2024-08-29 12:00:00+00:00,10T1001C--001223,DIRECT,Sokolnice - Zaya - V243 Zaya - Sokolnice 243,10T1001C--001215,Zaya - Sokolnice 243,Zaya,Sokolnice,TieLine
2024-08-29 12:00:00+00:00,10T1001C--001223,OPPOSITE,Sokolnice - Zaya - V243 Zaya - Sokolnice 243,10T1001C--001215,Sokolnice - Zaya - V243,Sokolnice,Zaya,TieLine
2024-08-29 12:00:00+00:00,10T1001C--001223,OPPOSITE,Sokolnice - Zaya - V243 Zaya - Sokolnice 243,10T1001C--001215,Zaya - Sokolnice 243,Zaya,Sokolnice,TieLine
2024-08-29 12:00:00+00:00,10T-CZ-SK-00003U,DIRECT,Nosovice - Varin  Nosovice - Varin,10T-CZ-SK-00002W,Nosovice - Varin,Nosovice,Varin,TieLine
2024-08-29 12:00:00+00:00,10T-CZ-SK-00003U,DIRECT,Nosovice - Varin  Nosovice - Varin,10T-CZ-SK-00002W,Nosovice - Varin,Nosovice,Varin,TieLine
2024-08-29 12:00:00+00:00,10T-CZ-SK-00003U,OPPOSITE,Nosovice - Varin  Nosovice - Varin,10T-CZ-SK-00002W,Nosovice - Varin,Nosovice,Varin,TieLine
2024-08-29 12:00:00+00:00,10T-CZ-SK-00003U,OPPOSITE,Nosovice - Varin  Nosovice - Varin,10T-CZ-SK-00002W,Nosovice - Varin,Nosovice,Varin,TieLine
2024-08-29 12:00:00+00:00,10T-CZ-SK-00003U,DIRECT,Sokolnice - Stupava  Sokolnice - Stupava,10T-CZ-SK-00005Q,Sokolnice - Stupava,Sokolnice,Stupava,TieLine
2024-08-29 12:00:00+00:00,10T-CZ-SK-00003U,DIRECT,Sokolnice - Stupava  Sokolnice - Stupava,10T-CZ-SK-00005Q,Sokolnice - Stupava,Stupava,Sokolnice,TieLine
2024-08-29 12:00:00+00:00,10T-CZ-SK-00003U,OPPOSITE,Sokolnice - Stupava  Sokolnice - Stupava,10T-CZ-SK-00005Q,Sokolnice - Stupava,Sokolnice,Stupava,TieLine
2024-08-29 12:00:00+00:00,10T-CZ-SK-00003U,OPPOSITE,Sokolnice - Stupava  Sokolnice - Stupava,10T-CZ-SK-00005Q,Sokolnice - Stupava,Stupava,Sokolnice,TieLine
2024-08-29 12:00:00+00:00,10T-CZ-SK-00003U,DIRECT,H. Zivotice - Krasikov,27T-TLI-V458---B,H. Zivotice - Krasikov,H. Zivotice,Krasikov,Line
2024-08-29 12:00:00+00:00,10T-CZ-SK-00003U,OPPOSITE,H. Zivotice - Krasikov,27T-TLI-V458---B,H. Zivotice - Krasikov,H. Zivotice,Krasikov,Line
2024-08-29 12:00:00+00:00,10T-CZ-DE-00004Q,DIRECT,Hradec - Etzenricht  Etzenricht - Hradec 441,10T-CZ-DE-00001W,Hradec - Etzenricht,Hradec,Etzenricht,TieLine
2024-08-29 12:00:00+00:00,10T-CZ-DE-00004Q,DIRECT,Hradec - Etzenricht  Etzenricht - Hradec 441,10T-CZ-DE-00001W,Etzenricht - Hradec 441,Etzenricht,Hradec,TieLine
2024-08-29 12:00:00+00:00,11T0-0000-0986-7,OPPOSITE,St. Peter 2 - Altheim 233_230 St. Peter - Altheim_Simbach 233_230 Y-Altheim (-Simbach - St. Peter) 233/230 Y-Simbach (-Altheim - St.Peter) 233/230,10T-AT-DE-00001B,St. Peter 2 - Altheim 233_230,St. Peter 2,Altheim,TieLine
2024-08-29 12:00:00+00:00,11T0-0000-0986-7,OPPOSITE,St. Peter 2 - Altheim 233_230 St. Peter - Altheim_Simbach 233_230 Y-Altheim (-Simbach - St. Peter) 233/230 Y-Simbach (-Altheim - St.Peter) 233/230,10T-AT-DE-00001B,NA,NA,NA,
2024-08-29 12:00:00+00:00,11T0-0000-0986-7,OPPOSITE,St. Peter 2 - Altheim 233_230 St. Peter - Altheim_Simbach 233_230 Y-Altheim (-Simbach - St. Peter) 233/230 Y-Simbach (-Altheim - St.Peter) 233/230,11T0-0000-0984-D,Y-Altheim (-Simbach - St. Peter) 233/230,Altheim,Y Simbach,TieLine
2024-08-29 12:00:00+00:00,11T0-0000-0986-7,OPPOSITE,St. Peter 2 - Altheim 233_230 St. Peter - Altheim_Simbach 233_230 Y-Altheim (-Simbach - St. Peter) 233/230 Y-Simbach (-Altheim - St.Peter) 233/230,11T0-0000-0985-A,Y-Simbach (-Altheim - St.Peter) 233/230,Simbach,Y Simbach,TieLine
2024-08-29 12:00:00+00:00,11TD2L000000003L,DIRECT,Altheim - Sittling 220,11TD2L000000004J,Altheim - Sittling 220,Altheim,Sittling,Line
2024-08-29 12:00:00+00:00,11T0-0000-0103-E,DIRECT,Hradec - Rohrsdorf - V445  Hradec - Rohrsdorf 445,10T-CZ-DE-00002U,Hradec - Rohrsdorf - V445,Hradec,Rohrsdorf,TieLine
2024-08-29 12:00:00+00:00,11T0-0000-0103-E,DIRECT,Hradec - Rohrsdorf - V445  Hradec - Rohrsdorf 445,10T-CZ-DE-00002U,Hradec - Rohrsdorf 445,Hradec,Rohrsdorf,TieLine
2024-08-29 12:00:00+00:00,11TD400000543-LM,DIRECT,Grafenrheinfeld - Stalldorf rt (416) Grafenrheinfeld - Stalldorf 416,11T-D2-D4-000022,Grafenrheinfeld - Stalldorf rt (416),Grafenrheinfeld,Stalldorf,Line
2024-08-29 12:00:00+00:00,11TD400000543-LM,DIRECT,Grafenrheinfeld - Stalldorf rt (416) Grafenrheinfeld - Stalldorf 416,11T-D2-D4-000022,Grafenrheinfeld - Stalldorf 416,Grafenrheinfeld,Stalldorf,Line
2024-08-29 12:00:00+00:00,11T0-0000-0872-S,OPPOSITE,Hoepfingen - Hueffenhardt ge,11TD400000543-LM,Hoepfingen - Hueffenhardt ge,Hoepfingen,Hueffenhardt,Line
2024-08-29 12:00:00+00:00,11T0-0000-0781-W,DIRECT,Y-Oberzier (-Paffendorf - Sechtem) SECHTM S Y-Paffendorf (-Oberzier - Sechtem) SECHTM S Y-Sechtem (-Oberzier - Paffendorf) SECHTM S,11T0-0000-0782-T,Y-Oberzier (-Paffendorf - Sechtem) SECHTM S,Oberzier,Y-Paffendorf,Line
2024-08-29 12:00:00+00:00,11T0-0000-0781-W,DIRECT,Y-Oberzier (-Paffendorf - Sechtem) SECHTM S Y-Paffendorf (-Oberzier - Sechtem) SECHTM S Y-Sechtem (-Oberzier - Paffendorf) SECHTM S,11T0-0000-0815-6,Y-Paffendorf (-Oberzier - Sechtem) SECHTM S,Paffendorf,Y-Paffendorf,Line
2024-08-29 12:00:00+00:00,11T0-0000-0781-W,DIRECT,Y-Oberzier (-Paffendorf - Sechtem) SECHTM S Y-Paffendorf (-Oberzier - Sechtem) SECHTM S Y-Sechtem (-Oberzier - Paffendorf) SECHTM S,11T0-0000-0849-J,Y-Sechtem (-Oberzier - Paffendorf) SECHTM S,Sechtem,Y-Paffendorf,Line
2024-08-29 12:00:00+00:00,10T-DE-NL-00005N,DIRECT,Gramme - Achene 380.10,22T-BE-IN-LI0130,Gramme - Achene 380.10,Achene,Gramme,Line
2024-08-29 12:00:00+00:00,10T-DE-NL-00005N,OPPOSITE,Alegro HVDC,22T201903146---W,NA,NA,NA,
2024-08-29 12:00:00+00:00,10T-DE-NL-00005N,OPPOSITE,Gramme - Achene 380.10,22T-BE-IN-LI0130,Gramme - Achene 380.10,Achene,Gramme,Line
2024-08-29 12:00:00+00:00,10T-DE-NL-00005N,OPPOSITE,Boxmeer - Dodewaard 380 Zwart,49T000000000006C,Boxmeer - Dodewaard 380 Zwart,Boxmeer,Dodewaard,Line
2024-08-29 12:00:00+00:00,10T-DE-NL-00005N,OPPOSITE,Avelgem - Horta 380.102,22T20161020---1E,Avelgem - Horta 380.102,Avelgem,Horta,Line
2024-08-29 12:00:00+00:00,10T-DE-NL-00005N,OPPOSITE,Diemen - Lelystad 380 Wit,49T0000000000096,Diemen - Lelystad 380 Wit,Diemen,Lelystad,Line
2024-08-29 12:00:00+00:00,11T0-0000-0604-N,DIRECT,Ensdorf - Vigy VIGY2 S Ensdorf - Vigy VIGY2 S,10T-DE-FR-000068,Ensdorf - Vigy VIGY2 S,Ensdorf,Vigy,TieLine
2024-08-29 12:00:00+00:00,11T0-0000-0604-N,DIRECT,Ensdorf - Vigy VIGY2 S Ensdorf - Vigy VIGY2 S,10T-DE-FR-000068,Ensdorf - Vigy VIGY2 S,Ensdorf,Vigy,TieLine
2024-08-29 12:00:00+00:00,11T0-0000-0781-W,DIRECT,PST Oberzier TR 442 E,11T0-0000-2133-R,PST Oberzier TR 442 E,Oberzier,Oberzier,PST
2024-08-29 12:00:00+00:00,11T0-0000-0620-R,DIRECT,Hanekenfaehr - Meppen BACCUM O,11T0-0000-2249-0,Hanekenfaehr - Meppen BACCUM O,Hanekenfaehr,Meppen,Line
2024-08-29 12:00:00+00:00,11TD8L565------N,DIRECT,Graustein - Baerwalde 566,11TD8L566------F,Graustein - Baerwalde 566,Graustein,Baerwalde,Line
2024-08-29 12:00:00+00:00,11T0-0000-0013-F,DIRECT,Hagenwerder - Mikulowa 567 Mikulowa - Hagenwerder 567,10T-DE-PL-00002B,Hagenwerder - Mikulowa 567,Hagenwerder,Mikulowa,TieLine
2024-08-29 12:00:00+00:00,11T0-0000-0013-F,DIRECT,Hagenwerder - Mikulowa 567 Mikulowa - Hagenwerder 567,10T-DE-PL-00002B,Mikulowa - Hagenwerder 567,Mikulowa 567,Hagenwerder,TieLine
2024-08-29 12:00:00+00:00,11TD8L555------W,OPPOSITE,Dresden/Sued - Schmoelln 556,11TD8L556------O,Dresden/Sued - Schmoelln 556,Dresden/Sued,Schmoelln,Line
2024-08-29 12:00:00+00:00,10T-HR-SI-000022,OPPOSITE,,,,,,
2024-08-29 12:00:00+00:00,10T-HR-SI-000022,DIRECT,Melina - Divaca 400 kV Divaca - Melina,10T-HR-SI-000014,Melina - Divaca,Melina,Divaca,TieLine
2024-08-29 12:00:00+00:00,10T-HR-SI-000022,DIRECT,Melina - Divaca 400 kV Divaca - Melina,10T-HR-SI-000014,400 kV Divaca - Melina,Divaca,Melina,TieLine
2024-08-29 12:00:00+00:00,10T-HR-SI-000022,OPPOSITE,Melina - Divaca 400 kV Divaca - Melina,10T-HR-SI-000014,Melina - Divaca,Melina,Divaca,TieLine
2024-08-29 12:00:00+00:00,10T-HR-SI-000022,OPPOSITE,Melina - Divaca 400 kV Divaca - Melina,10T-HR-SI-000014,400 kV Divaca - Melina,Divaca,Melina,TieLine
2024-08-29 12:00:00+00:00,10T-HR-HU-000033,OPPOSITE,Pecs - Ernestinovo2 491B Ernestinovo - Pecs 2,10T-HR-HU-000041,Pecs - Ernestinovo2 491B,Pecs,Ernestinovo,TieLine
2024-08-29 12:00:00+00:00,10T-HR-HU-000033,OPPOSITE,Pecs - Ernestinovo2 491B Ernestinovo - Pecs 2,10T-HR-HU-000041,Ernestinovo - Pecs 2,Ernestinovo,Pecs 2,TieLine
2024-08-29 12:00:00+00:00,10T-HR-SI-00004Z,OPPOSITE,Tumbri - Krsko 2 400 kV Krsko - Tumbri 2,10T-HR-SI-00005X,Tumbri - Krsko 2,Tumbri,Krsko,TieLine
2024-08-29 12:00:00+00:00,10T-HR-SI-00004Z,OPPOSITE,Tumbri - Krsko 2 400 kV Krsko - Tumbri 2,10T-HR-SI-00005X,400 kV Krsko - Tumbri 2,Krsko,Tumbri,TieLine
2024-08-29 12:00:00+00:00,15T-M000002791-J,DIRECT,Gabcikovo - Gyor Gabcikovo - Gyor,10T-HU-SK-00002R,Gabcikovo - Gyor,Gabcikovo,Gyor,TieLine
2024-08-29 12:00:00+00:00,15T-M000002791-J,DIRECT,Gabcikovo - Gyor Gabcikovo - Gyor,10T-HU-SK-00002R,Gabcikovo - Gyor,Gabcikovo,Gyor,TieLine
2024-08-29 12:00:00+00:00,15T-M000002791-J,OPPOSITE,Gabcikovo - Gyor Gabcikovo - Gyor,10T-HU-SK-00002R,Gabcikovo - Gyor,Gabcikovo,Gyor,TieLine
2024-08-29 12:00:00+00:00,15T-M000002791-J,OPPOSITE,Gabcikovo - Gyor Gabcikovo - Gyor,10T-HU-SK-00002R,Gabcikovo - Gyor,Gabcikovo,Gyor,TieLine
2024-08-29 12:00:00+00:00,10T-HU-UA-00002F,DIRECT,Szabolcsbaka - Mukachevo,10T1001C--000421,Szabolcsbaka - Mukachevo,Szabolcsbaka,Mukachevo,TieLine
2024-08-29 12:00:00+00:00,10T1001C--00056R,DIRECT,Gabcikovo - Gyor Gabcikovo - Gyor,10T-HU-SK-00002R,Gabcikovo - Gyor,Gabcikovo,Gyor,TieLine
2024-08-29 12:00:00+00:00,10T1001C--00056R,DIRECT,Gabcikovo - Gyor Gabcikovo - Gyor,10T-HU-SK-00002R,Gabcikovo - Gyor,Gabcikovo,Gyor,TieLine
2024-08-29 12:00:00+00:00,10T1001C--00056R,OPPOSITE,Gabcikovo - Gyor Gabcikovo - Gyor,10T-HU-SK-00002R,Gabcikovo - Gyor,Gabcikovo,Gyor,TieLine
2024-08-29 12:00:00+00:00,10T1001C--00056R,OPPOSITE,Gabcikovo - Gyor Gabcikovo - Gyor,10T-HU-SK-00002R,Gabcikovo - Gyor,Gabcikovo,Gyor,TieLine
2024-08-29 12:00:00+00:00,10T1001C--00101B,DIRECT,Zerjavinec - Heviz Zerjavinec - Heviz,10T-HR-HU-000025,Zerjavinec - Heviz,Zerjavinec,Heviz,TieLine
2024-08-29 12:00:00+00:00,10T1001C--00101B,DIRECT,Zerjavinec - Heviz Zerjavinec - Heviz,10T-HR-HU-000025,Zerjavinec - Heviz,Zerjavinec,Heviz,TieLine
2024-08-29 12:00:00+00:00,10T1001C--00101B,OPPOSITE,Zerjavinec - Heviz Zerjavinec - Heviz,10T-HR-HU-000025,Zerjavinec - Heviz,Zerjavinec,Heviz,TieLine
2024-08-29 12:00:00+00:00,10T1001C--00101B,OPPOSITE,Zerjavinec - Heviz Zerjavinec - Heviz,10T-HR-HU-000025,Zerjavinec - Heviz,Zerjavinec,Heviz,TieLine
2024-08-29 12:00:00+00:00,15T-M00000043583,DIRECT,Kerepes - Zuglo 2,15T-M00000043591,Kerepes - Zuglo 2,Kerepes,Zuglo,Line
2024-08-29 12:00:00+00:00,10T-DE-NL-00002T,OPPOSITE,PST Gronau TR 441 E,11T0-0000-0620-R,PST Gronau TR 441 E,Gronau,Gronau,PST
2024-08-29 12:00:00+00:00,10T-DE-NL-00002T,DIRECT,Y-Doerpen West (-Meppen - Niederlangen) EMSLD OW Y-Niederlangen (-Meppen - Doerpen West) EMSLD OW Y-Meppen (-Doerpen West - Niederlangen) EMSLD OW Meppen - Niederlangen - Doerpen West EMSLD OW,11T0-0000-0990-L,Y-Doerpen West (-Meppen - Niederlangen) EMSLD OW,Doerpen West,Y Niederlangen,Line
2024-08-29 12:00:00+00:00,10T-DE-NL-00002T,DIRECT,Y-Doerpen West (-Meppen - Niederlangen) EMSLD OW Y-Niederlangen (-Meppen - Doerpen West) EMSLD OW Y-Meppen (-Doerpen West - Niederlangen) EMSLD OW Meppen - Niederlangen - Doerpen West EMSLD OW,11T0-0000-0991-I,Y-Niederlangen (-Meppen - Doerpen West) EMSLD OW,Niederlangen,Y Niederlangen,Line
2024-08-29 12:00:00+00:00,10T-DE-NL-00002T,DIRECT,Y-Doerpen West (-Meppen - Niederlangen) EMSLD OW Y-Niederlangen (-Meppen - Doerpen West) EMSLD OW Y-Meppen (-Doerpen West - Niederlangen) EMSLD OW Meppen - Niederlangen - Doerpen West EMSLD OW,11T-D2-D7-00001H,Y-Meppen (-Doerpen West - Niederlangen) EMSLD OW,Meppen,Y Niederlangen,Line
2024-08-29 12:00:00+00:00,10T-DE-NL-00002T,DIRECT,Y-Doerpen West (-Meppen - Niederlangen) EMSLD OW Y-Niederlangen (-Meppen - Doerpen West) EMSLD OW Y-Meppen (-Doerpen West - Niederlangen) EMSLD OW Meppen - Niederlangen - Doerpen West EMSLD OW,11T-D2-D7-00001H,NA,NA,NA,
2024-08-29 12:00:00+00:00,10T-DE-NL-00005N,DIRECT,PST Gronau TR 441 E,11T0-0000-0620-R,PST Gronau TR 441 E,Gronau,Gronau,PST
2024-08-29 12:00:00+00:00,10T-DE-NL-00005N,OPPOSITE,Opladen - Rommerskirchen OPLADN N,11T0-0000-0793-M,Opladen - Rommerskirchen OPLADN N,Opladen,Rommerskirchen,Line
2024-08-29 12:00:00+00:00,10T-DE-NL-00005N,OPPOSITE,Y-Oberzier (-Paffendorf - Sechtem) SECHTM S Y-Paffendorf (-Oberzier - Sechtem) SECHTM S Y-Sechtem (-Oberzier - Paffendorf) SECHTM S,11T0-0000-0782-T,Y-Oberzier (-Paffendorf - Sechtem) SECHTM S,Oberzier,Y-Paffendorf,Line
2024-08-29 12:00:00+00:00,10T-DE-NL-00005N,OPPOSITE,Y-Oberzier (-Paffendorf - Sechtem) SECHTM S Y-Paffendorf (-Oberzier - Sechtem) SECHTM S Y-Sechtem (-Oberzier - Paffendorf) SECHTM S,11T0-0000-0815-6,Y-Paffendorf (-Oberzier - Sechtem) SECHTM S,Paffendorf,Y-Paffendorf,Line
2024-08-29 12:00:00+00:00,10T-DE-NL-00005N,OPPOSITE,Y-Oberzier (-Paffendorf - Sechtem) SECHTM S Y-Paffendorf (-Oberzier - Sechtem) SECHTM S Y-Sechtem (-Oberzier - Paffendorf) SECHTM S,11T0-0000-0849-J,Y-Sechtem (-Oberzier - Paffendorf) SECHTM S,Sechtem,Y-Paffendorf,Line
2024-08-29 12:00:00+00:00,49T0000000000096,OPPOSITE,Diemen - Lelystad 380 Zwart,49T000000000010L,Diemen - Lelystad 380 Zwart,Diemen,Lelystad,Line
2024-08-29 12:00:00+00:00,49T0000000000274,DIRECT,Krimpen a/d IJssel - Geertruidenberg 380 Zwart,49T0000000000282,Krimpen a/d IJssel - Geertruidenberg 380 Zwart,Krimpen a/d IJssel,Geertruidenberg,Line
2024-08-29 12:00:00+00:00,49T0000000000274,OPPOSITE,Krimpen a/d IJssel - Geertruidenberg 380 Zwart,49T0000000000282,Krimpen a/d IJssel - Geertruidenberg 380 Zwart,Krimpen a/d IJssel,Geertruidenberg,Line
2024-08-29 12:00:00+00:00,19T000000001304A,DIRECT,Krosno Iskrzynia - Tarnow,19T000000000296P,Krosno Iskrzynia - Tarnow,Krosno Iskrzynia,Tarnow,Line
2024-08-29 12:00:00+00:00,19T000000001304A,OPPOSITE,Krosno Iskrzynia - Tarnow,19T000000000296P,Krosno Iskrzynia - Tarnow,Krosno Iskrzynia,Tarnow,Line
2024-08-29 12:00:00+00:00,19T0000000063830,DIRECT,Hagenwerder - Mikulowa 568 Mikulowa - Hagenwerder 568,10T-DE-PL-00001D,Hagenwerder - Mikulowa 568,Hagenwerder,Mikulowa,TieLine
2024-08-29 12:00:00+00:00,19T0000000063830,DIRECT,Hagenwerder - Mikulowa 568 Mikulowa - Hagenwerder 568,10T-DE-PL-00001D,Mikulowa - Hagenwerder 568,Mikulowa 568,Hagenwerder,TieLine
2024-08-29 12:00:00+00:00,19T0000000063830,OPPOSITE,Hagenwerder - Mikulowa 568 Mikulowa - Hagenwerder 568,10T-DE-PL-00001D,Hagenwerder - Mikulowa 568,Hagenwerder,Mikulowa,TieLine
2024-08-29 12:00:00+00:00,19T0000000063830,OPPOSITE,Hagenwerder - Mikulowa 568 Mikulowa - Hagenwerder 568,10T-DE-PL-00001D,Mikulowa - Hagenwerder 568,Mikulowa 568,Hagenwerder,TieLine
2024-08-29 12:00:00+00:00,19T000000006396S,DIRECT,Polaniec - Rzeszow,19T000000006420K,Polaniec - Rzeszow,Polaniec,Rzeszow,Line
2024-08-29 12:00:00+00:00,10T1001A1001A09N,DIRECT,Nosovice - Wielopole  Wielopole - Nosovice,10T-CZ-PL-00004A,Nosovice - Wielopole,Nosovice,Wielopole,TieLine
2024-08-29 12:00:00+00:00,10T1001A1001A09N,DIRECT,Nosovice - Wielopole  Wielopole - Nosovice,10T-CZ-PL-00004A,Wielopole - Nosovice,Wielopole,Nosovice,TieLine
2024-08-29 12:00:00+00:00,10T-CZ-PL-00004A,DIRECT,Dobrzen - Detmarovice Dobrzen - Detmarovice,10T1001A1001A09N,Dobrzen - Detmarovice,Dobrzen,Detmarovice,TieLine
2024-08-29 12:00:00+00:00,10T-CZ-PL-00004A,DIRECT,Dobrzen - Detmarovice Dobrzen - Detmarovice,10T1001A1001A09N,Dobrzen - Detmarovice,Detmarovice,Dobrzen,TieLine
2024-08-29 12:00:00+00:00,10T-CZ-PL-00004A,OPPOSITE,Dobrzen - Detmarovice Dobrzen - Detmarovice,10T1001A1001A09N,Dobrzen - Detmarovice,Dobrzen,Detmarovice,TieLine
2024-08-29 12:00:00+00:00,10T-CZ-PL-00004A,OPPOSITE,Dobrzen - Detmarovice Dobrzen - Detmarovice,10T1001A1001A09N,Dobrzen - Detmarovice,Detmarovice,Dobrzen,TieLine
2024-08-29 12:00:00+00:00,30TPARO220TRGJ-Q,OPPOSITE,Portile de Fier - Djerdap,10T-RO-RS-00001V,Portile de Fier - Djerdap,Portile de Fier,Djerdap,TieLine
2024-08-29 12:00:00+00:00,30TPARO220TRGJ-Q,OPPOSITE,Sibiu Sud - Mintia,30TMINT400SIBI-Z,Sibiu Sud - Mintia,Sibiu Sud,Mintia,Line
2024-08-29 12:00:00+00:00,30T-ROSI400AT--1,DIRECT,Rosiori - Gadalin,30TGADA400ROSI-A,Rosiori - Gadalin,Rosiori,Gadalin,Line
2024-08-29 12:00:00+00:00,10T-RO-RS-00001V,OPPOSITE,Tantareni - Kozlodui c2 Tantareni - Kozlodui c1,10T-BG-RO-00001A,Tantareni - Kozlodui c2,Tantareni,Kozlodui,TieLine
2024-08-29 12:00:00+00:00,10T-RO-RS-00001V,OPPOSITE,Tantareni - Kozlodui c2 Tantareni - Kozlodui c1,10T-RO-BG-00002A,Tantareni - Kozlodui c1,Tantareni,Kozlodui,TieLine
2024-08-29 12:00:00+00:00,30TPARO220TRGJ-Q,OPPOSITE,Isaccea - Vulcanesti,30TISAC400VULC-W,Isaccea - Vulcanesti,Isaccea,Vulcanesti,TieLine
2024-08-29 12:00:00+00:00,10T1001C--00101B,DIRECT,Kainachtal - Maribor 473 400 kV Maribor - Kainachtal 1,10T-AT-SI-00001T,Kainachtal - Maribor 473,Kainachtal,Maribor,TieLine
2024-08-29 12:00:00+00:00,10T1001C--00101B,DIRECT,Kainachtal - Maribor 473 400 kV Maribor - Kainachtal 1,10T-AT-SI-00001T,400 kV Maribor - Kainachtal 1,Maribor,Kainachtal,TieLine
2024-08-29 12:00:00+00:00,10T1001C--00101B,DIRECT,Zerjavinec - Cirkovce 400 kV Cirkovce - Zerjavinec,10T1001C--001037,Zerjavinec - Cirkovce,Zerjavinec,Cirkovce,TieLine
2024-08-29 12:00:00+00:00,10T1001C--00101B,DIRECT,Zerjavinec - Cirkovce 400 kV Cirkovce - Zerjavinec,10T1001C--001037,400 kV Cirkovce - Zerjavinec,Cirkovce,Zerjavinec,TieLine
2024-08-29 12:00:00+00:00,10T1001C--00101B,OPPOSITE,Kainachtal - Maribor 473 400 kV Maribor - Kainachtal 1,10T-AT-SI-00001T,Kainachtal - Maribor 473,Kainachtal,Maribor,TieLine
2024-08-29 12:00:00+00:00,10T1001C--00101B,OPPOSITE,Kainachtal - Maribor 473 400 kV Maribor - Kainachtal 1,10T-AT-SI-00001T,400 kV Maribor - Kainachtal 1,Maribor,Kainachtal,TieLine
2024-08-29 12:00:00+00:00,10T1001C--00101B,OPPOSITE,Zerjavinec - Cirkovce 400 kV Cirkovce - Zerjavinec,10T1001C--001037,Zerjavinec - Cirkovce,Zerjavinec,Cirkovce,TieLine
2024-08-29 12:00:00+00:00,10T1001C--00101B,OPPOSITE,Zerjavinec - Cirkovce 400 kV Cirkovce - Zerjavinec,10T1001C--001037,400 kV Cirkovce - Zerjavinec,Cirkovce,Zerjavinec,TieLine
2024-08-29 12:00:00+00:00,10T-HU-SK-00001T,DIRECT,R.Sobota - Sajoivanka  R.Sobota - Sajoivanka,10T1001C--00054V,R.Sobota - Sajoivanka,R.Sobota,Sajoivanka,TieLine
2024-08-29 12:00:00+00:00,10T-HU-SK-00001T,DIRECT,R.Sobota - Sajoivanka  R.Sobota - Sajoivanka,10T1001C--00054V,R.Sobota - Sajoivanka,R.Sobota,Sajoivanka,TieLine
2024-08-29 12:00:00+00:00,10T-SK-UA-00001W,DIRECT,R.Sobota - Sajoivanka  R.Sobota - Sajoivanka,10T1001C--00054V,R.Sobota - Sajoivanka,R.Sobota,Sajoivanka,TieLine
2024-08-29 12:00:00+00:00,10T-SK-UA-00001W,DIRECT,R.Sobota - Sajoivanka  R.Sobota - Sajoivanka,10T1001C--00054V,R.Sobota - Sajoivanka,R.Sobota,Sajoivanka,TieLine
2024-08-29 12:00:00+00:00,24T-V429-0000005,DIRECT,V.Dur - Krizovany,24T-V425-0000004,V.Dur - Krizovany,V.Dur,Krizovany,Line
2024-08-29 12:00:00+00:00,24T-V493-000000Q,DIRECT,Bosaca - Varin,24T-V495-0000008,Bosaca - Varin,Bosaca,Varin,Line
2024-08-29 12:00:00+00:00,24T-V490-000000G,DIRECT,V.Dur - Levice 2,24T-V491-0000007,V.Dur - Levice 2,V.Dur,Levice,Line
2024-08-29 12:00:00+00:00,24T-V425-0000004,DIRECT,Gabcikovo - P.Biskupice,24T-V429-0000005,Gabcikovo - P.Biskupice,Gabcikovo,P.Biskupice,Line
2024-08-29 12:00:00+00:00,10T-SK-UA-00001W,OPPOSITE,R.Sobota - Sajoivanka  R.Sobota - Sajoivanka,10T1001C--00054V,R.Sobota - Sajoivanka,R.Sobota,Sajoivanka,TieLine
2024-08-29 12:00:00+00:00,10T-SK-UA-00001W,OPPOSITE,R.Sobota - Sajoivanka  R.Sobota - Sajoivanka,10T1001C--00054V,R.Sobota - Sajoivanka,R.Sobota,Sajoivanka,TieLine
2024-08-29 12:00:00+00:00,10T-CZ-SK-00002W,OPPOSITE,Sp.Nova Ves - Lemesany,24T-V408-000000Y,Sp.Nova Ves - Lemesany,Sp.Nova Ves,Lemesany,Line
2024-08-29 12:00:00+00:00,24T-V425-0000004,OPPOSITE,Gabcikovo - P.Biskupice,24T-V429-0000005,Gabcikovo - P.Biskupice,Gabcikovo,P.Biskupice,Line
2024-08-29 13:00:00+00:00,10T-AT-SI-00003P,DIRECT,Kainachtal - Obersielach 471,14T-380-0-00471D,Kainachtal - Obersielach 471,Kainachtal,Obersielach,Line
2024-08-29 13:00:00+00:00,10T-AT-SI-00003P,DIRECT,Kainachtal - Maribor 473 400 kV Maribor - Kainachtal 1,10T-AT-SI-00001T,Kainachtal - Maribor 473,Kainachtal,Maribor,TieLine
2024-08-29 13:00:00+00:00,10T-AT-SI-00003P,DIRECT,Kainachtal - Maribor 473 400 kV Maribor - Kainachtal 1,10T-AT-SI-00001T,400 kV Maribor - Kainachtal 1,Maribor,Kainachtal,TieLine
2024-08-29 13:00:00+00:00,10T-AT-SI-00003P,OPPOSITE,Kainachtal - Maribor 473 400 kV Maribor - Kainachtal 1,10T-AT-SI-00001T,Kainachtal - Maribor 473,Kainachtal,Maribor,TieLine
2024-08-29 13:00:00+00:00,10T-AT-SI-00003P,OPPOSITE,Kainachtal - Maribor 473 400 kV Maribor - Kainachtal 1,10T-AT-SI-00001T,400 kV Maribor - Kainachtal 1,Maribor,Kainachtal,TieLine
2024-08-29 13:00:00+00:00,10T-AT-SI-00003P,DIRECT,400 kV Cirkovce - Podlog,28T000000000301K,400 kV Cirkovce - Podlog,Cirkovce,Podlog,Line
2024-08-29 13:00:00+00:00,10T-AT-SI-00003P,OPPOSITE,400 kV Cirkovce - Podlog,28T000000000301K,400 kV Cirkovce - Podlog,Cirkovce,Podlog,Line
2024-08-29 13:00:00+00:00,10T-AT-SI-00003P,DIRECT,400 kV Cirkovce - Krsko,28T000000000300M,400 kV Cirkovce - Krsko,Cirkovce,Krsko,Line
2024-08-29 13:00:00+00:00,10T-AT-DE-000037,DIRECT,Pirach Neu - Pleinting 296/257 Pirach Neu - Pirach 296/257,11T0-0000-2108-O,Pirach Neu - Pleinting 296/257,Pirach Neu,Pleinting,Line
2024-08-29 13:00:00+00:00,10T-AT-DE-000037,DIRECT,Pirach Neu - Pleinting 296/257 Pirach Neu - Pirach 296/257,11T0-0000-2108-O,Pirach Neu - Pirach 296/257,Pirach Neu,Pirach,Line
2024-08-29 13:00:00+00:00,10T-AT-SI-00001T,OPPOSITE,Kainachtal - Maribor 474 400 kV Maribor - Kainachtal 2,10T-AT-SI-00002R,Kainachtal - Maribor 474,Kainachtal,Maribor,TieLine
2024-08-29 13:00:00+00:00,10T-AT-SI-00001T,OPPOSITE,Kainachtal - Maribor 474 400 kV Maribor - Kainachtal 2,10T-AT-SI-00002R,400 kV Maribor - Kainachtal 2,Maribor,Kainachtal,TieLine
2024-08-29 13:00:00+00:00,14T-38220-WT041O,OPPOSITE,Leupolz - Westtirol 412 Leupolz - Westtirol FUESSN O,10T-AT-DE-10007U,Leupolz - Westtirol 412,Leupolz,Westtirol,TieLine
2024-08-29 13:00:00+00:00,14T-38220-WT041O,OPPOSITE,Leupolz - Westtirol 412 Leupolz - Westtirol FUESSN O,10T-AT-DE-10007U,Leupolz - Westtirol FUESSN O,Leupolz,Westtirol,TieLine
2024-08-29 13:00:00+00:00,14T-38220-WT041O,OPPOSITE,Buers - Westtirol ws (421) Westtirol 1 - Buers 421,10T-AT-DE-000053,Buers - Westtirol ws (421),Buers,Westtirol,TieLine
2024-08-29 13:00:00+00:00,14T-38220-WT041O,OPPOSITE,Buers - Westtirol ws (421) Westtirol 1 - Buers 421,10T-AT-DE-000053,Westtirol 1 - Buers 421,Buers,Westtirol,TieLine
2024-08-29 13:00:00+00:00,14T-38220-ZZ041D,DIRECT,Zell am Ziller 1 - Zell am Ziller 2 ZZRHU42,14T-38220-ZZ042B,Zell am Ziller 1 - Zell am Ziller 2 ZZRHU42,Zell am Ziller 1,Zell am Ziller 2,Transformer
2024-08-29 13:00:00+00:00,14T-38220-LI043U,DIRECT,Lienz 2 - Lienz 1 LIRHU41,14T-38220-LI041Y,Lienz 2 - Lienz 1 LIRHU41,Lienz 2,Lienz 1,Transformer
2024-08-29 13:00:00+00:00,10T-BE-FR-000015,DIRECT,Avelgem - Horta 380.102,22T20161020---1E,Avelgem - Horta 380.102,Avelgem,Horta,Line
2024-08-29 13:00:00+00:00,10T-BE-FR-000015,DIRECT,Lixhe - Van Eyck 380.91 Alegro HVDC,22T20180102---2W,Lixhe - Van Eyck 380.91,Lixhe,Van Eyck,Line
2024-08-29 13:00:00+00:00,10T-BE-FR-000015,DIRECT,Lixhe - Van Eyck 380.91 Alegro HVDC,22T201903146---W,NA,NA,NA,
2024-08-29 13:00:00+00:00,10T-BE-FR-000015,DIRECT,PST Van Eyck 2,22T-BE-PST--002U,PST Van Eyck 2,Van Eyck,Van Eyck,PST
2024-08-29 13:00:00+00:00,10T-BE-FR-000015,OPPOSITE,Avelgem - Horta 380.102,22T20161020---1E,Avelgem - Horta 380.102,Avelgem,Horta,Line
2024-08-29 13:00:00+00:00,10T-BE-FR-000015,OPPOSITE,PST Van Eyck 2,22T-BE-PST--002U,PST Van Eyck 2,Van Eyck,Van Eyck,PST
2024-08-29 13:00:00+00:00,22T-BE-IN-LI018R,DIRECT,Y-Van Eyck (-Andre Dumont - Gramme) 380.12 Y-Andre Dumont (-Gramme - Van Eyck) 380.12 Y-Gramme (-Andre Dumont - Van Eyck) 380.12,22T20161020---48,Y-Van Eyck (-Andre Dumont - Gramme) 380.12,Van Eyck,Zuttendaal,Line
2024-08-29 13:00:00+00:00,22T-BE-IN-LI018R,DIRECT,Y-Van Eyck (-Andre Dumont - Gramme) 380.12 Y-Andre Dumont (-Gramme - Van Eyck) 380.12 Y-Gramme (-Andre Dumont - Van Eyck) 380.12,22T20161020---48,Y-Andre Dumont (-Gramme - Van Eyck) 380.12,Andre Dumont,Zuttendaal,Line
2024-08-29 13:00:00+00:00,22T-BE-IN-LI018R,DIRECT,Y-Van Eyck (-Andre Dumont - Gramme) 380.12 Y-Andre Dumont (-Gramme - Van Eyck) 380.12 Y-Gramme (-Andre Dumont - Van Eyck) 380.12,22T20161020---48,Y-Gramme (-Andre Dumont - Van Eyck) 380.12,Gramme,Zuttendaal,Line
2024-08-29 13:00:00+00:00,10T-BE-NL-00001I,DIRECT,Y-Bruegel (-Courcelles - Drogenbos) 380.33 Y-Courcelles (-Bruegel - Drogenbos) 380.33 Y-Drogenbos (-Bruegel - Courcelles) 380.33,22T-BE-IN-LI0017,Y-Bruegel (-Courcelles - Drogenbos) 380.33,Bruegel,Mekingen,Line
2024-08-29 13:00:00+00:00,10T-BE-NL-00001I,DIRECT,Y-Bruegel (-Courcelles - Drogenbos) 380.33 Y-Courcelles (-Bruegel - Drogenbos) 380.33 Y-Drogenbos (-Bruegel - Courcelles) 380.33,22T-BE-IN-LI0017,Y-Courcelles (-Bruegel - Drogenbos) 380.33,Courcelles,Mekingen,Line
2024-08-29 13:00:00+00:00,10T-BE-NL-00001I,DIRECT,Y-Bruegel (-Courcelles - Drogenbos) 380.33 Y-Courcelles (-Bruegel - Drogenbos) 380.33 Y-Drogenbos (-Bruegel - Courcelles) 380.33,22T-BE-IN-LI0017,Y-Drogenbos (-Bruegel - Courcelles) 380.33,Drogenbos,Mekingen,Line
2024-08-29 13:00:00+00:00,10T-BE-NL-00001I,DIRECT,Gramme - Achene 380.10,22T-BE-IN-LI0130,Gramme - Achene 380.10,Achene,Gramme,Line
2024-08-29 13:00:00+00:00,10T-BE-NL-00001I,DIRECT,Y-Bruegel (-Mercator - Verbrande Brug) 380.36 Y-Mercator (-Bruegel - Verbrande Brug) 380.36 Y-Verbrande Brug (-Bruegel - Mercator) 380.36,22T-BE-IN-LI006Y,Y-Bruegel (-Mercator - Verbrande Brug) 380.36,Bruegel,Buggenhout,Line
2024-08-29 13:00:00+00:00,10T-BE-NL-00001I,DIRECT,Y-Bruegel (-Mercator - Verbrande Brug) 380.36 Y-Mercator (-Bruegel - Verbrande Brug) 380.36 Y-Verbrande Brug (-Bruegel - Mercator) 380.36,22T-BE-IN-LI006Y,Y-Mercator (-Bruegel - Verbrande Brug) 380.36,Mercator,Buggenhout,Line
2024-08-29 13:00:00+00:00,10T-BE-NL-00001I,DIRECT,Y-Bruegel (-Mercator - Verbrande Brug) 380.36 Y-Mercator (-Bruegel - Verbrande Brug) 380.36 Y-Verbrande Brug (-Bruegel - Mercator) 380.36,22T-BE-IN-LI006Y,Y-Verbrande Brug (-Bruegel - Mercator) 380.36,Verbrande Brug,Buggenhout,Line
2024-08-29 13:00:00+00:00,10T-BE-NL-00001I,DIRECT,PST Van Eyck 1,22T-BE-PST--001W,PST Van Eyck 1,Van Eyck,Van Eyck,PST
2024-08-29 13:00:00+00:00,10T-BE-NL-00001I,OPPOSITE,Achene - Lonny 380.19 Achene - Lonny 19,10T-BE-FR-000015,Achene - Lonny 380.19,Achene,Lonny,TieLine
2024-08-29 13:00:00+00:00,10T-BE-NL-00001I,OPPOSITE,Achene - Lonny 380.19 Achene - Lonny 19,10T-BE-FR-000015,Achene - Lonny 19,Achene,Lonny,TieLine
2024-08-29 13:00:00+00:00,10T-BE-NL-00001I,OPPOSITE,Y-Bruegel (-Mercator - Verbrande Brug) 380.36 Y-Mercator (-Bruegel - Verbrande Brug) 380.36 Y-Verbrande Brug (-Bruegel - Mercator) 380.36,22T-BE-IN-LI006Y,Y-Bruegel (-Mercator - Verbrande Brug) 380.36,Bruegel,Buggenhout,Line
2024-08-29 13:00:00+00:00,10T-BE-NL-00001I,OPPOSITE,Y-Bruegel (-Mercator - Verbrande Brug) 380.36 Y-Mercator (-Bruegel - Verbrande Brug) 380.36 Y-Verbrande Brug (-Bruegel - Mercator) 380.36,22T-BE-IN-LI006Y,Y-Mercator (-Bruegel - Verbrande Brug) 380.36,Mercator,Buggenhout,Line
2024-08-29 13:00:00+00:00,10T-BE-NL-00001I,OPPOSITE,Y-Bruegel (-Mercator - Verbrande Brug) 380.36 Y-Mercator (-Bruegel - Verbrande Brug) 380.36 Y-Verbrande Brug (-Bruegel - Mercator) 380.36,22T-BE-IN-LI006Y,Y-Verbrande Brug (-Bruegel - Mercator) 380.36,Verbrande Brug,Buggenhout,Line
2024-08-29 13:00:00+00:00,10T-BE-NL-00001I,OPPOSITE,PST Van Eyck 1,22T-BE-PST--001W,PST Van Eyck 1,Van Eyck,Van Eyck,PST
2024-08-29 13:00:00+00:00,22T-BE-IN-LI02AK,DIRECT,Doel - Zandvliet 380.26,22T20170512----9,Doel - Zandvliet 380.26,Doel,Zandvliet,Line
2024-08-29 13:00:00+00:00,10T-BE-NL-00001I,DIRECT,Alegro HVDC,22T201903146---W,NA,NA,NA,
2024-08-29 13:00:00+00:00,10T-BE-NL-00001I,OPPOSITE,Alegro HVDC,22T201903146---W,NA,NA,NA,
2024-08-29 13:00:00+00:00,10T-CZ-DE-00001W,OPPOSITE,Prestice - Etzenricht  Etzenricht - Prestice 442,10T-CZ-DE-00004Q,Prestice - Etzenricht,Prestice,Etzenricht,TieLine
2024-08-29 13:00:00+00:00,10T-CZ-DE-00001W,OPPOSITE,Prestice - Etzenricht  Etzenricht - Prestice 442,10T-CZ-DE-00004Q,Etzenricht - Prestice 442,Etzenricht,Prestice,TieLine
2024-08-29 13:00:00+00:00,10T-CZ-DE-00003S,DIRECT,Hradec - Rohrsdorf - V445  Hradec - Rohrsdorf 445,10T-CZ-DE-00002U,Hradec - Rohrsdorf - V445,Hradec,Rohrsdorf,TieLine
2024-08-29 13:00:00+00:00,10T-CZ-DE-00003S,DIRECT,Hradec - Rohrsdorf - V445  Hradec - Rohrsdorf 445,10T-CZ-DE-00002U,Hradec - Rohrsdorf 445,Hradec,Rohrsdorf,TieLine
2024-08-29 13:00:00+00:00,10T-CZ-DE-00003S,OPPOSITE,Hradec - Rohrsdorf - V445  Hradec - Rohrsdorf 445,10T-CZ-DE-00002U,Hradec - Rohrsdorf - V445,Hradec,Rohrsdorf,TieLine
2024-08-29 13:00:00+00:00,10T-CZ-DE-00003S,OPPOSITE,Hradec - Rohrsdorf - V445  Hradec - Rohrsdorf 445,10T-CZ-DE-00002U,Hradec - Rohrsdorf 445,Hradec,Rohrsdorf,TieLine
2024-08-29 13:00:00+00:00,10T-CZ-SK-00001Y,DIRECT,Nosovice - Varin  Nosovice - Varin,10T-CZ-SK-00002W,Nosovice - Varin,Nosovice,Varin,TieLine
2024-08-29 13:00:00+00:00,10T-CZ-SK-00001Y,DIRECT,Nosovice - Varin  Nosovice - Varin,10T-CZ-SK-00002W,Nosovice - Varin,Nosovice,Varin,TieLine
2024-08-29 13:00:00+00:00,10T-CZ-SK-00001Y,OPPOSITE,Nosovice - Varin  Nosovice - Varin,10T-CZ-SK-00002W,Nosovice - Varin,Nosovice,Varin,TieLine
2024-08-29 13:00:00+00:00,10T-CZ-SK-00001Y,OPPOSITE,Nosovice - Varin  Nosovice - Varin,10T-CZ-SK-00002W,Nosovice - Varin,Nosovice,Varin,TieLine
2024-08-29 13:00:00+00:00,10T-CZ-SK-00002W,DIRECT,Krizovany - Sokolnice Sokolnice - Krizovany,10T-CZ-SK-00003U,Krizovany - Sokolnice,Krizovany,Sokolnice,TieLine
2024-08-29 13:00:00+00:00,10T-CZ-SK-00002W,DIRECT,Krizovany - Sokolnice Sokolnice - Krizovany,10T-CZ-SK-00003U,Sokolnice - Krizovany,Sokolnice,Krizovany,TieLine
2024-08-29 13:00:00+00:00,10T-CZ-SK-00002W,OPPOSITE,Krizovany - Sokolnice Sokolnice - Krizovany,10T-CZ-SK-00003U,Krizovany - Sokolnice,Krizovany,Sokolnice,TieLine
2024-08-29 13:00:00+00:00,10T-CZ-SK-00002W,OPPOSITE,Krizovany - Sokolnice Sokolnice - Krizovany,10T-CZ-SK-00003U,Sokolnice - Krizovany,Sokolnice,Krizovany,TieLine
2024-08-29 13:00:00+00:00,10T-AT-CZ-00004V,DIRECT,Slavetice - Durnrohr - V437  Duernrohr 1 - Slavetice 437,10T-AT-CZ-00003X,Slavetice - Durnrohr - V437,Slavetice,Durnrohr,TieLine
2024-08-29 13:00:00+00:00,10T-AT-CZ-00004V,DIRECT,Slavetice - Durnrohr - V437  Duernrohr 1 - Slavetice 437,10T-AT-CZ-00003X,Duernrohr 1 - Slavetice 437,Duernrohr 1,Slavetice,TieLine
2024-08-29 13:00:00+00:00,10T1001C--001223,DIRECT,Sokolnice - Zaya - V243 Zaya - Sokolnice 243,10T1001C--001215,Sokolnice - Zaya - V243,Sokolnice,Zaya,TieLine
2024-08-29 13:00:00+00:00,10T1001C--001223,DIRECT,Sokolnice - Zaya - V243 Zaya - Sokolnice 243,10T1001C--001215,Zaya - Sokolnice 243,Zaya,Sokolnice,TieLine
2024-08-29 13:00:00+00:00,10T1001C--001223,OPPOSITE,Sokolnice - Zaya - V243 Zaya - Sokolnice 243,10T1001C--001215,Sokolnice - Zaya - V243,Sokolnice,Zaya,TieLine
2024-08-29 13:00:00+00:00,10T1001C--001223,OPPOSITE,Sokolnice - Zaya - V243 Zaya - Sokolnice 243,10T1001C--001215,Zaya - Sokolnice 243,Zaya,Sokolnice,TieLine
2024-08-29 13:00:00+00:00,10T-CZ-SK-00003U,DIRECT,Nosovice - Varin  Nosovice - Varin,10T-CZ-SK-00002W,Nosovice - Varin,Nosovice,Varin,TieLine
2024-08-29 13:00:00+00:00,10T-CZ-SK-00003U,DIRECT,Nosovice - Varin  Nosovice - Varin,10T-CZ-SK-00002W,Nosovice - Varin,Nosovice,Varin,TieLine
2024-08-29 13:00:00+00:00,10T-CZ-SK-00003U,OPPOSITE,Nosovice - Varin  Nosovice - Varin,10T-CZ-SK-00002W,Nosovice - Varin,Nosovice,Varin,TieLine
2024-08-29 13:00:00+00:00,10T-CZ-SK-00003U,OPPOSITE,Nosovice - Varin  Nosovice - Varin,10T-CZ-SK-00002W,Nosovice - Varin,Nosovice,Varin,TieLine
2024-08-29 13:00:00+00:00,10T-CZ-SK-00003U,DIRECT,Sokolnice - Stupava  Sokolnice - Stupava,10T-CZ-SK-00005Q,Sokolnice - Stupava,Sokolnice,Stupava,TieLine
2024-08-29 13:00:00+00:00,10T-CZ-SK-00003U,DIRECT,Sokolnice - Stupava  Sokolnice - Stupava,10T-CZ-SK-00005Q,Sokolnice - Stupava,Stupava,Sokolnice,TieLine
2024-08-29 13:00:00+00:00,10T-CZ-SK-00003U,OPPOSITE,Sokolnice - Stupava  Sokolnice - Stupava,10T-CZ-SK-00005Q,Sokolnice - Stupava,Sokolnice,Stupava,TieLine
2024-08-29 13:00:00+00:00,10T-CZ-SK-00003U,OPPOSITE,Sokolnice - Stupava  Sokolnice - Stupava,10T-CZ-SK-00005Q,Sokolnice - Stupava,Stupava,Sokolnice,TieLine
2024-08-29 13:00:00+00:00,10T-CZ-SK-00003U,DIRECT,H. Zivotice - Krasikov,27T-TLI-V458---B,H. Zivotice - Krasikov,H. Zivotice,Krasikov,Line
2024-08-29 13:00:00+00:00,10T-CZ-SK-00003U,OPPOSITE,H. Zivotice - Krasikov,27T-TLI-V458---B,H. Zivotice - Krasikov,H. Zivotice,Krasikov,Line
2024-08-29 13:00:00+00:00,10T-CZ-DE-00004Q,DIRECT,Hradec - Etzenricht  Etzenricht - Hradec 441,10T-CZ-DE-00001W,Hradec - Etzenricht,Hradec,Etzenricht,TieLine
2024-08-29 13:00:00+00:00,10T-CZ-DE-00004Q,DIRECT,Hradec - Etzenricht  Etzenricht - Hradec 441,10T-CZ-DE-00001W,Etzenricht - Hradec 441,Etzenricht,Hradec,TieLine
2024-08-29 13:00:00+00:00,11T0-0000-0986-7,OPPOSITE,St. Peter 2 - Altheim 233_230 St. Peter - Altheim_Simbach 233_230 Y-Altheim (-Simbach - St. Peter) 233/230 Y-Simbach (-Altheim - St.Peter) 233/230,10T-AT-DE-00001B,St. Peter 2 - Altheim 233_230,St. Peter 2,Altheim,TieLine
2024-08-29 13:00:00+00:00,11T0-0000-0986-7,OPPOSITE,St. Peter 2 - Altheim 233_230 St. Peter - Altheim_Simbach 233_230 Y-Altheim (-Simbach - St. Peter) 233/230 Y-Simbach (-Altheim - St.Peter) 233/230,10T-AT-DE-00001B,NA,NA,NA,
2024-08-29 13:00:00+00:00,11T0-0000-0986-7,OPPOSITE,St. Peter 2 - Altheim 233_230 St. Peter - Altheim_Simbach 233_230 Y-Altheim (-Simbach - St. Peter) 233/230 Y-Simbach (-Altheim - St.Peter) 233/230,11T0-0000-0984-D,Y-Altheim (-Simbach - St. Peter) 233/230,Altheim,Y Simbach,TieLine
2024-08-29 13:00:00+00:00,11T0-0000-0986-7,OPPOSITE,St. Peter 2 - Altheim 233_230 St. Peter - Altheim_Simbach 233_230 Y-Altheim (-Simbach - St. Peter) 233/230 Y-Simbach (-Altheim - St.Peter) 233/230,11T0-0000-0985-A,Y-Simbach (-Altheim - St.Peter) 233/230,Simbach,Y Simbach,TieLine
2024-08-29 13:00:00+00:00,11TD2L000000003L,DIRECT,Altheim - Sittling 220,11TD2L000000004J,Altheim - Sittling 220,Altheim,Sittling,Line
2024-08-29 13:00:00+00:00,11T0-0000-0103-E,DIRECT,Hradec - Rohrsdorf - V445  Hradec - Rohrsdorf 445,10T-CZ-DE-00002U,Hradec - Rohrsdorf - V445,Hradec,Rohrsdorf,TieLine
2024-08-29 13:00:00+00:00,11T0-0000-0103-E,DIRECT,Hradec - Rohrsdorf - V445  Hradec - Rohrsdorf 445,10T-CZ-DE-00002U,Hradec - Rohrsdorf 445,Hradec,Rohrsdorf,TieLine
2024-08-29 13:00:00+00:00,11TD400000543-LM,DIRECT,Grafenrheinfeld - Stalldorf rt (416) Grafenrheinfeld - Stalldorf 416,11T-D2-D4-000022,Grafenrheinfeld - Stalldorf rt (416),Grafenrheinfeld,Stalldorf,Line
2024-08-29 13:00:00+00:00,11TD400000543-LM,DIRECT,Grafenrheinfeld - Stalldorf rt (416) Grafenrheinfeld - Stalldorf 416,11T-D2-D4-000022,Grafenrheinfeld - Stalldorf 416,Grafenrheinfeld,Stalldorf,Line
2024-08-29 13:00:00+00:00,11T0-0000-1496-M,OPPOSITE,Emscherbruch - Mengede RECKLI S,11T0-0000-2064-H,Emscherbruch - Mengede RECKLI S,Emscherbruch,Mengede,Line
2024-08-29 13:00:00+00:00,11T0-0000-0781-W,DIRECT,Y-Oberzier (-Paffendorf - Sechtem) SECHTM S Y-Paffendorf (-Oberzier - Sechtem) SECHTM S Y-Sechtem (-Oberzier - Paffendorf) SECHTM S,11T0-0000-0782-T,Y-Oberzier (-Paffendorf - Sechtem) SECHTM S,Oberzier,Y-Paffendorf,Line
2024-08-29 13:00:00+00:00,11T0-0000-0781-W,DIRECT,Y-Oberzier (-Paffendorf - Sechtem) SECHTM S Y-Paffendorf (-Oberzier - Sechtem) SECHTM S Y-Sechtem (-Oberzier - Paffendorf) SECHTM S,11T0-0000-0815-6,Y-Paffendorf (-Oberzier - Sechtem) SECHTM S,Paffendorf,Y-Paffendorf,Line
2024-08-29 13:00:00+00:00,11T0-0000-0781-W,DIRECT,Y-Oberzier (-Paffendorf - Sechtem) SECHTM S Y-Paffendorf (-Oberzier - Sechtem) SECHTM S Y-Sechtem (-Oberzier - Paffendorf) SECHTM S,11T0-0000-0849-J,Y-Sechtem (-Oberzier - Paffendorf) SECHTM S,Sechtem,Y-Paffendorf,Line
2024-08-29 13:00:00+00:00,10T-DE-NL-00005N,DIRECT,Alegro HVDC,22T201903146---W,NA,NA,NA,
2024-08-29 13:00:00+00:00,10T-DE-NL-00005N,DIRECT,Gramme - Achene 380.10,22T-BE-IN-LI0130,Gramme - Achene 380.10,Achene,Gramme,Line
2024-08-29 13:00:00+00:00,10T-DE-NL-00005N,OPPOSITE,Alegro HVDC,22T201903146---W,NA,NA,NA,
2024-08-29 13:00:00+00:00,10T-DE-NL-00005N,OPPOSITE,Achene - Lonny 380.19 Achene - Lonny 19,10T-BE-FR-000015,Achene - Lonny 380.19,Achene,Lonny,TieLine
2024-08-29 13:00:00+00:00,10T-DE-NL-00005N,OPPOSITE,Achene - Lonny 380.19 Achene - Lonny 19,10T-BE-FR-000015,Achene - Lonny 19,Achene,Lonny,TieLine
2024-08-29 13:00:00+00:00,10T-DE-NL-00005N,OPPOSITE,Boxmeer - Dodewaard 380 Zwart,49T000000000006C,Boxmeer - Dodewaard 380 Zwart,Boxmeer,Dodewaard,Line
2024-08-29 13:00:00+00:00,10T-DE-NL-00005N,OPPOSITE,Avelgem - Horta 380.102,22T20161020---1E,Avelgem - Horta 380.102,Avelgem,Horta,Line
2024-08-29 13:00:00+00:00,10T-DE-FR-000068,OPPOSITE,Ensdorf - Vigy VIGY1 N Ensdorf - Vigy VIGY1 N,10T-DE-FR-00005A,Ensdorf - Vigy VIGY1 N,Ensdorf,Vigy,TieLine
2024-08-29 13:00:00+00:00,10T-DE-FR-000068,OPPOSITE,Ensdorf - Vigy VIGY1 N Ensdorf - Vigy VIGY1 N,10T-DE-FR-00005A,Ensdorf - Vigy VIGY1 N,Ensdorf,Vigy,TieLine
2024-08-29 13:00:00+00:00,11T0-0000-0781-W,DIRECT,PST Oberzier TR 442 E,11T0-0000-2133-R,PST Oberzier TR 442 E,Oberzier,Oberzier,PST
2024-08-29 13:00:00+00:00,11T0-0000-0620-R,DIRECT,Hanekenfaehr - Meppen BACCUM O,11T0-0000-2249-0,Hanekenfaehr - Meppen BACCUM O,Hanekenfaehr,Meppen,Line
2024-08-29 13:00:00+00:00,11TD8L551------R,DIRECT,Baerwalde - Schmoelln 552,11TD8L552------J,Baerwalde - Schmoelln 552,Baerwalde,Schmoelln,Line
2024-08-29 13:00:00+00:00,11TD8L565------N,DIRECT,Graustein - Baerwalde 566,11TD8L566------F,Graustein - Baerwalde 566,Graustein,Baerwalde,Line
2024-08-29 13:00:00+00:00,11T0-0000-0013-F,DIRECT,Hagenwerder - Mikulowa 567 Mikulowa - Hagenwerder 567,10T-DE-PL-00002B,Hagenwerder - Mikulowa 567,Hagenwerder,Mikulowa,TieLine
2024-08-29 13:00:00+00:00,11T0-0000-0013-F,DIRECT,Hagenwerder - Mikulowa 567 Mikulowa - Hagenwerder 567,10T-DE-PL-00002B,Mikulowa - Hagenwerder 567,Mikulowa 567,Hagenwerder,TieLine
2024-08-29 13:00:00+00:00,11TD8L555------W,OPPOSITE,Dresden/Sued - Schmoelln 556,11TD8L556------O,Dresden/Sued - Schmoelln 556,Dresden/Sued,Schmoelln,Line
2024-08-29 13:00:00+00:00,10T-HR-SI-000022,OPPOSITE,,,,,,
2024-08-29 13:00:00+00:00,10T-HR-SI-000022,DIRECT,Melina - Divaca 400 kV Divaca - Melina,10T-HR-SI-000014,Melina - Divaca,Melina,Divaca,TieLine
2024-08-29 13:00:00+00:00,10T-HR-SI-000022,DIRECT,Melina - Divaca 400 kV Divaca - Melina,10T-HR-SI-000014,400 kV Divaca - Melina,Divaca,Melina,TieLine
2024-08-29 13:00:00+00:00,10T-HR-SI-000022,OPPOSITE,Melina - Divaca 400 kV Divaca - Melina,10T-HR-SI-000014,Melina - Divaca,Melina,Divaca,TieLine
2024-08-29 13:00:00+00:00,10T-HR-SI-000022,OPPOSITE,Melina - Divaca 400 kV Divaca - Melina,10T-HR-SI-000014,400 kV Divaca - Melina,Divaca,Melina,TieLine
2024-08-29 13:00:00+00:00,10T-BA-HR-00003R,DIRECT,,,,,,
2024-08-29 13:00:00+00:00,10T-HR-HU-000033,OPPOSITE,Pecs - Ernestinovo2 491B Ernestinovo - Pecs 2,10T-HR-HU-000041,Pecs - Ernestinovo2 491B,Pecs,Ernestinovo,TieLine
2024-08-29 13:00:00+00:00,10T-HR-HU-000033,OPPOSITE,Pecs - Ernestinovo2 491B Ernestinovo - Pecs 2,10T-HR-HU-000041,Ernestinovo - Pecs 2,Ernestinovo,Pecs 2,TieLine
2024-08-29 13:00:00+00:00,15T-M000002791-J,DIRECT,Gabcikovo - Gyor Gabcikovo - Gyor,10T-HU-SK-00002R,Gabcikovo - Gyor,Gabcikovo,Gyor,TieLine
2024-08-29 13:00:00+00:00,15T-M000002791-J,DIRECT,Gabcikovo - Gyor Gabcikovo - Gyor,10T-HU-SK-00002R,Gabcikovo - Gyor,Gabcikovo,Gyor,TieLine
2024-08-29 13:00:00+00:00,10T-HU-UA-00002F,DIRECT,Szabolcsbaka - Mukachevo,10T1001C--000421,Szabolcsbaka - Mukachevo,Szabolcsbaka,Mukachevo,TieLine
2024-08-29 13:00:00+00:00,10T1001C--00056R,DIRECT,Gabcikovo - Gyor Gabcikovo - Gyor,10T-HU-SK-00002R,Gabcikovo - Gyor,Gabcikovo,Gyor,TieLine
2024-08-29 13:00:00+00:00,10T1001C--00056R,DIRECT,Gabcikovo - Gyor Gabcikovo - Gyor,10T-HU-SK-00002R,Gabcikovo - Gyor,Gabcikovo,Gyor,TieLine
2024-08-29 13:00:00+00:00,10T1001C--00056R,OPPOSITE,Gabcikovo - Gyor Gabcikovo - Gyor,10T-HU-SK-00002R,Gabcikovo - Gyor,Gabcikovo,Gyor,TieLine
2024-08-29 13:00:00+00:00,10T1001C--00056R,OPPOSITE,Gabcikovo - Gyor Gabcikovo - Gyor,10T-HU-SK-00002R,Gabcikovo - Gyor,Gabcikovo,Gyor,TieLine
2024-08-29 13:00:00+00:00,10T1001C--00101B,DIRECT,Zerjavinec - Heviz Zerjavinec - Heviz,10T-HR-HU-000025,Zerjavinec - Heviz,Zerjavinec,Heviz,TieLine
2024-08-29 13:00:00+00:00,10T1001C--00101B,DIRECT,Zerjavinec - Heviz Zerjavinec - Heviz,10T-HR-HU-000025,Zerjavinec - Heviz,Zerjavinec,Heviz,TieLine
2024-08-29 13:00:00+00:00,10T1001C--00101B,OPPOSITE,Zerjavinec - Heviz Zerjavinec - Heviz,10T-HR-HU-000025,Zerjavinec - Heviz,Zerjavinec,Heviz,TieLine
2024-08-29 13:00:00+00:00,10T1001C--00101B,OPPOSITE,Zerjavinec - Heviz Zerjavinec - Heviz,10T-HR-HU-000025,Zerjavinec - Heviz,Zerjavinec,Heviz,TieLine
2024-08-29 13:00:00+00:00,15T-M00000043583,DIRECT,Kerepes - Zuglo 2,15T-M00000043591,Kerepes - Zuglo 2,Kerepes,Zuglo,Line
2024-08-29 13:00:00+00:00,10T-DE-NL-00002T,OPPOSITE,PST Gronau TR 441 E,11T0-0000-0620-R,PST Gronau TR 441 E,Gronau,Gronau,PST
2024-08-29 13:00:00+00:00,10T-DE-NL-00002T,DIRECT,Y-Doerpen West (-Meppen - Niederlangen) EMSLD OW Y-Niederlangen (-Meppen - Doerpen West) EMSLD OW Y-Meppen (-Doerpen West - Niederlangen) EMSLD OW Meppen - Niederlangen - Doerpen West EMSLD OW,11T0-0000-0990-L,Y-Doerpen West (-Meppen - Niederlangen) EMSLD OW,Doerpen West,Y Niederlangen,Line
2024-08-29 13:00:00+00:00,10T-DE-NL-00002T,DIRECT,Y-Doerpen West (-Meppen - Niederlangen) EMSLD OW Y-Niederlangen (-Meppen - Doerpen West) EMSLD OW Y-Meppen (-Doerpen West - Niederlangen) EMSLD OW Meppen - Niederlangen - Doerpen West EMSLD OW,11T0-0000-0991-I,Y-Niederlangen (-Meppen - Doerpen West) EMSLD OW,Niederlangen,Y Niederlangen,Line
2024-08-29 13:00:00+00:00,10T-DE-NL-00002T,DIRECT,Y-Doerpen West (-Meppen - Niederlangen) EMSLD OW Y-Niederlangen (-Meppen - Doerpen West) EMSLD OW Y-Meppen (-Doerpen West - Niederlangen) EMSLD OW Meppen - Niederlangen - Doerpen West EMSLD OW,11T-D2-D7-00001H,Y-Meppen (-Doerpen West - Niederlangen) EMSLD OW,Meppen,Y Niederlangen,Line
2024-08-29 13:00:00+00:00,10T-DE-NL-00002T,DIRECT,Y-Doerpen West (-Meppen - Niederlangen) EMSLD OW Y-Niederlangen (-Meppen - Doerpen West) EMSLD OW Y-Meppen (-Doerpen West - Niederlangen) EMSLD OW Meppen - Niederlangen - Doerpen West EMSLD OW,11T-D2-D7-00001H,NA,NA,NA,
2024-08-29 13:00:00+00:00,10T-DE-NL-00005N,DIRECT,PST Gronau TR 441 E,11T0-0000-0620-R,PST Gronau TR 441 E,Gronau,Gronau,PST
2024-08-29 13:00:00+00:00,10T-DE-NL-00005N,OPPOSITE,Opladen - Rommerskirchen OPLADN N,11T0-0000-0793-M,Opladen - Rommerskirchen OPLADN N,Opladen,Rommerskirchen,Line
2024-08-29 13:00:00+00:00,49T0000000000274,DIRECT,Krimpen a/d IJssel - Geertruidenberg 380 Zwart,49T0000000000282,Krimpen a/d IJssel - Geertruidenberg 380 Zwart,Krimpen a/d IJssel,Geertruidenberg,Line
2024-08-29 13:00:00+00:00,19T000000001304A,DIRECT,Krosno Iskrzynia - Tarnow,19T000000000296P,Krosno Iskrzynia - Tarnow,Krosno Iskrzynia,Tarnow,Line
2024-08-29 13:00:00+00:00,19T000000001304A,OPPOSITE,Krosno Iskrzynia - Tarnow,19T000000000296P,Krosno Iskrzynia - Tarnow,Krosno Iskrzynia,Tarnow,Line
2024-08-29 13:00:00+00:00,19T0000000063830,DIRECT,Hagenwerder - Mikulowa 568 Mikulowa - Hagenwerder 568,10T-DE-PL-00001D,Hagenwerder - Mikulowa 568,Hagenwerder,Mikulowa,TieLine
2024-08-29 13:00:00+00:00,19T0000000063830,DIRECT,Hagenwerder - Mikulowa 568 Mikulowa - Hagenwerder 568,10T-DE-PL-00001D,Mikulowa - Hagenwerder 568,Mikulowa 568,Hagenwerder,TieLine
2024-08-29 13:00:00+00:00,19T0000000063830,OPPOSITE,Hagenwerder - Mikulowa 568 Mikulowa - Hagenwerder 568,10T-DE-PL-00001D,Hagenwerder - Mikulowa 568,Hagenwerder,Mikulowa,TieLine
2024-08-29 13:00:00+00:00,19T0000000063830,OPPOSITE,Hagenwerder - Mikulowa 568 Mikulowa - Hagenwerder 568,10T-DE-PL-00001D,Mikulowa - Hagenwerder 568,Mikulowa 568,Hagenwerder,TieLine
2024-08-29 13:00:00+00:00,19T000000006396S,DIRECT,Polaniec - Rzeszow,19T000000006420K,Polaniec - Rzeszow,Polaniec,Rzeszow,Line
2024-08-29 13:00:00+00:00,10T1001A1001A09N,DIRECT,Nosovice - Wielopole  Wielopole - Nosovice,10T-CZ-PL-00004A,Nosovice - Wielopole,Nosovice,Wielopole,TieLine
2024-08-29 13:00:00+00:00,10T1001A1001A09N,DIRECT,Nosovice - Wielopole  Wielopole - Nosovice,10T-CZ-PL-00004A,Wielopole - Nosovice,Wielopole,Nosovice,TieLine
2024-08-29 13:00:00+00:00,10T-CZ-PL-00004A,DIRECT,Dobrzen - Detmarovice Dobrzen - Detmarovice,10T1001A1001A09N,Dobrzen - Detmarovice,Dobrzen,Detmarovice,TieLine
2024-08-29 13:00:00+00:00,10T-CZ-PL-00004A,DIRECT,Dobrzen - Detmarovice Dobrzen - Detmarovice,10T1001A1001A09N,Dobrzen - Detmarovice,Detmarovice,Dobrzen,TieLine
2024-08-29 13:00:00+00:00,10T-CZ-PL-00004A,OPPOSITE,Dobrzen - Detmarovice Dobrzen - Detmarovice,10T1001A1001A09N,Dobrzen - Detmarovice,Dobrzen,Detmarovice,TieLine
2024-08-29 13:00:00+00:00,10T-CZ-PL-00004A,OPPOSITE,Dobrzen - Detmarovice Dobrzen - Detmarovice,10T1001A1001A09N,Dobrzen - Detmarovice,Detmarovice,Dobrzen,TieLine
2024-08-29 13:00:00+00:00,30TPARO220TRGJ-Q,OPPOSITE,Portile de Fier - Djerdap,10T-RO-RS-00001V,Portile de Fier - Djerdap,Portile de Fier,Djerdap,TieLine
2024-08-29 13:00:00+00:00,30TPARO220TRGJ-Q,OPPOSITE,Sibiu Sud - Mintia,30TMINT400SIBI-Z,Sibiu Sud - Mintia,Sibiu Sud,Mintia,Line
2024-08-29 13:00:00+00:00,30TPARO220TRGJ-Q,OPPOSITE,Sibiu Sud - Tantareni,30TSIBI400TINT-1,Sibiu Sud - Tantareni,Sibiu Sud,Tantareni,Line
2024-08-29 13:00:00+00:00,30T-ROSI400AT--1,DIRECT,Rosiori - Gadalin,30TGADA400ROSI-A,Rosiori - Gadalin,Rosiori,Gadalin,Line
2024-08-29 13:00:00+00:00,10T-RO-RS-00001V,DIRECT,Portile de Fier - Resita c1 Portile de Fier - Resita c2,30TPDFE220RESI1S,Portile de Fier - Resita c1,Portile de Fier,Resita c1,Line
2024-08-29 13:00:00+00:00,10T-RO-RS-00001V,DIRECT,Portile de Fier - Resita c1 Portile de Fier - Resita c2,30TPDFE220RESI2Q,Portile de Fier - Resita c2,Portile de Fier,Resita c2,Line
2024-08-29 13:00:00+00:00,10T-RO-RS-00001V,OPPOSITE,Tantareni - Kozlodui c2 Tantareni - Kozlodui c1,10T-BG-RO-00001A,Tantareni - Kozlodui c2,Tantareni,Kozlodui,TieLine
2024-08-29 13:00:00+00:00,10T-RO-RS-00001V,OPPOSITE,Tantareni - Kozlodui c2 Tantareni - Kozlodui c1,10T-RO-BG-00002A,Tantareni - Kozlodui c1,Tantareni,Kozlodui,TieLine
2024-08-29 13:00:00+00:00,30TPARO220TRGJ-Q,OPPOSITE,Isaccea - Vulcanesti,30TISAC400VULC-W,Isaccea - Vulcanesti,Isaccea,Vulcanesti,TieLine
2024-08-29 13:00:00+00:00,10T1001C--00101B,DIRECT,Kainachtal - Maribor 473 400 kV Maribor - Kainachtal 1,10T-AT-SI-00001T,Kainachtal - Maribor 473,Kainachtal,Maribor,TieLine
2024-08-29 13:00:00+00:00,10T1001C--00101B,DIRECT,Kainachtal - Maribor 473 400 kV Maribor - Kainachtal 1,10T-AT-SI-00001T,400 kV Maribor - Kainachtal 1,Maribor,Kainachtal,TieLine
2024-08-29 13:00:00+00:00,10T1001C--00101B,DIRECT,Zerjavinec - Cirkovce 400 kV Cirkovce - Zerjavinec,10T1001C--001037,Zerjavinec - Cirkovce,Zerjavinec,Cirkovce,TieLine
2024-08-29 13:00:00+00:00,10T1001C--00101B,DIRECT,Zerjavinec - Cirkovce 400 kV Cirkovce - Zerjavinec,10T1001C--001037,400 kV Cirkovce - Zerjavinec,Cirkovce,Zerjavinec,TieLine
2024-08-29 13:00:00+00:00,10T1001C--00101B,OPPOSITE,Kainachtal - Maribor 473 400 kV Maribor - Kainachtal 1,10T-AT-SI-00001T,Kainachtal - Maribor 473,Kainachtal,Maribor,TieLine
2024-08-29 13:00:00+00:00,10T1001C--00101B,OPPOSITE,Kainachtal - Maribor 473 400 kV Maribor - Kainachtal 1,10T-AT-SI-00001T,400 kV Maribor - Kainachtal 1,Maribor,Kainachtal,TieLine
2024-08-29 13:00:00+00:00,10T1001C--00101B,OPPOSITE,Zerjavinec - Cirkovce 400 kV Cirkovce - Zerjavinec,10T1001C--001037,Zerjavinec - Cirkovce,Zerjavinec,Cirkovce,TieLine
2024-08-29 13:00:00+00:00,10T1001C--00101B,OPPOSITE,Zerjavinec - Cirkovce 400 kV Cirkovce - Zerjavinec,10T1001C--001037,400 kV Cirkovce - Zerjavinec,Cirkovce,Zerjavinec,TieLine
2024-08-29 13:00:00+00:00,10T-HU-SK-00001T,DIRECT,R.Sobota - Sajoivanka  R.Sobota - Sajoivanka,10T1001C--00054V,R.Sobota - Sajoivanka,R.Sobota,Sajoivanka,TieLine
2024-08-29 13:00:00+00:00,10T-HU-SK-00001T,DIRECT,R.Sobota - Sajoivanka  R.Sobota - Sajoivanka,10T1001C--00054V,R.Sobota - Sajoivanka,R.Sobota,Sajoivanka,TieLine
2024-08-29 13:00:00+00:00,10T-SK-UA-00001W,DIRECT,R.Sobota - Sajoivanka  R.Sobota - Sajoivanka,10T1001C--00054V,R.Sobota - Sajoivanka,R.Sobota,Sajoivanka,TieLine
2024-08-29 13:00:00+00:00,10T-SK-UA-00001W,DIRECT,R.Sobota - Sajoivanka  R.Sobota - Sajoivanka,10T1001C--00054V,R.Sobota - Sajoivanka,R.Sobota,Sajoivanka,TieLine
2024-08-29 13:00:00+00:00,24T-V429-0000005,DIRECT,V.Dur - Krizovany,24T-V425-0000004,V.Dur - Krizovany,V.Dur,Krizovany,Line
2024-08-29 13:00:00+00:00,24T-V493-000000Q,DIRECT,Bosaca - Varin,24T-V495-0000008,Bosaca - Varin,Bosaca,Varin,Line
2024-08-29 13:00:00+00:00,24T-V490-000000G,DIRECT,V.Dur - Levice 2,24T-V491-0000007,V.Dur - Levice 2,V.Dur,Levice,Line
2024-08-29 13:00:00+00:00,24T-V425-0000004,DIRECT,Gabcikovo - P.Biskupice,24T-V429-0000005,Gabcikovo - P.Biskupice,Gabcikovo,P.Biskupice,Line
2024-08-29 13:00:00+00:00,10T-SK-UA-00001W,OPPOSITE,R.Sobota - Sajoivanka  R.Sobota - Sajoivanka,10T1001C--00054V,R.Sobota - Sajoivanka,R.Sobota,Sajoivanka,TieLine
2024-08-29 13:00:00+00:00,10T-SK-UA-00001W,OPPOSITE,R.Sobota - Sajoivanka  R.Sobota - Sajoivanka,10T1001C--00054V,R.Sobota - Sajoivanka,R.Sobota,Sajoivanka,TieLine
2024-08-29 13:00:00+00:00,24T-V425-0000004,OPPOSITE,Gabcikovo - P.Biskupice,24T-V429-0000005,Gabcikovo - P.Biskupice,Gabcikovo,P.Biskupice,Line
2024-08-29 13:00:00+00:00,24T-V425-0000004,OPPOSITE,Krizovany - P.Biskupice,24T-V439-000000W,Krizovany - P.Biskupice,Krizovany,P.Biskupice,Line
2024-08-29 14:00:00+00:00,10T-AT-SI-00003P,DIRECT,Kainachtal - Obersielach 471,14T-380-0-00471D,Kainachtal - Obersielach 471,Kainachtal,Obersielach,Line
2024-08-29 14:00:00+00:00,10T-AT-SI-00003P,DIRECT,Kainachtal - Maribor 473 400 kV Maribor - Kainachtal 1,10T-AT-SI-00001T,Kainachtal - Maribor 473,Kainachtal,Maribor,TieLine
2024-08-29 14:00:00+00:00,10T-AT-SI-00003P,DIRECT,Kainachtal - Maribor 473 400 kV Maribor - Kainachtal 1,10T-AT-SI-00001T,400 kV Maribor - Kainachtal 1,Maribor,Kainachtal,TieLine
2024-08-29 14:00:00+00:00,10T-AT-SI-00003P,OPPOSITE,Kainachtal - Maribor 473 400 kV Maribor - Kainachtal 1,10T-AT-SI-00001T,Kainachtal - Maribor 473,Kainachtal,Maribor,TieLine
2024-08-29 14:00:00+00:00,10T-AT-SI-00003P,OPPOSITE,Kainachtal - Maribor 473 400 kV Maribor - Kainachtal 1,10T-AT-SI-00001T,400 kV Maribor - Kainachtal 1,Maribor,Kainachtal,TieLine
2024-08-29 14:00:00+00:00,10T-AT-SI-00003P,DIRECT,400 kV Cirkovce - Podlog,28T000000000301K,400 kV Cirkovce - Podlog,Cirkovce,Podlog,Line
2024-08-29 14:00:00+00:00,10T-AT-SI-00003P,OPPOSITE,400 kV Cirkovce - Podlog,28T000000000301K,400 kV Cirkovce - Podlog,Cirkovce,Podlog,Line
2024-08-29 14:00:00+00:00,10T-AT-SI-00003P,DIRECT,400 kV Cirkovce - Krsko,28T000000000300M,400 kV Cirkovce - Krsko,Cirkovce,Krsko,Line
2024-08-29 14:00:00+00:00,10T-AT-DE-000037,DIRECT,Pirach Neu - Pleinting 296/257 Pirach Neu - Pirach 296/257,11T0-0000-2108-O,Pirach Neu - Pleinting 296/257,Pirach Neu,Pleinting,Line
2024-08-29 14:00:00+00:00,10T-AT-DE-000037,DIRECT,Pirach Neu - Pleinting 296/257 Pirach Neu - Pirach 296/257,11T0-0000-2108-O,Pirach Neu - Pirach 296/257,Pirach Neu,Pirach,Line
2024-08-29 14:00:00+00:00,14T-220-0-0273BO,DIRECT,Strass - Thaur 274B,14T-220-0-0274BL,Strass - Thaur 274B,Strass,Thaur,Line
2024-08-29 14:00:00+00:00,10T-AT-SI-00001T,OPPOSITE,Kainachtal - Maribor 474 400 kV Maribor - Kainachtal 2,10T-AT-SI-00002R,Kainachtal - Maribor 474,Kainachtal,Maribor,TieLine
2024-08-29 14:00:00+00:00,10T-AT-SI-00001T,OPPOSITE,Kainachtal - Maribor 474 400 kV Maribor - Kainachtal 2,10T-AT-SI-00002R,400 kV Maribor - Kainachtal 2,Maribor,Kainachtal,TieLine
2024-08-29 14:00:00+00:00,14T-38220-WT041O,OPPOSITE,Leupolz - Westtirol 412 Leupolz - Westtirol FUESSN O,10T-AT-DE-10007U,Leupolz - Westtirol 412,Leupolz,Westtirol,TieLine
2024-08-29 14:00:00+00:00,14T-38220-WT041O,OPPOSITE,Leupolz - Westtirol 412 Leupolz - Westtirol FUESSN O,10T-AT-DE-10007U,Leupolz - Westtirol FUESSN O,Leupolz,Westtirol,TieLine
2024-08-29 14:00:00+00:00,14T-38220-WT041O,OPPOSITE,Buers - Westtirol ws (421) Westtirol 1 - Buers 421,10T-AT-DE-000053,Buers - Westtirol ws (421),Buers,Westtirol,TieLine
2024-08-29 14:00:00+00:00,14T-38220-WT041O,OPPOSITE,Buers - Westtirol ws (421) Westtirol 1 - Buers 421,10T-AT-DE-000053,Westtirol 1 - Buers 421,Buers,Westtirol,TieLine
2024-08-29 14:00:00+00:00,14T-38220-LI043U,DIRECT,Lienz 2 - Lienz 1 LIRHU41,14T-38220-LI041Y,Lienz 2 - Lienz 1 LIRHU41,Lienz 2,Lienz 1,Transformer
2024-08-29 14:00:00+00:00,10T-BE-FR-000015,DIRECT,Avelgem - Horta 380.102,22T20161020---1E,Avelgem - Horta 380.102,Avelgem,Horta,Line
2024-08-29 14:00:00+00:00,10T-BE-FR-000015,DIRECT,PST Van Eyck 2,22T-BE-PST--002U,PST Van Eyck 2,Van Eyck,Van Eyck,PST
2024-08-29 14:00:00+00:00,10T-BE-FR-000015,OPPOSITE,Avelgem - Horta 380.102,22T20161020---1E,Avelgem - Horta 380.102,Avelgem,Horta,Line
2024-08-29 14:00:00+00:00,10T-BE-FR-000015,OPPOSITE,PST Van Eyck 2,22T-BE-PST--002U,PST Van Eyck 2,Van Eyck,Van Eyck,PST
2024-08-29 14:00:00+00:00,22T-BE-IN-LI018R,DIRECT,Y-Van Eyck (-Andre Dumont - Gramme) 380.12 Y-Andre Dumont (-Gramme - Van Eyck) 380.12 Y-Gramme (-Andre Dumont - Van Eyck) 380.12,22T20161020---48,Y-Van Eyck (-Andre Dumont - Gramme) 380.12,Van Eyck,Zuttendaal,Line
2024-08-29 14:00:00+00:00,22T-BE-IN-LI018R,DIRECT,Y-Van Eyck (-Andre Dumont - Gramme) 380.12 Y-Andre Dumont (-Gramme - Van Eyck) 380.12 Y-Gramme (-Andre Dumont - Van Eyck) 380.12,22T20161020---48,Y-Andre Dumont (-Gramme - Van Eyck) 380.12,Andre Dumont,Zuttendaal,Line
2024-08-29 14:00:00+00:00,22T-BE-IN-LI018R,DIRECT,Y-Van Eyck (-Andre Dumont - Gramme) 380.12 Y-Andre Dumont (-Gramme - Van Eyck) 380.12 Y-Gramme (-Andre Dumont - Van Eyck) 380.12,22T20161020---48,Y-Gramme (-Andre Dumont - Van Eyck) 380.12,Gramme,Zuttendaal,Line
2024-08-29 14:00:00+00:00,10T-BE-NL-00001I,DIRECT,Y-Bruegel (-Courcelles - Drogenbos) 380.33 Y-Courcelles (-Bruegel - Drogenbos) 380.33 Y-Drogenbos (-Bruegel - Courcelles) 380.33,22T-BE-IN-LI0017,Y-Bruegel (-Courcelles - Drogenbos) 380.33,Bruegel,Mekingen,Line
2024-08-29 14:00:00+00:00,10T-BE-NL-00001I,DIRECT,Y-Bruegel (-Courcelles - Drogenbos) 380.33 Y-Courcelles (-Bruegel - Drogenbos) 380.33 Y-Drogenbos (-Bruegel - Courcelles) 380.33,22T-BE-IN-LI0017,Y-Courcelles (-Bruegel - Drogenbos) 380.33,Courcelles,Mekingen,Line
2024-08-29 14:00:00+00:00,10T-BE-NL-00001I,DIRECT,Y-Bruegel (-Courcelles - Drogenbos) 380.33 Y-Courcelles (-Bruegel - Drogenbos) 380.33 Y-Drogenbos (-Bruegel - Courcelles) 380.33,22T-BE-IN-LI0017,Y-Drogenbos (-Bruegel - Courcelles) 380.33,Drogenbos,Mekingen,Line
2024-08-29 14:00:00+00:00,10T-BE-NL-00001I,DIRECT,Gramme - Achene 380.10,22T-BE-IN-LI0130,Gramme - Achene 380.10,Achene,Gramme,Line
2024-08-29 14:00:00+00:00,10T-BE-NL-00001I,DIRECT,PST Van Eyck 1,22T-BE-PST--001W,PST Van Eyck 1,Van Eyck,Van Eyck,PST
2024-08-29 14:00:00+00:00,10T-BE-NL-00001I,OPPOSITE,Achene - Lonny 380.19 Achene - Lonny 19,10T-BE-FR-000015,Achene - Lonny 380.19,Achene,Lonny,TieLine
2024-08-29 14:00:00+00:00,10T-BE-NL-00001I,OPPOSITE,Achene - Lonny 380.19 Achene - Lonny 19,10T-BE-FR-000015,Achene - Lonny 19,Achene,Lonny,TieLine
2024-08-29 14:00:00+00:00,10T-BE-NL-00001I,OPPOSITE,Y-Bruegel (-Mercator - Verbrande Brug) 380.36 Y-Mercator (-Bruegel - Verbrande Brug) 380.36 Y-Verbrande Brug (-Bruegel - Mercator) 380.36,22T-BE-IN-LI006Y,Y-Bruegel (-Mercator - Verbrande Brug) 380.36,Bruegel,Buggenhout,Line
2024-08-29 14:00:00+00:00,10T-BE-NL-00001I,OPPOSITE,Y-Bruegel (-Mercator - Verbrande Brug) 380.36 Y-Mercator (-Bruegel - Verbrande Brug) 380.36 Y-Verbrande Brug (-Bruegel - Mercator) 380.36,22T-BE-IN-LI006Y,Y-Mercator (-Bruegel - Verbrande Brug) 380.36,Mercator,Buggenhout,Line
2024-08-29 14:00:00+00:00,10T-BE-NL-00001I,OPPOSITE,Y-Bruegel (-Mercator - Verbrande Brug) 380.36 Y-Mercator (-Bruegel - Verbrande Brug) 380.36 Y-Verbrande Brug (-Bruegel - Mercator) 380.36,22T-BE-IN-LI006Y,Y-Verbrande Brug (-Bruegel - Mercator) 380.36,Verbrande Brug,Buggenhout,Line
2024-08-29 14:00:00+00:00,10T-BE-NL-00001I,OPPOSITE,PST Van Eyck 1,22T-BE-PST--001W,PST Van Eyck 1,Van Eyck,Van Eyck,PST
2024-08-29 14:00:00+00:00,22T-BE-IN-LI02AK,DIRECT,Doel - Zandvliet 380.26,22T20170512----9,Doel - Zandvliet 380.26,Doel,Zandvliet,Line
2024-08-29 14:00:00+00:00,10T-BE-NL-00001I,DIRECT,Alegro HVDC,22T201903146---W,NA,NA,NA,
2024-08-29 14:00:00+00:00,10T-BE-NL-00001I,OPPOSITE,Alegro HVDC,22T201903146---W,NA,NA,NA,
2024-08-29 14:00:00+00:00,10T-CZ-DE-00003S,DIRECT,Hradec - Rohrsdorf - V445  Hradec - Rohrsdorf 445,10T-CZ-DE-00002U,Hradec - Rohrsdorf - V445,Hradec,Rohrsdorf,TieLine
2024-08-29 14:00:00+00:00,10T-CZ-DE-00003S,DIRECT,Hradec - Rohrsdorf - V445  Hradec - Rohrsdorf 445,10T-CZ-DE-00002U,Hradec - Rohrsdorf 445,Hradec,Rohrsdorf,TieLine
2024-08-29 14:00:00+00:00,10T-CZ-DE-00003S,OPPOSITE,Hradec - Rohrsdorf - V445  Hradec - Rohrsdorf 445,10T-CZ-DE-00002U,Hradec - Rohrsdorf - V445,Hradec,Rohrsdorf,TieLine
2024-08-29 14:00:00+00:00,10T-CZ-DE-00003S,OPPOSITE,Hradec - Rohrsdorf - V445  Hradec - Rohrsdorf 445,10T-CZ-DE-00002U,Hradec - Rohrsdorf 445,Hradec,Rohrsdorf,TieLine
2024-08-29 14:00:00+00:00,10T-CZ-SK-00001Y,DIRECT,Nosovice - Varin  Nosovice - Varin,10T-CZ-SK-00002W,Nosovice - Varin,Nosovice,Varin,TieLine
2024-08-29 14:00:00+00:00,10T-CZ-SK-00001Y,DIRECT,Nosovice - Varin  Nosovice - Varin,10T-CZ-SK-00002W,Nosovice - Varin,Nosovice,Varin,TieLine
2024-08-29 14:00:00+00:00,10T-CZ-SK-00001Y,OPPOSITE,Nosovice - Varin  Nosovice - Varin,10T-CZ-SK-00002W,Nosovice - Varin,Nosovice,Varin,TieLine
2024-08-29 14:00:00+00:00,10T-CZ-SK-00001Y,OPPOSITE,Nosovice - Varin  Nosovice - Varin,10T-CZ-SK-00002W,Nosovice - Varin,Nosovice,Varin,TieLine
2024-08-29 14:00:00+00:00,10T-CZ-SK-00002W,DIRECT,Krizovany - Sokolnice Sokolnice - Krizovany,10T-CZ-SK-00003U,Krizovany - Sokolnice,Krizovany,Sokolnice,TieLine
2024-08-29 14:00:00+00:00,10T-CZ-SK-00002W,DIRECT,Krizovany - Sokolnice Sokolnice - Krizovany,10T-CZ-SK-00003U,Sokolnice - Krizovany,Sokolnice,Krizovany,TieLine
2024-08-29 14:00:00+00:00,10T-CZ-SK-00002W,OPPOSITE,Krizovany - Sokolnice Sokolnice - Krizovany,10T-CZ-SK-00003U,Krizovany - Sokolnice,Krizovany,Sokolnice,TieLine
2024-08-29 14:00:00+00:00,10T-CZ-SK-00002W,OPPOSITE,Krizovany - Sokolnice Sokolnice - Krizovany,10T-CZ-SK-00003U,Sokolnice - Krizovany,Sokolnice,Krizovany,TieLine
2024-08-29 14:00:00+00:00,10T-AT-CZ-00004V,DIRECT,Slavetice - Durnrohr - V437  Duernrohr 1 - Slavetice 437,10T-AT-CZ-00003X,Slavetice - Durnrohr - V437,Slavetice,Durnrohr,TieLine
2024-08-29 14:00:00+00:00,10T-AT-CZ-00004V,DIRECT,Slavetice - Durnrohr - V437  Duernrohr 1 - Slavetice 437,10T-AT-CZ-00003X,Duernrohr 1 - Slavetice 437,Duernrohr 1,Slavetice,TieLine
2024-08-29 14:00:00+00:00,10T1001C--001223,DIRECT,Sokolnice - Zaya - V243 Zaya - Sokolnice 243,10T1001C--001215,Sokolnice - Zaya - V243,Sokolnice,Zaya,TieLine
2024-08-29 14:00:00+00:00,10T1001C--001223,DIRECT,Sokolnice - Zaya - V243 Zaya - Sokolnice 243,10T1001C--001215,Zaya - Sokolnice 243,Zaya,Sokolnice,TieLine
2024-08-29 14:00:00+00:00,10T1001C--001223,OPPOSITE,Sokolnice - Zaya - V243 Zaya - Sokolnice 243,10T1001C--001215,Sokolnice - Zaya - V243,Sokolnice,Zaya,TieLine
2024-08-29 14:00:00+00:00,10T1001C--001223,OPPOSITE,Sokolnice - Zaya - V243 Zaya - Sokolnice 243,10T1001C--001215,Zaya - Sokolnice 243,Zaya,Sokolnice,TieLine
2024-08-29 14:00:00+00:00,10T-CZ-SK-00003U,DIRECT,Nosovice - Varin  Nosovice - Varin,10T-CZ-SK-00002W,Nosovice - Varin,Nosovice,Varin,TieLine
2024-08-29 14:00:00+00:00,10T-CZ-SK-00003U,DIRECT,Nosovice - Varin  Nosovice - Varin,10T-CZ-SK-00002W,Nosovice - Varin,Nosovice,Varin,TieLine
2024-08-29 14:00:00+00:00,10T-CZ-SK-00003U,OPPOSITE,Nosovice - Varin  Nosovice - Varin,10T-CZ-SK-00002W,Nosovice - Varin,Nosovice,Varin,TieLine
2024-08-29 14:00:00+00:00,10T-CZ-SK-00003U,OPPOSITE,Nosovice - Varin  Nosovice - Varin,10T-CZ-SK-00002W,Nosovice - Varin,Nosovice,Varin,TieLine
2024-08-29 14:00:00+00:00,10T-CZ-SK-00003U,DIRECT,Sokolnice - Stupava  Sokolnice - Stupava,10T-CZ-SK-00005Q,Sokolnice - Stupava,Sokolnice,Stupava,TieLine
2024-08-29 14:00:00+00:00,10T-CZ-SK-00003U,DIRECT,Sokolnice - Stupava  Sokolnice - Stupava,10T-CZ-SK-00005Q,Sokolnice - Stupava,Stupava,Sokolnice,TieLine
2024-08-29 14:00:00+00:00,10T-CZ-SK-00003U,OPPOSITE,Sokolnice - Stupava  Sokolnice - Stupava,10T-CZ-SK-00005Q,Sokolnice - Stupava,Sokolnice,Stupava,TieLine
2024-08-29 14:00:00+00:00,10T-CZ-SK-00003U,OPPOSITE,Sokolnice - Stupava  Sokolnice - Stupava,10T-CZ-SK-00005Q,Sokolnice - Stupava,Stupava,Sokolnice,TieLine
2024-08-29 14:00:00+00:00,10T-CZ-SK-00003U,DIRECT,H. Zivotice - Krasikov,27T-TLI-V458---B,H. Zivotice - Krasikov,H. Zivotice,Krasikov,Line
2024-08-29 14:00:00+00:00,10T-CZ-SK-00003U,OPPOSITE,H. Zivotice - Krasikov,27T-TLI-V458---B,H. Zivotice - Krasikov,H. Zivotice,Krasikov,Line
2024-08-29 14:00:00+00:00,10T-CZ-DE-00004Q,DIRECT,Hradec - Etzenricht  Etzenricht - Hradec 441,10T-CZ-DE-00001W,Hradec - Etzenricht,Hradec,Etzenricht,TieLine
2024-08-29 14:00:00+00:00,10T-CZ-DE-00004Q,DIRECT,Hradec - Etzenricht  Etzenricht - Hradec 441,10T-CZ-DE-00001W,Etzenricht - Hradec 441,Etzenricht,Hradec,TieLine
2024-08-29 14:00:00+00:00,11T0-0000-0984-D,DIRECT,St. Peter 2 - Simbach 234_230 St. Peter - Altheim_Simbach 234_230 Y-Altheim (-Simbach - St. Peter) 234/230  Y-Simbach (-Altheim - St. Peter) 234/230,10T-AT-DE-000045,St. Peter 2 - Simbach 234_230,St. Peter 2,Simbach,TieLine
2024-08-29 14:00:00+00:00,11T0-0000-0984-D,DIRECT,St. Peter 2 - Simbach 234_230 St. Peter - Altheim_Simbach 234_230 Y-Altheim (-Simbach - St. Peter) 234/230  Y-Simbach (-Altheim - St. Peter) 234/230,10T-AT-DE-000045,NA,NA,NA,
2024-08-29 14:00:00+00:00,11T0-0000-0984-D,DIRECT,St. Peter 2 - Simbach 234_230 St. Peter - Altheim_Simbach 234_230 Y-Altheim (-Simbach - St. Peter) 234/230  Y-Simbach (-Altheim - St. Peter) 234/230,11T0-0000-0986-7,Y-Altheim (-Simbach - St. Peter) 234/230,Altheim,St. Peter,TieLine
2024-08-29 14:00:00+00:00,11T0-0000-0984-D,DIRECT,St. Peter 2 - Simbach 234_230 St. Peter - Altheim_Simbach 234_230 Y-Altheim (-Simbach - St. Peter) 234/230  Y-Simbach (-Altheim - St. Peter) 234/230,11T0-0000-0987-4,Y-Simbach (-Altheim - St. Peter) 234/230,Y-Simbach,Simbach,TieLine
2024-08-29 14:00:00+00:00,11TD2L000000003L,DIRECT,Altheim - Sittling 220,11TD2L000000004J,Altheim - Sittling 220,Altheim,Sittling,Line
2024-08-29 14:00:00+00:00,11T0-0000-0103-E,DIRECT,Hradec - Rohrsdorf - V445  Hradec - Rohrsdorf 445,10T-CZ-DE-00002U,Hradec - Rohrsdorf - V445,Hradec,Rohrsdorf,TieLine
2024-08-29 14:00:00+00:00,11T0-0000-0103-E,DIRECT,Hradec - Rohrsdorf - V445  Hradec - Rohrsdorf 445,10T-CZ-DE-00002U,Hradec - Rohrsdorf 445,Hradec,Rohrsdorf,TieLine
2024-08-29 14:00:00+00:00,11TD400000543-LM,DIRECT,Grafenrheinfeld - Stalldorf rt (416) Grafenrheinfeld - Stalldorf 416,11T-D2-D4-000022,Grafenrheinfeld - Stalldorf rt (416),Grafenrheinfeld,Stalldorf,Line
2024-08-29 14:00:00+00:00,11TD400000543-LM,DIRECT,Grafenrheinfeld - Stalldorf rt (416) Grafenrheinfeld - Stalldorf 416,11T-D2-D4-000022,Grafenrheinfeld - Stalldorf 416,Grafenrheinfeld,Stalldorf,Line
2024-08-29 14:00:00+00:00,11T0-0000-1496-M,OPPOSITE,Emscherbruch - Mengede RECKLI S,11T0-0000-2064-H,Emscherbruch - Mengede RECKLI S,Emscherbruch,Mengede,Line
2024-08-29 14:00:00+00:00,11T0-0000-0781-W,DIRECT,Y-Oberzier (-Paffendorf - Sechtem) SECHTM S Y-Paffendorf (-Oberzier - Sechtem) SECHTM S Y-Sechtem (-Oberzier - Paffendorf) SECHTM S,11T0-0000-0782-T,Y-Oberzier (-Paffendorf - Sechtem) SECHTM S,Oberzier,Y-Paffendorf,Line
2024-08-29 14:00:00+00:00,11T0-0000-0781-W,DIRECT,Y-Oberzier (-Paffendorf - Sechtem) SECHTM S Y-Paffendorf (-Oberzier - Sechtem) SECHTM S Y-Sechtem (-Oberzier - Paffendorf) SECHTM S,11T0-0000-0815-6,Y-Paffendorf (-Oberzier - Sechtem) SECHTM S,Paffendorf,Y-Paffendorf,Line
2024-08-29 14:00:00+00:00,11T0-0000-0781-W,DIRECT,Y-Oberzier (-Paffendorf - Sechtem) SECHTM S Y-Paffendorf (-Oberzier - Sechtem) SECHTM S Y-Sechtem (-Oberzier - Paffendorf) SECHTM S,11T0-0000-0849-J,Y-Sechtem (-Oberzier - Paffendorf) SECHTM S,Sechtem,Y-Paffendorf,Line
2024-08-29 14:00:00+00:00,10T-DE-NL-00005N,DIRECT,Gramme - Achene 380.10,22T-BE-IN-LI0130,Gramme - Achene 380.10,Achene,Gramme,Line
2024-08-29 14:00:00+00:00,10T-DE-NL-00005N,DIRECT,Avelgem - Horta 380.102,22T20161020---1E,Avelgem - Horta 380.102,Avelgem,Horta,Line
2024-08-29 14:00:00+00:00,10T-DE-NL-00005N,OPPOSITE,Alegro HVDC,22T201903146---W,NA,NA,NA,
2024-08-29 14:00:00+00:00,10T-DE-NL-00005N,OPPOSITE,Achene - Lonny 380.19 Achene - Lonny 19,10T-BE-FR-000015,Achene - Lonny 380.19,Achene,Lonny,TieLine
2024-08-29 14:00:00+00:00,10T-DE-NL-00005N,OPPOSITE,Achene - Lonny 380.19 Achene - Lonny 19,10T-BE-FR-000015,Achene - Lonny 19,Achene,Lonny,TieLine
2024-08-29 14:00:00+00:00,10T-DE-NL-00005N,OPPOSITE,Boxmeer - Dodewaard 380 Zwart,49T000000000006C,Boxmeer - Dodewaard 380 Zwart,Boxmeer,Dodewaard,Line
2024-08-29 14:00:00+00:00,10T-DE-NL-00005N,OPPOSITE,Avelgem - Horta 380.102,22T20161020---1E,Avelgem - Horta 380.102,Avelgem,Horta,Line
2024-08-29 14:00:00+00:00,11T0-0000-0620-R,DIRECT,Y-Doerpen West (-Meppen - Niederlangen) EMSLD OW Y-Niederlangen (-Meppen - Doerpen West) EMSLD OW Y-Meppen (-Doerpen West - Niederlangen) EMSLD OW Meppen - Niederlangen - Doerpen West EMSLD OW,11T0-0000-0990-L,Y-Doerpen West (-Meppen - Niederlangen) EMSLD OW,Doerpen West,Y Niederlangen,Line
2024-08-29 14:00:00+00:00,11T0-0000-0620-R,DIRECT,Y-Doerpen West (-Meppen - Niederlangen) EMSLD OW Y-Niederlangen (-Meppen - Doerpen West) EMSLD OW Y-Meppen (-Doerpen West - Niederlangen) EMSLD OW Meppen - Niederlangen - Doerpen West EMSLD OW,11T0-0000-0991-I,Y-Niederlangen (-Meppen - Doerpen West) EMSLD OW,Niederlangen,Y Niederlangen,Line
2024-08-29 14:00:00+00:00,11T0-0000-0620-R,DIRECT,Y-Doerpen West (-Meppen - Niederlangen) EMSLD OW Y-Niederlangen (-Meppen - Doerpen West) EMSLD OW Y-Meppen (-Doerpen West - Niederlangen) EMSLD OW Meppen - Niederlangen - Doerpen West EMSLD OW,11T-D2-D7-00001H,Y-Meppen (-Doerpen West - Niederlangen) EMSLD OW,Meppen,Y Niederlangen,Line
2024-08-29 14:00:00+00:00,11T0-0000-0620-R,DIRECT,Y-Doerpen West (-Meppen - Niederlangen) EMSLD OW Y-Niederlangen (-Meppen - Doerpen West) EMSLD OW Y-Meppen (-Doerpen West - Niederlangen) EMSLD OW Meppen - Niederlangen - Doerpen West EMSLD OW,11T-D2-D7-00001H,NA,NA,NA,
2024-08-29 14:00:00+00:00,10T-DE-FR-000068,OPPOSITE,Ensdorf - Vigy VIGY1 N Ensdorf - Vigy VIGY1 N,10T-DE-FR-00005A,Ensdorf - Vigy VIGY1 N,Ensdorf,Vigy,TieLine
2024-08-29 14:00:00+00:00,10T-DE-FR-000068,OPPOSITE,Ensdorf - Vigy VIGY1 N Ensdorf - Vigy VIGY1 N,10T-DE-FR-00005A,Ensdorf - Vigy VIGY1 N,Ensdorf,Vigy,TieLine
2024-08-29 14:00:00+00:00,11T0-0000-0781-W,DIRECT,PST Oberzier TR 442 E,11T0-0000-2133-R,PST Oberzier TR 442 E,Oberzier,Oberzier,PST
2024-08-29 14:00:00+00:00,11TD8L551------R,DIRECT,Baerwalde - Schmoelln 552,11TD8L552------J,Baerwalde - Schmoelln 552,Baerwalde,Schmoelln,Line
2024-08-29 14:00:00+00:00,11TD8L565------N,DIRECT,Graustein - Baerwalde 566,11TD8L566------F,Graustein - Baerwalde 566,Graustein,Baerwalde,Line
2024-08-29 14:00:00+00:00,11T0-0000-0011-L,DIRECT,,,,,,
2024-08-29 14:00:00+00:00,11TD8L555------W,OPPOSITE,Dresden/Sued - Schmoelln 556,11TD8L556------O,Dresden/Sued - Schmoelln 556,Dresden/Sued,Schmoelln,Line
2024-08-29 14:00:00+00:00,10T-HR-SI-000022,OPPOSITE,,,,,,
2024-08-29 14:00:00+00:00,10T-HR-SI-000022,DIRECT,Melina - Divaca 400 kV Divaca - Melina,10T-HR-SI-000014,Melina - Divaca,Melina,Divaca,TieLine
2024-08-29 14:00:00+00:00,10T-HR-SI-000022,DIRECT,Melina - Divaca 400 kV Divaca - Melina,10T-HR-SI-000014,400 kV Divaca - Melina,Divaca,Melina,TieLine
2024-08-29 14:00:00+00:00,10T-HR-SI-000022,OPPOSITE,Melina - Divaca 400 kV Divaca - Melina,10T-HR-SI-000014,Melina - Divaca,Melina,Divaca,TieLine
2024-08-29 14:00:00+00:00,10T-HR-SI-000022,OPPOSITE,Melina - Divaca 400 kV Divaca - Melina,10T-HR-SI-000014,400 kV Divaca - Melina,Divaca,Melina,TieLine
2024-08-29 14:00:00+00:00,10T-BA-HR-00003R,DIRECT,,,,,,
2024-08-29 14:00:00+00:00,10T-HR-HU-000033,OPPOSITE,Pecs - Ernestinovo2 491B Ernestinovo - Pecs 2,10T-HR-HU-000041,Pecs - Ernestinovo2 491B,Pecs,Ernestinovo,TieLine
2024-08-29 14:00:00+00:00,10T-HR-HU-000033,OPPOSITE,Pecs - Ernestinovo2 491B Ernestinovo - Pecs 2,10T-HR-HU-000041,Ernestinovo - Pecs 2,Ernestinovo,Pecs 2,TieLine
2024-08-29 14:00:00+00:00,10T-HR-SI-00004Z,OPPOSITE,Tumbri - Krsko 2 400 kV Krsko - Tumbri 2,10T-HR-SI-00005X,Tumbri - Krsko 2,Tumbri,Krsko,TieLine
2024-08-29 14:00:00+00:00,10T-HR-SI-00004Z,OPPOSITE,Tumbri - Krsko 2 400 kV Krsko - Tumbri 2,10T-HR-SI-00005X,400 kV Krsko - Tumbri 2,Krsko,Tumbri,TieLine
2024-08-29 14:00:00+00:00,15T-M000002791-J,DIRECT,Gabcikovo - Gyor Gabcikovo - Gyor,10T-HU-SK-00002R,Gabcikovo - Gyor,Gabcikovo,Gyor,TieLine
2024-08-29 14:00:00+00:00,15T-M000002791-J,DIRECT,Gabcikovo - Gyor Gabcikovo - Gyor,10T-HU-SK-00002R,Gabcikovo - Gyor,Gabcikovo,Gyor,TieLine
2024-08-29 14:00:00+00:00,10T-HU-UA-00002F,DIRECT,Szabolcsbaka - Mukachevo,10T1001C--000421,Szabolcsbaka - Mukachevo,Szabolcsbaka,Mukachevo,TieLine
2024-08-29 14:00:00+00:00,10T1001C--00056R,DIRECT,Gabcikovo - Gyor Gabcikovo - Gyor,10T-HU-SK-00002R,Gabcikovo - Gyor,Gabcikovo,Gyor,TieLine
2024-08-29 14:00:00+00:00,10T1001C--00056R,DIRECT,Gabcikovo - Gyor Gabcikovo - Gyor,10T-HU-SK-00002R,Gabcikovo - Gyor,Gabcikovo,Gyor,TieLine
2024-08-29 14:00:00+00:00,10T1001C--00056R,OPPOSITE,Gabcikovo - Gyor Gabcikovo - Gyor,10T-HU-SK-00002R,Gabcikovo - Gyor,Gabcikovo,Gyor,TieLine
2024-08-29 14:00:00+00:00,10T1001C--00056R,OPPOSITE,Gabcikovo - Gyor Gabcikovo - Gyor,10T-HU-SK-00002R,Gabcikovo - Gyor,Gabcikovo,Gyor,TieLine
2024-08-29 14:00:00+00:00,10T1001C--00101B,DIRECT,Zerjavinec - Heviz Zerjavinec - Heviz,10T-HR-HU-000025,Zerjavinec - Heviz,Zerjavinec,Heviz,TieLine
2024-08-29 14:00:00+00:00,10T1001C--00101B,DIRECT,Zerjavinec - Heviz Zerjavinec - Heviz,10T-HR-HU-000025,Zerjavinec - Heviz,Zerjavinec,Heviz,TieLine
2024-08-29 14:00:00+00:00,10T1001C--00101B,OPPOSITE,Zerjavinec - Heviz Zerjavinec - Heviz,10T-HR-HU-000025,Zerjavinec - Heviz,Zerjavinec,Heviz,TieLine
2024-08-29 14:00:00+00:00,10T1001C--00101B,OPPOSITE,Zerjavinec - Heviz Zerjavinec - Heviz,10T-HR-HU-000025,Zerjavinec - Heviz,Zerjavinec,Heviz,TieLine
2024-08-29 14:00:00+00:00,15T-M00000043583,DIRECT,Kerepes - Zuglo 2,15T-M00000043591,Kerepes - Zuglo 2,Kerepes,Zuglo,Line
2024-08-29 14:00:00+00:00,10T-DE-NL-00002T,OPPOSITE,PST Gronau TR 441 E,11T0-0000-0620-R,PST Gronau TR 441 E,Gronau,Gronau,PST
2024-08-29 14:00:00+00:00,10T-DE-NL-00002T,DIRECT,Y-Doerpen West (-Meppen - Niederlangen) EMSLD OW Y-Niederlangen (-Meppen - Doerpen West) EMSLD OW Y-Meppen (-Doerpen West - Niederlangen) EMSLD OW Meppen - Niederlangen - Doerpen West EMSLD OW,11T0-0000-0990-L,Y-Doerpen West (-Meppen - Niederlangen) EMSLD OW,Doerpen West,Y Niederlangen,Line
2024-08-29 14:00:00+00:00,10T-DE-NL-00002T,DIRECT,Y-Doerpen West (-Meppen - Niederlangen) EMSLD OW Y-Niederlangen (-Meppen - Doerpen West) EMSLD OW Y-Meppen (-Doerpen West - Niederlangen) EMSLD OW Meppen - Niederlangen - Doerpen West EMSLD OW,11T0-0000-0991-I,Y-Niederlangen (-Meppen - Doerpen West) EMSLD OW,Niederlangen,Y Niederlangen,Line
2024-08-29 14:00:00+00:00,10T-DE-NL-00002T,DIRECT,Y-Doerpen West (-Meppen - Niederlangen) EMSLD OW Y-Niederlangen (-Meppen - Doerpen West) EMSLD OW Y-Meppen (-Doerpen West - Niederlangen) EMSLD OW Meppen - Niederlangen - Doerpen West EMSLD OW,11T-D2-D7-00001H,Y-Meppen (-Doerpen West - Niederlangen) EMSLD OW,Meppen,Y Niederlangen,Line
2024-08-29 14:00:00+00:00,10T-DE-NL-00002T,DIRECT,Y-Doerpen West (-Meppen - Niederlangen) EMSLD OW Y-Niederlangen (-Meppen - Doerpen West) EMSLD OW Y-Meppen (-Doerpen West - Niederlangen) EMSLD OW Meppen - Niederlangen - Doerpen West EMSLD OW,11T-D2-D7-00001H,NA,NA,NA,
2024-08-29 14:00:00+00:00,10T-DE-NL-00005N,DIRECT,PST Gronau TR 441 E,11T0-0000-0620-R,PST Gronau TR 441 E,Gronau,Gronau,PST
2024-08-29 14:00:00+00:00,10T-DE-NL-00005N,OPPOSITE,PST Gronau TR 441 E,11T0-0000-0620-R,PST Gronau TR 441 E,Gronau,Gronau,PST
2024-08-29 14:00:00+00:00,10T-DE-NL-00005N,OPPOSITE,Opladen - Rommerskirchen OPLADN N,11T0-0000-0793-M,Opladen - Rommerskirchen OPLADN N,Opladen,Rommerskirchen,Line
2024-08-29 14:00:00+00:00,49T000000000000O,DIRECT,Zwolle - Hengelo 380 Zwart,49T000000000031D,Zwolle - Hengelo 380 Zwart,Zwolle,Hengelo,Line
2024-08-29 14:00:00+00:00,49T0000000000274,DIRECT,Krimpen a/d IJssel - Geertruidenberg 380 Zwart,49T0000000000282,Krimpen a/d IJssel - Geertruidenberg 380 Zwart,Krimpen a/d IJssel,Geertruidenberg,Line
2024-08-29 14:00:00+00:00,49T0000000000274,OPPOSITE,Krimpen a/d IJssel - Geertruidenberg 380 Zwart,49T0000000000282,Krimpen a/d IJssel - Geertruidenberg 380 Zwart,Krimpen a/d IJssel,Geertruidenberg,Line
2024-08-29 14:00:00+00:00,19T000000001304A,DIRECT,Krosno Iskrzynia - Tarnow,19T000000000296P,Krosno Iskrzynia - Tarnow,Krosno Iskrzynia,Tarnow,Line
2024-08-29 14:00:00+00:00,19T000000001304A,OPPOSITE,Krosno Iskrzynia - Tarnow,19T000000000296P,Krosno Iskrzynia - Tarnow,Krosno Iskrzynia,Tarnow,Line
2024-08-29 14:00:00+00:00,19T0000000063830,DIRECT,Hagenwerder - Mikulowa 568 Mikulowa - Hagenwerder 568,10T-DE-PL-00001D,Hagenwerder - Mikulowa 568,Hagenwerder,Mikulowa,TieLine
2024-08-29 14:00:00+00:00,19T0000000063830,DIRECT,Hagenwerder - Mikulowa 568 Mikulowa - Hagenwerder 568,10T-DE-PL-00001D,Mikulowa - Hagenwerder 568,Mikulowa 568,Hagenwerder,TieLine
2024-08-29 14:00:00+00:00,19T0000000063830,OPPOSITE,Hagenwerder - Mikulowa 568 Mikulowa - Hagenwerder 568,10T-DE-PL-00001D,Hagenwerder - Mikulowa 568,Hagenwerder,Mikulowa,TieLine
2024-08-29 14:00:00+00:00,19T0000000063830,OPPOSITE,Hagenwerder - Mikulowa 568 Mikulowa - Hagenwerder 568,10T-DE-PL-00001D,Mikulowa - Hagenwerder 568,Mikulowa 568,Hagenwerder,TieLine
2024-08-29 14:00:00+00:00,19T000000006396S,DIRECT,Polaniec - Rzeszow,19T000000006420K,Polaniec - Rzeszow,Polaniec,Rzeszow,Line
2024-08-29 14:00:00+00:00,10T1001A1001A09N,DIRECT,Nosovice - Wielopole  Wielopole - Nosovice,10T-CZ-PL-00004A,Nosovice - Wielopole,Nosovice,Wielopole,TieLine
2024-08-29 14:00:00+00:00,10T1001A1001A09N,DIRECT,Nosovice - Wielopole  Wielopole - Nosovice,10T-CZ-PL-00004A,Wielopole - Nosovice,Wielopole,Nosovice,TieLine
2024-08-29 14:00:00+00:00,10T-CZ-PL-00004A,DIRECT,Dobrzen - Detmarovice Dobrzen - Detmarovice,10T1001A1001A09N,Dobrzen - Detmarovice,Dobrzen,Detmarovice,TieLine
2024-08-29 14:00:00+00:00,10T-CZ-PL-00004A,DIRECT,Dobrzen - Detmarovice Dobrzen - Detmarovice,10T1001A1001A09N,Dobrzen - Detmarovice,Detmarovice,Dobrzen,TieLine
2024-08-29 14:00:00+00:00,10T-CZ-PL-00004A,OPPOSITE,Dobrzen - Detmarovice Dobrzen - Detmarovice,10T1001A1001A09N,Dobrzen - Detmarovice,Dobrzen,Detmarovice,TieLine
2024-08-29 14:00:00+00:00,10T-CZ-PL-00004A,OPPOSITE,Dobrzen - Detmarovice Dobrzen - Detmarovice,10T1001A1001A09N,Dobrzen - Detmarovice,Detmarovice,Dobrzen,TieLine
2024-08-29 14:00:00+00:00,30T-ROSI400AT--1,DIRECT,Rosiori - Gadalin,30TGADA400ROSI-A,Rosiori - Gadalin,Rosiori,Gadalin,Line
2024-08-29 14:00:00+00:00,10T-RO-RS-00001V,OPPOSITE,Tantareni - Kozlodui c2 Tantareni - Kozlodui c1,10T-BG-RO-00001A,Tantareni - Kozlodui c2,Tantareni,Kozlodui,TieLine
2024-08-29 14:00:00+00:00,10T-RO-RS-00001V,OPPOSITE,Tantareni - Kozlodui c2 Tantareni - Kozlodui c1,10T-RO-BG-00002A,Tantareni - Kozlodui c1,Tantareni,Kozlodui,TieLine
2024-08-29 14:00:00+00:00,30TISAC400VULC-W,DIRECT,Pivdennoukrainska G1,30UADUMMYEIC---1,Pivdennoukrainska G1,Pivdennoukrainska Bus1,Pivdennoukrainska Bus2,Transformer
2024-08-29 14:00:00+00:00,30THASD220MINT1W,DIRECT,Pestis - Hasdat,30THASD220PEST-I,Pestis - Hasdat,Pestis,Hasdat,Line
2024-08-29 14:00:00+00:00,30THASD220PEST-I,OPPOSITE,Hasdat - Mintia,30THASD220MINT1W,Hasdat - Mintia,Hasdat,Mintia,Line
2024-08-29 14:00:00+00:00,10T1001C--00101B,DIRECT,Kainachtal - Maribor 473 400 kV Maribor - Kainachtal 1,10T-AT-SI-00001T,Kainachtal - Maribor 473,Kainachtal,Maribor,TieLine
2024-08-29 14:00:00+00:00,10T1001C--00101B,DIRECT,Kainachtal - Maribor 473 400 kV Maribor - Kainachtal 1,10T-AT-SI-00001T,400 kV Maribor - Kainachtal 1,Maribor,Kainachtal,TieLine
2024-08-29 14:00:00+00:00,10T1001C--00101B,DIRECT,Zerjavinec - Cirkovce 400 kV Cirkovce - Zerjavinec,10T1001C--001037,Zerjavinec - Cirkovce,Zerjavinec,Cirkovce,TieLine
2024-08-29 14:00:00+00:00,10T1001C--00101B,DIRECT,Zerjavinec - Cirkovce 400 kV Cirkovce - Zerjavinec,10T1001C--001037,400 kV Cirkovce - Zerjavinec,Cirkovce,Zerjavinec,TieLine
2024-08-29 14:00:00+00:00,10T1001C--00101B,OPPOSITE,Zerjavinec - Cirkovce 400 kV Cirkovce - Zerjavinec,10T1001C--001037,Zerjavinec - Cirkovce,Zerjavinec,Cirkovce,TieLine
2024-08-29 14:00:00+00:00,10T1001C--00101B,OPPOSITE,Zerjavinec - Cirkovce 400 kV Cirkovce - Zerjavinec,10T1001C--001037,400 kV Cirkovce - Zerjavinec,Cirkovce,Zerjavinec,TieLine
2024-08-29 14:00:00+00:00,10T-HU-SK-00001T,DIRECT,R.Sobota - Sajoivanka  R.Sobota - Sajoivanka,10T1001C--00054V,R.Sobota - Sajoivanka,R.Sobota,Sajoivanka,TieLine
2024-08-29 14:00:00+00:00,10T-HU-SK-00001T,DIRECT,R.Sobota - Sajoivanka  R.Sobota - Sajoivanka,10T1001C--00054V,R.Sobota - Sajoivanka,R.Sobota,Sajoivanka,TieLine
2024-08-29 14:00:00+00:00,10T-SK-UA-00001W,DIRECT,R.Sobota - Sajoivanka  R.Sobota - Sajoivanka,10T1001C--00054V,R.Sobota - Sajoivanka,R.Sobota,Sajoivanka,TieLine
2024-08-29 14:00:00+00:00,10T-SK-UA-00001W,DIRECT,R.Sobota - Sajoivanka  R.Sobota - Sajoivanka,10T1001C--00054V,R.Sobota - Sajoivanka,R.Sobota,Sajoivanka,TieLine
2024-08-29 14:00:00+00:00,24T-V429-0000005,DIRECT,V.Dur - Krizovany,24T-V425-0000004,V.Dur - Krizovany,V.Dur,Krizovany,Line
2024-08-29 14:00:00+00:00,24T-V493-000000Q,DIRECT,Bosaca - Varin,24T-V495-0000008,Bosaca - Varin,Bosaca,Varin,Line
2024-08-29 14:00:00+00:00,24T-V490-000000G,DIRECT,V.Dur - Levice 2,24T-V491-0000007,V.Dur - Levice 2,V.Dur,Levice,Line
2024-08-29 14:00:00+00:00,24T-V425-0000004,DIRECT,Gabcikovo - P.Biskupice,24T-V429-0000005,Gabcikovo - P.Biskupice,Gabcikovo,P.Biskupice,Line
2024-08-29 14:00:00+00:00,10T-CZ-SK-00002W,OPPOSITE,Sp.Nova Ves - Lemesany,24T-V408-000000Y,Sp.Nova Ves - Lemesany,Sp.Nova Ves,Lemesany,Line
2024-08-29 14:00:00+00:00,24T-V425-0000004,OPPOSITE,Gabcikovo - P.Biskupice,24T-V429-0000005,Gabcikovo - P.Biskupice,Gabcikovo,P.Biskupice,Line
2024-08-29 14:00:00+00:00,24T-V425-0000004,OPPOSITE,Krizovany - P.Biskupice,24T-V439-000000W,Krizovany - P.Biskupice,Krizovany,P.Biskupice,Line
2024-08-29 15:00:00+00:00,10T-AT-SI-00003P,DIRECT,Kainachtal - Obersielach 471,14T-380-0-00471D,Kainachtal - Obersielach 471,Kainachtal,Obersielach,Line
2024-08-29 15:00:00+00:00,10T-AT-SI-00003P,DIRECT,Kainachtal - Maribor 473 400 kV Maribor - Kainachtal 1,10T-AT-SI-00001T,Kainachtal - Maribor 473,Kainachtal,Maribor,TieLine
2024-08-29 15:00:00+00:00,10T-AT-SI-00003P,DIRECT,Kainachtal - Maribor 473 400 kV Maribor - Kainachtal 1,10T-AT-SI-00001T,400 kV Maribor - Kainachtal 1,Maribor,Kainachtal,TieLine
2024-08-29 15:00:00+00:00,10T-AT-SI-00003P,OPPOSITE,Kainachtal - Maribor 473 400 kV Maribor - Kainachtal 1,10T-AT-SI-00001T,Kainachtal - Maribor 473,Kainachtal,Maribor,TieLine
2024-08-29 15:00:00+00:00,10T-AT-SI-00003P,OPPOSITE,Kainachtal - Maribor 473 400 kV Maribor - Kainachtal 1,10T-AT-SI-00001T,400 kV Maribor - Kainachtal 1,Maribor,Kainachtal,TieLine
2024-08-29 15:00:00+00:00,10T-AT-SI-00003P,DIRECT,400 kV Cirkovce - Podlog,28T000000000301K,400 kV Cirkovce - Podlog,Cirkovce,Podlog,Line
2024-08-29 15:00:00+00:00,10T-AT-SI-00003P,OPPOSITE,400 kV Cirkovce - Podlog,28T000000000301K,400 kV Cirkovce - Podlog,Cirkovce,Podlog,Line
2024-08-29 15:00:00+00:00,10T-AT-SI-00003P,DIRECT,400 kV Cirkovce - Krsko,28T000000000300M,400 kV Cirkovce - Krsko,Cirkovce,Krsko,Line
2024-08-29 15:00:00+00:00,10T-AT-DE-000037,DIRECT,Pirach Neu - Pleinting 296/257 Pirach Neu - Pirach 296/257,11T0-0000-2108-O,Pirach Neu - Pleinting 296/257,Pirach Neu,Pleinting,Line
2024-08-29 15:00:00+00:00,10T-AT-DE-000037,DIRECT,Pirach Neu - Pleinting 296/257 Pirach Neu - Pirach 296/257,11T0-0000-2108-O,Pirach Neu - Pirach 296/257,Pirach Neu,Pirach,Line
2024-08-29 15:00:00+00:00,14T-220-0-0267CE,OPPOSITE,Feistritz - Obersielach 268,14T-220-0-00268E,Feistritz - Obersielach 268,Feistritz,Obersielach,Line
2024-08-29 15:00:00+00:00,14T-220-0-0273BO,DIRECT,Strass - Thaur 274B,14T-220-0-0274BL,Strass - Thaur 274B,Strass,Thaur,Line
2024-08-29 15:00:00+00:00,10T-AT-CZ-00003X,OPPOSITE,Slavetice - Durnrohr - V438  Duernrohr 1 - Slavetice 438,10T-AT-CZ-00004V,Slavetice - Durnrohr - V438,Slavetice,Durnrohr,TieLine
2024-08-29 15:00:00+00:00,10T-AT-CZ-00003X,OPPOSITE,Slavetice - Durnrohr - V438  Duernrohr 1 - Slavetice 438,10T-AT-CZ-00004V,Duernrohr 1 - Slavetice 438,Duernrohr 1,Slavetice,TieLine
2024-08-29 15:00:00+00:00,10T-AT-SI-00001T,OPPOSITE,Kainachtal - Maribor 474 400 kV Maribor - Kainachtal 2,10T-AT-SI-00002R,Kainachtal - Maribor 474,Kainachtal,Maribor,TieLine
2024-08-29 15:00:00+00:00,10T-AT-SI-00001T,OPPOSITE,Kainachtal - Maribor 474 400 kV Maribor - Kainachtal 2,10T-AT-SI-00002R,400 kV Maribor - Kainachtal 2,Maribor,Kainachtal,TieLine
2024-08-29 15:00:00+00:00,14T-22220-TAPSTO,OPPOSITE,Feistritz - Obersielach 268,14T-220-0-00268E,Feistritz - Obersielach 268,Feistritz,Obersielach,Line
2024-08-29 15:00:00+00:00,14T-22220-TAPSTO,OPPOSITE,Westtirol 1 - Westtirol 2 WTRHU41,14T-38220-WT041O,Westtirol 1 - Westtirol 2 WTRHU41,Westtirol 1,Westtirol 2,Transformer
2024-08-29 15:00:00+00:00,14T-38220-WT041O,OPPOSITE,Westtirol 2 - Voehringen 411 Westtirol - Voehringen FUESSN W,10T1001C--00037V,Westtirol 2 - Voehringen 411,Westtirol 2,Voehringen,TieLine
2024-08-29 15:00:00+00:00,14T-38220-WT041O,OPPOSITE,Westtirol 2 - Voehringen 411 Westtirol - Voehringen FUESSN W,10T1001C--00037V,Westtirol - Voehringen FUESSN W,Westtirol,Voehringen,TieLine
2024-08-29 15:00:00+00:00,14T-38220-WT041O,OPPOSITE,Leupolz - Westtirol 412 Leupolz - Westtirol FUESSN O,10T-AT-DE-10007U,Leupolz - Westtirol 412,Leupolz,Westtirol,TieLine
2024-08-29 15:00:00+00:00,14T-38220-WT041O,OPPOSITE,Leupolz - Westtirol 412 Leupolz - Westtirol FUESSN O,10T-AT-DE-10007U,Leupolz - Westtirol FUESSN O,Leupolz,Westtirol,TieLine
2024-08-29 15:00:00+00:00,14T-38220-WT041O,OPPOSITE,Buers - Westtirol rt (422) Westtirol 2 - Buers 422,10T-AT-DE-000061,Buers - Westtirol rt (422),Buers,Westtirol,TieLine
2024-08-29 15:00:00+00:00,14T-38220-WT041O,OPPOSITE,Buers - Westtirol rt (422) Westtirol 2 - Buers 422,10T-AT-DE-000061,Westtirol 2 - Buers 422,Buers,Westtirol,TieLine
2024-08-29 15:00:00+00:00,14T-38220-WT041O,OPPOSITE,Buers - Westtirol ws (421) Westtirol 1 - Buers 421,10T-AT-DE-000053,Buers - Westtirol ws (421),Buers,Westtirol,TieLine
2024-08-29 15:00:00+00:00,14T-38220-WT041O,OPPOSITE,Buers - Westtirol ws (421) Westtirol 1 - Buers 421,10T-AT-DE-000053,Westtirol 1 - Buers 421,Buers,Westtirol,TieLine
2024-08-29 15:00:00+00:00,10T-BE-FR-000015,OPPOSITE,Avelgem - Horta 380.102,22T20161020---1E,Avelgem - Horta 380.102,Avelgem,Horta,Line
2024-08-29 15:00:00+00:00,10T-BE-FR-000015,OPPOSITE,Lixhe - Van Eyck 380.91 Alegro HVDC,22T20180102---2W,Lixhe - Van Eyck 380.91,Lixhe,Van Eyck,Line
2024-08-29 15:00:00+00:00,10T-BE-FR-000015,OPPOSITE,Lixhe - Van Eyck 380.91 Alegro HVDC,22T201903146---W,NA,NA,NA,
2024-08-29 15:00:00+00:00,10T-BE-FR-000015,OPPOSITE,PST Van Eyck 2,22T-BE-PST--002U,PST Van Eyck 2,Van Eyck,Van Eyck,PST
2024-08-29 15:00:00+00:00,22T-BE-IN-LI0130,OPPOSITE,Avelgem - Horta 380.102,22T20161020---1E,Avelgem - Horta 380.102,Avelgem,Horta,Line
2024-08-29 15:00:00+00:00,22T-BE-IN-LI0130,OPPOSITE,PST Van Eyck 2,22T-BE-PST--002U,PST Van Eyck 2,Van Eyck,Van Eyck,PST
2024-08-29 15:00:00+00:00,22T-BE-IN-LI018R,DIRECT,Y-Van Eyck (-Andre Dumont - Gramme) 380.12 Y-Andre Dumont (-Gramme - Van Eyck) 380.12 Y-Gramme (-Andre Dumont - Van Eyck) 380.12,22T20161020---48,Y-Van Eyck (-Andre Dumont - Gramme) 380.12,Van Eyck,Zuttendaal,Line
2024-08-29 15:00:00+00:00,22T-BE-IN-LI018R,DIRECT,Y-Van Eyck (-Andre Dumont - Gramme) 380.12 Y-Andre Dumont (-Gramme - Van Eyck) 380.12 Y-Gramme (-Andre Dumont - Van Eyck) 380.12,22T20161020---48,Y-Andre Dumont (-Gramme - Van Eyck) 380.12,Andre Dumont,Zuttendaal,Line
2024-08-29 15:00:00+00:00,22T-BE-IN-LI018R,DIRECT,Y-Van Eyck (-Andre Dumont - Gramme) 380.12 Y-Andre Dumont (-Gramme - Van Eyck) 380.12 Y-Gramme (-Andre Dumont - Van Eyck) 380.12,22T20161020---48,Y-Gramme (-Andre Dumont - Van Eyck) 380.12,Gramme,Zuttendaal,Line
2024-08-29 15:00:00+00:00,22T-BE-PST--002U,DIRECT,Achene - Lonny 380.19 Achene - Lonny 19,10T-BE-FR-000015,Achene - Lonny 380.19,Achene,Lonny,TieLine
2024-08-29 15:00:00+00:00,22T-BE-PST--002U,DIRECT,Achene - Lonny 380.19 Achene - Lonny 19,10T-BE-FR-000015,Achene - Lonny 19,Achene,Lonny,TieLine
2024-08-29 15:00:00+00:00,22T-BE-PST--002U,DIRECT,Y-Bruegel (-Mercator - Verbrande Brug) 380.36 Y-Mercator (-Bruegel - Verbrande Brug) 380.36 Y-Verbrande Brug (-Bruegel - Mercator) 380.36,22T-BE-IN-LI006Y,Y-Bruegel (-Mercator - Verbrande Brug) 380.36,Bruegel,Buggenhout,Line
2024-08-29 15:00:00+00:00,22T-BE-PST--002U,DIRECT,Y-Bruegel (-Mercator - Verbrande Brug) 380.36 Y-Mercator (-Bruegel - Verbrande Brug) 380.36 Y-Verbrande Brug (-Bruegel - Mercator) 380.36,22T-BE-IN-LI006Y,Y-Mercator (-Bruegel - Verbrande Brug) 380.36,Mercator,Buggenhout,Line
2024-08-29 15:00:00+00:00,22T-BE-PST--002U,DIRECT,Y-Bruegel (-Mercator - Verbrande Brug) 380.36 Y-Mercator (-Bruegel - Verbrande Brug) 380.36 Y-Verbrande Brug (-Bruegel - Mercator) 380.36,22T-BE-IN-LI006Y,Y-Verbrande Brug (-Bruegel - Mercator) 380.36,Verbrande Brug,Buggenhout,Line
2024-08-29 15:00:00+00:00,22T-BE-PST--002U,DIRECT,PST Van Eyck 1,22T-BE-PST--001W,PST Van Eyck 1,Van Eyck,Van Eyck,PST
2024-08-29 15:00:00+00:00,22T-BE-PST--002U,OPPOSITE,Y-Bruegel (-Courcelles - Drogenbos) 380.33 Y-Courcelles (-Bruegel - Drogenbos) 380.33 Y-Drogenbos (-Bruegel - Courcelles) 380.33,22T-BE-IN-LI0017,Y-Bruegel (-Courcelles - Drogenbos) 380.33,Bruegel,Mekingen,Line
2024-08-29 15:00:00+00:00,22T-BE-PST--002U,OPPOSITE,Y-Bruegel (-Courcelles - Drogenbos) 380.33 Y-Courcelles (-Bruegel - Drogenbos) 380.33 Y-Drogenbos (-Bruegel - Courcelles) 380.33,22T-BE-IN-LI0017,Y-Courcelles (-Bruegel - Drogenbos) 380.33,Courcelles,Mekingen,Line
2024-08-29 15:00:00+00:00,22T-BE-PST--002U,OPPOSITE,Y-Bruegel (-Courcelles - Drogenbos) 380.33 Y-Courcelles (-Bruegel - Drogenbos) 380.33 Y-Drogenbos (-Bruegel - Courcelles) 380.33,22T-BE-IN-LI0017,Y-Drogenbos (-Bruegel - Courcelles) 380.33,Drogenbos,Mekingen,Line
2024-08-29 15:00:00+00:00,22T-BE-PST--002U,OPPOSITE,Gramme - Achene 380.10,22T-BE-IN-LI0130,Gramme - Achene 380.10,Achene,Gramme,Line
2024-08-29 15:00:00+00:00,22T-BE-PST--002U,OPPOSITE,PST Van Eyck 1,22T-BE-PST--001W,PST Van Eyck 1,Van Eyck,Van Eyck,PST
2024-08-29 15:00:00+00:00,22T-BE-IN-LI02AK,DIRECT,Doel - Zandvliet 380.26,22T20170512----9,Doel - Zandvliet 380.26,Doel,Zandvliet,Line
2024-08-29 15:00:00+00:00,22T-BE-PST--002U,DIRECT,Alegro HVDC,22T201903146---W,NA,NA,NA,
2024-08-29 15:00:00+00:00,22T-BE-PST--002U,OPPOSITE,Alegro HVDC,22T201903146---W,NA,NA,NA,
2024-08-29 15:00:00+00:00,10T-CZ-DE-00003S,DIRECT,Hradec - Rohrsdorf - V445  Hradec - Rohrsdorf 445,10T-CZ-DE-00002U,Hradec - Rohrsdorf - V445,Hradec,Rohrsdorf,TieLine
2024-08-29 15:00:00+00:00,10T-CZ-DE-00003S,DIRECT,Hradec - Rohrsdorf - V445  Hradec - Rohrsdorf 445,10T-CZ-DE-00002U,Hradec - Rohrsdorf 445,Hradec,Rohrsdorf,TieLine
2024-08-29 15:00:00+00:00,10T-CZ-DE-00002U,OPPOSITE,Hradec - Rohrsdorf - V446  Hradec - Rohrsdorf 446,10T-CZ-DE-00003S,Hradec - Rohrsdorf - V446,Hradec,Rohrsdorf,TieLine
2024-08-29 15:00:00+00:00,10T-CZ-DE-00002U,OPPOSITE,Hradec - Rohrsdorf - V446  Hradec - Rohrsdorf 446,10T-CZ-DE-00003S,Hradec - Rohrsdorf 446,Hradec,Rohrsdorf,TieLine
2024-08-29 15:00:00+00:00,10T-CZ-SK-00001Y,OPPOSITE,Nosovice - Varin  Nosovice - Varin,10T-CZ-SK-00002W,Nosovice - Varin,Nosovice,Varin,TieLine
2024-08-29 15:00:00+00:00,10T-CZ-SK-00001Y,OPPOSITE,Nosovice - Varin  Nosovice - Varin,10T-CZ-SK-00002W,Nosovice - Varin,Nosovice,Varin,TieLine
2024-08-29 15:00:00+00:00,10T-CZ-SK-00002W,DIRECT,Krizovany - Sokolnice Sokolnice - Krizovany,10T-CZ-SK-00003U,Krizovany - Sokolnice,Krizovany,Sokolnice,TieLine
2024-08-29 15:00:00+00:00,10T-CZ-SK-00002W,DIRECT,Krizovany - Sokolnice Sokolnice - Krizovany,10T-CZ-SK-00003U,Sokolnice - Krizovany,Sokolnice,Krizovany,TieLine
2024-08-29 15:00:00+00:00,10T-CZ-SK-00002W,OPPOSITE,Krizovany - Sokolnice Sokolnice - Krizovany,10T-CZ-SK-00003U,Krizovany - Sokolnice,Krizovany,Sokolnice,TieLine
2024-08-29 15:00:00+00:00,10T-CZ-SK-00002W,OPPOSITE,Krizovany - Sokolnice Sokolnice - Krizovany,10T-CZ-SK-00003U,Sokolnice - Krizovany,Sokolnice,Krizovany,TieLine
2024-08-29 15:00:00+00:00,10T1001C--001223,DIRECT,Sokolnice - Zaya - V243 Zaya - Sokolnice 243,10T1001C--001215,Sokolnice - Zaya - V243,Sokolnice,Zaya,TieLine
2024-08-29 15:00:00+00:00,10T1001C--001223,DIRECT,Sokolnice - Zaya - V243 Zaya - Sokolnice 243,10T1001C--001215,Zaya - Sokolnice 243,Zaya,Sokolnice,TieLine
2024-08-29 15:00:00+00:00,10T1001C--001223,OPPOSITE,Sokolnice - Zaya - V243 Zaya - Sokolnice 243,10T1001C--001215,Sokolnice - Zaya - V243,Sokolnice,Zaya,TieLine
2024-08-29 15:00:00+00:00,10T1001C--001223,OPPOSITE,Sokolnice - Zaya - V243 Zaya - Sokolnice 243,10T1001C--001215,Zaya - Sokolnice 243,Zaya,Sokolnice,TieLine
2024-08-29 15:00:00+00:00,10T-CZ-SK-00003U,DIRECT,Nosovice - Varin  Nosovice - Varin,10T-CZ-SK-00002W,Nosovice - Varin,Nosovice,Varin,TieLine
2024-08-29 15:00:00+00:00,10T-CZ-SK-00003U,DIRECT,Nosovice - Varin  Nosovice - Varin,10T-CZ-SK-00002W,Nosovice - Varin,Nosovice,Varin,TieLine
2024-08-29 15:00:00+00:00,10T-CZ-SK-00003U,OPPOSITE,Nosovice - Varin  Nosovice - Varin,10T-CZ-SK-00002W,Nosovice - Varin,Nosovice,Varin,TieLine
2024-08-29 15:00:00+00:00,10T-CZ-SK-00003U,OPPOSITE,Nosovice - Varin  Nosovice - Varin,10T-CZ-SK-00002W,Nosovice - Varin,Nosovice,Varin,TieLine
2024-08-29 15:00:00+00:00,10T-CZ-SK-00003U,DIRECT,Sokolnice - Stupava  Sokolnice - Stupava,10T-CZ-SK-00005Q,Sokolnice - Stupava,Sokolnice,Stupava,TieLine
2024-08-29 15:00:00+00:00,10T-CZ-SK-00003U,DIRECT,Sokolnice - Stupava  Sokolnice - Stupava,10T-CZ-SK-00005Q,Sokolnice - Stupava,Stupava,Sokolnice,TieLine
2024-08-29 15:00:00+00:00,10T-CZ-SK-00003U,OPPOSITE,Sokolnice - Stupava  Sokolnice - Stupava,10T-CZ-SK-00005Q,Sokolnice - Stupava,Sokolnice,Stupava,TieLine
2024-08-29 15:00:00+00:00,10T-CZ-SK-00003U,OPPOSITE,Sokolnice - Stupava  Sokolnice - Stupava,10T-CZ-SK-00005Q,Sokolnice - Stupava,Stupava,Sokolnice,TieLine
2024-08-29 15:00:00+00:00,10T-CZ-SK-00003U,DIRECT,H. Zivotice - Krasikov,27T-TLI-V458---B,H. Zivotice - Krasikov,H. Zivotice,Krasikov,Line
2024-08-29 15:00:00+00:00,10T-CZ-SK-00003U,OPPOSITE,H. Zivotice - Krasikov,27T-TLI-V458---B,H. Zivotice - Krasikov,H. Zivotice,Krasikov,Line
2024-08-29 15:00:00+00:00,10T-CZ-DE-00004Q,DIRECT,Hradec - Etzenricht  Etzenricht - Hradec 441,10T-CZ-DE-00001W,Hradec - Etzenricht,Hradec,Etzenricht,TieLine
2024-08-29 15:00:00+00:00,10T-CZ-DE-00004Q,DIRECT,Hradec - Etzenricht  Etzenricht - Hradec 441,10T-CZ-DE-00001W,Etzenricht - Hradec 441,Etzenricht,Hradec,TieLine
2024-08-29 15:00:00+00:00,11T0-0000-0984-D,DIRECT,St. Peter 2 - Simbach 234_230 St. Peter - Altheim_Simbach 234_230 Y-Altheim (-Simbach - St. Peter) 234/230  Y-Simbach (-Altheim - St. Peter) 234/230,10T-AT-DE-000045,St. Peter 2 - Simbach 234_230,St. Peter 2,Simbach,TieLine
2024-08-29 15:00:00+00:00,11T0-0000-0984-D,DIRECT,St. Peter 2 - Simbach 234_230 St. Peter - Altheim_Simbach 234_230 Y-Altheim (-Simbach - St. Peter) 234/230  Y-Simbach (-Altheim - St. Peter) 234/230,10T-AT-DE-000045,NA,NA,NA,
2024-08-29 15:00:00+00:00,11T0-0000-0984-D,DIRECT,St. Peter 2 - Simbach 234_230 St. Peter - Altheim_Simbach 234_230 Y-Altheim (-Simbach - St. Peter) 234/230  Y-Simbach (-Altheim - St. Peter) 234/230,11T0-0000-0986-7,Y-Altheim (-Simbach - St. Peter) 234/230,Altheim,St. Peter,TieLine
2024-08-29 15:00:00+00:00,11T0-0000-0984-D,DIRECT,St. Peter 2 - Simbach 234_230 St. Peter - Altheim_Simbach 234_230 Y-Altheim (-Simbach - St. Peter) 234/230  Y-Simbach (-Altheim - St. Peter) 234/230,11T0-0000-0987-4,Y-Simbach (-Altheim - St. Peter) 234/230,Y-Simbach,Simbach,TieLine
2024-08-29 15:00:00+00:00,11TD2L000000003L,DIRECT,Altheim - Sittling 220,11TD2L000000004J,Altheim - Sittling 220,Altheim,Sittling,Line
2024-08-29 15:00:00+00:00,11T0-0000-1496-M,OPPOSITE,Emscherbruch - Mengede RECKLI S,11T0-0000-2064-H,Emscherbruch - Mengede RECKLI S,Emscherbruch,Mengede,Line
2024-08-29 15:00:00+00:00,11T0-0000-0781-W,DIRECT,Y-Oberzier (-Paffendorf - Sechtem) SECHTM S Y-Paffendorf (-Oberzier - Sechtem) SECHTM S Y-Sechtem (-Oberzier - Paffendorf) SECHTM S,11T0-0000-0782-T,Y-Oberzier (-Paffendorf - Sechtem) SECHTM S,Oberzier,Y-Paffendorf,Line
2024-08-29 15:00:00+00:00,11T0-0000-0781-W,DIRECT,Y-Oberzier (-Paffendorf - Sechtem) SECHTM S Y-Paffendorf (-Oberzier - Sechtem) SECHTM S Y-Sechtem (-Oberzier - Paffendorf) SECHTM S,11T0-0000-0815-6,Y-Paffendorf (-Oberzier - Sechtem) SECHTM S,Paffendorf,Y-Paffendorf,Line
2024-08-29 15:00:00+00:00,11T0-0000-0781-W,DIRECT,Y-Oberzier (-Paffendorf - Sechtem) SECHTM S Y-Paffendorf (-Oberzier - Sechtem) SECHTM S Y-Sechtem (-Oberzier - Paffendorf) SECHTM S,11T0-0000-0849-J,Y-Sechtem (-Oberzier - Paffendorf) SECHTM S,Sechtem,Y-Paffendorf,Line
2024-08-29 15:00:00+00:00,10T-DE-NL-00005N,DIRECT,Ensdorf - Vigy VIGY2 S Ensdorf - Vigy VIGY2 S,10T-DE-FR-000068,Ensdorf - Vigy VIGY2 S,Ensdorf,Vigy,TieLine
2024-08-29 15:00:00+00:00,10T-DE-NL-00005N,DIRECT,Ensdorf - Vigy VIGY2 S Ensdorf - Vigy VIGY2 S,10T-DE-FR-000068,Ensdorf - Vigy VIGY2 S,Ensdorf,Vigy,TieLine
2024-08-29 15:00:00+00:00,10T-DE-NL-00005N,DIRECT,Gramme - Achene 380.10,22T-BE-IN-LI0130,Gramme - Achene 380.10,Achene,Gramme,Line
2024-08-29 15:00:00+00:00,10T-DE-NL-00005N,DIRECT,Boxmeer - Dodewaard 380 Zwart,49T000000000006C,Boxmeer - Dodewaard 380 Zwart,Boxmeer,Dodewaard,Line
2024-08-29 15:00:00+00:00,10T-DE-NL-00005N,DIRECT,Avelgem - Horta 380.102,22T20161020---1E,Avelgem - Horta 380.102,Avelgem,Horta,Line
2024-08-29 15:00:00+00:00,10T-DE-NL-00005N,OPPOSITE,Alegro HVDC,22T201903146---W,NA,NA,NA,
2024-08-29 15:00:00+00:00,10T-DE-NL-00005N,OPPOSITE,Achene - Lonny 380.19 Achene - Lonny 19,10T-BE-FR-000015,Achene - Lonny 380.19,Achene,Lonny,TieLine
2024-08-29 15:00:00+00:00,10T-DE-NL-00005N,OPPOSITE,Achene - Lonny 380.19 Achene - Lonny 19,10T-BE-FR-000015,Achene - Lonny 19,Achene,Lonny,TieLine
2024-08-29 15:00:00+00:00,10T-DE-NL-00005N,OPPOSITE,Boxmeer - Dodewaard 380 Zwart,49T000000000006C,Boxmeer - Dodewaard 380 Zwart,Boxmeer,Dodewaard,Line
2024-08-29 15:00:00+00:00,10T-DE-FR-000068,OPPOSITE,Ensdorf - Vigy VIGY1 N Ensdorf - Vigy VIGY1 N,10T-DE-FR-00005A,Ensdorf - Vigy VIGY1 N,Ensdorf,Vigy,TieLine
2024-08-29 15:00:00+00:00,10T-DE-FR-000068,OPPOSITE,Ensdorf - Vigy VIGY1 N Ensdorf - Vigy VIGY1 N,10T-DE-FR-00005A,Ensdorf - Vigy VIGY1 N,Ensdorf,Vigy,TieLine
2024-08-29 15:00:00+00:00,11T0-0000-0781-W,DIRECT,PST Oberzier TR 442 E,11T0-0000-2133-R,PST Oberzier TR 442 E,Oberzier,Oberzier,PST
2024-08-29 15:00:00+00:00,11T0-0000-0011-L,DIRECT,,,,,,
2024-08-29 15:00:00+00:00,11TD8L555------W,OPPOSITE,Dresden/Sued - Schmoelln 556,11TD8L556------O,Dresden/Sued - Schmoelln 556,Dresden/Sued,Schmoelln,Line
2024-08-29 15:00:00+00:00,10T-HR-SI-000022,OPPOSITE,,,,,,
2024-08-29 15:00:00+00:00,10T-HR-SI-000022,DIRECT,Melina - Divaca 400 kV Divaca - Melina,10T-HR-SI-000014,Melina - Divaca,Melina,Divaca,TieLine
2024-08-29 15:00:00+00:00,10T-HR-SI-000022,DIRECT,Melina - Divaca 400 kV Divaca - Melina,10T-HR-SI-000014,400 kV Divaca - Melina,Divaca,Melina,TieLine
2024-08-29 15:00:00+00:00,10T-HR-SI-000022,OPPOSITE,Melina - Divaca 400 kV Divaca - Melina,10T-HR-SI-000014,Melina - Divaca,Melina,Divaca,TieLine
2024-08-29 15:00:00+00:00,10T-HR-SI-000022,OPPOSITE,Melina - Divaca 400 kV Divaca - Melina,10T-HR-SI-000014,400 kV Divaca - Melina,Divaca,Melina,TieLine
2024-08-29 15:00:00+00:00,10T-BA-HR-00003R,OPPOSITE,,,,,,
2024-08-29 15:00:00+00:00,10T-BA-HR-00003R,DIRECT,,,,,,
2024-08-29 15:00:00+00:00,10T-HR-HU-000033,OPPOSITE,Pecs - Ernestinovo2 491B Ernestinovo - Pecs 2,10T-HR-HU-000041,Pecs - Ernestinovo2 491B,Pecs,Ernestinovo,TieLine
2024-08-29 15:00:00+00:00,10T-HR-HU-000033,OPPOSITE,Pecs - Ernestinovo2 491B Ernestinovo - Pecs 2,10T-HR-HU-000041,Ernestinovo - Pecs 2,Ernestinovo,Pecs 2,TieLine
2024-08-29 15:00:00+00:00,10T-HR-SI-00004Z,OPPOSITE,Tumbri - Krsko 2 400 kV Krsko - Tumbri 2,10T-HR-SI-00005X,Tumbri - Krsko 2,Tumbri,Krsko,TieLine
2024-08-29 15:00:00+00:00,10T-HR-SI-00004Z,OPPOSITE,Tumbri - Krsko 2 400 kV Krsko - Tumbri 2,10T-HR-SI-00005X,400 kV Krsko - Tumbri 2,Krsko,Tumbri,TieLine
2024-08-29 15:00:00+00:00,15T-M000002791-J,DIRECT,Gabcikovo - Gyor Gabcikovo - Gyor,10T-HU-SK-00002R,Gabcikovo - Gyor,Gabcikovo,Gyor,TieLine
2024-08-29 15:00:00+00:00,15T-M000002791-J,DIRECT,Gabcikovo - Gyor Gabcikovo - Gyor,10T-HU-SK-00002R,Gabcikovo - Gyor,Gabcikovo,Gyor,TieLine
2024-08-29 15:00:00+00:00,10T-HU-UA-00002F,DIRECT,Szabolcsbaka - Mukachevo,10T1001C--000421,Szabolcsbaka - Mukachevo,Szabolcsbaka,Mukachevo,TieLine
2024-08-29 15:00:00+00:00,10T1001C--00056R,DIRECT,Gabcikovo - Gyor Gabcikovo - Gyor,10T-HU-SK-00002R,Gabcikovo - Gyor,Gabcikovo,Gyor,TieLine
2024-08-29 15:00:00+00:00,10T1001C--00056R,DIRECT,Gabcikovo - Gyor Gabcikovo - Gyor,10T-HU-SK-00002R,Gabcikovo - Gyor,Gabcikovo,Gyor,TieLine
2024-08-29 15:00:00+00:00,10T1001C--00056R,OPPOSITE,Gabcikovo - Gyor Gabcikovo - Gyor,10T-HU-SK-00002R,Gabcikovo - Gyor,Gabcikovo,Gyor,TieLine
2024-08-29 15:00:00+00:00,10T1001C--00056R,OPPOSITE,Gabcikovo - Gyor Gabcikovo - Gyor,10T-HU-SK-00002R,Gabcikovo - Gyor,Gabcikovo,Gyor,TieLine
2024-08-29 15:00:00+00:00,10T1001C--00101B,DIRECT,Zerjavinec - Heviz Zerjavinec - Heviz,10T-HR-HU-000025,Zerjavinec - Heviz,Zerjavinec,Heviz,TieLine
2024-08-29 15:00:00+00:00,10T1001C--00101B,DIRECT,Zerjavinec - Heviz Zerjavinec - Heviz,10T-HR-HU-000025,Zerjavinec - Heviz,Zerjavinec,Heviz,TieLine
2024-08-29 15:00:00+00:00,10T1001C--00101B,OPPOSITE,Zerjavinec - Heviz Zerjavinec - Heviz,10T-HR-HU-000025,Zerjavinec - Heviz,Zerjavinec,Heviz,TieLine
2024-08-29 15:00:00+00:00,10T1001C--00101B,OPPOSITE,Zerjavinec - Heviz Zerjavinec - Heviz,10T-HR-HU-000025,Zerjavinec - Heviz,Zerjavinec,Heviz,TieLine
2024-08-29 15:00:00+00:00,15T-M00000043583,DIRECT,Kerepes - Zuglo 2,15T-M00000043591,Kerepes - Zuglo 2,Kerepes,Zuglo,Line
2024-08-29 15:00:00+00:00,10T-DE-NL-00002T,OPPOSITE,Zwolle - Hengelo 380 Wit,49T000000000000O,Zwolle - Hengelo 380 Wit,Zwolle,Hengelo,Line
2024-08-29 15:00:00+00:00,10T-DE-NL-00002T,DIRECT,Y-Doerpen West (-Meppen - Niederlangen) EMSLD OW Y-Niederlangen (-Meppen - Doerpen West) EMSLD OW Y-Meppen (-Doerpen West - Niederlangen) EMSLD OW Meppen - Niederlangen - Doerpen West EMSLD OW,11T0-0000-0990-L,Y-Doerpen West (-Meppen - Niederlangen) EMSLD OW,Doerpen West,Y Niederlangen,Line
2024-08-29 15:00:00+00:00,10T-DE-NL-00002T,DIRECT,Y-Doerpen West (-Meppen - Niederlangen) EMSLD OW Y-Niederlangen (-Meppen - Doerpen West) EMSLD OW Y-Meppen (-Doerpen West - Niederlangen) EMSLD OW Meppen - Niederlangen - Doerpen West EMSLD OW,11T0-0000-0991-I,Y-Niederlangen (-Meppen - Doerpen West) EMSLD OW,Niederlangen,Y Niederlangen,Line
2024-08-29 15:00:00+00:00,10T-DE-NL-00002T,DIRECT,Y-Doerpen West (-Meppen - Niederlangen) EMSLD OW Y-Niederlangen (-Meppen - Doerpen West) EMSLD OW Y-Meppen (-Doerpen West - Niederlangen) EMSLD OW Meppen - Niederlangen - Doerpen West EMSLD OW,11T-D2-D7-00001H,Y-Meppen (-Doerpen West - Niederlangen) EMSLD OW,Meppen,Y Niederlangen,Line
2024-08-29 15:00:00+00:00,10T-DE-NL-00002T,DIRECT,Y-Doerpen West (-Meppen - Niederlangen) EMSLD OW Y-Niederlangen (-Meppen - Doerpen West) EMSLD OW Y-Meppen (-Doerpen West - Niederlangen) EMSLD OW Meppen - Niederlangen - Doerpen West EMSLD OW,11T-D2-D7-00001H,NA,NA,NA,
2024-08-29 15:00:00+00:00,10T-DE-NL-00005N,DIRECT,Gronau - Kusenhorst HAMALD,11T0-0000-0618-7,Gronau - Kusenhorst HAMALD,Gronau,Kusenhorst,Line
2024-08-29 15:00:00+00:00,10T-DE-NL-00005N,OPPOSITE,Opladen - Rommerskirchen OPLADN N,11T0-0000-0793-M,Opladen - Rommerskirchen OPLADN N,Opladen,Rommerskirchen,Line
2024-08-29 15:00:00+00:00,49T0000000000096,OPPOSITE,Diemen - Lelystad 380 Zwart,49T000000000010L,Diemen - Lelystad 380 Zwart,Diemen,Lelystad,Line
2024-08-29 15:00:00+00:00,49T000000000000O,DIRECT,Zwolle - Hengelo 380 Zwart,49T000000000031D,Zwolle - Hengelo 380 Zwart,Zwolle,Hengelo,Line
2024-08-29 15:00:00+00:00,10T-DE-NL-00002T,OPPOSITE,Zwolle - Meeden 380 Wit Eemshaven - Meeden 380 Wit,49T000000000001M,Zwolle - Meeden 380 Wit,Zwolle,Meeden,Line
2024-08-29 15:00:00+00:00,10T-DE-NL-00002T,OPPOSITE,Zwolle - Meeden 380 Wit Eemshaven - Meeden 380 Wit,49T000000000004G,Eemshaven - Meeden 380 Wit,Eemshaven,Meeden,Line
2024-08-29 15:00:00+00:00,49T0000000000274,DIRECT,Krimpen a/d IJssel - Geertruidenberg 380 Zwart,49T0000000000282,Krimpen a/d IJssel - Geertruidenberg 380 Zwart,Krimpen a/d IJssel,Geertruidenberg,Line
2024-08-29 15:00:00+00:00,49T0000000000274,OPPOSITE,Krimpen a/d IJssel - Geertruidenberg 380 Zwart,49T0000000000282,Krimpen a/d IJssel - Geertruidenberg 380 Zwart,Krimpen a/d IJssel,Geertruidenberg,Line
2024-08-29 15:00:00+00:00,19T000000001304A,OPPOSITE,Krosno Iskrzynia - Tarnow,19T000000000296P,Krosno Iskrzynia - Tarnow,Krosno Iskrzynia,Tarnow,Line
2024-08-29 15:00:00+00:00,19T0000000063830,DIRECT,Hagenwerder - Mikulowa 568 Mikulowa - Hagenwerder 568,10T-DE-PL-00001D,Hagenwerder - Mikulowa 568,Hagenwerder,Mikulowa,TieLine
2024-08-29 15:00:00+00:00,19T0000000063830,DIRECT,Hagenwerder - Mikulowa 568 Mikulowa - Hagenwerder 568,10T-DE-PL-00001D,Mikulowa - Hagenwerder 568,Mikulowa 568,Hagenwerder,TieLine
2024-08-29 15:00:00+00:00,19T0000000063830,OPPOSITE,Hagenwerder - Mikulowa 568 Mikulowa - Hagenwerder 568,10T-DE-PL-00001D,Hagenwerder - Mikulowa 568,Hagenwerder,Mikulowa,TieLine
2024-08-29 15:00:00+00:00,19T0000000063830,OPPOSITE,Hagenwerder - Mikulowa 568 Mikulowa - Hagenwerder 568,10T-DE-PL-00001D,Mikulowa - Hagenwerder 568,Mikulowa 568,Hagenwerder,TieLine
2024-08-29 15:00:00+00:00,19T000000006396S,DIRECT,Polaniec - Rzeszow,19T000000006420K,Polaniec - Rzeszow,Polaniec,Rzeszow,Line
2024-08-29 15:00:00+00:00,19T000000000299J,DIRECT,Krajnik - Plewiska 2,19T110000006813D,Krajnik - Plewiska 2,Krajnik,Plewiska,Line
2024-08-29 15:00:00+00:00,10T1001A1001A09N,DIRECT,Nosovice - Wielopole  Wielopole - Nosovice,10T-CZ-PL-00004A,Nosovice - Wielopole,Nosovice,Wielopole,TieLine
2024-08-29 15:00:00+00:00,10T1001A1001A09N,DIRECT,Nosovice - Wielopole  Wielopole - Nosovice,10T-CZ-PL-00004A,Wielopole - Nosovice,Wielopole,Nosovice,TieLine
2024-08-29 15:00:00+00:00,10T-CZ-PL-00004A,DIRECT,Dobrzen - Detmarovice Dobrzen - Detmarovice,10T1001A1001A09N,Dobrzen - Detmarovice,Dobrzen,Detmarovice,TieLine
2024-08-29 15:00:00+00:00,10T-CZ-PL-00004A,DIRECT,Dobrzen - Detmarovice Dobrzen - Detmarovice,10T1001A1001A09N,Dobrzen - Detmarovice,Detmarovice,Dobrzen,TieLine
2024-08-29 15:00:00+00:00,10T-CZ-PL-00004A,OPPOSITE,Dobrzen - Detmarovice Dobrzen - Detmarovice,10T1001A1001A09N,Dobrzen - Detmarovice,Dobrzen,Detmarovice,TieLine
2024-08-29 15:00:00+00:00,10T-CZ-PL-00004A,OPPOSITE,Dobrzen - Detmarovice Dobrzen - Detmarovice,10T1001A1001A09N,Dobrzen - Detmarovice,Detmarovice,Dobrzen,TieLine
2024-08-29 15:00:00+00:00,30TPDFE220RESI1S,DIRECT,Portile de Fier - Resita c2,30TPDFE220RESI2Q,Portile de Fier - Resita c2,Portile de Fier,Resita c2,Line
2024-08-29 15:00:00+00:00,30T-ROSI400AT--1,DIRECT,Rosiori - Gadalin,30TGADA400ROSI-A,Rosiori - Gadalin,Rosiori,Gadalin,Line
2024-08-29 15:00:00+00:00,10T-RO-RS-00001V,OPPOSITE,Tantareni - Kozlodui c2 Tantareni - Kozlodui c1,10T-BG-RO-00001A,Tantareni - Kozlodui c2,Tantareni,Kozlodui,TieLine
2024-08-29 15:00:00+00:00,10T-RO-RS-00001V,OPPOSITE,Tantareni - Kozlodui c2 Tantareni - Kozlodui c1,10T-RO-BG-00002A,Tantareni - Kozlodui c1,Tantareni,Kozlodui,TieLine
2024-08-29 15:00:00+00:00,30TISAC400VULC-W,DIRECT,Pivdennoukrainska G1,30UADUMMYEIC---1,Pivdennoukrainska G1,Pivdennoukrainska Bus1,Pivdennoukrainska Bus2,Transformer
2024-08-29 15:00:00+00:00,30THASD220PEST-I,OPPOSITE,Hasdat - Mintia,30THASD220MINT1W,Hasdat - Mintia,Hasdat,Mintia,Line
2024-08-29 15:00:00+00:00,10T1001C--00101B,DIRECT,Kainachtal - Maribor 473 400 kV Maribor - Kainachtal 1,10T-AT-SI-00001T,Kainachtal - Maribor 473,Kainachtal,Maribor,TieLine
2024-08-29 15:00:00+00:00,10T1001C--00101B,DIRECT,Kainachtal - Maribor 473 400 kV Maribor - Kainachtal 1,10T-AT-SI-00001T,400 kV Maribor - Kainachtal 1,Maribor,Kainachtal,TieLine
2024-08-29 15:00:00+00:00,10T1001C--00101B,DIRECT,Zerjavinec - Cirkovce 400 kV Cirkovce - Zerjavinec,10T1001C--001037,Zerjavinec - Cirkovce,Zerjavinec,Cirkovce,TieLine
2024-08-29 15:00:00+00:00,10T1001C--00101B,DIRECT,Zerjavinec - Cirkovce 400 kV Cirkovce - Zerjavinec,10T1001C--001037,400 kV Cirkovce - Zerjavinec,Cirkovce,Zerjavinec,TieLine
2024-08-29 15:00:00+00:00,10T1001C--00101B,OPPOSITE,Zerjavinec - Cirkovce 400 kV Cirkovce - Zerjavinec,10T1001C--001037,Zerjavinec - Cirkovce,Zerjavinec,Cirkovce,TieLine
2024-08-29 15:00:00+00:00,10T1001C--00101B,OPPOSITE,Zerjavinec - Cirkovce 400 kV Cirkovce - Zerjavinec,10T1001C--001037,400 kV Cirkovce - Zerjavinec,Cirkovce,Zerjavinec,TieLine
2024-08-29 15:00:00+00:00,10T-HU-SK-00001T,DIRECT,R.Sobota - Sajoivanka  R.Sobota - Sajoivanka,10T1001C--00054V,R.Sobota - Sajoivanka,R.Sobota,Sajoivanka,TieLine
2024-08-29 15:00:00+00:00,10T-HU-SK-00001T,DIRECT,R.Sobota - Sajoivanka  R.Sobota - Sajoivanka,10T1001C--00054V,R.Sobota - Sajoivanka,R.Sobota,Sajoivanka,TieLine
2024-08-29 15:00:00+00:00,10T-SK-UA-00001W,DIRECT,R.Sobota - Sajoivanka  R.Sobota - Sajoivanka,10T1001C--00054V,R.Sobota - Sajoivanka,R.Sobota,Sajoivanka,TieLine
2024-08-29 15:00:00+00:00,10T-SK-UA-00001W,DIRECT,R.Sobota - Sajoivanka  R.Sobota - Sajoivanka,10T1001C--00054V,R.Sobota - Sajoivanka,R.Sobota,Sajoivanka,TieLine
2024-08-29 15:00:00+00:00,24T-V429-0000005,DIRECT,V.Dur - Krizovany,24T-V425-0000004,V.Dur - Krizovany,V.Dur,Krizovany,Line
2024-08-29 15:00:00+00:00,24T-V493-000000Q,DIRECT,Bosaca - Varin,24T-V495-0000008,Bosaca - Varin,Bosaca,Varin,Line
2024-08-29 15:00:00+00:00,24T-V490-000000G,DIRECT,V.Dur - Levice 2,24T-V491-0000007,V.Dur - Levice 2,V.Dur,Levice,Line
2024-08-29 15:00:00+00:00,24T-V425-0000004,DIRECT,Gabcikovo - P.Biskupice,24T-V429-0000005,Gabcikovo - P.Biskupice,Gabcikovo,P.Biskupice,Line
2024-08-29 15:00:00+00:00,10T-SK-UA-00001W,OPPOSITE,R.Sobota - Sajoivanka  R.Sobota - Sajoivanka,10T1001C--00054V,R.Sobota - Sajoivanka,R.Sobota,Sajoivanka,TieLine
2024-08-29 15:00:00+00:00,10T-SK-UA-00001W,OPPOSITE,R.Sobota - Sajoivanka  R.Sobota - Sajoivanka,10T1001C--00054V,R.Sobota - Sajoivanka,R.Sobota,Sajoivanka,TieLine
2024-08-29 15:00:00+00:00,10T-CZ-SK-00002W,OPPOSITE,Sp.Nova Ves - Lemesany,24T-V408-000000Y,Sp.Nova Ves - Lemesany,Sp.Nova Ves,Lemesany,Line
2024-08-29 15:00:00+00:00,24T-V425-0000004,OPPOSITE,Gabcikovo - P.Biskupice,24T-V429-0000005,Gabcikovo - P.Biskupice,Gabcikovo,P.Biskupice,Line
2024-08-29 16:00:00+00:00,14T-220-0-002213,DIRECT,Tauern - Weissenbach 222,14T-220-0-002221,Tauern - Weissenbach 222,Tauern,Weissenbach,Line
2024-08-29 16:00:00+00:00,14T-221-0-00223Q,OPPOSITE,Hessenberg - Weissenbach 224,14T-220-0-00224Y,Hessenberg - Weissenbach 224,Hessenberg,Weissenbach,Line
2024-08-29 16:00:00+00:00,10T-AT-SI-00003P,DIRECT,Kainachtal - Obersielach 471,14T-380-0-00471D,Kainachtal - Obersielach 471,Kainachtal,Obersielach,Line
2024-08-29 16:00:00+00:00,10T-AT-SI-00003P,DIRECT,Kainachtal - Maribor 473 400 kV Maribor - Kainachtal 1,10T-AT-SI-00001T,Kainachtal - Maribor 473,Kainachtal,Maribor,TieLine
2024-08-29 16:00:00+00:00,10T-AT-SI-00003P,DIRECT,Kainachtal - Maribor 473 400 kV Maribor - Kainachtal 1,10T-AT-SI-00001T,400 kV Maribor - Kainachtal 1,Maribor,Kainachtal,TieLine
2024-08-29 16:00:00+00:00,10T-AT-SI-00003P,OPPOSITE,Kainachtal - Maribor 473 400 kV Maribor - Kainachtal 1,10T-AT-SI-00001T,Kainachtal - Maribor 473,Kainachtal,Maribor,TieLine
2024-08-29 16:00:00+00:00,10T-AT-SI-00003P,OPPOSITE,Kainachtal - Maribor 473 400 kV Maribor - Kainachtal 1,10T-AT-SI-00001T,400 kV Maribor - Kainachtal 1,Maribor,Kainachtal,TieLine
2024-08-29 16:00:00+00:00,10T-AT-SI-00003P,DIRECT,400 kV Cirkovce - Podlog,28T000000000301K,400 kV Cirkovce - Podlog,Cirkovce,Podlog,Line
2024-08-29 16:00:00+00:00,10T-AT-SI-00003P,OPPOSITE,400 kV Cirkovce - Podlog,28T000000000301K,400 kV Cirkovce - Podlog,Cirkovce,Podlog,Line
2024-08-29 16:00:00+00:00,10T-AT-SI-00003P,DIRECT,400 kV Cirkovce - Krsko,28T000000000300M,400 kV Cirkovce - Krsko,Cirkovce,Krsko,Line
2024-08-29 16:00:00+00:00,10T-AT-DE-000037,DIRECT,Pirach Neu - Pleinting 296/257 Pirach Neu - Pirach 296/257,11T0-0000-2108-O,Pirach Neu - Pleinting 296/257,Pirach Neu,Pleinting,Line
2024-08-29 16:00:00+00:00,10T-AT-DE-000037,DIRECT,Pirach Neu - Pleinting 296/257 Pirach Neu - Pirach 296/257,11T0-0000-2108-O,Pirach Neu - Pirach 296/257,Pirach Neu,Pirach,Line
2024-08-29 16:00:00+00:00,14T-220-0-0273BO,DIRECT,Strass - Thaur 274B,14T-220-0-0274BL,Strass - Thaur 274B,Strass,Thaur,Line
2024-08-29 16:00:00+00:00,10T-AT-CZ-00003X,OPPOSITE,Slavetice - Durnrohr - V438  Duernrohr 1 - Slavetice 438,10T-AT-CZ-00004V,Slavetice - Durnrohr - V438,Slavetice,Durnrohr,TieLine
2024-08-29 16:00:00+00:00,10T-AT-CZ-00003X,OPPOSITE,Slavetice - Durnrohr - V438  Duernrohr 1 - Slavetice 438,10T-AT-CZ-00004V,Duernrohr 1 - Slavetice 438,Duernrohr 1,Slavetice,TieLine
2024-08-29 16:00:00+00:00,10T-AT-SI-00001T,OPPOSITE,Kainachtal - Maribor 474 400 kV Maribor - Kainachtal 2,10T-AT-SI-00002R,Kainachtal - Maribor 474,Kainachtal,Maribor,TieLine
2024-08-29 16:00:00+00:00,10T-AT-SI-00001T,OPPOSITE,Kainachtal - Maribor 474 400 kV Maribor - Kainachtal 2,10T-AT-SI-00002R,400 kV Maribor - Kainachtal 2,Maribor,Kainachtal,TieLine
2024-08-29 16:00:00+00:00,14T-22220-TAPSTO,OPPOSITE,Tauern - Weissenbach 221,14T-220-0-002213,Tauern - Weissenbach 221,Tauern,Weissenbach,Line
2024-08-29 16:00:00+00:00,14T-38220-WT041O,OPPOSITE,Westtirol 2 - Voehringen 411 Westtirol - Voehringen FUESSN W,10T1001C--00037V,Westtirol 2 - Voehringen 411,Westtirol 2,Voehringen,TieLine
2024-08-29 16:00:00+00:00,14T-38220-WT041O,OPPOSITE,Westtirol 2 - Voehringen 411 Westtirol - Voehringen FUESSN W,10T1001C--00037V,Westtirol - Voehringen FUESSN W,Westtirol,Voehringen,TieLine
2024-08-29 16:00:00+00:00,14T-38220-WT041O,OPPOSITE,Buers - Westtirol rt (422) Westtirol 2 - Buers 422,10T-AT-DE-000061,Buers - Westtirol rt (422),Buers,Westtirol,TieLine
2024-08-29 16:00:00+00:00,14T-38220-WT041O,OPPOSITE,Buers - Westtirol rt (422) Westtirol 2 - Buers 422,10T-AT-DE-000061,Westtirol 2 - Buers 422,Buers,Westtirol,TieLine
2024-08-29 16:00:00+00:00,14T-38220-WT041O,OPPOSITE,Buers - Westtirol ws (421) Westtirol 1 - Buers 421,10T-AT-DE-000053,Buers - Westtirol ws (421),Buers,Westtirol,TieLine
2024-08-29 16:00:00+00:00,14T-38220-WT041O,OPPOSITE,Buers - Westtirol ws (421) Westtirol 1 - Buers 421,10T-AT-DE-000053,Westtirol 1 - Buers 421,Buers,Westtirol,TieLine
2024-08-29 16:00:00+00:00,10T-BE-FR-000015,OPPOSITE,Avelgem - Horta 380.102,22T20161020---1E,Avelgem - Horta 380.102,Avelgem,Horta,Line
2024-08-29 16:00:00+00:00,10T-BE-FR-000015,OPPOSITE,Lixhe - Van Eyck 380.91 Alegro HVDC,22T20180102---2W,Lixhe - Van Eyck 380.91,Lixhe,Van Eyck,Line
2024-08-29 16:00:00+00:00,10T-BE-FR-000015,OPPOSITE,Lixhe - Van Eyck 380.91 Alegro HVDC,22T201903146---W,NA,NA,NA,
2024-08-29 16:00:00+00:00,10T-BE-FR-000015,OPPOSITE,PST Van Eyck 2,22T-BE-PST--002U,PST Van Eyck 2,Van Eyck,Van Eyck,PST
2024-08-29 16:00:00+00:00,22T-BE-IN-LI0130,OPPOSITE,Avelgem - Horta 380.102,22T20161020---1E,Avelgem - Horta 380.102,Avelgem,Horta,Line
2024-08-29 16:00:00+00:00,22T-BE-IN-LI018R,DIRECT,Y-Van Eyck (-Andre Dumont - Gramme) 380.12 Y-Andre Dumont (-Gramme - Van Eyck) 380.12 Y-Gramme (-Andre Dumont - Van Eyck) 380.12,22T20161020---48,Y-Van Eyck (-Andre Dumont - Gramme) 380.12,Van Eyck,Zuttendaal,Line
2024-08-29 16:00:00+00:00,22T-BE-IN-LI018R,DIRECT,Y-Van Eyck (-Andre Dumont - Gramme) 380.12 Y-Andre Dumont (-Gramme - Van Eyck) 380.12 Y-Gramme (-Andre Dumont - Van Eyck) 380.12,22T20161020---48,Y-Andre Dumont (-Gramme - Van Eyck) 380.12,Andre Dumont,Zuttendaal,Line
2024-08-29 16:00:00+00:00,22T-BE-IN-LI018R,DIRECT,Y-Van Eyck (-Andre Dumont - Gramme) 380.12 Y-Andre Dumont (-Gramme - Van Eyck) 380.12 Y-Gramme (-Andre Dumont - Van Eyck) 380.12,22T20161020---48,Y-Gramme (-Andre Dumont - Van Eyck) 380.12,Gramme,Zuttendaal,Line
2024-08-29 16:00:00+00:00,22T-BE-PST--001W,DIRECT,PST Van Eyck 2,22T-BE-PST--002U,PST Van Eyck 2,Van Eyck,Van Eyck,PST
2024-08-29 16:00:00+00:00,22T-BE-PST--002U,DIRECT,Achene - Lonny 380.19 Achene - Lonny 19,10T-BE-FR-000015,Achene - Lonny 380.19,Achene,Lonny,TieLine
2024-08-29 16:00:00+00:00,22T-BE-PST--002U,DIRECT,Achene - Lonny 380.19 Achene - Lonny 19,10T-BE-FR-000015,Achene - Lonny 19,Achene,Lonny,TieLine
2024-08-29 16:00:00+00:00,22T-BE-PST--002U,DIRECT,Y-Bruegel (-Mercator - Verbrande Brug) 380.36 Y-Mercator (-Bruegel - Verbrande Brug) 380.36 Y-Verbrande Brug (-Bruegel - Mercator) 380.36,22T-BE-IN-LI006Y,Y-Bruegel (-Mercator - Verbrande Brug) 380.36,Bruegel,Buggenhout,Line
2024-08-29 16:00:00+00:00,22T-BE-PST--002U,DIRECT,Y-Bruegel (-Mercator - Verbrande Brug) 380.36 Y-Mercator (-Bruegel - Verbrande Brug) 380.36 Y-Verbrande Brug (-Bruegel - Mercator) 380.36,22T-BE-IN-LI006Y,Y-Mercator (-Bruegel - Verbrande Brug) 380.36,Mercator,Buggenhout,Line
2024-08-29 16:00:00+00:00,22T-BE-PST--002U,DIRECT,Y-Bruegel (-Mercator - Verbrande Brug) 380.36 Y-Mercator (-Bruegel - Verbrande Brug) 380.36 Y-Verbrande Brug (-Bruegel - Mercator) 380.36,22T-BE-IN-LI006Y,Y-Verbrande Brug (-Bruegel - Mercator) 380.36,Verbrande Brug,Buggenhout,Line
2024-08-29 16:00:00+00:00,22T-BE-PST--002U,DIRECT,PST Van Eyck 1,22T-BE-PST--001W,PST Van Eyck 1,Van Eyck,Van Eyck,PST
2024-08-29 16:00:00+00:00,22T-BE-PST--002U,OPPOSITE,Y-Bruegel (-Courcelles - Drogenbos) 380.33 Y-Courcelles (-Bruegel - Drogenbos) 380.33 Y-Drogenbos (-Bruegel - Courcelles) 380.33,22T-BE-IN-LI0017,Y-Bruegel (-Courcelles - Drogenbos) 380.33,Bruegel,Mekingen,Line
2024-08-29 16:00:00+00:00,22T-BE-PST--002U,OPPOSITE,Y-Bruegel (-Courcelles - Drogenbos) 380.33 Y-Courcelles (-Bruegel - Drogenbos) 380.33 Y-Drogenbos (-Bruegel - Courcelles) 380.33,22T-BE-IN-LI0017,Y-Courcelles (-Bruegel - Drogenbos) 380.33,Courcelles,Mekingen,Line
2024-08-29 16:00:00+00:00,22T-BE-PST--002U,OPPOSITE,Y-Bruegel (-Courcelles - Drogenbos) 380.33 Y-Courcelles (-Bruegel - Drogenbos) 380.33 Y-Drogenbos (-Bruegel - Courcelles) 380.33,22T-BE-IN-LI0017,Y-Drogenbos (-Bruegel - Courcelles) 380.33,Drogenbos,Mekingen,Line
2024-08-29 16:00:00+00:00,22T-BE-PST--002U,OPPOSITE,Gramme - Achene 380.10,22T-BE-IN-LI0130,Gramme - Achene 380.10,Achene,Gramme,Line
2024-08-29 16:00:00+00:00,22T-BE-PST--002U,OPPOSITE,PST Van Eyck 1,22T-BE-PST--001W,PST Van Eyck 1,Van Eyck,Van Eyck,PST
2024-08-29 16:00:00+00:00,22T-BE-IN-LI02AK,DIRECT,Doel - Zandvliet 380.26,22T20170512----9,Doel - Zandvliet 380.26,Doel,Zandvliet,Line
2024-08-29 16:00:00+00:00,22T-BE-PST--002U,DIRECT,Alegro HVDC,22T201903146---W,NA,NA,NA,
2024-08-29 16:00:00+00:00,22T-BE-PST--002U,OPPOSITE,Alegro HVDC,22T201903146---W,NA,NA,NA,
2024-08-29 16:00:00+00:00,10T-CZ-DE-00001W,DIRECT,Prestice - Etzenricht  Etzenricht - Prestice 442,10T-CZ-DE-00004Q,Prestice - Etzenricht,Prestice,Etzenricht,TieLine
2024-08-29 16:00:00+00:00,10T-CZ-DE-00001W,DIRECT,Prestice - Etzenricht  Etzenricht - Prestice 442,10T-CZ-DE-00004Q,Etzenricht - Prestice 442,Etzenricht,Prestice,TieLine
2024-08-29 16:00:00+00:00,10T-CZ-DE-00003S,DIRECT,Hradec - Rohrsdorf - V445  Hradec - Rohrsdorf 445,10T-CZ-DE-00002U,Hradec - Rohrsdorf - V445,Hradec,Rohrsdorf,TieLine
2024-08-29 16:00:00+00:00,10T-CZ-DE-00003S,DIRECT,Hradec - Rohrsdorf - V445  Hradec - Rohrsdorf 445,10T-CZ-DE-00002U,Hradec - Rohrsdorf 445,Hradec,Rohrsdorf,TieLine
2024-08-29 16:00:00+00:00,10T-CZ-DE-00003S,OPPOSITE,Hradec - Rohrsdorf - V445  Hradec - Rohrsdorf 445,10T-CZ-DE-00002U,Hradec - Rohrsdorf - V445,Hradec,Rohrsdorf,TieLine
2024-08-29 16:00:00+00:00,10T-CZ-DE-00003S,OPPOSITE,Hradec - Rohrsdorf - V445  Hradec - Rohrsdorf 445,10T-CZ-DE-00002U,Hradec - Rohrsdorf 445,Hradec,Rohrsdorf,TieLine
2024-08-29 16:00:00+00:00,10T-CZ-SK-00001Y,OPPOSITE,Nosovice - Varin  Nosovice - Varin,10T-CZ-SK-00002W,Nosovice - Varin,Nosovice,Varin,TieLine
2024-08-29 16:00:00+00:00,10T-CZ-SK-00001Y,OPPOSITE,Nosovice - Varin  Nosovice - Varin,10T-CZ-SK-00002W,Nosovice - Varin,Nosovice,Varin,TieLine
2024-08-29 16:00:00+00:00,10T-CZ-SK-00002W,DIRECT,Krizovany - Sokolnice Sokolnice - Krizovany,10T-CZ-SK-00003U,Krizovany - Sokolnice,Krizovany,Sokolnice,TieLine
2024-08-29 16:00:00+00:00,10T-CZ-SK-00002W,DIRECT,Krizovany - Sokolnice Sokolnice - Krizovany,10T-CZ-SK-00003U,Sokolnice - Krizovany,Sokolnice,Krizovany,TieLine
2024-08-29 16:00:00+00:00,10T-CZ-SK-00002W,OPPOSITE,Krizovany - Sokolnice Sokolnice - Krizovany,10T-CZ-SK-00003U,Krizovany - Sokolnice,Krizovany,Sokolnice,TieLine
2024-08-29 16:00:00+00:00,10T-CZ-SK-00002W,OPPOSITE,Krizovany - Sokolnice Sokolnice - Krizovany,10T-CZ-SK-00003U,Sokolnice - Krizovany,Sokolnice,Krizovany,TieLine
2024-08-29 16:00:00+00:00,10T1001C--001223,DIRECT,Sokolnice - Zaya - V243 Zaya - Sokolnice 243,10T1001C--001215,Sokolnice - Zaya - V243,Sokolnice,Zaya,TieLine
2024-08-29 16:00:00+00:00,10T1001C--001223,DIRECT,Sokolnice - Zaya - V243 Zaya - Sokolnice 243,10T1001C--001215,Zaya - Sokolnice 243,Zaya,Sokolnice,TieLine
2024-08-29 16:00:00+00:00,10T1001C--001223,OPPOSITE,Sokolnice - Zaya - V243 Zaya - Sokolnice 243,10T1001C--001215,Sokolnice - Zaya - V243,Sokolnice,Zaya,TieLine
2024-08-29 16:00:00+00:00,10T1001C--001223,OPPOSITE,Sokolnice - Zaya - V243 Zaya - Sokolnice 243,10T1001C--001215,Zaya - Sokolnice 243,Zaya,Sokolnice,TieLine
2024-08-29 16:00:00+00:00,10T-CZ-SK-00003U,DIRECT,Nosovice - Varin  Nosovice - Varin,10T-CZ-SK-00002W,Nosovice - Varin,Nosovice,Varin,TieLine
2024-08-29 16:00:00+00:00,10T-CZ-SK-00003U,DIRECT,Nosovice - Varin  Nosovice - Varin,10T-CZ-SK-00002W,Nosovice - Varin,Nosovice,Varin,TieLine
2024-08-29 16:00:00+00:00,10T-CZ-SK-00003U,OPPOSITE,Nosovice - Varin  Nosovice - Varin,10T-CZ-SK-00002W,Nosovice - Varin,Nosovice,Varin,TieLine
2024-08-29 16:00:00+00:00,10T-CZ-SK-00003U,OPPOSITE,Nosovice - Varin  Nosovice - Varin,10T-CZ-SK-00002W,Nosovice - Varin,Nosovice,Varin,TieLine
2024-08-29 16:00:00+00:00,10T-CZ-SK-00003U,DIRECT,Sokolnice - Stupava  Sokolnice - Stupava,10T-CZ-SK-00005Q,Sokolnice - Stupava,Sokolnice,Stupava,TieLine
2024-08-29 16:00:00+00:00,10T-CZ-SK-00003U,DIRECT,Sokolnice - Stupava  Sokolnice - Stupava,10T-CZ-SK-00005Q,Sokolnice - Stupava,Stupava,Sokolnice,TieLine
2024-08-29 16:00:00+00:00,10T-CZ-SK-00003U,OPPOSITE,Sokolnice - Stupava  Sokolnice - Stupava,10T-CZ-SK-00005Q,Sokolnice - Stupava,Sokolnice,Stupava,TieLine
2024-08-29 16:00:00+00:00,10T-CZ-SK-00003U,OPPOSITE,Sokolnice - Stupava  Sokolnice - Stupava,10T-CZ-SK-00005Q,Sokolnice - Stupava,Stupava,Sokolnice,TieLine
2024-08-29 16:00:00+00:00,10T-CZ-SK-00003U,DIRECT,H. Zivotice - Krasikov,27T-TLI-V458---B,H. Zivotice - Krasikov,H. Zivotice,Krasikov,Line
2024-08-29 16:00:00+00:00,10T-CZ-SK-00003U,OPPOSITE,H. Zivotice - Krasikov,27T-TLI-V458---B,H. Zivotice - Krasikov,H. Zivotice,Krasikov,Line
2024-08-29 16:00:00+00:00,11T0-0000-0984-D,DIRECT,St. Peter 2 - Simbach 234_230 St. Peter - Altheim_Simbach 234_230 Y-Altheim (-Simbach - St. Peter) 234/230  Y-Simbach (-Altheim - St. Peter) 234/230,10T-AT-DE-000045,St. Peter 2 - Simbach 234_230,St. Peter 2,Simbach,TieLine
2024-08-29 16:00:00+00:00,11T0-0000-0984-D,DIRECT,St. Peter 2 - Simbach 234_230 St. Peter - Altheim_Simbach 234_230 Y-Altheim (-Simbach - St. Peter) 234/230  Y-Simbach (-Altheim - St. Peter) 234/230,10T-AT-DE-000045,NA,NA,NA,
2024-08-29 16:00:00+00:00,11T0-0000-0984-D,DIRECT,St. Peter 2 - Simbach 234_230 St. Peter - Altheim_Simbach 234_230 Y-Altheim (-Simbach - St. Peter) 234/230  Y-Simbach (-Altheim - St. Peter) 234/230,11T0-0000-0986-7,Y-Altheim (-Simbach - St. Peter) 234/230,Altheim,St. Peter,TieLine
2024-08-29 16:00:00+00:00,11T0-0000-0984-D,DIRECT,St. Peter 2 - Simbach 234_230 St. Peter - Altheim_Simbach 234_230 Y-Altheim (-Simbach - St. Peter) 234/230  Y-Simbach (-Altheim - St. Peter) 234/230,11T0-0000-0987-4,Y-Simbach (-Altheim - St. Peter) 234/230,Y-Simbach,Simbach,TieLine
2024-08-29 16:00:00+00:00,11TD2L000000003L,OPPOSITE,Altheim - Sittling 220,11TD2L000000004J,Altheim - Sittling 220,Altheim,Sittling,Line
2024-08-29 16:00:00+00:00,11T0-0000-1496-M,OPPOSITE,Emscherbruch - Mengede RECKLI S,11T0-0000-2064-H,Emscherbruch - Mengede RECKLI S,Emscherbruch,Mengede,Line
2024-08-29 16:00:00+00:00,11T0-0000-0781-W,DIRECT,Y-Oberzier (-Paffendorf - Sechtem) SECHTM S Y-Paffendorf (-Oberzier - Sechtem) SECHTM S Y-Sechtem (-Oberzier - Paffendorf) SECHTM S,11T0-0000-0782-T,Y-Oberzier (-Paffendorf - Sechtem) SECHTM S,Oberzier,Y-Paffendorf,Line
2024-08-29 16:00:00+00:00,11T0-0000-0781-W,DIRECT,Y-Oberzier (-Paffendorf - Sechtem) SECHTM S Y-Paffendorf (-Oberzier - Sechtem) SECHTM S Y-Sechtem (-Oberzier - Paffendorf) SECHTM S,11T0-0000-0815-6,Y-Paffendorf (-Oberzier - Sechtem) SECHTM S,Paffendorf,Y-Paffendorf,Line
2024-08-29 16:00:00+00:00,11T0-0000-0781-W,DIRECT,Y-Oberzier (-Paffendorf - Sechtem) SECHTM S Y-Paffendorf (-Oberzier - Sechtem) SECHTM S Y-Sechtem (-Oberzier - Paffendorf) SECHTM S,11T0-0000-0849-J,Y-Sechtem (-Oberzier - Paffendorf) SECHTM S,Sechtem,Y-Paffendorf,Line
2024-08-29 16:00:00+00:00,10T-DE-NL-00005N,DIRECT,Alegro HVDC,22T201903146---W,NA,NA,NA,
2024-08-29 16:00:00+00:00,10T-DE-NL-00005N,DIRECT,Ensdorf - Vigy VIGY2 S Ensdorf - Vigy VIGY2 S,10T-DE-FR-000068,Ensdorf - Vigy VIGY2 S,Ensdorf,Vigy,TieLine
2024-08-29 16:00:00+00:00,10T-DE-NL-00005N,DIRECT,Ensdorf - Vigy VIGY2 S Ensdorf - Vigy VIGY2 S,10T-DE-FR-000068,Ensdorf - Vigy VIGY2 S,Ensdorf,Vigy,TieLine
2024-08-29 16:00:00+00:00,10T-DE-NL-00005N,DIRECT,Gramme - Achene 380.10,22T-BE-IN-LI0130,Gramme - Achene 380.10,Achene,Gramme,Line
2024-08-29 16:00:00+00:00,10T-DE-NL-00005N,DIRECT,Boxmeer - Dodewaard 380 Zwart,49T000000000006C,Boxmeer - Dodewaard 380 Zwart,Boxmeer,Dodewaard,Line
2024-08-29 16:00:00+00:00,10T-DE-NL-00005N,DIRECT,Maasbracht - Dodewaard 380 Wit,49T000000000013F,Maasbracht - Dodewaard 380 Wit,Dodewaard,Maasbracht,Line
2024-08-29 16:00:00+00:00,10T-DE-NL-00005N,DIRECT,Avelgem - Horta 380.102,22T20161020---1E,Avelgem - Horta 380.102,Avelgem,Horta,Line
2024-08-29 16:00:00+00:00,10T-DE-NL-00005N,OPPOSITE,Alegro HVDC,22T201903146---W,NA,NA,NA,
2024-08-29 16:00:00+00:00,10T-DE-NL-00005N,OPPOSITE,Achene - Lonny 380.19 Achene - Lonny 19,10T-BE-FR-000015,Achene - Lonny 380.19,Achene,Lonny,TieLine
2024-08-29 16:00:00+00:00,10T-DE-NL-00005N,OPPOSITE,Achene - Lonny 380.19 Achene - Lonny 19,10T-BE-FR-000015,Achene - Lonny 19,Achene,Lonny,TieLine
2024-08-29 16:00:00+00:00,10T-DE-NL-00005N,OPPOSITE,Boxmeer - Dodewaard 380 Zwart,49T000000000006C,Boxmeer - Dodewaard 380 Zwart,Boxmeer,Dodewaard,Line
2024-08-29 16:00:00+00:00,10T-DE-NL-00005N,OPPOSITE,Gronau - Hanekenfaehr GRONAU W,11T0-0000-0617-A,Gronau - Hanekenfaehr GRONAU W,Gronau,Hanekenfaehr,Line
2024-08-29 16:00:00+00:00,10T-DE-FR-000068,OPPOSITE,Ensdorf - Vigy VIGY1 N Ensdorf - Vigy VIGY1 N,10T-DE-FR-00005A,Ensdorf - Vigy VIGY1 N,Ensdorf,Vigy,TieLine
2024-08-29 16:00:00+00:00,10T-DE-FR-000068,OPPOSITE,Ensdorf - Vigy VIGY1 N Ensdorf - Vigy VIGY1 N,10T-DE-FR-00005A,Ensdorf - Vigy VIGY1 N,Ensdorf,Vigy,TieLine
2024-08-29 16:00:00+00:00,10T-DE-FR-000068,DIRECT,Ensdorf - Vigy VIGY1 N Ensdorf - Vigy VIGY1 N,10T-DE-FR-00005A,Ensdorf - Vigy VIGY1 N,Ensdorf,Vigy,TieLine
2024-08-29 16:00:00+00:00,10T-DE-FR-000068,DIRECT,Ensdorf - Vigy VIGY1 N Ensdorf - Vigy VIGY1 N,10T-DE-FR-00005A,Ensdorf - Vigy VIGY1 N,Ensdorf,Vigy,TieLine
2024-08-29 16:00:00+00:00,11T0-0000-0781-W,DIRECT,PST Oberzier TR 442 E,11T0-0000-2133-R,PST Oberzier TR 442 E,Oberzier,Oberzier,PST
2024-08-29 16:00:00+00:00,11T0-0000-0013-F,OPPOSITE,Hagenwerder - Mikulowa 567 Mikulowa - Hagenwerder 567,10T-DE-PL-00002B,Hagenwerder - Mikulowa 567,Hagenwerder,Mikulowa,TieLine
2024-08-29 16:00:00+00:00,11T0-0000-0013-F,OPPOSITE,Hagenwerder - Mikulowa 567 Mikulowa - Hagenwerder 567,10T-DE-PL-00002B,Mikulowa - Hagenwerder 567,Mikulowa 567,Hagenwerder,TieLine
2024-08-29 16:00:00+00:00,31T-0000-A-00200,OPPOSITE,400 kV Konjsko - Velebit 419,31T-0000-A-0008R,400 kV Konjsko - Velebit 419,Konjsko,Velebit,Line
2024-08-29 16:00:00+00:00,10T-HR-SI-000022,OPPOSITE,,,,,,
2024-08-29 16:00:00+00:00,10T-HR-SI-000022,DIRECT,Melina - Divaca 400 kV Divaca - Melina,10T-HR-SI-000014,Melina - Divaca,Melina,Divaca,TieLine
2024-08-29 16:00:00+00:00,10T-HR-SI-000022,DIRECT,Melina - Divaca 400 kV Divaca - Melina,10T-HR-SI-000014,400 kV Divaca - Melina,Divaca,Melina,TieLine
2024-08-29 16:00:00+00:00,10T-HR-SI-000022,OPPOSITE,Melina - Divaca 400 kV Divaca - Melina,10T-HR-SI-000014,Melina - Divaca,Melina,Divaca,TieLine
2024-08-29 16:00:00+00:00,10T-HR-SI-000022,OPPOSITE,Melina - Divaca 400 kV Divaca - Melina,10T-HR-SI-000014,400 kV Divaca - Melina,Divaca,Melina,TieLine
2024-08-29 16:00:00+00:00,10T-BA-HR-00003R,DIRECT,,,,,,
2024-08-29 16:00:00+00:00,10T-HR-SI-00004Z,OPPOSITE,Tumbri - Krsko 2 400 kV Krsko - Tumbri 2,10T-HR-SI-00005X,Tumbri - Krsko 2,Tumbri,Krsko,TieLine
2024-08-29 16:00:00+00:00,10T-HR-SI-00004Z,OPPOSITE,Tumbri - Krsko 2 400 kV Krsko - Tumbri 2,10T-HR-SI-00005X,400 kV Krsko - Tumbri 2,Krsko,Tumbri,TieLine
2024-08-29 16:00:00+00:00,15T-M000002791-J,DIRECT,Gabcikovo - Gyor Gabcikovo - Gyor,10T-HU-SK-00002R,Gabcikovo - Gyor,Gabcikovo,Gyor,TieLine
2024-08-29 16:00:00+00:00,15T-M000002791-J,DIRECT,Gabcikovo - Gyor Gabcikovo - Gyor,10T-HU-SK-00002R,Gabcikovo - Gyor,Gabcikovo,Gyor,TieLine
2024-08-29 16:00:00+00:00,10T-HU-UA-00002F,DIRECT,Szabolcsbaka - Mukachevo,10T1001C--000421,Szabolcsbaka - Mukachevo,Szabolcsbaka,Mukachevo,TieLine
2024-08-29 16:00:00+00:00,10T1001C--00056R,OPPOSITE,Gabcikovo - Gyor Gabcikovo - Gyor,10T-HU-SK-00002R,Gabcikovo - Gyor,Gabcikovo,Gyor,TieLine
2024-08-29 16:00:00+00:00,10T1001C--00056R,OPPOSITE,Gabcikovo - Gyor Gabcikovo - Gyor,10T-HU-SK-00002R,Gabcikovo - Gyor,Gabcikovo,Gyor,TieLine
2024-08-29 16:00:00+00:00,10T1001C--00101B,DIRECT,Zerjavinec - Heviz Zerjavinec - Heviz,10T-HR-HU-000025,Zerjavinec - Heviz,Zerjavinec,Heviz,TieLine
2024-08-29 16:00:00+00:00,10T1001C--00101B,DIRECT,Zerjavinec - Heviz Zerjavinec - Heviz,10T-HR-HU-000025,Zerjavinec - Heviz,Zerjavinec,Heviz,TieLine
2024-08-29 16:00:00+00:00,10T1001C--00101B,OPPOSITE,Zerjavinec - Heviz Zerjavinec - Heviz,10T-HR-HU-000025,Zerjavinec - Heviz,Zerjavinec,Heviz,TieLine
2024-08-29 16:00:00+00:00,10T1001C--00101B,OPPOSITE,Zerjavinec - Heviz Zerjavinec - Heviz,10T-HR-HU-000025,Zerjavinec - Heviz,Zerjavinec,Heviz,TieLine
2024-08-29 16:00:00+00:00,10T-DE-NL-00002T,OPPOSITE,Zwolle - Hengelo 380 Wit,49T000000000000O,Zwolle - Hengelo 380 Wit,Zwolle,Hengelo,Line
2024-08-29 16:00:00+00:00,10T-DE-NL-00002T,DIRECT,Gronau - Hanekenfaehr GRONAU W,11T0-0000-0617-A,Gronau - Hanekenfaehr GRONAU W,Gronau,Hanekenfaehr,Line
2024-08-29 16:00:00+00:00,10T-DE-NL-00002T,DIRECT,Y-Doerpen West (-Meppen - Niederlangen) EMSLD OW Y-Niederlangen (-Meppen - Doerpen West) EMSLD OW Y-Meppen (-Doerpen West - Niederlangen) EMSLD OW Meppen - Niederlangen - Doerpen West EMSLD OW,11T0-0000-0990-L,Y-Doerpen West (-Meppen - Niederlangen) EMSLD OW,Doerpen West,Y Niederlangen,Line
2024-08-29 16:00:00+00:00,10T-DE-NL-00002T,DIRECT,Y-Doerpen West (-Meppen - Niederlangen) EMSLD OW Y-Niederlangen (-Meppen - Doerpen West) EMSLD OW Y-Meppen (-Doerpen West - Niederlangen) EMSLD OW Meppen - Niederlangen - Doerpen West EMSLD OW,11T0-0000-0991-I,Y-Niederlangen (-Meppen - Doerpen West) EMSLD OW,Niederlangen,Y Niederlangen,Line
2024-08-29 16:00:00+00:00,10T-DE-NL-00002T,DIRECT,Y-Doerpen West (-Meppen - Niederlangen) EMSLD OW Y-Niederlangen (-Meppen - Doerpen West) EMSLD OW Y-Meppen (-Doerpen West - Niederlangen) EMSLD OW Meppen - Niederlangen - Doerpen West EMSLD OW,11T-D2-D7-00001H,Y-Meppen (-Doerpen West - Niederlangen) EMSLD OW,Meppen,Y Niederlangen,Line
2024-08-29 16:00:00+00:00,10T-DE-NL-00002T,DIRECT,Y-Doerpen West (-Meppen - Niederlangen) EMSLD OW Y-Niederlangen (-Meppen - Doerpen West) EMSLD OW Y-Meppen (-Doerpen West - Niederlangen) EMSLD OW Meppen - Niederlangen - Doerpen West EMSLD OW,11T-D2-D7-00001H,NA,NA,NA,
2024-08-29 16:00:00+00:00,10T-DE-NL-00005N,DIRECT,Gronau - Kusenhorst HAMALD,11T0-0000-0618-7,Gronau - Kusenhorst HAMALD,Gronau,Kusenhorst,Line
2024-08-29 16:00:00+00:00,10T-DE-NL-00005N,OPPOSITE,Opladen - Rommerskirchen OPLADN N,11T0-0000-0793-M,Opladen - Rommerskirchen OPLADN N,Opladen,Rommerskirchen,Line
2024-08-29 16:00:00+00:00,49T0000000000096,OPPOSITE,Diemen - Lelystad 380 Zwart,49T000000000010L,Diemen - Lelystad 380 Zwart,Diemen,Lelystad,Line
2024-08-29 16:00:00+00:00,10T-DE-NL-00002T,OPPOSITE,Zwolle - Meeden 380 Wit Eemshaven - Meeden 380 Wit,49T000000000001M,Zwolle - Meeden 380 Wit,Zwolle,Meeden,Line
2024-08-29 16:00:00+00:00,10T-DE-NL-00002T,OPPOSITE,Zwolle - Meeden 380 Wit Eemshaven - Meeden 380 Wit,49T000000000004G,Eemshaven - Meeden 380 Wit,Eemshaven,Meeden,Line
2024-08-29 16:00:00+00:00,49T0000000000274,DIRECT,Krimpen a/d IJssel - Geertruidenberg 380 Zwart,49T0000000000282,Krimpen a/d IJssel - Geertruidenberg 380 Zwart,Krimpen a/d IJssel,Geertruidenberg,Line
2024-08-29 16:00:00+00:00,49T0000000000274,OPPOSITE,Krimpen a/d IJssel - Geertruidenberg 380 Zwart,49T0000000000282,Krimpen a/d IJssel - Geertruidenberg 380 Zwart,Krimpen a/d IJssel,Geertruidenberg,Line
2024-08-29 16:00:00+00:00,19T000000001304A,OPPOSITE,Krosno Iskrzynia - Tarnow,19T000000000296P,Krosno Iskrzynia - Tarnow,Krosno Iskrzynia,Tarnow,Line
2024-08-29 16:00:00+00:00,19T0000000063830,DIRECT,Hagenwerder - Mikulowa 568 Mikulowa - Hagenwerder 568,10T-DE-PL-00001D,Hagenwerder - Mikulowa 568,Hagenwerder,Mikulowa,TieLine
2024-08-29 16:00:00+00:00,19T0000000063830,DIRECT,Hagenwerder - Mikulowa 568 Mikulowa - Hagenwerder 568,10T-DE-PL-00001D,Mikulowa - Hagenwerder 568,Mikulowa 568,Hagenwerder,TieLine
2024-08-29 16:00:00+00:00,19T0000000063830,OPPOSITE,Hagenwerder - Mikulowa 568 Mikulowa - Hagenwerder 568,10T-DE-PL-00001D,Hagenwerder - Mikulowa 568,Hagenwerder,Mikulowa,TieLine
2024-08-29 16:00:00+00:00,19T0000000063830,OPPOSITE,Hagenwerder - Mikulowa 568 Mikulowa - Hagenwerder 568,10T-DE-PL-00001D,Mikulowa - Hagenwerder 568,Mikulowa 568,Hagenwerder,TieLine
2024-08-29 16:00:00+00:00,19T000000006396S,DIRECT,Polaniec - Rzeszow,19T000000006420K,Polaniec - Rzeszow,Polaniec,Rzeszow,Line
2024-08-29 16:00:00+00:00,19T000000000299J,DIRECT,Krajnik - Plewiska 2,19T110000006813D,Krajnik - Plewiska 2,Krajnik,Plewiska,Line
2024-08-29 16:00:00+00:00,10T1001A1001A09N,DIRECT,Nosovice - Wielopole  Wielopole - Nosovice,10T-CZ-PL-00004A,Nosovice - Wielopole,Nosovice,Wielopole,TieLine
2024-08-29 16:00:00+00:00,10T1001A1001A09N,DIRECT,Nosovice - Wielopole  Wielopole - Nosovice,10T-CZ-PL-00004A,Wielopole - Nosovice,Wielopole,Nosovice,TieLine
2024-08-29 16:00:00+00:00,10T-CZ-PL-00004A,DIRECT,Dobrzen - Detmarovice Dobrzen - Detmarovice,10T1001A1001A09N,Dobrzen - Detmarovice,Dobrzen,Detmarovice,TieLine
2024-08-29 16:00:00+00:00,10T-CZ-PL-00004A,DIRECT,Dobrzen - Detmarovice Dobrzen - Detmarovice,10T1001A1001A09N,Dobrzen - Detmarovice,Detmarovice,Dobrzen,TieLine
2024-08-29 16:00:00+00:00,10T-CZ-PL-00004A,OPPOSITE,Dobrzen - Detmarovice Dobrzen - Detmarovice,10T1001A1001A09N,Dobrzen - Detmarovice,Dobrzen,Detmarovice,TieLine
2024-08-29 16:00:00+00:00,10T-CZ-PL-00004A,OPPOSITE,Dobrzen - Detmarovice Dobrzen - Detmarovice,10T1001A1001A09N,Dobrzen - Detmarovice,Detmarovice,Dobrzen,TieLine
2024-08-29 16:00:00+00:00,30TPARO220TRGJ-Q,OPPOSITE,Portile de Fier - Resita c1 Portile de Fier - Resita c2,30TPDFE220RESI1S,Portile de Fier - Resita c1,Portile de Fier,Resita c1,Line
2024-08-29 16:00:00+00:00,30TPARO220TRGJ-Q,OPPOSITE,Portile de Fier - Resita c1 Portile de Fier - Resita c2,30TPDFE220RESI2Q,Portile de Fier - Resita c2,Portile de Fier,Resita c2,Line
2024-08-29 16:00:00+00:00,30TPARO220TRGJ-Q,OPPOSITE,Sibiu Sud - Tantareni,30TSIBI400TINT-1,Sibiu Sud - Tantareni,Sibiu Sud,Tantareni,Line
2024-08-29 16:00:00+00:00,30TSACA220TIMI-K,OPPOSITE,Mintia - Arad,30TARAD400MINT-8,Mintia - Arad,Mintia,Arad,Line
2024-08-29 16:00:00+00:00,30TPDFE220RESI1S,DIRECT,Portile de Fier - Djerdap,10T-RO-RS-00001V,Portile de Fier - Djerdap,Portile de Fier,Djerdap,TieLine
2024-08-29 16:00:00+00:00,30T-ROSI400AT--1,DIRECT,Rosiori - Gadalin,30TGADA400ROSI-A,Rosiori - Gadalin,Rosiori,Gadalin,Line
2024-08-29 16:00:00+00:00,10T-RO-RS-00001V,OPPOSITE,Tantareni - Kozlodui c2 Tantareni - Kozlodui c1,10T-BG-RO-00001A,Tantareni - Kozlodui c2,Tantareni,Kozlodui,TieLine
2024-08-29 16:00:00+00:00,10T-RO-RS-00001V,OPPOSITE,Tantareni - Kozlodui c2 Tantareni - Kozlodui c1,10T-RO-BG-00002A,Tantareni - Kozlodui c1,Tantareni,Kozlodui,TieLine
2024-08-29 16:00:00+00:00,30TPARO220TRGJ-Q,OPPOSITE,Isaccea - Vulcanesti,30TISAC400VULC-W,Isaccea - Vulcanesti,Isaccea,Vulcanesti,TieLine
2024-08-29 16:00:00+00:00,10T1001C--00101B,DIRECT,Kainachtal - Maribor 473 400 kV Maribor - Kainachtal 1,10T-AT-SI-00001T,Kainachtal - Maribor 473,Kainachtal,Maribor,TieLine
2024-08-29 16:00:00+00:00,10T1001C--00101B,DIRECT,Kainachtal - Maribor 473 400 kV Maribor - Kainachtal 1,10T-AT-SI-00001T,400 kV Maribor - Kainachtal 1,Maribor,Kainachtal,TieLine
2024-08-29 16:00:00+00:00,10T1001C--00101B,DIRECT,Zerjavinec - Cirkovce 400 kV Cirkovce - Zerjavinec,10T1001C--001037,Zerjavinec - Cirkovce,Zerjavinec,Cirkovce,TieLine
2024-08-29 16:00:00+00:00,10T1001C--00101B,DIRECT,Zerjavinec - Cirkovce 400 kV Cirkovce - Zerjavinec,10T1001C--001037,400 kV Cirkovce - Zerjavinec,Cirkovce,Zerjavinec,TieLine
2024-08-29 16:00:00+00:00,10T1001C--00101B,OPPOSITE,Zerjavinec - Cirkovce 400 kV Cirkovce - Zerjavinec,10T1001C--001037,Zerjavinec - Cirkovce,Zerjavinec,Cirkovce,TieLine
2024-08-29 16:00:00+00:00,10T1001C--00101B,OPPOSITE,Zerjavinec - Cirkovce 400 kV Cirkovce - Zerjavinec,10T1001C--001037,400 kV Cirkovce - Zerjavinec,Cirkovce,Zerjavinec,TieLine
2024-08-29 16:00:00+00:00,10T-HU-SK-00001T,DIRECT,R.Sobota - Sajoivanka  R.Sobota - Sajoivanka,10T1001C--00054V,R.Sobota - Sajoivanka,R.Sobota,Sajoivanka,TieLine
2024-08-29 16:00:00+00:00,10T-HU-SK-00001T,DIRECT,R.Sobota - Sajoivanka  R.Sobota - Sajoivanka,10T1001C--00054V,R.Sobota - Sajoivanka,R.Sobota,Sajoivanka,TieLine
2024-08-29 16:00:00+00:00,10T-SK-UA-00001W,DIRECT,R.Sobota - Sajoivanka  R.Sobota - Sajoivanka,10T1001C--00054V,R.Sobota - Sajoivanka,R.Sobota,Sajoivanka,TieLine
2024-08-29 16:00:00+00:00,10T-SK-UA-00001W,DIRECT,R.Sobota - Sajoivanka  R.Sobota - Sajoivanka,10T1001C--00054V,R.Sobota - Sajoivanka,R.Sobota,Sajoivanka,TieLine
2024-08-29 16:00:00+00:00,24T-V429-0000005,DIRECT,V.Dur - Krizovany,24T-V425-0000004,V.Dur - Krizovany,V.Dur,Krizovany,Line
2024-08-29 16:00:00+00:00,24T-V493-000000Q,DIRECT,Bosaca - Varin,24T-V495-0000008,Bosaca - Varin,Bosaca,Varin,Line
2024-08-29 16:00:00+00:00,24T-V490-000000G,DIRECT,V.Dur - Levice 2,24T-V491-0000007,V.Dur - Levice 2,V.Dur,Levice,Line
2024-08-29 16:00:00+00:00,24T-V425-0000004,DIRECT,Gabcikovo - P.Biskupice,24T-V429-0000005,Gabcikovo - P.Biskupice,Gabcikovo,P.Biskupice,Line
2024-08-29 16:00:00+00:00,10T-SK-UA-00001W,OPPOSITE,R.Sobota - Sajoivanka  R.Sobota - Sajoivanka,10T1001C--00054V,R.Sobota - Sajoivanka,R.Sobota,Sajoivanka,TieLine
2024-08-29 16:00:00+00:00,10T-SK-UA-00001W,OPPOSITE,R.Sobota - Sajoivanka  R.Sobota - Sajoivanka,10T1001C--00054V,R.Sobota - Sajoivanka,R.Sobota,Sajoivanka,TieLine
2024-08-29 16:00:00+00:00,10T-CZ-SK-00002W,OPPOSITE,Sp.Nova Ves - Lemesany,24T-V408-000000Y,Sp.Nova Ves - Lemesany,Sp.Nova Ves,Lemesany,Line
2024-08-29 17:00:00+00:00,14T-220-0-002213,DIRECT,Tauern - Weissenbach 222,14T-220-0-002221,Tauern - Weissenbach 222,Tauern,Weissenbach,Line
2024-08-29 17:00:00+00:00,10T-AT-SI-00003P,DIRECT,Kainachtal - Obersielach 471,14T-380-0-00471D,Kainachtal - Obersielach 471,Kainachtal,Obersielach,Line
2024-08-29 17:00:00+00:00,10T-AT-SI-00003P,DIRECT,Kainachtal - Maribor 473 400 kV Maribor - Kainachtal 1,10T-AT-SI-00001T,Kainachtal - Maribor 473,Kainachtal,Maribor,TieLine
2024-08-29 17:00:00+00:00,10T-AT-SI-00003P,DIRECT,Kainachtal - Maribor 473 400 kV Maribor - Kainachtal 1,10T-AT-SI-00001T,400 kV Maribor - Kainachtal 1,Maribor,Kainachtal,TieLine
2024-08-29 17:00:00+00:00,10T-AT-SI-00003P,DIRECT,400 kV Cirkovce - Podlog,28T000000000301K,400 kV Cirkovce - Podlog,Cirkovce,Podlog,Line
2024-08-29 17:00:00+00:00,10T-AT-SI-00003P,OPPOSITE,400 kV Cirkovce - Podlog,28T000000000301K,400 kV Cirkovce - Podlog,Cirkovce,Podlog,Line
2024-08-29 17:00:00+00:00,10T-AT-SI-00003P,DIRECT,400 kV Cirkovce - Krsko,28T000000000300M,400 kV Cirkovce - Krsko,Cirkovce,Krsko,Line
2024-08-29 17:00:00+00:00,10T-AT-DE-000037,DIRECT,Pirach Neu - Pleinting 296/257 Pirach Neu - Pirach 296/257,11T0-0000-2108-O,Pirach Neu - Pleinting 296/257,Pirach Neu,Pleinting,Line
2024-08-29 17:00:00+00:00,10T-AT-DE-000037,DIRECT,Pirach Neu - Pleinting 296/257 Pirach Neu - Pirach 296/257,11T0-0000-2108-O,Pirach Neu - Pirach 296/257,Pirach Neu,Pirach,Line
2024-08-29 17:00:00+00:00,14T-220-0-0273BO,DIRECT,Strass - Thaur 274B,14T-220-0-0274BL,Strass - Thaur 274B,Strass,Thaur,Line
2024-08-29 17:00:00+00:00,10T-AT-CZ-00003X,OPPOSITE,Slavetice - Durnrohr - V438  Duernrohr 1 - Slavetice 438,10T-AT-CZ-00004V,Slavetice - Durnrohr - V438,Slavetice,Durnrohr,TieLine
2024-08-29 17:00:00+00:00,10T-AT-CZ-00003X,OPPOSITE,Slavetice - Durnrohr - V438  Duernrohr 1 - Slavetice 438,10T-AT-CZ-00004V,Duernrohr 1 - Slavetice 438,Duernrohr 1,Slavetice,TieLine
2024-08-29 17:00:00+00:00,10T-AT-SI-00001T,OPPOSITE,Kainachtal - Maribor 474 400 kV Maribor - Kainachtal 2,10T-AT-SI-00002R,Kainachtal - Maribor 474,Kainachtal,Maribor,TieLine
2024-08-29 17:00:00+00:00,10T-AT-SI-00001T,OPPOSITE,Kainachtal - Maribor 474 400 kV Maribor - Kainachtal 2,10T-AT-SI-00002R,400 kV Maribor - Kainachtal 2,Maribor,Kainachtal,TieLine
2024-08-29 17:00:00+00:00,14T-380-0-475SRK,OPPOSITE,Kainachtal - Y_Mellach 476KT,14T-380-0-004763,Kainachtal - Y_Mellach 476KT,Kainachtal,Y_Mellach,Line
2024-08-29 17:00:00+00:00,14T-380-0-0476KK,DIRECT,Oststeiermark - Wien Suedost 477,14T-380-0-004771,Oststeiermark - Wien Suedost 477,Oststeiermark,Wien Suedost,Line
2024-08-29 17:00:00+00:00,14T-22220-TAPSTO,OPPOSITE,Tauern - Weissenbach 221,14T-220-0-002213,Tauern - Weissenbach 221,Tauern,Weissenbach,Line
2024-08-29 17:00:00+00:00,14T-38220-WT041O,OPPOSITE,Westtirol 2 - Voehringen 411 Westtirol - Voehringen FUESSN W,10T1001C--00037V,Westtirol 2 - Voehringen 411,Westtirol 2,Voehringen,TieLine
2024-08-29 17:00:00+00:00,14T-38220-WT041O,OPPOSITE,Westtirol 2 - Voehringen 411 Westtirol - Voehringen FUESSN W,10T1001C--00037V,Westtirol - Voehringen FUESSN W,Westtirol,Voehringen,TieLine
2024-08-29 17:00:00+00:00,14T-38220-WT041O,OPPOSITE,Buers - Westtirol rt (422) Westtirol 2 - Buers 422,10T-AT-DE-000061,Buers - Westtirol rt (422),Buers,Westtirol,TieLine
2024-08-29 17:00:00+00:00,14T-38220-WT041O,OPPOSITE,Buers - Westtirol rt (422) Westtirol 2 - Buers 422,10T-AT-DE-000061,Westtirol 2 - Buers 422,Buers,Westtirol,TieLine
2024-08-29 17:00:00+00:00,14T-38220-WT041O,OPPOSITE,Buers - Westtirol ws (421) Westtirol 1 - Buers 421,10T-AT-DE-000053,Buers - Westtirol ws (421),Buers,Westtirol,TieLine
2024-08-29 17:00:00+00:00,14T-38220-WT041O,OPPOSITE,Buers - Westtirol ws (421) Westtirol 1 - Buers 421,10T-AT-DE-000053,Westtirol 1 - Buers 421,Buers,Westtirol,TieLine
2024-08-29 17:00:00+00:00,10T-BE-FR-000015,DIRECT,Avelgem - Horta 380.102,22T20161020---1E,Avelgem - Horta 380.102,Avelgem,Horta,Line
2024-08-29 17:00:00+00:00,10T-BE-FR-000015,DIRECT,PST Van Eyck 2,22T-BE-PST--002U,PST Van Eyck 2,Van Eyck,Van Eyck,PST
2024-08-29 17:00:00+00:00,10T-BE-FR-000015,OPPOSITE,Aubange - Moulaine 220.513 Aubange - Moulaine 220.513,10T-BE-FR-000023,Aubange - Moulaine 220.513,Aubange,Moulaine,TieLine
2024-08-29 17:00:00+00:00,10T-BE-FR-000015,OPPOSITE,Aubange - Moulaine 220.513 Aubange - Moulaine 220.513,10T-BE-FR-000023,NA,NA,NA,
2024-08-29 17:00:00+00:00,10T-BE-FR-000015,OPPOSITE,Avelgem - Horta 380.102,22T20161020---1E,Avelgem - Horta 380.102,Avelgem,Horta,Line
2024-08-29 17:00:00+00:00,10T-BE-FR-000015,OPPOSITE,Lixhe - Van Eyck 380.91 Alegro HVDC,22T20180102---2W,Lixhe - Van Eyck 380.91,Lixhe,Van Eyck,Line
2024-08-29 17:00:00+00:00,10T-BE-FR-000015,OPPOSITE,Lixhe - Van Eyck 380.91 Alegro HVDC,22T201903146---W,NA,NA,NA,
2024-08-29 17:00:00+00:00,10T-BE-FR-000015,OPPOSITE,Y-Bruegel (-Mercator - Verbrande Brug) 380.36 Y-Mercator (-Bruegel - Verbrande Brug) 380.36 Y-Verbrande Brug (-Bruegel - Mercator) 380.36,22T-BE-IN-LI006Y,Y-Bruegel (-Mercator - Verbrande Brug) 380.36,Bruegel,Buggenhout,Line
2024-08-29 17:00:00+00:00,10T-BE-FR-000015,OPPOSITE,Y-Bruegel (-Mercator - Verbrande Brug) 380.36 Y-Mercator (-Bruegel - Verbrande Brug) 380.36 Y-Verbrande Brug (-Bruegel - Mercator) 380.36,22T-BE-IN-LI006Y,Y-Mercator (-Bruegel - Verbrande Brug) 380.36,Mercator,Buggenhout,Line
2024-08-29 17:00:00+00:00,10T-BE-FR-000015,OPPOSITE,Y-Bruegel (-Mercator - Verbrande Brug) 380.36 Y-Mercator (-Bruegel - Verbrande Brug) 380.36 Y-Verbrande Brug (-Bruegel - Mercator) 380.36,22T-BE-IN-LI006Y,Y-Verbrande Brug (-Bruegel - Mercator) 380.36,Verbrande Brug,Buggenhout,Line
2024-08-29 17:00:00+00:00,10T-BE-FR-000015,OPPOSITE,PST Van Eyck 2,22T-BE-PST--002U,PST Van Eyck 2,Van Eyck,Van Eyck,PST
2024-08-29 17:00:00+00:00,22T-BE-IN-LI018R,DIRECT,Y-Van Eyck (-Andre Dumont - Gramme) 380.12 Y-Andre Dumont (-Gramme - Van Eyck) 380.12 Y-Gramme (-Andre Dumont - Van Eyck) 380.12,22T20161020---48,Y-Van Eyck (-Andre Dumont - Gramme) 380.12,Van Eyck,Zuttendaal,Line
2024-08-29 17:00:00+00:00,22T-BE-IN-LI018R,DIRECT,Y-Van Eyck (-Andre Dumont - Gramme) 380.12 Y-Andre Dumont (-Gramme - Van Eyck) 380.12 Y-Gramme (-Andre Dumont - Van Eyck) 380.12,22T20161020---48,Y-Andre Dumont (-Gramme - Van Eyck) 380.12,Andre Dumont,Zuttendaal,Line
2024-08-29 17:00:00+00:00,22T-BE-IN-LI018R,DIRECT,Y-Van Eyck (-Andre Dumont - Gramme) 380.12 Y-Andre Dumont (-Gramme - Van Eyck) 380.12 Y-Gramme (-Andre Dumont - Van Eyck) 380.12,22T20161020---48,Y-Gramme (-Andre Dumont - Van Eyck) 380.12,Gramme,Zuttendaal,Line
2024-08-29 17:00:00+00:00,22T-BE-PST--001W,DIRECT,PST Van Eyck 2,22T-BE-PST--002U,PST Van Eyck 2,Van Eyck,Van Eyck,PST
2024-08-29 17:00:00+00:00,22T-BE-PST--002U,DIRECT,Achene - Lonny 380.19 Achene - Lonny 19,10T-BE-FR-000015,Achene - Lonny 380.19,Achene,Lonny,TieLine
2024-08-29 17:00:00+00:00,22T-BE-PST--002U,DIRECT,Achene - Lonny 380.19 Achene - Lonny 19,10T-BE-FR-000015,Achene - Lonny 19,Achene,Lonny,TieLine
2024-08-29 17:00:00+00:00,22T-BE-PST--002U,DIRECT,Y-Bruegel (-Mercator - Verbrande Brug) 380.36 Y-Mercator (-Bruegel - Verbrande Brug) 380.36 Y-Verbrande Brug (-Bruegel - Mercator) 380.36,22T-BE-IN-LI006Y,Y-Bruegel (-Mercator - Verbrande Brug) 380.36,Bruegel,Buggenhout,Line
2024-08-29 17:00:00+00:00,22T-BE-PST--002U,DIRECT,Y-Bruegel (-Mercator - Verbrande Brug) 380.36 Y-Mercator (-Bruegel - Verbrande Brug) 380.36 Y-Verbrande Brug (-Bruegel - Mercator) 380.36,22T-BE-IN-LI006Y,Y-Mercator (-Bruegel - Verbrande Brug) 380.36,Mercator,Buggenhout,Line
2024-08-29 17:00:00+00:00,22T-BE-PST--002U,DIRECT,Y-Bruegel (-Mercator - Verbrande Brug) 380.36 Y-Mercator (-Bruegel - Verbrande Brug) 380.36 Y-Verbrande Brug (-Bruegel - Mercator) 380.36,22T-BE-IN-LI006Y,Y-Verbrande Brug (-Bruegel - Mercator) 380.36,Verbrande Brug,Buggenhout,Line
2024-08-29 17:00:00+00:00,22T-BE-PST--002U,DIRECT,PST Van Eyck 1,22T-BE-PST--001W,PST Van Eyck 1,Van Eyck,Van Eyck,PST
2024-08-29 17:00:00+00:00,22T-BE-PST--002U,OPPOSITE,Y-Bruegel (-Courcelles - Drogenbos) 380.33 Y-Courcelles (-Bruegel - Drogenbos) 380.33 Y-Drogenbos (-Bruegel - Courcelles) 380.33,22T-BE-IN-LI0017,Y-Bruegel (-Courcelles - Drogenbos) 380.33,Bruegel,Mekingen,Line
2024-08-29 17:00:00+00:00,22T-BE-PST--002U,OPPOSITE,Y-Bruegel (-Courcelles - Drogenbos) 380.33 Y-Courcelles (-Bruegel - Drogenbos) 380.33 Y-Drogenbos (-Bruegel - Courcelles) 380.33,22T-BE-IN-LI0017,Y-Courcelles (-Bruegel - Drogenbos) 380.33,Courcelles,Mekingen,Line
2024-08-29 17:00:00+00:00,22T-BE-PST--002U,OPPOSITE,Y-Bruegel (-Courcelles - Drogenbos) 380.33 Y-Courcelles (-Bruegel - Drogenbos) 380.33 Y-Drogenbos (-Bruegel - Courcelles) 380.33,22T-BE-IN-LI0017,Y-Drogenbos (-Bruegel - Courcelles) 380.33,Drogenbos,Mekingen,Line
2024-08-29 17:00:00+00:00,22T-BE-PST--002U,OPPOSITE,Gramme - Achene 380.10,22T-BE-IN-LI0130,Gramme - Achene 380.10,Achene,Gramme,Line
2024-08-29 17:00:00+00:00,22T-BE-PST--002U,OPPOSITE,PST Van Eyck 1,22T-BE-PST--001W,PST Van Eyck 1,Van Eyck,Van Eyck,PST
2024-08-29 17:00:00+00:00,22T-BE-IN-LI02AK,DIRECT,Doel - Zandvliet 380.26,22T20170512----9,Doel - Zandvliet 380.26,Doel,Zandvliet,Line
2024-08-29 17:00:00+00:00,22T-BE-PST--002U,DIRECT,Alegro HVDC,22T201903146---W,NA,NA,NA,
2024-08-29 17:00:00+00:00,10T-CZ-DE-00001W,DIRECT,Prestice - Etzenricht  Etzenricht - Prestice 442,10T-CZ-DE-00004Q,Prestice - Etzenricht,Prestice,Etzenricht,TieLine
2024-08-29 17:00:00+00:00,10T-CZ-DE-00001W,DIRECT,Prestice - Etzenricht  Etzenricht - Prestice 442,10T-CZ-DE-00004Q,Etzenricht - Prestice 442,Etzenricht,Prestice,TieLine
2024-08-29 17:00:00+00:00,10T-CZ-DE-00003S,DIRECT,Hradec - Rohrsdorf - V445  Hradec - Rohrsdorf 445,10T-CZ-DE-00002U,Hradec - Rohrsdorf - V445,Hradec,Rohrsdorf,TieLine
2024-08-29 17:00:00+00:00,10T-CZ-DE-00003S,DIRECT,Hradec - Rohrsdorf - V445  Hradec - Rohrsdorf 445,10T-CZ-DE-00002U,Hradec - Rohrsdorf 445,Hradec,Rohrsdorf,TieLine
2024-08-29 17:00:00+00:00,10T-CZ-DE-00003S,OPPOSITE,Hradec - Rohrsdorf - V445  Hradec - Rohrsdorf 445,10T-CZ-DE-00002U,Hradec - Rohrsdorf - V445,Hradec,Rohrsdorf,TieLine
2024-08-29 17:00:00+00:00,10T-CZ-DE-00003S,OPPOSITE,Hradec - Rohrsdorf - V445  Hradec - Rohrsdorf 445,10T-CZ-DE-00002U,Hradec - Rohrsdorf 445,Hradec,Rohrsdorf,TieLine
2024-08-29 17:00:00+00:00,10T-CZ-SK-00001Y,OPPOSITE,Nosovice - Varin  Nosovice - Varin,10T-CZ-SK-00002W,Nosovice - Varin,Nosovice,Varin,TieLine
2024-08-29 17:00:00+00:00,10T-CZ-SK-00001Y,OPPOSITE,Nosovice - Varin  Nosovice - Varin,10T-CZ-SK-00002W,Nosovice - Varin,Nosovice,Varin,TieLine
2024-08-29 17:00:00+00:00,10T-CZ-SK-00002W,DIRECT,Krizovany - Sokolnice Sokolnice - Krizovany,10T-CZ-SK-00003U,Krizovany - Sokolnice,Krizovany,Sokolnice,TieLine
2024-08-29 17:00:00+00:00,10T-CZ-SK-00002W,DIRECT,Krizovany - Sokolnice Sokolnice - Krizovany,10T-CZ-SK-00003U,Sokolnice - Krizovany,Sokolnice,Krizovany,TieLine
2024-08-29 17:00:00+00:00,10T-CZ-SK-00002W,OPPOSITE,Krizovany - Sokolnice Sokolnice - Krizovany,10T-CZ-SK-00003U,Krizovany - Sokolnice,Krizovany,Sokolnice,TieLine
2024-08-29 17:00:00+00:00,10T-CZ-SK-00002W,OPPOSITE,Krizovany - Sokolnice Sokolnice - Krizovany,10T-CZ-SK-00003U,Sokolnice - Krizovany,Sokolnice,Krizovany,TieLine
2024-08-29 17:00:00+00:00,10T-CZ-SK-00002W,DIRECT,Sokolnice - Stupava  Sokolnice - Stupava,10T-CZ-SK-00005Q,Sokolnice - Stupava,Sokolnice,Stupava,TieLine
2024-08-29 17:00:00+00:00,10T-CZ-SK-00002W,DIRECT,Sokolnice - Stupava  Sokolnice - Stupava,10T-CZ-SK-00005Q,Sokolnice - Stupava,Stupava,Sokolnice,TieLine
2024-08-29 17:00:00+00:00,10T1001C--001223,OPPOSITE,Sokolnice - Zaya - V243 Zaya - Sokolnice 243,10T1001C--001215,Sokolnice - Zaya - V243,Sokolnice,Zaya,TieLine
2024-08-29 17:00:00+00:00,10T1001C--001223,OPPOSITE,Sokolnice - Zaya - V243 Zaya - Sokolnice 243,10T1001C--001215,Zaya - Sokolnice 243,Zaya,Sokolnice,TieLine
2024-08-29 17:00:00+00:00,10T-CZ-SK-00003U,OPPOSITE,Nosovice - Varin  Nosovice - Varin,10T-CZ-SK-00002W,Nosovice - Varin,Nosovice,Varin,TieLine
2024-08-29 17:00:00+00:00,10T-CZ-SK-00003U,OPPOSITE,Nosovice - Varin  Nosovice - Varin,10T-CZ-SK-00002W,Nosovice - Varin,Nosovice,Varin,TieLine
2024-08-29 17:00:00+00:00,10T-CZ-SK-00003U,DIRECT,Sokolnice - Stupava  Sokolnice - Stupava,10T-CZ-SK-00005Q,Sokolnice - Stupava,Sokolnice,Stupava,TieLine
2024-08-29 17:00:00+00:00,10T-CZ-SK-00003U,DIRECT,Sokolnice - Stupava  Sokolnice - Stupava,10T-CZ-SK-00005Q,Sokolnice - Stupava,Stupava,Sokolnice,TieLine
2024-08-29 17:00:00+00:00,10T-CZ-SK-00003U,OPPOSITE,Sokolnice - Stupava  Sokolnice - Stupava,10T-CZ-SK-00005Q,Sokolnice - Stupava,Sokolnice,Stupava,TieLine
2024-08-29 17:00:00+00:00,10T-CZ-SK-00003U,OPPOSITE,Sokolnice - Stupava  Sokolnice - Stupava,10T-CZ-SK-00005Q,Sokolnice - Stupava,Stupava,Sokolnice,TieLine
2024-08-29 17:00:00+00:00,10T-CZ-SK-00003U,DIRECT,H. Zivotice - Krasikov,27T-TLI-V458---B,H. Zivotice - Krasikov,H. Zivotice,Krasikov,Line
2024-08-29 17:00:00+00:00,10T-CZ-SK-00003U,OPPOSITE,H. Zivotice - Krasikov,27T-TLI-V458---B,H. Zivotice - Krasikov,H. Zivotice,Krasikov,Line
2024-08-29 17:00:00+00:00,11TD2L000000003L,OPPOSITE,Altheim - Sittling 220,11TD2L000000004J,Altheim - Sittling 220,Altheim,Sittling,Line
2024-08-29 17:00:00+00:00,11T0-0000-1496-M,OPPOSITE,Emscherbruch - Mengede RECKLI S,11T0-0000-2064-H,Emscherbruch - Mengede RECKLI S,Emscherbruch,Mengede,Line
2024-08-29 17:00:00+00:00,11T0-0000-0781-W,DIRECT,Y-Oberzier (-Paffendorf - Sechtem) SECHTM S Y-Paffendorf (-Oberzier - Sechtem) SECHTM S Y-Sechtem (-Oberzier - Paffendorf) SECHTM S,11T0-0000-0782-T,Y-Oberzier (-Paffendorf - Sechtem) SECHTM S,Oberzier,Y-Paffendorf,Line
2024-08-29 17:00:00+00:00,11T0-0000-0781-W,DIRECT,Y-Oberzier (-Paffendorf - Sechtem) SECHTM S Y-Paffendorf (-Oberzier - Sechtem) SECHTM S Y-Sechtem (-Oberzier - Paffendorf) SECHTM S,11T0-0000-0815-6,Y-Paffendorf (-Oberzier - Sechtem) SECHTM S,Paffendorf,Y-Paffendorf,Line
2024-08-29 17:00:00+00:00,11T0-0000-0781-W,DIRECT,Y-Oberzier (-Paffendorf - Sechtem) SECHTM S Y-Paffendorf (-Oberzier - Sechtem) SECHTM S Y-Sechtem (-Oberzier - Paffendorf) SECHTM S,11T0-0000-0849-J,Y-Sechtem (-Oberzier - Paffendorf) SECHTM S,Sechtem,Y-Paffendorf,Line
2024-08-29 17:00:00+00:00,10T-DE-NL-00005N,DIRECT,Alegro HVDC,22T201903146---W,NA,NA,NA,
2024-08-29 17:00:00+00:00,10T-DE-NL-00005N,DIRECT,Avelgem - Horta 380.102,22T20161020---1E,Avelgem - Horta 380.102,Avelgem,Horta,Line
2024-08-29 17:00:00+00:00,10T-DE-NL-00005N,OPPOSITE,Alegro HVDC,22T201903146---W,NA,NA,NA,
2024-08-29 17:00:00+00:00,10T-DE-NL-00005N,OPPOSITE,Achene - Lonny 380.19 Achene - Lonny 19,10T-BE-FR-000015,Achene - Lonny 380.19,Achene,Lonny,TieLine
2024-08-29 17:00:00+00:00,10T-DE-NL-00005N,OPPOSITE,Achene - Lonny 380.19 Achene - Lonny 19,10T-BE-FR-000015,Achene - Lonny 19,Achene,Lonny,TieLine
2024-08-29 17:00:00+00:00,10T-DE-NL-00005N,OPPOSITE,Boxmeer - Dodewaard 380 Zwart,49T000000000006C,Boxmeer - Dodewaard 380 Zwart,Boxmeer,Dodewaard,Line
2024-08-29 17:00:00+00:00,10T-DE-FR-000068,OPPOSITE,Ensdorf - Vigy VIGY1 N Ensdorf - Vigy VIGY1 N,10T-DE-FR-00005A,Ensdorf - Vigy VIGY1 N,Ensdorf,Vigy,TieLine
2024-08-29 17:00:00+00:00,10T-DE-FR-000068,OPPOSITE,Ensdorf - Vigy VIGY1 N Ensdorf - Vigy VIGY1 N,10T-DE-FR-00005A,Ensdorf - Vigy VIGY1 N,Ensdorf,Vigy,TieLine
2024-08-29 17:00:00+00:00,10T-DE-FR-000068,DIRECT,Ensdorf - Vigy VIGY1 N Ensdorf - Vigy VIGY1 N,10T-DE-FR-00005A,Ensdorf - Vigy VIGY1 N,Ensdorf,Vigy,TieLine
2024-08-29 17:00:00+00:00,10T-DE-FR-000068,DIRECT,Ensdorf - Vigy VIGY1 N Ensdorf - Vigy VIGY1 N,10T-DE-FR-00005A,Ensdorf - Vigy VIGY1 N,Ensdorf,Vigy,TieLine
2024-08-29 17:00:00+00:00,11T0-0000-0013-F,OPPOSITE,Hagenwerder - Mikulowa 567 Mikulowa - Hagenwerder 567,10T-DE-PL-00002B,Hagenwerder - Mikulowa 567,Hagenwerder,Mikulowa,TieLine
2024-08-29 17:00:00+00:00,11T0-0000-0013-F,OPPOSITE,Hagenwerder - Mikulowa 567 Mikulowa - Hagenwerder 567,10T-DE-PL-00002B,Mikulowa - Hagenwerder 567,Mikulowa 567,Hagenwerder,TieLine
2024-08-29 17:00:00+00:00,31T-0000-A-00200,OPPOSITE,400 kV Konjsko - Velebit 419,31T-0000-A-0008R,400 kV Konjsko - Velebit 419,Konjsko,Velebit,Line
2024-08-29 17:00:00+00:00,10T-HR-SI-000022,OPPOSITE,,,,,,
2024-08-29 17:00:00+00:00,10T-HR-SI-000022,DIRECT,Melina - Divaca 400 kV Divaca - Melina,10T-HR-SI-000014,Melina - Divaca,Melina,Divaca,TieLine
2024-08-29 17:00:00+00:00,10T-HR-SI-000022,DIRECT,Melina - Divaca 400 kV Divaca - Melina,10T-HR-SI-000014,400 kV Divaca - Melina,Divaca,Melina,TieLine
2024-08-29 17:00:00+00:00,10T-HR-SI-000022,OPPOSITE,Melina - Divaca 400 kV Divaca - Melina,10T-HR-SI-000014,Melina - Divaca,Melina,Divaca,TieLine
2024-08-29 17:00:00+00:00,10T-HR-SI-000022,OPPOSITE,Melina - Divaca 400 kV Divaca - Melina,10T-HR-SI-000014,400 kV Divaca - Melina,Divaca,Melina,TieLine
2024-08-29 17:00:00+00:00,10T-BA-HR-00003R,DIRECT,,,,,,
2024-08-29 17:00:00+00:00,15T-M000002791-J,DIRECT,Gabcikovo - Gyor Gabcikovo - Gyor,10T-HU-SK-00002R,Gabcikovo - Gyor,Gabcikovo,Gyor,TieLine
2024-08-29 17:00:00+00:00,15T-M000002791-J,DIRECT,Gabcikovo - Gyor Gabcikovo - Gyor,10T-HU-SK-00002R,Gabcikovo - Gyor,Gabcikovo,Gyor,TieLine
2024-08-29 17:00:00+00:00,10T-HU-UA-00002F,DIRECT,Szabolcsbaka - Mukachevo,10T1001C--000421,Szabolcsbaka - Mukachevo,Szabolcsbaka,Mukachevo,TieLine
2024-08-29 17:00:00+00:00,10T1001C--00056R,OPPOSITE,Gabcikovo - Gyor Gabcikovo - Gyor,10T-HU-SK-00002R,Gabcikovo - Gyor,Gabcikovo,Gyor,TieLine
2024-08-29 17:00:00+00:00,10T1001C--00056R,OPPOSITE,Gabcikovo - Gyor Gabcikovo - Gyor,10T-HU-SK-00002R,Gabcikovo - Gyor,Gabcikovo,Gyor,TieLine
2024-08-29 17:00:00+00:00,10T1001C--00101B,DIRECT,Zerjavinec - Heviz Zerjavinec - Heviz,10T-HR-HU-000025,Zerjavinec - Heviz,Zerjavinec,Heviz,TieLine
2024-08-29 17:00:00+00:00,10T1001C--00101B,DIRECT,Zerjavinec - Heviz Zerjavinec - Heviz,10T-HR-HU-000025,Zerjavinec - Heviz,Zerjavinec,Heviz,TieLine
2024-08-29 17:00:00+00:00,10T1001C--00101B,OPPOSITE,Zerjavinec - Heviz Zerjavinec - Heviz,10T-HR-HU-000025,Zerjavinec - Heviz,Zerjavinec,Heviz,TieLine
2024-08-29 17:00:00+00:00,10T1001C--00101B,OPPOSITE,Zerjavinec - Heviz Zerjavinec - Heviz,10T-HR-HU-000025,Zerjavinec - Heviz,Zerjavinec,Heviz,TieLine
2024-08-29 17:00:00+00:00,10T-DE-NL-00002T,OPPOSITE,Zwolle - Hengelo 380 Wit,49T000000000000O,Zwolle - Hengelo 380 Wit,Zwolle,Hengelo,Line
2024-08-29 17:00:00+00:00,10T-DE-NL-00002T,DIRECT,Gronau - Hanekenfaehr GRONAU W,11T0-0000-0617-A,Gronau - Hanekenfaehr GRONAU W,Gronau,Hanekenfaehr,Line
2024-08-29 17:00:00+00:00,10T-DE-NL-00002T,DIRECT,Y-Doerpen West (-Meppen - Niederlangen) EMSLD OW Y-Niederlangen (-Meppen - Doerpen West) EMSLD OW Y-Meppen (-Doerpen West - Niederlangen) EMSLD OW Meppen - Niederlangen - Doerpen West EMSLD OW,11T0-0000-0990-L,Y-Doerpen West (-Meppen - Niederlangen) EMSLD OW,Doerpen West,Y Niederlangen,Line
2024-08-29 17:00:00+00:00,10T-DE-NL-00002T,DIRECT,Y-Doerpen West (-Meppen - Niederlangen) EMSLD OW Y-Niederlangen (-Meppen - Doerpen West) EMSLD OW Y-Meppen (-Doerpen West - Niederlangen) EMSLD OW Meppen - Niederlangen - Doerpen West EMSLD OW,11T0-0000-0991-I,Y-Niederlangen (-Meppen - Doerpen West) EMSLD OW,Niederlangen,Y Niederlangen,Line
2024-08-29 17:00:00+00:00,10T-DE-NL-00002T,DIRECT,Y-Doerpen West (-Meppen - Niederlangen) EMSLD OW Y-Niederlangen (-Meppen - Doerpen West) EMSLD OW Y-Meppen (-Doerpen West - Niederlangen) EMSLD OW Meppen - Niederlangen - Doerpen West EMSLD OW,11T-D2-D7-00001H,Y-Meppen (-Doerpen West - Niederlangen) EMSLD OW,Meppen,Y Niederlangen,Line
2024-08-29 17:00:00+00:00,10T-DE-NL-00002T,DIRECT,Y-Doerpen West (-Meppen - Niederlangen) EMSLD OW Y-Niederlangen (-Meppen - Doerpen West) EMSLD OW Y-Meppen (-Doerpen West - Niederlangen) EMSLD OW Meppen - Niederlangen - Doerpen West EMSLD OW,11T-D2-D7-00001H,NA,NA,NA,
2024-08-29 17:00:00+00:00,49T000000000000O,DIRECT,Zwolle - Hengelo 380 Zwart,49T000000000031D,Zwolle - Hengelo 380 Zwart,Zwolle,Hengelo,Line
2024-08-29 17:00:00+00:00,10T-DE-NL-00002T,OPPOSITE,Zwolle - Meeden 380 Wit Eemshaven - Meeden 380 Wit,49T000000000001M,Zwolle - Meeden 380 Wit,Zwolle,Meeden,Line
2024-08-29 17:00:00+00:00,10T-DE-NL-00002T,OPPOSITE,Zwolle - Meeden 380 Wit Eemshaven - Meeden 380 Wit,49T000000000004G,Eemshaven - Meeden 380 Wit,Eemshaven,Meeden,Line
2024-08-29 17:00:00+00:00,49T0000000000274,DIRECT,Krimpen a/d IJssel - Geertruidenberg 380 Zwart,49T0000000000282,Krimpen a/d IJssel - Geertruidenberg 380 Zwart,Krimpen a/d IJssel,Geertruidenberg,Line
2024-08-29 17:00:00+00:00,19T000000001304A,OPPOSITE,Krosno Iskrzynia - Tarnow,19T000000000296P,Krosno Iskrzynia - Tarnow,Krosno Iskrzynia,Tarnow,Line
2024-08-29 17:00:00+00:00,19T0000000063830,DIRECT,Hagenwerder - Mikulowa 568 Mikulowa - Hagenwerder 568,10T-DE-PL-00001D,Hagenwerder - Mikulowa 568,Hagenwerder,Mikulowa,TieLine
2024-08-29 17:00:00+00:00,19T0000000063830,DIRECT,Hagenwerder - Mikulowa 568 Mikulowa - Hagenwerder 568,10T-DE-PL-00001D,Mikulowa - Hagenwerder 568,Mikulowa 568,Hagenwerder,TieLine
2024-08-29 17:00:00+00:00,19T0000000063830,OPPOSITE,Hagenwerder - Mikulowa 568 Mikulowa - Hagenwerder 568,10T-DE-PL-00001D,Hagenwerder - Mikulowa 568,Hagenwerder,Mikulowa,TieLine
2024-08-29 17:00:00+00:00,19T0000000063830,OPPOSITE,Hagenwerder - Mikulowa 568 Mikulowa - Hagenwerder 568,10T-DE-PL-00001D,Mikulowa - Hagenwerder 568,Mikulowa 568,Hagenwerder,TieLine
2024-08-29 17:00:00+00:00,19T000000006396S,DIRECT,Polaniec - Rzeszow,19T000000006420K,Polaniec - Rzeszow,Polaniec,Rzeszow,Line
2024-08-29 17:00:00+00:00,10T1001A1001A09N,DIRECT,Nosovice - Wielopole  Wielopole - Nosovice,10T-CZ-PL-00004A,Nosovice - Wielopole,Nosovice,Wielopole,TieLine
2024-08-29 17:00:00+00:00,10T1001A1001A09N,DIRECT,Nosovice - Wielopole  Wielopole - Nosovice,10T-CZ-PL-00004A,Wielopole - Nosovice,Wielopole,Nosovice,TieLine
2024-08-29 17:00:00+00:00,10T-CZ-PL-00004A,DIRECT,Dobrzen - Detmarovice Dobrzen - Detmarovice,10T1001A1001A09N,Dobrzen - Detmarovice,Dobrzen,Detmarovice,TieLine
2024-08-29 17:00:00+00:00,10T-CZ-PL-00004A,DIRECT,Dobrzen - Detmarovice Dobrzen - Detmarovice,10T1001A1001A09N,Dobrzen - Detmarovice,Detmarovice,Dobrzen,TieLine
2024-08-29 17:00:00+00:00,10T-CZ-PL-00004A,OPPOSITE,Dobrzen - Detmarovice Dobrzen - Detmarovice,10T1001A1001A09N,Dobrzen - Detmarovice,Dobrzen,Detmarovice,TieLine
2024-08-29 17:00:00+00:00,10T-CZ-PL-00004A,OPPOSITE,Dobrzen - Detmarovice Dobrzen - Detmarovice,10T1001A1001A09N,Dobrzen - Detmarovice,Detmarovice,Dobrzen,TieLine
2024-08-29 17:00:00+00:00,30TPARO220TRGJ-Q,OPPOSITE,Portile de Fier - Djerdap,10T-RO-RS-00001V,Portile de Fier - Djerdap,Portile de Fier,Djerdap,TieLine
2024-08-29 17:00:00+00:00,30TPARO220TRGJ-Q,OPPOSITE,Portile de Fier - Resita c1 Portile de Fier - Resita c2,30TPDFE220RESI1S,Portile de Fier - Resita c1,Portile de Fier,Resita c1,Line
2024-08-29 17:00:00+00:00,30TPARO220TRGJ-Q,OPPOSITE,Portile de Fier - Resita c1 Portile de Fier - Resita c2,30TPDFE220RESI2Q,Portile de Fier - Resita c2,Portile de Fier,Resita c2,Line
2024-08-29 17:00:00+00:00,30TPARO220TRGJ-Q,OPPOSITE,Sibiu Sud - Mintia,30TMINT400SIBI-Z,Sibiu Sud - Mintia,Sibiu Sud,Mintia,Line
2024-08-29 17:00:00+00:00,30TPARO220TRGJ-Q,OPPOSITE,Sibiu Sud - Tantareni,30TSIBI400TINT-1,Sibiu Sud - Tantareni,Sibiu Sud,Tantareni,Line
2024-08-29 17:00:00+00:00,30T-ROSI400AT--1,DIRECT,Rosiori - Gadalin,30TGADA400ROSI-A,Rosiori - Gadalin,Rosiori,Gadalin,Line
2024-08-29 17:00:00+00:00,10T-RO-RS-00001V,OPPOSITE,Tantareni - Kozlodui c2 Tantareni - Kozlodui c1,10T-BG-RO-00001A,Tantareni - Kozlodui c2,Tantareni,Kozlodui,TieLine
2024-08-29 17:00:00+00:00,10T-RO-RS-00001V,OPPOSITE,Tantareni - Kozlodui c2 Tantareni - Kozlodui c1,10T-RO-BG-00002A,Tantareni - Kozlodui c1,Tantareni,Kozlodui,TieLine
2024-08-29 17:00:00+00:00,30TPARO220TRGJ-Q,OPPOSITE,Isaccea - Vulcanesti,30TISAC400VULC-W,Isaccea - Vulcanesti,Isaccea,Vulcanesti,TieLine
2024-08-29 17:00:00+00:00,10T1001C--00101B,DIRECT,Kainachtal - Maribor 473 400 kV Maribor - Kainachtal 1,10T-AT-SI-00001T,Kainachtal - Maribor 473,Kainachtal,Maribor,TieLine
2024-08-29 17:00:00+00:00,10T1001C--00101B,DIRECT,Kainachtal - Maribor 473 400 kV Maribor - Kainachtal 1,10T-AT-SI-00001T,400 kV Maribor - Kainachtal 1,Maribor,Kainachtal,TieLine
2024-08-29 17:00:00+00:00,10T1001C--00101B,DIRECT,Zerjavinec - Cirkovce 400 kV Cirkovce - Zerjavinec,10T1001C--001037,Zerjavinec - Cirkovce,Zerjavinec,Cirkovce,TieLine
2024-08-29 17:00:00+00:00,10T1001C--00101B,DIRECT,Zerjavinec - Cirkovce 400 kV Cirkovce - Zerjavinec,10T1001C--001037,400 kV Cirkovce - Zerjavinec,Cirkovce,Zerjavinec,TieLine
2024-08-29 17:00:00+00:00,10T1001C--00101B,OPPOSITE,Zerjavinec - Cirkovce 400 kV Cirkovce - Zerjavinec,10T1001C--001037,Zerjavinec - Cirkovce,Zerjavinec,Cirkovce,TieLine
2024-08-29 17:00:00+00:00,10T1001C--00101B,OPPOSITE,Zerjavinec - Cirkovce 400 kV Cirkovce - Zerjavinec,10T1001C--001037,400 kV Cirkovce - Zerjavinec,Cirkovce,Zerjavinec,TieLine
2024-08-29 17:00:00+00:00,10T-HU-SK-00001T,DIRECT,R.Sobota - Sajoivanka  R.Sobota - Sajoivanka,10T1001C--00054V,R.Sobota - Sajoivanka,R.Sobota,Sajoivanka,TieLine
2024-08-29 17:00:00+00:00,10T-HU-SK-00001T,DIRECT,R.Sobota - Sajoivanka  R.Sobota - Sajoivanka,10T1001C--00054V,R.Sobota - Sajoivanka,R.Sobota,Sajoivanka,TieLine
2024-08-29 17:00:00+00:00,10T-SK-UA-00001W,DIRECT,R.Sobota - Sajoivanka  R.Sobota - Sajoivanka,10T1001C--00054V,R.Sobota - Sajoivanka,R.Sobota,Sajoivanka,TieLine
2024-08-29 17:00:00+00:00,10T-SK-UA-00001W,DIRECT,R.Sobota - Sajoivanka  R.Sobota - Sajoivanka,10T1001C--00054V,R.Sobota - Sajoivanka,R.Sobota,Sajoivanka,TieLine
2024-08-29 17:00:00+00:00,10T-CZ-SK-00002W,DIRECT,Sp.Nova Ves - Lemesany,24T-V408-000000Y,Sp.Nova Ves - Lemesany,Sp.Nova Ves,Lemesany,Line
2024-08-29 17:00:00+00:00,24T-V429-0000005,DIRECT,V.Dur - Krizovany,24T-V425-0000004,V.Dur - Krizovany,V.Dur,Krizovany,Line
2024-08-29 17:00:00+00:00,24T-V493-000000Q,DIRECT,Bosaca - Varin,24T-V495-0000008,Bosaca - Varin,Bosaca,Varin,Line
2024-08-29 17:00:00+00:00,24T-V490-000000G,DIRECT,V.Dur - Levice 2,24T-V491-0000007,V.Dur - Levice 2,V.Dur,Levice,Line
2024-08-29 17:00:00+00:00,24T-V425-0000004,DIRECT,Gabcikovo - P.Biskupice,24T-V429-0000005,Gabcikovo - P.Biskupice,Gabcikovo,P.Biskupice,Line
2024-08-29 17:00:00+00:00,10T-SK-UA-00001W,OPPOSITE,R.Sobota - Sajoivanka  R.Sobota - Sajoivanka,10T1001C--00054V,R.Sobota - Sajoivanka,R.Sobota,Sajoivanka,TieLine
2024-08-29 17:00:00+00:00,10T-SK-UA-00001W,OPPOSITE,R.Sobota - Sajoivanka  R.Sobota - Sajoivanka,10T1001C--00054V,R.Sobota - Sajoivanka,R.Sobota,Sajoivanka,TieLine
2024-08-29 17:00:00+00:00,10T-CZ-SK-00002W,OPPOSITE,Sp.Nova Ves - Lemesany,24T-V408-000000Y,Sp.Nova Ves - Lemesany,Sp.Nova Ves,Lemesany,Line
2024-08-29 18:00:00+00:00,10T-AT-SI-00003P,DIRECT,Kainachtal - Obersielach 471,14T-380-0-00471D,Kainachtal - Obersielach 471,Kainachtal,Obersielach,Line
2024-08-29 18:00:00+00:00,10T-AT-SI-00003P,DIRECT,Kainachtal - Maribor 473 400 kV Maribor - Kainachtal 1,10T-AT-SI-00001T,Kainachtal - Maribor 473,Kainachtal,Maribor,TieLine
2024-08-29 18:00:00+00:00,10T-AT-SI-00003P,DIRECT,Kainachtal - Maribor 473 400 kV Maribor - Kainachtal 1,10T-AT-SI-00001T,400 kV Maribor - Kainachtal 1,Maribor,Kainachtal,TieLine
2024-08-29 18:00:00+00:00,10T-AT-SI-00003P,DIRECT,400 kV Cirkovce - Podlog,28T000000000301K,400 kV Cirkovce - Podlog,Cirkovce,Podlog,Line
2024-08-29 18:00:00+00:00,10T-AT-SI-00003P,OPPOSITE,400 kV Cirkovce - Podlog,28T000000000301K,400 kV Cirkovce - Podlog,Cirkovce,Podlog,Line
2024-08-29 18:00:00+00:00,10T-AT-SI-00003P,DIRECT,400 kV Cirkovce - Krsko,28T000000000300M,400 kV Cirkovce - Krsko,Cirkovce,Krsko,Line
2024-08-29 18:00:00+00:00,10T-AT-DE-000037,DIRECT,Pirach Neu - Pleinting 296/257 Pirach Neu - Pirach 296/257,11T0-0000-2108-O,Pirach Neu - Pleinting 296/257,Pirach Neu,Pleinting,Line
2024-08-29 18:00:00+00:00,10T-AT-DE-000037,DIRECT,Pirach Neu - Pleinting 296/257 Pirach Neu - Pirach 296/257,11T0-0000-2108-O,Pirach Neu - Pirach 296/257,Pirach Neu,Pirach,Line
2024-08-29 18:00:00+00:00,14T-220-0-0273BO,DIRECT,Strass - Thaur 274B,14T-220-0-0274BL,Strass - Thaur 274B,Strass,Thaur,Line
2024-08-29 18:00:00+00:00,10T-AT-CZ-00003X,OPPOSITE,Slavetice - Durnrohr - V438  Duernrohr 1 - Slavetice 438,10T-AT-CZ-00004V,Slavetice - Durnrohr - V438,Slavetice,Durnrohr,TieLine
2024-08-29 18:00:00+00:00,10T-AT-CZ-00003X,OPPOSITE,Slavetice - Durnrohr - V438  Duernrohr 1 - Slavetice 438,10T-AT-CZ-00004V,Duernrohr 1 - Slavetice 438,Duernrohr 1,Slavetice,TieLine
2024-08-29 18:00:00+00:00,10T-AT-SI-00001T,OPPOSITE,Kainachtal - Maribor 474 400 kV Maribor - Kainachtal 2,10T-AT-SI-00002R,Kainachtal - Maribor 474,Kainachtal,Maribor,TieLine
2024-08-29 18:00:00+00:00,10T-AT-SI-00001T,OPPOSITE,Kainachtal - Maribor 474 400 kV Maribor - Kainachtal 2,10T-AT-SI-00002R,400 kV Maribor - Kainachtal 2,Maribor,Kainachtal,TieLine
2024-08-29 18:00:00+00:00,14T-380-0-475SRK,OPPOSITE,Kainachtal - Y_Mellach 476KT,14T-380-0-004763,Kainachtal - Y_Mellach 476KT,Kainachtal,Y_Mellach,Line
2024-08-29 18:00:00+00:00,14T-380-0-0476KK,DIRECT,Oststeiermark - Wien Suedost 477,14T-380-0-004771,Oststeiermark - Wien Suedost 477,Oststeiermark,Wien Suedost,Line
2024-08-29 18:00:00+00:00,14T-RHU43-OS---K,DIRECT,Obersielach - Obersielach OSRHU41,14T-38220-OS0413,Obersielach - Obersielach OSRHU41,Obersielach,Obersielach,Transformer
2024-08-29 18:00:00+00:00,14T-22220-TAPSTO,OPPOSITE,Tauern - Weissenbach 221,14T-220-0-002213,Tauern - Weissenbach 221,Tauern,Weissenbach,Line
2024-08-29 18:00:00+00:00,14T-RHU43-TA---6,OPPOSITE,Tauern - Tauern TARHU41,14T-38220-TA041Q,Tauern - Tauern TARHU41,Tauern,Tauern,Transformer
2024-08-29 18:00:00+00:00,14T-38220-WT041O,OPPOSITE,Westtirol 2 - Voehringen 411 Westtirol - Voehringen FUESSN W,10T1001C--00037V,Westtirol 2 - Voehringen 411,Westtirol 2,Voehringen,TieLine
2024-08-29 18:00:00+00:00,14T-38220-WT041O,OPPOSITE,Westtirol 2 - Voehringen 411 Westtirol - Voehringen FUESSN W,10T1001C--00037V,Westtirol - Voehringen FUESSN W,Westtirol,Voehringen,TieLine
2024-08-29 18:00:00+00:00,14T-38220-WT041O,OPPOSITE,Buers - Westtirol rt (422) Westtirol 2 - Buers 422,10T-AT-DE-000061,Buers - Westtirol rt (422),Buers,Westtirol,TieLine
2024-08-29 18:00:00+00:00,14T-38220-WT041O,OPPOSITE,Buers - Westtirol rt (422) Westtirol 2 - Buers 422,10T-AT-DE-000061,Westtirol 2 - Buers 422,Buers,Westtirol,TieLine
2024-08-29 18:00:00+00:00,14T-38220-WT041O,DIRECT,Buers - Westtirol ws (421) Westtirol 1 - Buers 421,10T-AT-DE-000053,Buers - Westtirol ws (421),Buers,Westtirol,TieLine
2024-08-29 18:00:00+00:00,14T-38220-WT041O,DIRECT,Buers - Westtirol ws (421) Westtirol 1 - Buers 421,10T-AT-DE-000053,Westtirol 1 - Buers 421,Buers,Westtirol,TieLine
2024-08-29 18:00:00+00:00,14T-38220-WT041O,OPPOSITE,Buers - Westtirol ws (421) Westtirol 1 - Buers 421,10T-AT-DE-000053,Buers - Westtirol ws (421),Buers,Westtirol,TieLine
2024-08-29 18:00:00+00:00,14T-38220-WT041O,OPPOSITE,Buers - Westtirol ws (421) Westtirol 1 - Buers 421,10T-AT-DE-000053,Westtirol 1 - Buers 421,Buers,Westtirol,TieLine
2024-08-29 18:00:00+00:00,10T-BE-FR-000015,DIRECT,Avelgem - Horta 380.102,22T20161020---1E,Avelgem - Horta 380.102,Avelgem,Horta,Line
2024-08-29 18:00:00+00:00,10T-BE-FR-000015,OPPOSITE,Aubange - Moulaine 220.513 Aubange - Moulaine 220.513,10T-BE-FR-000023,Aubange - Moulaine 220.513,Aubange,Moulaine,TieLine
2024-08-29 18:00:00+00:00,10T-BE-FR-000015,OPPOSITE,Aubange - Moulaine 220.513 Aubange - Moulaine 220.513,10T-BE-FR-000023,NA,NA,NA,
2024-08-29 18:00:00+00:00,10T-BE-FR-000015,OPPOSITE,Avelgem - Horta 380.102,22T20161020---1E,Avelgem - Horta 380.102,Avelgem,Horta,Line
2024-08-29 18:00:00+00:00,10T-BE-FR-000015,OPPOSITE,Lixhe - Van Eyck 380.91 Alegro HVDC,22T20180102---2W,Lixhe - Van Eyck 380.91,Lixhe,Van Eyck,Line
2024-08-29 18:00:00+00:00,10T-BE-FR-000015,OPPOSITE,Lixhe - Van Eyck 380.91 Alegro HVDC,22T201903146---W,NA,NA,NA,
2024-08-29 18:00:00+00:00,10T-BE-FR-000015,OPPOSITE,Y-Bruegel (-Mercator - Verbrande Brug) 380.36 Y-Mercator (-Bruegel - Verbrande Brug) 380.36 Y-Verbrande Brug (-Bruegel - Mercator) 380.36,22T-BE-IN-LI006Y,Y-Bruegel (-Mercator - Verbrande Brug) 380.36,Bruegel,Buggenhout,Line
2024-08-29 18:00:00+00:00,10T-BE-FR-000015,OPPOSITE,Y-Bruegel (-Mercator - Verbrande Brug) 380.36 Y-Mercator (-Bruegel - Verbrande Brug) 380.36 Y-Verbrande Brug (-Bruegel - Mercator) 380.36,22T-BE-IN-LI006Y,Y-Mercator (-Bruegel - Verbrande Brug) 380.36,Mercator,Buggenhout,Line
2024-08-29 18:00:00+00:00,10T-BE-FR-000015,OPPOSITE,Y-Bruegel (-Mercator - Verbrande Brug) 380.36 Y-Mercator (-Bruegel - Verbrande Brug) 380.36 Y-Verbrande Brug (-Bruegel - Mercator) 380.36,22T-BE-IN-LI006Y,Y-Verbrande Brug (-Bruegel - Mercator) 380.36,Verbrande Brug,Buggenhout,Line
2024-08-29 18:00:00+00:00,10T-BE-FR-000015,OPPOSITE,PST Van Eyck 2,22T-BE-PST--002U,PST Van Eyck 2,Van Eyck,Van Eyck,PST
2024-08-29 18:00:00+00:00,22T-BE-IN-LI018R,DIRECT,Y-Van Eyck (-Andre Dumont - Gramme) 380.12 Y-Andre Dumont (-Gramme - Van Eyck) 380.12 Y-Gramme (-Andre Dumont - Van Eyck) 380.12,22T20161020---48,Y-Van Eyck (-Andre Dumont - Gramme) 380.12,Van Eyck,Zuttendaal,Line
2024-08-29 18:00:00+00:00,22T-BE-IN-LI018R,DIRECT,Y-Van Eyck (-Andre Dumont - Gramme) 380.12 Y-Andre Dumont (-Gramme - Van Eyck) 380.12 Y-Gramme (-Andre Dumont - Van Eyck) 380.12,22T20161020---48,Y-Andre Dumont (-Gramme - Van Eyck) 380.12,Andre Dumont,Zuttendaal,Line
2024-08-29 18:00:00+00:00,22T-BE-IN-LI018R,DIRECT,Y-Van Eyck (-Andre Dumont - Gramme) 380.12 Y-Andre Dumont (-Gramme - Van Eyck) 380.12 Y-Gramme (-Andre Dumont - Van Eyck) 380.12,22T20161020---48,Y-Gramme (-Andre Dumont - Van Eyck) 380.12,Gramme,Zuttendaal,Line
2024-08-29 18:00:00+00:00,22T-BE-PST--001W,DIRECT,PST Van Eyck 2,22T-BE-PST--002U,PST Van Eyck 2,Van Eyck,Van Eyck,PST
2024-08-29 18:00:00+00:00,22T-BE-PST--002U,DIRECT,Achene - Lonny 380.19 Achene - Lonny 19,10T-BE-FR-000015,Achene - Lonny 380.19,Achene,Lonny,TieLine
2024-08-29 18:00:00+00:00,22T-BE-PST--002U,DIRECT,Achene - Lonny 380.19 Achene - Lonny 19,10T-BE-FR-000015,Achene - Lonny 19,Achene,Lonny,TieLine
2024-08-29 18:00:00+00:00,22T-BE-PST--002U,DIRECT,Y-Bruegel (-Mercator - Verbrande Brug) 380.36 Y-Mercator (-Bruegel - Verbrande Brug) 380.36 Y-Verbrande Brug (-Bruegel - Mercator) 380.36,22T-BE-IN-LI006Y,Y-Bruegel (-Mercator - Verbrande Brug) 380.36,Bruegel,Buggenhout,Line
2024-08-29 18:00:00+00:00,22T-BE-PST--002U,DIRECT,Y-Bruegel (-Mercator - Verbrande Brug) 380.36 Y-Mercator (-Bruegel - Verbrande Brug) 380.36 Y-Verbrande Brug (-Bruegel - Mercator) 380.36,22T-BE-IN-LI006Y,Y-Mercator (-Bruegel - Verbrande Brug) 380.36,Mercator,Buggenhout,Line
2024-08-29 18:00:00+00:00,22T-BE-PST--002U,DIRECT,Y-Bruegel (-Mercator - Verbrande Brug) 380.36 Y-Mercator (-Bruegel - Verbrande Brug) 380.36 Y-Verbrande Brug (-Bruegel - Mercator) 380.36,22T-BE-IN-LI006Y,Y-Verbrande Brug (-Bruegel - Mercator) 380.36,Verbrande Brug,Buggenhout,Line
2024-08-29 18:00:00+00:00,22T-BE-PST--002U,DIRECT,PST Van Eyck 1,22T-BE-PST--001W,PST Van Eyck 1,Van Eyck,Van Eyck,PST
2024-08-29 18:00:00+00:00,22T-BE-PST--002U,OPPOSITE,Y-Bruegel (-Courcelles - Drogenbos) 380.33 Y-Courcelles (-Bruegel - Drogenbos) 380.33 Y-Drogenbos (-Bruegel - Courcelles) 380.33,22T-BE-IN-LI0017,Y-Bruegel (-Courcelles - Drogenbos) 380.33,Bruegel,Mekingen,Line
2024-08-29 18:00:00+00:00,22T-BE-PST--002U,OPPOSITE,Y-Bruegel (-Courcelles - Drogenbos) 380.33 Y-Courcelles (-Bruegel - Drogenbos) 380.33 Y-Drogenbos (-Bruegel - Courcelles) 380.33,22T-BE-IN-LI0017,Y-Courcelles (-Bruegel - Drogenbos) 380.33,Courcelles,Mekingen,Line
2024-08-29 18:00:00+00:00,22T-BE-PST--002U,OPPOSITE,Y-Bruegel (-Courcelles - Drogenbos) 380.33 Y-Courcelles (-Bruegel - Drogenbos) 380.33 Y-Drogenbos (-Bruegel - Courcelles) 380.33,22T-BE-IN-LI0017,Y-Drogenbos (-Bruegel - Courcelles) 380.33,Drogenbos,Mekingen,Line
2024-08-29 18:00:00+00:00,22T-BE-PST--002U,OPPOSITE,Gramme - Achene 380.10,22T-BE-IN-LI0130,Gramme - Achene 380.10,Achene,Gramme,Line
2024-08-29 18:00:00+00:00,22T-BE-PST--002U,OPPOSITE,PST Van Eyck 1,22T-BE-PST--001W,PST Van Eyck 1,Van Eyck,Van Eyck,PST
2024-08-29 18:00:00+00:00,22T-BE-IN-LI02AK,DIRECT,Doel - Zandvliet 380.26,22T20170512----9,Doel - Zandvliet 380.26,Doel,Zandvliet,Line
2024-08-29 18:00:00+00:00,22T-BE-PST--002U,DIRECT,Alegro HVDC,22T201903146---W,NA,NA,NA,
2024-08-29 18:00:00+00:00,22T-BE-PST--002U,OPPOSITE,Alegro HVDC,22T201903146---W,NA,NA,NA,
2024-08-29 18:00:00+00:00,10T-CZ-DE-00001W,DIRECT,Prestice - Etzenricht  Etzenricht - Prestice 442,10T-CZ-DE-00004Q,Prestice - Etzenricht,Prestice,Etzenricht,TieLine
2024-08-29 18:00:00+00:00,10T-CZ-DE-00001W,DIRECT,Prestice - Etzenricht  Etzenricht - Prestice 442,10T-CZ-DE-00004Q,Etzenricht - Prestice 442,Etzenricht,Prestice,TieLine
2024-08-29 18:00:00+00:00,10T-CZ-DE-00003S,DIRECT,Hradec - Rohrsdorf - V445  Hradec - Rohrsdorf 445,10T-CZ-DE-00002U,Hradec - Rohrsdorf - V445,Hradec,Rohrsdorf,TieLine
2024-08-29 18:00:00+00:00,10T-CZ-DE-00003S,DIRECT,Hradec - Rohrsdorf - V445  Hradec - Rohrsdorf 445,10T-CZ-DE-00002U,Hradec - Rohrsdorf 445,Hradec,Rohrsdorf,TieLine
2024-08-29 18:00:00+00:00,10T-CZ-SK-00001Y,OPPOSITE,Nosovice - Varin  Nosovice - Varin,10T-CZ-SK-00002W,Nosovice - Varin,Nosovice,Varin,TieLine
2024-08-29 18:00:00+00:00,10T-CZ-SK-00001Y,OPPOSITE,Nosovice - Varin  Nosovice - Varin,10T-CZ-SK-00002W,Nosovice - Varin,Nosovice,Varin,TieLine
2024-08-29 18:00:00+00:00,10T-CZ-SK-00002W,DIRECT,Krizovany - Sokolnice Sokolnice - Krizovany,10T-CZ-SK-00003U,Krizovany - Sokolnice,Krizovany,Sokolnice,TieLine
2024-08-29 18:00:00+00:00,10T-CZ-SK-00002W,DIRECT,Krizovany - Sokolnice Sokolnice - Krizovany,10T-CZ-SK-00003U,Sokolnice - Krizovany,Sokolnice,Krizovany,TieLine
2024-08-29 18:00:00+00:00,10T-CZ-SK-00002W,OPPOSITE,Krizovany - Sokolnice Sokolnice - Krizovany,10T-CZ-SK-00003U,Krizovany - Sokolnice,Krizovany,Sokolnice,TieLine
2024-08-29 18:00:00+00:00,10T-CZ-SK-00002W,OPPOSITE,Krizovany - Sokolnice Sokolnice - Krizovany,10T-CZ-SK-00003U,Sokolnice - Krizovany,Sokolnice,Krizovany,TieLine
2024-08-29 18:00:00+00:00,10T-CZ-SK-00002W,DIRECT,Sokolnice - Stupava  Sokolnice - Stupava,10T-CZ-SK-00005Q,Sokolnice - Stupava,Sokolnice,Stupava,TieLine
2024-08-29 18:00:00+00:00,10T-CZ-SK-00002W,DIRECT,Sokolnice - Stupava  Sokolnice - Stupava,10T-CZ-SK-00005Q,Sokolnice - Stupava,Stupava,Sokolnice,TieLine
2024-08-29 18:00:00+00:00,10T1001C--001223,DIRECT,Sokolnice - Zaya - V243 Zaya - Sokolnice 243,10T1001C--001215,Sokolnice - Zaya - V243,Sokolnice,Zaya,TieLine
2024-08-29 18:00:00+00:00,10T1001C--001223,DIRECT,Sokolnice - Zaya - V243 Zaya - Sokolnice 243,10T1001C--001215,Zaya - Sokolnice 243,Zaya,Sokolnice,TieLine
2024-08-29 18:00:00+00:00,10T1001C--001223,OPPOSITE,Sokolnice - Zaya - V243 Zaya - Sokolnice 243,10T1001C--001215,Sokolnice - Zaya - V243,Sokolnice,Zaya,TieLine
2024-08-29 18:00:00+00:00,10T1001C--001223,OPPOSITE,Sokolnice - Zaya - V243 Zaya - Sokolnice 243,10T1001C--001215,Zaya - Sokolnice 243,Zaya,Sokolnice,TieLine
2024-08-29 18:00:00+00:00,10T-CZ-SK-00003U,OPPOSITE,Nosovice - Varin  Nosovice - Varin,10T-CZ-SK-00002W,Nosovice - Varin,Nosovice,Varin,TieLine
2024-08-29 18:00:00+00:00,10T-CZ-SK-00003U,OPPOSITE,Nosovice - Varin  Nosovice - Varin,10T-CZ-SK-00002W,Nosovice - Varin,Nosovice,Varin,TieLine
2024-08-29 18:00:00+00:00,10T-CZ-SK-00003U,DIRECT,Sokolnice - Stupava  Sokolnice - Stupava,10T-CZ-SK-00005Q,Sokolnice - Stupava,Sokolnice,Stupava,TieLine
2024-08-29 18:00:00+00:00,10T-CZ-SK-00003U,DIRECT,Sokolnice - Stupava  Sokolnice - Stupava,10T-CZ-SK-00005Q,Sokolnice - Stupava,Stupava,Sokolnice,TieLine
2024-08-29 18:00:00+00:00,10T-CZ-SK-00003U,OPPOSITE,Sokolnice - Stupava  Sokolnice - Stupava,10T-CZ-SK-00005Q,Sokolnice - Stupava,Sokolnice,Stupava,TieLine
2024-08-29 18:00:00+00:00,10T-CZ-SK-00003U,OPPOSITE,Sokolnice - Stupava  Sokolnice - Stupava,10T-CZ-SK-00005Q,Sokolnice - Stupava,Stupava,Sokolnice,TieLine
2024-08-29 18:00:00+00:00,10T-CZ-SK-00003U,DIRECT,H. Zivotice - Krasikov,27T-TLI-V458---B,H. Zivotice - Krasikov,H. Zivotice,Krasikov,Line
2024-08-29 18:00:00+00:00,10T-CZ-SK-00003U,OPPOSITE,H. Zivotice - Krasikov,27T-TLI-V458---B,H. Zivotice - Krasikov,H. Zivotice,Krasikov,Line
2024-08-29 18:00:00+00:00,10T-AT-DE-000037,DIRECT,Tauern - Tauern TAPST,14T-22220-TAPSTO,Tauern - Tauern TAPST,Tauern,Tauern,PST
2024-08-29 18:00:00+00:00,11T0-0000-1496-M,OPPOSITE,Emscherbruch - Mengede RECKLI S,11T0-0000-2064-H,Emscherbruch - Mengede RECKLI S,Emscherbruch,Mengede,Line
2024-08-29 18:00:00+00:00,11T0-0000-0781-W,DIRECT,Y-Oberzier (-Paffendorf - Sechtem) SECHTM S Y-Paffendorf (-Oberzier - Sechtem) SECHTM S Y-Sechtem (-Oberzier - Paffendorf) SECHTM S,11T0-0000-0782-T,Y-Oberzier (-Paffendorf - Sechtem) SECHTM S,Oberzier,Y-Paffendorf,Line
2024-08-29 18:00:00+00:00,11T0-0000-0781-W,DIRECT,Y-Oberzier (-Paffendorf - Sechtem) SECHTM S Y-Paffendorf (-Oberzier - Sechtem) SECHTM S Y-Sechtem (-Oberzier - Paffendorf) SECHTM S,11T0-0000-0815-6,Y-Paffendorf (-Oberzier - Sechtem) SECHTM S,Paffendorf,Y-Paffendorf,Line
2024-08-29 18:00:00+00:00,11T0-0000-0781-W,DIRECT,Y-Oberzier (-Paffendorf - Sechtem) SECHTM S Y-Paffendorf (-Oberzier - Sechtem) SECHTM S Y-Sechtem (-Oberzier - Paffendorf) SECHTM S,11T0-0000-0849-J,Y-Sechtem (-Oberzier - Paffendorf) SECHTM S,Sechtem,Y-Paffendorf,Line
2024-08-29 18:00:00+00:00,10T-DE-NL-00005N,DIRECT,Alegro HVDC,22T201903146---W,NA,NA,NA,
2024-08-29 18:00:00+00:00,10T-DE-NL-00005N,DIRECT,Ensdorf - Vigy VIGY2 S Ensdorf - Vigy VIGY2 S,10T-DE-FR-000068,Ensdorf - Vigy VIGY2 S,Ensdorf,Vigy,TieLine
2024-08-29 18:00:00+00:00,10T-DE-NL-00005N,DIRECT,Ensdorf - Vigy VIGY2 S Ensdorf - Vigy VIGY2 S,10T-DE-FR-000068,Ensdorf - Vigy VIGY2 S,Ensdorf,Vigy,TieLine
2024-08-29 18:00:00+00:00,10T-DE-NL-00005N,DIRECT,Maasbracht - Dodewaard 380 Wit,49T000000000013F,Maasbracht - Dodewaard 380 Wit,Dodewaard,Maasbracht,Line
2024-08-29 18:00:00+00:00,10T-DE-NL-00005N,DIRECT,Avelgem - Horta 380.102,22T20161020---1E,Avelgem - Horta 380.102,Avelgem,Horta,Line
2024-08-29 18:00:00+00:00,10T-DE-NL-00005N,OPPOSITE,Alegro HVDC,22T201903146---W,NA,NA,NA,
2024-08-29 18:00:00+00:00,10T-DE-NL-00005N,OPPOSITE,Achene - Lonny 380.19 Achene - Lonny 19,10T-BE-FR-000015,Achene - Lonny 380.19,Achene,Lonny,TieLine
2024-08-29 18:00:00+00:00,10T-DE-NL-00005N,OPPOSITE,Achene - Lonny 380.19 Achene - Lonny 19,10T-BE-FR-000015,Achene - Lonny 19,Achene,Lonny,TieLine
2024-08-29 18:00:00+00:00,10T-DE-NL-00005N,OPPOSITE,Boxmeer - Dodewaard 380 Zwart,49T000000000006C,Boxmeer - Dodewaard 380 Zwart,Boxmeer,Dodewaard,Line
2024-08-29 18:00:00+00:00,10T-DE-FR-000068,OPPOSITE,Ensdorf - Vigy VIGY1 N Ensdorf - Vigy VIGY1 N,10T-DE-FR-00005A,Ensdorf - Vigy VIGY1 N,Ensdorf,Vigy,TieLine
2024-08-29 18:00:00+00:00,10T-DE-FR-000068,OPPOSITE,Ensdorf - Vigy VIGY1 N Ensdorf - Vigy VIGY1 N,10T-DE-FR-00005A,Ensdorf - Vigy VIGY1 N,Ensdorf,Vigy,TieLine
2024-08-29 18:00:00+00:00,10T-DE-FR-000068,DIRECT,Ensdorf - Vigy VIGY1 N Ensdorf - Vigy VIGY1 N,10T-DE-FR-00005A,Ensdorf - Vigy VIGY1 N,Ensdorf,Vigy,TieLine
2024-08-29 18:00:00+00:00,10T-DE-FR-000068,DIRECT,Ensdorf - Vigy VIGY1 N Ensdorf - Vigy VIGY1 N,10T-DE-FR-00005A,Ensdorf - Vigy VIGY1 N,Ensdorf,Vigy,TieLine
2024-08-29 18:00:00+00:00,10T-CZ-DE-00002U,OPPOSITE,Hradec - Rohrsdorf - V446  Hradec - Rohrsdorf 446,10T-CZ-DE-00003S,Hradec - Rohrsdorf - V446,Hradec,Rohrsdorf,TieLine
2024-08-29 18:00:00+00:00,10T-CZ-DE-00002U,OPPOSITE,Hradec - Rohrsdorf - V446  Hradec - Rohrsdorf 446,10T-CZ-DE-00003S,Hradec - Rohrsdorf 446,Hradec,Rohrsdorf,TieLine
2024-08-29 18:00:00+00:00,11T0-0000-0013-F,OPPOSITE,Hagenwerder - Mikulowa 567 Mikulowa - Hagenwerder 567,10T-DE-PL-00002B,Hagenwerder - Mikulowa 567,Hagenwerder,Mikulowa,TieLine
2024-08-29 18:00:00+00:00,11T0-0000-0013-F,OPPOSITE,Hagenwerder - Mikulowa 567 Mikulowa - Hagenwerder 567,10T-DE-PL-00002B,Mikulowa - Hagenwerder 567,Mikulowa 567,Hagenwerder,TieLine
2024-08-29 18:00:00+00:00,10T-HR-SI-000022,OPPOSITE,,,,,,
2024-08-29 18:00:00+00:00,10T-HR-SI-000022,DIRECT,Melina - Divaca 400 kV Divaca - Melina,10T-HR-SI-000014,Melina - Divaca,Melina,Divaca,TieLine
2024-08-29 18:00:00+00:00,10T-HR-SI-000022,DIRECT,Melina - Divaca 400 kV Divaca - Melina,10T-HR-SI-000014,400 kV Divaca - Melina,Divaca,Melina,TieLine
2024-08-29 18:00:00+00:00,10T-HR-SI-000022,OPPOSITE,Melina - Divaca 400 kV Divaca - Melina,10T-HR-SI-000014,Melina - Divaca,Melina,Divaca,TieLine
2024-08-29 18:00:00+00:00,10T-HR-SI-000022,OPPOSITE,Melina - Divaca 400 kV Divaca - Melina,10T-HR-SI-000014,400 kV Divaca - Melina,Divaca,Melina,TieLine
2024-08-29 18:00:00+00:00,10T-BA-HR-00003R,DIRECT,,,,,,
2024-08-29 18:00:00+00:00,10T-HR-SI-00004Z,OPPOSITE,Tumbri - Krsko 2 400 kV Krsko - Tumbri 2,10T-HR-SI-00005X,Tumbri - Krsko 2,Tumbri,Krsko,TieLine
2024-08-29 18:00:00+00:00,10T-HR-SI-00004Z,OPPOSITE,Tumbri - Krsko 2 400 kV Krsko - Tumbri 2,10T-HR-SI-00005X,400 kV Krsko - Tumbri 2,Krsko,Tumbri,TieLine
2024-08-29 18:00:00+00:00,15T-M000002791-J,DIRECT,Gabcikovo - Gyor Gabcikovo - Gyor,10T-HU-SK-00002R,Gabcikovo - Gyor,Gabcikovo,Gyor,TieLine
2024-08-29 18:00:00+00:00,15T-M000002791-J,DIRECT,Gabcikovo - Gyor Gabcikovo - Gyor,10T-HU-SK-00002R,Gabcikovo - Gyor,Gabcikovo,Gyor,TieLine
2024-08-29 18:00:00+00:00,10T-HU-UA-00002F,DIRECT,Szabolcsbaka - Mukachevo,10T1001C--000421,Szabolcsbaka - Mukachevo,Szabolcsbaka,Mukachevo,TieLine
2024-08-29 18:00:00+00:00,10T1001C--00056R,OPPOSITE,Gabcikovo - Gyor Gabcikovo - Gyor,10T-HU-SK-00002R,Gabcikovo - Gyor,Gabcikovo,Gyor,TieLine
2024-08-29 18:00:00+00:00,10T1001C--00056R,OPPOSITE,Gabcikovo - Gyor Gabcikovo - Gyor,10T-HU-SK-00002R,Gabcikovo - Gyor,Gabcikovo,Gyor,TieLine
2024-08-29 18:00:00+00:00,10T1001C--00101B,DIRECT,Zerjavinec - Heviz Zerjavinec - Heviz,10T-HR-HU-000025,Zerjavinec - Heviz,Zerjavinec,Heviz,TieLine
2024-08-29 18:00:00+00:00,10T1001C--00101B,DIRECT,Zerjavinec - Heviz Zerjavinec - Heviz,10T-HR-HU-000025,Zerjavinec - Heviz,Zerjavinec,Heviz,TieLine
2024-08-29 18:00:00+00:00,10T1001C--00101B,OPPOSITE,Zerjavinec - Heviz Zerjavinec - Heviz,10T-HR-HU-000025,Zerjavinec - Heviz,Zerjavinec,Heviz,TieLine
2024-08-29 18:00:00+00:00,10T1001C--00101B,OPPOSITE,Zerjavinec - Heviz Zerjavinec - Heviz,10T-HR-HU-000025,Zerjavinec - Heviz,Zerjavinec,Heviz,TieLine
2024-08-29 18:00:00+00:00,10T-DE-NL-00002T,OPPOSITE,Zwolle - Hengelo 380 Wit,49T000000000000O,Zwolle - Hengelo 380 Wit,Zwolle,Hengelo,Line
2024-08-29 18:00:00+00:00,10T-DE-NL-00002T,DIRECT,Gronau - Hanekenfaehr GRONAU W,11T0-0000-0617-A,Gronau - Hanekenfaehr GRONAU W,Gronau,Hanekenfaehr,Line
2024-08-29 18:00:00+00:00,10T-DE-NL-00002T,DIRECT,Y-Doerpen West (-Meppen - Niederlangen) EMSLD OW Y-Niederlangen (-Meppen - Doerpen West) EMSLD OW Y-Meppen (-Doerpen West - Niederlangen) EMSLD OW Meppen - Niederlangen - Doerpen West EMSLD OW,11T0-0000-0990-L,Y-Doerpen West (-Meppen - Niederlangen) EMSLD OW,Doerpen West,Y Niederlangen,Line
2024-08-29 18:00:00+00:00,10T-DE-NL-00002T,DIRECT,Y-Doerpen West (-Meppen - Niederlangen) EMSLD OW Y-Niederlangen (-Meppen - Doerpen West) EMSLD OW Y-Meppen (-Doerpen West - Niederlangen) EMSLD OW Meppen - Niederlangen - Doerpen West EMSLD OW,11T0-0000-0991-I,Y-Niederlangen (-Meppen - Doerpen West) EMSLD OW,Niederlangen,Y Niederlangen,Line
2024-08-29 18:00:00+00:00,10T-DE-NL-00002T,DIRECT,Y-Doerpen West (-Meppen - Niederlangen) EMSLD OW Y-Niederlangen (-Meppen - Doerpen West) EMSLD OW Y-Meppen (-Doerpen West - Niederlangen) EMSLD OW Meppen - Niederlangen - Doerpen West EMSLD OW,11T-D2-D7-00001H,Y-Meppen (-Doerpen West - Niederlangen) EMSLD OW,Meppen,Y Niederlangen,Line
2024-08-29 18:00:00+00:00,10T-DE-NL-00002T,DIRECT,Y-Doerpen West (-Meppen - Niederlangen) EMSLD OW Y-Niederlangen (-Meppen - Doerpen West) EMSLD OW Y-Meppen (-Doerpen West - Niederlangen) EMSLD OW Meppen - Niederlangen - Doerpen West EMSLD OW,11T-D2-D7-00001H,NA,NA,NA,
2024-08-29 18:00:00+00:00,10T-DE-NL-00005N,DIRECT,Gronau - Kusenhorst HAMALD,11T0-0000-0618-7,Gronau - Kusenhorst HAMALD,Gronau,Kusenhorst,Line
2024-08-29 18:00:00+00:00,49T000000000000O,DIRECT,Zwolle - Hengelo 380 Zwart,49T000000000031D,Zwolle - Hengelo 380 Zwart,Zwolle,Hengelo,Line
2024-08-29 18:00:00+00:00,10T-DE-NL-00002T,OPPOSITE,Zwolle - Meeden 380 Wit Eemshaven - Meeden 380 Wit,49T000000000001M,Zwolle - Meeden 380 Wit,Zwolle,Meeden,Line
2024-08-29 18:00:00+00:00,10T-DE-NL-00002T,OPPOSITE,Zwolle - Meeden 380 Wit Eemshaven - Meeden 380 Wit,49T000000000004G,Eemshaven - Meeden 380 Wit,Eemshaven,Meeden,Line
2024-08-29 18:00:00+00:00,49T0000000000274,DIRECT,Krimpen a/d IJssel - Geertruidenberg 380 Zwart,49T0000000000282,Krimpen a/d IJssel - Geertruidenberg 380 Zwart,Krimpen a/d IJssel,Geertruidenberg,Line
2024-08-29 18:00:00+00:00,19T000000001304A,OPPOSITE,Krosno Iskrzynia - Tarnow,19T000000000296P,Krosno Iskrzynia - Tarnow,Krosno Iskrzynia,Tarnow,Line
2024-08-29 18:00:00+00:00,19T0000000063830,DIRECT,Hagenwerder - Mikulowa 568 Mikulowa - Hagenwerder 568,10T-DE-PL-00001D,Hagenwerder - Mikulowa 568,Hagenwerder,Mikulowa,TieLine
2024-08-29 18:00:00+00:00,19T0000000063830,DIRECT,Hagenwerder - Mikulowa 568 Mikulowa - Hagenwerder 568,10T-DE-PL-00001D,Mikulowa - Hagenwerder 568,Mikulowa 568,Hagenwerder,TieLine
2024-08-29 18:00:00+00:00,19T000000006396S,DIRECT,Polaniec - Rzeszow,19T000000006420K,Polaniec - Rzeszow,Polaniec,Rzeszow,Line
2024-08-29 18:00:00+00:00,10T1001A1001A09N,DIRECT,Nosovice - Wielopole  Wielopole - Nosovice,10T-CZ-PL-00004A,Nosovice - Wielopole,Nosovice,Wielopole,TieLine
2024-08-29 18:00:00+00:00,10T1001A1001A09N,DIRECT,Nosovice - Wielopole  Wielopole - Nosovice,10T-CZ-PL-00004A,Wielopole - Nosovice,Wielopole,Nosovice,TieLine
2024-08-29 18:00:00+00:00,10T-CZ-PL-00004A,DIRECT,Dobrzen - Detmarovice Dobrzen - Detmarovice,10T1001A1001A09N,Dobrzen - Detmarovice,Dobrzen,Detmarovice,TieLine
2024-08-29 18:00:00+00:00,10T-CZ-PL-00004A,DIRECT,Dobrzen - Detmarovice Dobrzen - Detmarovice,10T1001A1001A09N,Dobrzen - Detmarovice,Detmarovice,Dobrzen,TieLine
2024-08-29 18:00:00+00:00,10T-CZ-PL-00004A,OPPOSITE,Dobrzen - Detmarovice Dobrzen - Detmarovice,10T1001A1001A09N,Dobrzen - Detmarovice,Dobrzen,Detmarovice,TieLine
2024-08-29 18:00:00+00:00,10T-CZ-PL-00004A,OPPOSITE,Dobrzen - Detmarovice Dobrzen - Detmarovice,10T1001A1001A09N,Dobrzen - Detmarovice,Detmarovice,Dobrzen,TieLine
2024-08-29 18:00:00+00:00,30TPDFE220RESI1S,DIRECT,Portile de Fier - Resita c2,30TPDFE220RESI2Q,Portile de Fier - Resita c2,Portile de Fier,Resita c2,Line
2024-08-29 18:00:00+00:00,30T-ROSI400AT--1,DIRECT,Rosiori - Gadalin,30TGADA400ROSI-A,Rosiori - Gadalin,Rosiori,Gadalin,Line
2024-08-29 18:00:00+00:00,10T-RO-RS-00001V,OPPOSITE,Tantareni - Kozlodui c2 Tantareni - Kozlodui c1,10T-BG-RO-00001A,Tantareni - Kozlodui c2,Tantareni,Kozlodui,TieLine
2024-08-29 18:00:00+00:00,10T-RO-RS-00001V,OPPOSITE,Tantareni - Kozlodui c2 Tantareni - Kozlodui c1,10T-RO-BG-00002A,Tantareni - Kozlodui c1,Tantareni,Kozlodui,TieLine
2024-08-29 18:00:00+00:00,10T1001C--00101B,DIRECT,Kainachtal - Maribor 473 400 kV Maribor - Kainachtal 1,10T-AT-SI-00001T,Kainachtal - Maribor 473,Kainachtal,Maribor,TieLine
2024-08-29 18:00:00+00:00,10T1001C--00101B,DIRECT,Kainachtal - Maribor 473 400 kV Maribor - Kainachtal 1,10T-AT-SI-00001T,400 kV Maribor - Kainachtal 1,Maribor,Kainachtal,TieLine
2024-08-29 18:00:00+00:00,10T1001C--00101B,DIRECT,Zerjavinec - Cirkovce 400 kV Cirkovce - Zerjavinec,10T1001C--001037,Zerjavinec - Cirkovce,Zerjavinec,Cirkovce,TieLine
2024-08-29 18:00:00+00:00,10T1001C--00101B,DIRECT,Zerjavinec - Cirkovce 400 kV Cirkovce - Zerjavinec,10T1001C--001037,400 kV Cirkovce - Zerjavinec,Cirkovce,Zerjavinec,TieLine
2024-08-29 18:00:00+00:00,10T1001C--00101B,OPPOSITE,Zerjavinec - Cirkovce 400 kV Cirkovce - Zerjavinec,10T1001C--001037,Zerjavinec - Cirkovce,Zerjavinec,Cirkovce,TieLine
2024-08-29 18:00:00+00:00,10T1001C--00101B,OPPOSITE,Zerjavinec - Cirkovce 400 kV Cirkovce - Zerjavinec,10T1001C--001037,400 kV Cirkovce - Zerjavinec,Cirkovce,Zerjavinec,TieLine
2024-08-29 18:00:00+00:00,10T-HU-SK-00001T,DIRECT,R.Sobota - Sajoivanka  R.Sobota - Sajoivanka,10T1001C--00054V,R.Sobota - Sajoivanka,R.Sobota,Sajoivanka,TieLine
2024-08-29 18:00:00+00:00,10T-HU-SK-00001T,DIRECT,R.Sobota - Sajoivanka  R.Sobota - Sajoivanka,10T1001C--00054V,R.Sobota - Sajoivanka,R.Sobota,Sajoivanka,TieLine
2024-08-29 18:00:00+00:00,10T-SK-UA-00001W,DIRECT,R.Sobota - Sajoivanka  R.Sobota - Sajoivanka,10T1001C--00054V,R.Sobota - Sajoivanka,R.Sobota,Sajoivanka,TieLine
2024-08-29 18:00:00+00:00,10T-SK-UA-00001W,DIRECT,R.Sobota - Sajoivanka  R.Sobota - Sajoivanka,10T1001C--00054V,R.Sobota - Sajoivanka,R.Sobota,Sajoivanka,TieLine
2024-08-29 18:00:00+00:00,10T-CZ-SK-00002W,DIRECT,Sp.Nova Ves - Lemesany,24T-V408-000000Y,Sp.Nova Ves - Lemesany,Sp.Nova Ves,Lemesany,Line
2024-08-29 18:00:00+00:00,24T-V429-0000005,DIRECT,V.Dur - Krizovany,24T-V425-0000004,V.Dur - Krizovany,V.Dur,Krizovany,Line
2024-08-29 18:00:00+00:00,24T-V493-000000Q,DIRECT,Bosaca - Varin,24T-V495-0000008,Bosaca - Varin,Bosaca,Varin,Line
2024-08-29 18:00:00+00:00,24T-V490-000000G,DIRECT,V.Dur - Levice 2,24T-V491-0000007,V.Dur - Levice 2,V.Dur,Levice,Line
2024-08-29 18:00:00+00:00,24T-V425-0000004,DIRECT,Gabcikovo - P.Biskupice,24T-V429-0000005,Gabcikovo - P.Biskupice,Gabcikovo,P.Biskupice,Line
2024-08-29 18:00:00+00:00,10T-SK-UA-00001W,OPPOSITE,R.Sobota - Sajoivanka  R.Sobota - Sajoivanka,10T1001C--00054V,R.Sobota - Sajoivanka,R.Sobota,Sajoivanka,TieLine
2024-08-29 18:00:00+00:00,10T-SK-UA-00001W,OPPOSITE,R.Sobota - Sajoivanka  R.Sobota - Sajoivanka,10T1001C--00054V,R.Sobota - Sajoivanka,R.Sobota,Sajoivanka,TieLine
2024-08-29 18:00:00+00:00,10T-CZ-SK-00002W,OPPOSITE,Sp.Nova Ves - Lemesany,24T-V408-000000Y,Sp.Nova Ves - Lemesany,Sp.Nova Ves,Lemesany,Line
2024-08-29 19:00:00+00:00,10T-AT-SI-00003P,DIRECT,Kainachtal - Obersielach 471,14T-380-0-00471D,Kainachtal - Obersielach 471,Kainachtal,Obersielach,Line
2024-08-29 19:00:00+00:00,10T-AT-SI-00003P,DIRECT,Kainachtal - Maribor 473 400 kV Maribor - Kainachtal 1,10T-AT-SI-00001T,Kainachtal - Maribor 473,Kainachtal,Maribor,TieLine
2024-08-29 19:00:00+00:00,10T-AT-SI-00003P,DIRECT,Kainachtal - Maribor 473 400 kV Maribor - Kainachtal 1,10T-AT-SI-00001T,400 kV Maribor - Kainachtal 1,Maribor,Kainachtal,TieLine
2024-08-29 19:00:00+00:00,10T-AT-SI-00003P,DIRECT,400 kV Cirkovce - Podlog,28T000000000301K,400 kV Cirkovce - Podlog,Cirkovce,Podlog,Line
2024-08-29 19:00:00+00:00,10T-AT-SI-00003P,OPPOSITE,400 kV Cirkovce - Podlog,28T000000000301K,400 kV Cirkovce - Podlog,Cirkovce,Podlog,Line
2024-08-29 19:00:00+00:00,10T-AT-SI-00003P,DIRECT,400 kV Cirkovce - Krsko,28T000000000300M,400 kV Cirkovce - Krsko,Cirkovce,Krsko,Line
2024-08-29 19:00:00+00:00,10T-AT-DE-000037,DIRECT,Pirach Neu - Pleinting 296/257 Pirach Neu - Pirach 296/257,11T0-0000-2108-O,Pirach Neu - Pleinting 296/257,Pirach Neu,Pleinting,Line
2024-08-29 19:00:00+00:00,10T-AT-DE-000037,DIRECT,Pirach Neu - Pleinting 296/257 Pirach Neu - Pirach 296/257,11T0-0000-2108-O,Pirach Neu - Pirach 296/257,Pirach Neu,Pirach,Line
2024-08-29 19:00:00+00:00,14T-220-0-0273BO,DIRECT,Strass - Thaur 274B,14T-220-0-0274BL,Strass - Thaur 274B,Strass,Thaur,Line
2024-08-29 19:00:00+00:00,10T-AT-CZ-00003X,OPPOSITE,Slavetice - Durnrohr - V438  Duernrohr 1 - Slavetice 438,10T-AT-CZ-00004V,Slavetice - Durnrohr - V438,Slavetice,Durnrohr,TieLine
2024-08-29 19:00:00+00:00,10T-AT-CZ-00003X,OPPOSITE,Slavetice - Durnrohr - V438  Duernrohr 1 - Slavetice 438,10T-AT-CZ-00004V,Duernrohr 1 - Slavetice 438,Duernrohr 1,Slavetice,TieLine
2024-08-29 19:00:00+00:00,10T-AT-SI-00001T,OPPOSITE,Kainachtal - Maribor 474 400 kV Maribor - Kainachtal 2,10T-AT-SI-00002R,Kainachtal - Maribor 474,Kainachtal,Maribor,TieLine
2024-08-29 19:00:00+00:00,10T-AT-SI-00001T,OPPOSITE,Kainachtal - Maribor 474 400 kV Maribor - Kainachtal 2,10T-AT-SI-00002R,400 kV Maribor - Kainachtal 2,Maribor,Kainachtal,TieLine
2024-08-29 19:00:00+00:00,14T-380-0-0476KK,DIRECT,Oststeiermark - Wien Suedost 477,14T-380-0-004771,Oststeiermark - Wien Suedost 477,Oststeiermark,Wien Suedost,Line
2024-08-29 19:00:00+00:00,14T-22220-TAPSTO,OPPOSITE,Tauern - Weissenbach 221,14T-220-0-002213,Tauern - Weissenbach 221,Tauern,Weissenbach,Line
2024-08-29 19:00:00+00:00,14T-RHU43-TA---6,OPPOSITE,Tauern - Tauern TARHU41,14T-38220-TA041Q,Tauern - Tauern TARHU41,Tauern,Tauern,Transformer
2024-08-29 19:00:00+00:00,14T-38220-WT041O,OPPOSITE,Westtirol 2 - Voehringen 411 Westtirol - Voehringen FUESSN W,10T1001C--00037V,Westtirol 2 - Voehringen 411,Westtirol 2,Voehringen,TieLine
2024-08-29 19:00:00+00:00,14T-38220-WT041O,OPPOSITE,Westtirol 2 - Voehringen 411 Westtirol - Voehringen FUESSN W,10T1001C--00037V,Westtirol - Voehringen FUESSN W,Westtirol,Voehringen,TieLine
2024-08-29 19:00:00+00:00,14T-38220-WT041O,OPPOSITE,Buers - Westtirol rt (422) Westtirol 2 - Buers 422,10T-AT-DE-000061,Buers - Westtirol rt (422),Buers,Westtirol,TieLine
2024-08-29 19:00:00+00:00,14T-38220-WT041O,OPPOSITE,Buers - Westtirol rt (422) Westtirol 2 - Buers 422,10T-AT-DE-000061,Westtirol 2 - Buers 422,Buers,Westtirol,TieLine
2024-08-29 19:00:00+00:00,14T-38220-WT041O,DIRECT,Buers - Westtirol ws (421) Westtirol 1 - Buers 421,10T-AT-DE-000053,Buers - Westtirol ws (421),Buers,Westtirol,TieLine
2024-08-29 19:00:00+00:00,14T-38220-WT041O,DIRECT,Buers - Westtirol ws (421) Westtirol 1 - Buers 421,10T-AT-DE-000053,Westtirol 1 - Buers 421,Buers,Westtirol,TieLine
2024-08-29 19:00:00+00:00,14T-38220-WT041O,OPPOSITE,Buers - Westtirol ws (421) Westtirol 1 - Buers 421,10T-AT-DE-000053,Buers - Westtirol ws (421),Buers,Westtirol,TieLine
2024-08-29 19:00:00+00:00,14T-38220-WT041O,OPPOSITE,Buers - Westtirol ws (421) Westtirol 1 - Buers 421,10T-AT-DE-000053,Westtirol 1 - Buers 421,Buers,Westtirol,TieLine
2024-08-29 19:00:00+00:00,10T-BE-FR-000015,DIRECT,Avelgem - Horta 380.102,22T20161020---1E,Avelgem - Horta 380.102,Avelgem,Horta,Line
2024-08-29 19:00:00+00:00,10T-BE-FR-000015,OPPOSITE,Avelgem - Horta 380.102,22T20161020---1E,Avelgem - Horta 380.102,Avelgem,Horta,Line
2024-08-29 19:00:00+00:00,10T-BE-FR-000015,OPPOSITE,Lixhe - Van Eyck 380.91 Alegro HVDC,22T20180102---2W,Lixhe - Van Eyck 380.91,Lixhe,Van Eyck,Line
2024-08-29 19:00:00+00:00,10T-BE-FR-000015,OPPOSITE,Lixhe - Van Eyck 380.91 Alegro HVDC,22T201903146---W,NA,NA,NA,
2024-08-29 19:00:00+00:00,10T-BE-FR-000015,OPPOSITE,PST Van Eyck 2,22T-BE-PST--002U,PST Van Eyck 2,Van Eyck,Van Eyck,PST
2024-08-29 19:00:00+00:00,22T-BE-IN-LI018R,DIRECT,Y-Van Eyck (-Andre Dumont - Gramme) 380.12 Y-Andre Dumont (-Gramme - Van Eyck) 380.12 Y-Gramme (-Andre Dumont - Van Eyck) 380.12,22T20161020---48,Y-Van Eyck (-Andre Dumont - Gramme) 380.12,Van Eyck,Zuttendaal,Line
2024-08-29 19:00:00+00:00,22T-BE-IN-LI018R,DIRECT,Y-Van Eyck (-Andre Dumont - Gramme) 380.12 Y-Andre Dumont (-Gramme - Van Eyck) 380.12 Y-Gramme (-Andre Dumont - Van Eyck) 380.12,22T20161020---48,Y-Andre Dumont (-Gramme - Van Eyck) 380.12,Andre Dumont,Zuttendaal,Line
2024-08-29 19:00:00+00:00,22T-BE-IN-LI018R,DIRECT,Y-Van Eyck (-Andre Dumont - Gramme) 380.12 Y-Andre Dumont (-Gramme - Van Eyck) 380.12 Y-Gramme (-Andre Dumont - Van Eyck) 380.12,22T20161020---48,Y-Gramme (-Andre Dumont - Van Eyck) 380.12,Gramme,Zuttendaal,Line
2024-08-29 19:00:00+00:00,22T-BE-PST--001W,DIRECT,PST Van Eyck 2,22T-BE-PST--002U,PST Van Eyck 2,Van Eyck,Van Eyck,PST
2024-08-29 19:00:00+00:00,22T-BE-PST--002U,DIRECT,Achene - Lonny 380.19 Achene - Lonny 19,10T-BE-FR-000015,Achene - Lonny 380.19,Achene,Lonny,TieLine
2024-08-29 19:00:00+00:00,22T-BE-PST--002U,DIRECT,Achene - Lonny 380.19 Achene - Lonny 19,10T-BE-FR-000015,Achene - Lonny 19,Achene,Lonny,TieLine
2024-08-29 19:00:00+00:00,22T-BE-PST--002U,DIRECT,Y-Bruegel (-Mercator - Verbrande Brug) 380.36 Y-Mercator (-Bruegel - Verbrande Brug) 380.36 Y-Verbrande Brug (-Bruegel - Mercator) 380.36,22T-BE-IN-LI006Y,Y-Bruegel (-Mercator - Verbrande Brug) 380.36,Bruegel,Buggenhout,Line
2024-08-29 19:00:00+00:00,22T-BE-PST--002U,DIRECT,Y-Bruegel (-Mercator - Verbrande Brug) 380.36 Y-Mercator (-Bruegel - Verbrande Brug) 380.36 Y-Verbrande Brug (-Bruegel - Mercator) 380.36,22T-BE-IN-LI006Y,Y-Mercator (-Bruegel - Verbrande Brug) 380.36,Mercator,Buggenhout,Line
2024-08-29 19:00:00+00:00,22T-BE-PST--002U,DIRECT,Y-Bruegel (-Mercator - Verbrande Brug) 380.36 Y-Mercator (-Bruegel - Verbrande Brug) 380.36 Y-Verbrande Brug (-Bruegel - Mercator) 380.36,22T-BE-IN-LI006Y,Y-Verbrande Brug (-Bruegel - Mercator) 380.36,Verbrande Brug,Buggenhout,Line
2024-08-29 19:00:00+00:00,22T-BE-PST--002U,DIRECT,PST Van Eyck 1,22T-BE-PST--001W,PST Van Eyck 1,Van Eyck,Van Eyck,PST
2024-08-29 19:00:00+00:00,22T-BE-PST--002U,OPPOSITE,Y-Bruegel (-Courcelles - Drogenbos) 380.33 Y-Courcelles (-Bruegel - Drogenbos) 380.33 Y-Drogenbos (-Bruegel - Courcelles) 380.33,22T-BE-IN-LI0017,Y-Bruegel (-Courcelles - Drogenbos) 380.33,Bruegel,Mekingen,Line
2024-08-29 19:00:00+00:00,22T-BE-PST--002U,OPPOSITE,Y-Bruegel (-Courcelles - Drogenbos) 380.33 Y-Courcelles (-Bruegel - Drogenbos) 380.33 Y-Drogenbos (-Bruegel - Courcelles) 380.33,22T-BE-IN-LI0017,Y-Courcelles (-Bruegel - Drogenbos) 380.33,Courcelles,Mekingen,Line
2024-08-29 19:00:00+00:00,22T-BE-PST--002U,OPPOSITE,Y-Bruegel (-Courcelles - Drogenbos) 380.33 Y-Courcelles (-Bruegel - Drogenbos) 380.33 Y-Drogenbos (-Bruegel - Courcelles) 380.33,22T-BE-IN-LI0017,Y-Drogenbos (-Bruegel - Courcelles) 380.33,Drogenbos,Mekingen,Line
2024-08-29 19:00:00+00:00,22T-BE-PST--002U,OPPOSITE,Gramme - Achene 380.10,22T-BE-IN-LI0130,Gramme - Achene 380.10,Achene,Gramme,Line
2024-08-29 19:00:00+00:00,22T-BE-PST--002U,OPPOSITE,Y-Bruegel (-Mercator - Verbrande Brug) 380.36 Y-Mercator (-Bruegel - Verbrande Brug) 380.36 Y-Verbrande Brug (-Bruegel - Mercator) 380.36,22T-BE-IN-LI006Y,Y-Bruegel (-Mercator - Verbrande Brug) 380.36,Bruegel,Buggenhout,Line
2024-08-29 19:00:00+00:00,22T-BE-PST--002U,OPPOSITE,Y-Bruegel (-Mercator - Verbrande Brug) 380.36 Y-Mercator (-Bruegel - Verbrande Brug) 380.36 Y-Verbrande Brug (-Bruegel - Mercator) 380.36,22T-BE-IN-LI006Y,Y-Mercator (-Bruegel - Verbrande Brug) 380.36,Mercator,Buggenhout,Line
2024-08-29 19:00:00+00:00,22T-BE-PST--002U,OPPOSITE,Y-Bruegel (-Mercator - Verbrande Brug) 380.36 Y-Mercator (-Bruegel - Verbrande Brug) 380.36 Y-Verbrande Brug (-Bruegel - Mercator) 380.36,22T-BE-IN-LI006Y,Y-Verbrande Brug (-Bruegel - Mercator) 380.36,Verbrande Brug,Buggenhout,Line
2024-08-29 19:00:00+00:00,22T-BE-PST--002U,OPPOSITE,PST Van Eyck 1,22T-BE-PST--001W,PST Van Eyck 1,Van Eyck,Van Eyck,PST
2024-08-29 19:00:00+00:00,22T-BE-IN-LI02AK,DIRECT,Doel - Zandvliet 380.26,22T20170512----9,Doel - Zandvliet 380.26,Doel,Zandvliet,Line
2024-08-29 19:00:00+00:00,22T-BE-PST--002U,DIRECT,Alegro HVDC,22T201903146---W,NA,NA,NA,
2024-08-29 19:00:00+00:00,22T-BE-PST--002U,OPPOSITE,Alegro HVDC,22T201903146---W,NA,NA,NA,
2024-08-29 19:00:00+00:00,10T-CZ-DE-00001W,DIRECT,Prestice - Etzenricht  Etzenricht - Prestice 442,10T-CZ-DE-00004Q,Prestice - Etzenricht,Prestice,Etzenricht,TieLine
2024-08-29 19:00:00+00:00,10T-CZ-DE-00001W,DIRECT,Prestice - Etzenricht  Etzenricht - Prestice 442,10T-CZ-DE-00004Q,Etzenricht - Prestice 442,Etzenricht,Prestice,TieLine
2024-08-29 19:00:00+00:00,10T-CZ-DE-00003S,DIRECT,Hradec - Rohrsdorf - V445  Hradec - Rohrsdorf 445,10T-CZ-DE-00002U,Hradec - Rohrsdorf - V445,Hradec,Rohrsdorf,TieLine
2024-08-29 19:00:00+00:00,10T-CZ-DE-00003S,DIRECT,Hradec - Rohrsdorf - V445  Hradec - Rohrsdorf 445,10T-CZ-DE-00002U,Hradec - Rohrsdorf 445,Hradec,Rohrsdorf,TieLine
2024-08-29 19:00:00+00:00,10T-CZ-DE-00003S,OPPOSITE,Hradec - Rohrsdorf - V445  Hradec - Rohrsdorf 445,10T-CZ-DE-00002U,Hradec - Rohrsdorf - V445,Hradec,Rohrsdorf,TieLine
2024-08-29 19:00:00+00:00,10T-CZ-DE-00003S,OPPOSITE,Hradec - Rohrsdorf - V445  Hradec - Rohrsdorf 445,10T-CZ-DE-00002U,Hradec - Rohrsdorf 445,Hradec,Rohrsdorf,TieLine
2024-08-29 19:00:00+00:00,10T-CZ-SK-00001Y,OPPOSITE,Nosovice - Varin  Nosovice - Varin,10T-CZ-SK-00002W,Nosovice - Varin,Nosovice,Varin,TieLine
2024-08-29 19:00:00+00:00,10T-CZ-SK-00001Y,OPPOSITE,Nosovice - Varin  Nosovice - Varin,10T-CZ-SK-00002W,Nosovice - Varin,Nosovice,Varin,TieLine
2024-08-29 19:00:00+00:00,10T-CZ-SK-00002W,DIRECT,Krizovany - Sokolnice Sokolnice - Krizovany,10T-CZ-SK-00003U,Krizovany - Sokolnice,Krizovany,Sokolnice,TieLine
2024-08-29 19:00:00+00:00,10T-CZ-SK-00002W,DIRECT,Krizovany - Sokolnice Sokolnice - Krizovany,10T-CZ-SK-00003U,Sokolnice - Krizovany,Sokolnice,Krizovany,TieLine
2024-08-29 19:00:00+00:00,10T-CZ-SK-00002W,OPPOSITE,Krizovany - Sokolnice Sokolnice - Krizovany,10T-CZ-SK-00003U,Krizovany - Sokolnice,Krizovany,Sokolnice,TieLine
2024-08-29 19:00:00+00:00,10T-CZ-SK-00002W,OPPOSITE,Krizovany - Sokolnice Sokolnice - Krizovany,10T-CZ-SK-00003U,Sokolnice - Krizovany,Sokolnice,Krizovany,TieLine
2024-08-29 19:00:00+00:00,10T-CZ-SK-00002W,DIRECT,Sokolnice - Stupava  Sokolnice - Stupava,10T-CZ-SK-00005Q,Sokolnice - Stupava,Sokolnice,Stupava,TieLine
2024-08-29 19:00:00+00:00,10T-CZ-SK-00002W,DIRECT,Sokolnice - Stupava  Sokolnice - Stupava,10T-CZ-SK-00005Q,Sokolnice - Stupava,Stupava,Sokolnice,TieLine
2024-08-29 19:00:00+00:00,10T1001C--001223,DIRECT,Sokolnice - Zaya - V243 Zaya - Sokolnice 243,10T1001C--001215,Sokolnice - Zaya - V243,Sokolnice,Zaya,TieLine
2024-08-29 19:00:00+00:00,10T1001C--001223,DIRECT,Sokolnice - Zaya - V243 Zaya - Sokolnice 243,10T1001C--001215,Zaya - Sokolnice 243,Zaya,Sokolnice,TieLine
2024-08-29 19:00:00+00:00,10T1001C--001223,OPPOSITE,Sokolnice - Zaya - V243 Zaya - Sokolnice 243,10T1001C--001215,Sokolnice - Zaya - V243,Sokolnice,Zaya,TieLine
2024-08-29 19:00:00+00:00,10T1001C--001223,OPPOSITE,Sokolnice - Zaya - V243 Zaya - Sokolnice 243,10T1001C--001215,Zaya - Sokolnice 243,Zaya,Sokolnice,TieLine
2024-08-29 19:00:00+00:00,10T-CZ-SK-00003U,DIRECT,Nosovice - Varin  Nosovice - Varin,10T-CZ-SK-00002W,Nosovice - Varin,Nosovice,Varin,TieLine
2024-08-29 19:00:00+00:00,10T-CZ-SK-00003U,DIRECT,Nosovice - Varin  Nosovice - Varin,10T-CZ-SK-00002W,Nosovice - Varin,Nosovice,Varin,TieLine
2024-08-29 19:00:00+00:00,10T-CZ-SK-00003U,OPPOSITE,Nosovice - Varin  Nosovice - Varin,10T-CZ-SK-00002W,Nosovice - Varin,Nosovice,Varin,TieLine
2024-08-29 19:00:00+00:00,10T-CZ-SK-00003U,OPPOSITE,Nosovice - Varin  Nosovice - Varin,10T-CZ-SK-00002W,Nosovice - Varin,Nosovice,Varin,TieLine
2024-08-29 19:00:00+00:00,10T-CZ-SK-00003U,DIRECT,Sokolnice - Stupava  Sokolnice - Stupava,10T-CZ-SK-00005Q,Sokolnice - Stupava,Sokolnice,Stupava,TieLine
2024-08-29 19:00:00+00:00,10T-CZ-SK-00003U,DIRECT,Sokolnice - Stupava  Sokolnice - Stupava,10T-CZ-SK-00005Q,Sokolnice - Stupava,Stupava,Sokolnice,TieLine
2024-08-29 19:00:00+00:00,10T-CZ-SK-00003U,OPPOSITE,Sokolnice - Stupava  Sokolnice - Stupava,10T-CZ-SK-00005Q,Sokolnice - Stupava,Sokolnice,Stupava,TieLine
2024-08-29 19:00:00+00:00,10T-CZ-SK-00003U,OPPOSITE,Sokolnice - Stupava  Sokolnice - Stupava,10T-CZ-SK-00005Q,Sokolnice - Stupava,Stupava,Sokolnice,TieLine
2024-08-29 19:00:00+00:00,10T-CZ-SK-00003U,DIRECT,H. Zivotice - Krasikov,27T-TLI-V458---B,H. Zivotice - Krasikov,H. Zivotice,Krasikov,Line
2024-08-29 19:00:00+00:00,10T-CZ-SK-00003U,OPPOSITE,H. Zivotice - Krasikov,27T-TLI-V458---B,H. Zivotice - Krasikov,H. Zivotice,Krasikov,Line
2024-08-29 19:00:00+00:00,11T0-0000-1496-M,OPPOSITE,Emscherbruch - Mengede RECKLI S,11T0-0000-2064-H,Emscherbruch - Mengede RECKLI S,Emscherbruch,Mengede,Line
2024-08-29 19:00:00+00:00,11T0-0000-0781-W,DIRECT,Y-Oberzier (-Paffendorf - Sechtem) SECHTM S Y-Paffendorf (-Oberzier - Sechtem) SECHTM S Y-Sechtem (-Oberzier - Paffendorf) SECHTM S,11T0-0000-0782-T,Y-Oberzier (-Paffendorf - Sechtem) SECHTM S,Oberzier,Y-Paffendorf,Line
2024-08-29 19:00:00+00:00,11T0-0000-0781-W,DIRECT,Y-Oberzier (-Paffendorf - Sechtem) SECHTM S Y-Paffendorf (-Oberzier - Sechtem) SECHTM S Y-Sechtem (-Oberzier - Paffendorf) SECHTM S,11T0-0000-0815-6,Y-Paffendorf (-Oberzier - Sechtem) SECHTM S,Paffendorf,Y-Paffendorf,Line
2024-08-29 19:00:00+00:00,11T0-0000-0781-W,DIRECT,Y-Oberzier (-Paffendorf - Sechtem) SECHTM S Y-Paffendorf (-Oberzier - Sechtem) SECHTM S Y-Sechtem (-Oberzier - Paffendorf) SECHTM S,11T0-0000-0849-J,Y-Sechtem (-Oberzier - Paffendorf) SECHTM S,Sechtem,Y-Paffendorf,Line
2024-08-29 19:00:00+00:00,10T-DE-NL-00005N,DIRECT,Alegro HVDC,22T201903146---W,NA,NA,NA,
2024-08-29 19:00:00+00:00,10T-DE-NL-00005N,DIRECT,Ensdorf - Vigy VIGY2 S Ensdorf - Vigy VIGY2 S,10T-DE-FR-000068,Ensdorf - Vigy VIGY2 S,Ensdorf,Vigy,TieLine
2024-08-29 19:00:00+00:00,10T-DE-NL-00005N,DIRECT,Ensdorf - Vigy VIGY2 S Ensdorf - Vigy VIGY2 S,10T-DE-FR-000068,Ensdorf - Vigy VIGY2 S,Ensdorf,Vigy,TieLine
2024-08-29 19:00:00+00:00,10T-DE-NL-00005N,DIRECT,Gramme - Achene 380.10,22T-BE-IN-LI0130,Gramme - Achene 380.10,Achene,Gramme,Line
2024-08-29 19:00:00+00:00,10T-DE-NL-00005N,DIRECT,Maasbracht - Dodewaard 380 Wit,49T000000000013F,Maasbracht - Dodewaard 380 Wit,Dodewaard,Maasbracht,Line
2024-08-29 19:00:00+00:00,10T-DE-NL-00005N,DIRECT,Avelgem - Horta 380.102,22T20161020---1E,Avelgem - Horta 380.102,Avelgem,Horta,Line
2024-08-29 19:00:00+00:00,10T-DE-NL-00005N,OPPOSITE,Alegro HVDC,22T201903146---W,NA,NA,NA,
2024-08-29 19:00:00+00:00,10T-DE-NL-00005N,OPPOSITE,Achene - Lonny 380.19 Achene - Lonny 19,10T-BE-FR-000015,Achene - Lonny 380.19,Achene,Lonny,TieLine
2024-08-29 19:00:00+00:00,10T-DE-NL-00005N,OPPOSITE,Achene - Lonny 380.19 Achene - Lonny 19,10T-BE-FR-000015,Achene - Lonny 19,Achene,Lonny,TieLine
2024-08-29 19:00:00+00:00,10T-DE-NL-00005N,OPPOSITE,Boxmeer - Dodewaard 380 Zwart,49T000000000006C,Boxmeer - Dodewaard 380 Zwart,Boxmeer,Dodewaard,Line
2024-08-29 19:00:00+00:00,10T-DE-NL-00005N,OPPOSITE,Gronau - Hanekenfaehr GRONAU W,11T0-0000-0617-A,Gronau - Hanekenfaehr GRONAU W,Gronau,Hanekenfaehr,Line
2024-08-29 19:00:00+00:00,10T-DE-FR-000068,OPPOSITE,Ensdorf - Vigy VIGY1 N Ensdorf - Vigy VIGY1 N,10T-DE-FR-00005A,Ensdorf - Vigy VIGY1 N,Ensdorf,Vigy,TieLine
2024-08-29 19:00:00+00:00,10T-DE-FR-000068,OPPOSITE,Ensdorf - Vigy VIGY1 N Ensdorf - Vigy VIGY1 N,10T-DE-FR-00005A,Ensdorf - Vigy VIGY1 N,Ensdorf,Vigy,TieLine
2024-08-29 19:00:00+00:00,10T-DE-FR-000068,DIRECT,Ensdorf - Vigy VIGY1 N Ensdorf - Vigy VIGY1 N,10T-DE-FR-00005A,Ensdorf - Vigy VIGY1 N,Ensdorf,Vigy,TieLine
2024-08-29 19:00:00+00:00,10T-DE-FR-000068,DIRECT,Ensdorf - Vigy VIGY1 N Ensdorf - Vigy VIGY1 N,10T-DE-FR-00005A,Ensdorf - Vigy VIGY1 N,Ensdorf,Vigy,TieLine
2024-08-29 19:00:00+00:00,11T0-0000-0011-L,DIRECT,,,,,,
2024-08-29 19:00:00+00:00,11T0-0000-0011-L,DIRECT,Hradec - Rohrsdorf - V446  Hradec - Rohrsdorf 446,10T-CZ-DE-00003S,Hradec - Rohrsdorf - V446,Hradec,Rohrsdorf,TieLine
2024-08-29 19:00:00+00:00,11T0-0000-0011-L,DIRECT,Hradec - Rohrsdorf - V446  Hradec - Rohrsdorf 446,10T-CZ-DE-00003S,Hradec - Rohrsdorf 446,Hradec,Rohrsdorf,TieLine
2024-08-29 19:00:00+00:00,11T0-0000-0013-F,OPPOSITE,Hagenwerder - Mikulowa 567 Mikulowa - Hagenwerder 567,10T-DE-PL-00002B,Hagenwerder - Mikulowa 567,Hagenwerder,Mikulowa,TieLine
2024-08-29 19:00:00+00:00,11T0-0000-0013-F,OPPOSITE,Hagenwerder - Mikulowa 567 Mikulowa - Hagenwerder 567,10T-DE-PL-00002B,Mikulowa - Hagenwerder 567,Mikulowa 567,Hagenwerder,TieLine
2024-08-29 19:00:00+00:00,10T-HR-SI-000022,OPPOSITE,,,,,,
2024-08-29 19:00:00+00:00,10T-HR-SI-000022,DIRECT,Melina - Divaca 400 kV Divaca - Melina,10T-HR-SI-000014,Melina - Divaca,Melina,Divaca,TieLine
2024-08-29 19:00:00+00:00,10T-HR-SI-000022,DIRECT,Melina - Divaca 400 kV Divaca - Melina,10T-HR-SI-000014,400 kV Divaca - Melina,Divaca,Melina,TieLine
2024-08-29 19:00:00+00:00,10T-HR-SI-000022,OPPOSITE,Melina - Divaca 400 kV Divaca - Melina,10T-HR-SI-000014,Melina - Divaca,Melina,Divaca,TieLine
2024-08-29 19:00:00+00:00,10T-HR-SI-000022,OPPOSITE,Melina - Divaca 400 kV Divaca - Melina,10T-HR-SI-000014,400 kV Divaca - Melina,Divaca,Melina,TieLine
2024-08-29 19:00:00+00:00,10T-BA-HR-00003R,OPPOSITE,,,,,,
2024-08-29 19:00:00+00:00,10T-BA-HR-00003R,DIRECT,,,,,,
2024-08-29 19:00:00+00:00,15T-M000002791-J,DIRECT,Gabcikovo - Gyor Gabcikovo - Gyor,10T-HU-SK-00002R,Gabcikovo - Gyor,Gabcikovo,Gyor,TieLine
2024-08-29 19:00:00+00:00,15T-M000002791-J,DIRECT,Gabcikovo - Gyor Gabcikovo - Gyor,10T-HU-SK-00002R,Gabcikovo - Gyor,Gabcikovo,Gyor,TieLine
2024-08-29 19:00:00+00:00,10T-HU-UA-00002F,DIRECT,Szabolcsbaka - Mukachevo,10T1001C--000421,Szabolcsbaka - Mukachevo,Szabolcsbaka,Mukachevo,TieLine
2024-08-29 19:00:00+00:00,10T1001C--00056R,OPPOSITE,Gabcikovo - Gyor Gabcikovo - Gyor,10T-HU-SK-00002R,Gabcikovo - Gyor,Gabcikovo,Gyor,TieLine
2024-08-29 19:00:00+00:00,10T1001C--00056R,OPPOSITE,Gabcikovo - Gyor Gabcikovo - Gyor,10T-HU-SK-00002R,Gabcikovo - Gyor,Gabcikovo,Gyor,TieLine
2024-08-29 19:00:00+00:00,10T1001C--00101B,DIRECT,Zerjavinec - Heviz Zerjavinec - Heviz,10T-HR-HU-000025,Zerjavinec - Heviz,Zerjavinec,Heviz,TieLine
2024-08-29 19:00:00+00:00,10T1001C--00101B,DIRECT,Zerjavinec - Heviz Zerjavinec - Heviz,10T-HR-HU-000025,Zerjavinec - Heviz,Zerjavinec,Heviz,TieLine
2024-08-29 19:00:00+00:00,10T1001C--00101B,OPPOSITE,Zerjavinec - Heviz Zerjavinec - Heviz,10T-HR-HU-000025,Zerjavinec - Heviz,Zerjavinec,Heviz,TieLine
2024-08-29 19:00:00+00:00,10T1001C--00101B,OPPOSITE,Zerjavinec - Heviz Zerjavinec - Heviz,10T-HR-HU-000025,Zerjavinec - Heviz,Zerjavinec,Heviz,TieLine
2024-08-29 19:00:00+00:00,10T-DE-NL-00002T,OPPOSITE,Zwolle - Hengelo 380 Wit,49T000000000000O,Zwolle - Hengelo 380 Wit,Zwolle,Hengelo,Line
2024-08-29 19:00:00+00:00,10T-DE-NL-00002T,DIRECT,Gronau - Hanekenfaehr GRONAU W,11T0-0000-0617-A,Gronau - Hanekenfaehr GRONAU W,Gronau,Hanekenfaehr,Line
2024-08-29 19:00:00+00:00,10T-DE-NL-00005N,DIRECT,Gronau - Kusenhorst HAMALD,11T0-0000-0618-7,Gronau - Kusenhorst HAMALD,Gronau,Kusenhorst,Line
2024-08-29 19:00:00+00:00,49T000000000000O,DIRECT,Zwolle - Hengelo 380 Zwart,49T000000000031D,Zwolle - Hengelo 380 Zwart,Zwolle,Hengelo,Line
2024-08-29 19:00:00+00:00,10T-DE-NL-00002T,OPPOSITE,Zwolle - Meeden 380 Wit Eemshaven - Meeden 380 Wit,49T000000000001M,Zwolle - Meeden 380 Wit,Zwolle,Meeden,Line
2024-08-29 19:00:00+00:00,10T-DE-NL-00002T,OPPOSITE,Zwolle - Meeden 380 Wit Eemshaven - Meeden 380 Wit,49T000000000004G,Eemshaven - Meeden 380 Wit,Eemshaven,Meeden,Line
2024-08-29 19:00:00+00:00,49T0000000000274,DIRECT,Krimpen a/d IJssel - Geertruidenberg 380 Zwart,49T0000000000282,Krimpen a/d IJssel - Geertruidenberg 380 Zwart,Krimpen a/d IJssel,Geertruidenberg,Line
2024-08-29 19:00:00+00:00,19T000000001304A,OPPOSITE,Krosno Iskrzynia - Tarnow,19T000000000296P,Krosno Iskrzynia - Tarnow,Krosno Iskrzynia,Tarnow,Line
2024-08-29 19:00:00+00:00,19T0000000063830,DIRECT,Hagenwerder - Mikulowa 568 Mikulowa - Hagenwerder 568,10T-DE-PL-00001D,Hagenwerder - Mikulowa 568,Hagenwerder,Mikulowa,TieLine
2024-08-29 19:00:00+00:00,19T0000000063830,DIRECT,Hagenwerder - Mikulowa 568 Mikulowa - Hagenwerder 568,10T-DE-PL-00001D,Mikulowa - Hagenwerder 568,Mikulowa 568,Hagenwerder,TieLine
2024-08-29 19:00:00+00:00,19T000000006396S,DIRECT,Polaniec - Rzeszow,19T000000006420K,Polaniec - Rzeszow,Polaniec,Rzeszow,Line
2024-08-29 19:00:00+00:00,10T1001A1001A09N,DIRECT,Nosovice - Wielopole  Wielopole - Nosovice,10T-CZ-PL-00004A,Nosovice - Wielopole,Nosovice,Wielopole,TieLine
2024-08-29 19:00:00+00:00,10T1001A1001A09N,DIRECT,Nosovice - Wielopole  Wielopole - Nosovice,10T-CZ-PL-00004A,Wielopole - Nosovice,Wielopole,Nosovice,TieLine
2024-08-29 19:00:00+00:00,10T-CZ-PL-00004A,DIRECT,Dobrzen - Detmarovice Dobrzen - Detmarovice,10T1001A1001A09N,Dobrzen - Detmarovice,Dobrzen,Detmarovice,TieLine
2024-08-29 19:00:00+00:00,10T-CZ-PL-00004A,DIRECT,Dobrzen - Detmarovice Dobrzen - Detmarovice,10T1001A1001A09N,Dobrzen - Detmarovice,Detmarovice,Dobrzen,TieLine
2024-08-29 19:00:00+00:00,10T-CZ-PL-00004A,OPPOSITE,Dobrzen - Detmarovice Dobrzen - Detmarovice,10T1001A1001A09N,Dobrzen - Detmarovice,Dobrzen,Detmarovice,TieLine
2024-08-29 19:00:00+00:00,10T-CZ-PL-00004A,OPPOSITE,Dobrzen - Detmarovice Dobrzen - Detmarovice,10T1001A1001A09N,Dobrzen - Detmarovice,Detmarovice,Dobrzen,TieLine
2024-08-29 19:00:00+00:00,30TPDFE220RESI1S,DIRECT,Portile de Fier - Resita c2,30TPDFE220RESI2Q,Portile de Fier - Resita c2,Portile de Fier,Resita c2,Line
2024-08-29 19:00:00+00:00,30T-ROSI400AT--1,DIRECT,Rosiori - Gadalin,30TGADA400ROSI-A,Rosiori - Gadalin,Rosiori,Gadalin,Line
2024-08-29 19:00:00+00:00,10T-RO-RS-00001V,OPPOSITE,Tantareni - Kozlodui c2 Tantareni - Kozlodui c1,10T-BG-RO-00001A,Tantareni - Kozlodui c2,Tantareni,Kozlodui,TieLine
2024-08-29 19:00:00+00:00,10T-RO-RS-00001V,OPPOSITE,Tantareni - Kozlodui c2 Tantareni - Kozlodui c1,10T-RO-BG-00002A,Tantareni - Kozlodui c1,Tantareni,Kozlodui,TieLine
2024-08-29 19:00:00+00:00,10T1001C--00101B,DIRECT,Kainachtal - Maribor 473 400 kV Maribor - Kainachtal 1,10T-AT-SI-00001T,Kainachtal - Maribor 473,Kainachtal,Maribor,TieLine
2024-08-29 19:00:00+00:00,10T1001C--00101B,DIRECT,Kainachtal - Maribor 473 400 kV Maribor - Kainachtal 1,10T-AT-SI-00001T,400 kV Maribor - Kainachtal 1,Maribor,Kainachtal,TieLine
2024-08-29 19:00:00+00:00,10T1001C--00101B,DIRECT,Zerjavinec - Cirkovce 400 kV Cirkovce - Zerjavinec,10T1001C--001037,Zerjavinec - Cirkovce,Zerjavinec,Cirkovce,TieLine
2024-08-29 19:00:00+00:00,10T1001C--00101B,DIRECT,Zerjavinec - Cirkovce 400 kV Cirkovce - Zerjavinec,10T1001C--001037,400 kV Cirkovce - Zerjavinec,Cirkovce,Zerjavinec,TieLine
2024-08-29 19:00:00+00:00,10T1001C--00101B,OPPOSITE,Zerjavinec - Cirkovce 400 kV Cirkovce - Zerjavinec,10T1001C--001037,Zerjavinec - Cirkovce,Zerjavinec,Cirkovce,TieLine
2024-08-29 19:00:00+00:00,10T1001C--00101B,OPPOSITE,Zerjavinec - Cirkovce 400 kV Cirkovce - Zerjavinec,10T1001C--001037,400 kV Cirkovce - Zerjavinec,Cirkovce,Zerjavinec,TieLine
2024-08-29 19:00:00+00:00,10T-HU-SK-00001T,DIRECT,R.Sobota - Sajoivanka  R.Sobota - Sajoivanka,10T1001C--00054V,R.Sobota - Sajoivanka,R.Sobota,Sajoivanka,TieLine
2024-08-29 19:00:00+00:00,10T-HU-SK-00001T,DIRECT,R.Sobota - Sajoivanka  R.Sobota - Sajoivanka,10T1001C--00054V,R.Sobota - Sajoivanka,R.Sobota,Sajoivanka,TieLine
2024-08-29 19:00:00+00:00,10T-SK-UA-00001W,DIRECT,R.Sobota - Sajoivanka  R.Sobota - Sajoivanka,10T1001C--00054V,R.Sobota - Sajoivanka,R.Sobota,Sajoivanka,TieLine
2024-08-29 19:00:00+00:00,10T-SK-UA-00001W,DIRECT,R.Sobota - Sajoivanka  R.Sobota - Sajoivanka,10T1001C--00054V,R.Sobota - Sajoivanka,R.Sobota,Sajoivanka,TieLine
2024-08-29 19:00:00+00:00,24T-V429-0000005,DIRECT,V.Dur - Krizovany,24T-V425-0000004,V.Dur - Krizovany,V.Dur,Krizovany,Line
2024-08-29 19:00:00+00:00,24T-V493-000000Q,DIRECT,Bosaca - Varin,24T-V495-0000008,Bosaca - Varin,Bosaca,Varin,Line
2024-08-29 19:00:00+00:00,24T-V490-000000G,DIRECT,V.Dur - Levice 2,24T-V491-0000007,V.Dur - Levice 2,V.Dur,Levice,Line
2024-08-29 19:00:00+00:00,24T-V425-0000004,DIRECT,Gabcikovo - P.Biskupice,24T-V429-0000005,Gabcikovo - P.Biskupice,Gabcikovo,P.Biskupice,Line
2024-08-29 19:00:00+00:00,10T-SK-UA-00001W,OPPOSITE,R.Sobota - Sajoivanka  R.Sobota - Sajoivanka,10T1001C--00054V,R.Sobota - Sajoivanka,R.Sobota,Sajoivanka,TieLine
2024-08-29 19:00:00+00:00,10T-SK-UA-00001W,OPPOSITE,R.Sobota - Sajoivanka  R.Sobota - Sajoivanka,10T1001C--00054V,R.Sobota - Sajoivanka,R.Sobota,Sajoivanka,TieLine
2024-08-29 19:00:00+00:00,10T-CZ-SK-00002W,OPPOSITE,Sp.Nova Ves - Lemesany,24T-V408-000000Y,Sp.Nova Ves - Lemesany,Sp.Nova Ves,Lemesany,Line
2024-08-29 20:00:00+00:00,10T-AT-SI-00003P,DIRECT,Kainachtal - Obersielach 471,14T-380-0-00471D,Kainachtal - Obersielach 471,Kainachtal,Obersielach,Line
2024-08-29 20:00:00+00:00,10T-AT-SI-00003P,DIRECT,Kainachtal - Maribor 473 400 kV Maribor - Kainachtal 1,10T-AT-SI-00001T,Kainachtal - Maribor 473,Kainachtal,Maribor,TieLine
2024-08-29 20:00:00+00:00,10T-AT-SI-00003P,DIRECT,Kainachtal - Maribor 473 400 kV Maribor - Kainachtal 1,10T-AT-SI-00001T,400 kV Maribor - Kainachtal 1,Maribor,Kainachtal,TieLine
2024-08-29 20:00:00+00:00,10T-AT-SI-00003P,DIRECT,400 kV Cirkovce - Podlog,28T000000000301K,400 kV Cirkovce - Podlog,Cirkovce,Podlog,Line
2024-08-29 20:00:00+00:00,10T-AT-SI-00003P,OPPOSITE,400 kV Cirkovce - Podlog,28T000000000301K,400 kV Cirkovce - Podlog,Cirkovce,Podlog,Line
2024-08-29 20:00:00+00:00,10T-AT-SI-00003P,DIRECT,400 kV Cirkovce - Krsko,28T000000000300M,400 kV Cirkovce - Krsko,Cirkovce,Krsko,Line
2024-08-29 20:00:00+00:00,10T-AT-DE-000037,DIRECT,Pirach Neu - Pleinting 296/257 Pirach Neu - Pirach 296/257,11T0-0000-2108-O,Pirach Neu - Pleinting 296/257,Pirach Neu,Pleinting,Line
2024-08-29 20:00:00+00:00,10T-AT-DE-000037,DIRECT,Pirach Neu - Pleinting 296/257 Pirach Neu - Pirach 296/257,11T0-0000-2108-O,Pirach Neu - Pirach 296/257,Pirach Neu,Pirach,Line
2024-08-29 20:00:00+00:00,14T-220-0-0273BO,DIRECT,Strass - Thaur 274B,14T-220-0-0274BL,Strass - Thaur 274B,Strass,Thaur,Line
2024-08-29 20:00:00+00:00,10T-AT-CZ-00003X,OPPOSITE,Slavetice - Durnrohr - V438  Duernrohr 1 - Slavetice 438,10T-AT-CZ-00004V,Slavetice - Durnrohr - V438,Slavetice,Durnrohr,TieLine
2024-08-29 20:00:00+00:00,10T-AT-CZ-00003X,OPPOSITE,Slavetice - Durnrohr - V438  Duernrohr 1 - Slavetice 438,10T-AT-CZ-00004V,Duernrohr 1 - Slavetice 438,Duernrohr 1,Slavetice,TieLine
2024-08-29 20:00:00+00:00,10T-AT-SI-00001T,OPPOSITE,Kainachtal - Maribor 474 400 kV Maribor - Kainachtal 2,10T-AT-SI-00002R,Kainachtal - Maribor 474,Kainachtal,Maribor,TieLine
2024-08-29 20:00:00+00:00,10T-AT-SI-00001T,OPPOSITE,Kainachtal - Maribor 474 400 kV Maribor - Kainachtal 2,10T-AT-SI-00002R,400 kV Maribor - Kainachtal 2,Maribor,Kainachtal,TieLine
2024-08-29 20:00:00+00:00,14T-38220-WT041O,OPPOSITE,Westtirol 2 - Voehringen 411 Westtirol - Voehringen FUESSN W,10T1001C--00037V,Westtirol 2 - Voehringen 411,Westtirol 2,Voehringen,TieLine
2024-08-29 20:00:00+00:00,14T-38220-WT041O,OPPOSITE,Westtirol 2 - Voehringen 411 Westtirol - Voehringen FUESSN W,10T1001C--00037V,Westtirol - Voehringen FUESSN W,Westtirol,Voehringen,TieLine
2024-08-29 20:00:00+00:00,14T-38220-WT041O,OPPOSITE,Buers - Westtirol rt (422) Westtirol 2 - Buers 422,10T-AT-DE-000061,Buers - Westtirol rt (422),Buers,Westtirol,TieLine
2024-08-29 20:00:00+00:00,14T-38220-WT041O,OPPOSITE,Buers - Westtirol rt (422) Westtirol 2 - Buers 422,10T-AT-DE-000061,Westtirol 2 - Buers 422,Buers,Westtirol,TieLine
2024-08-29 20:00:00+00:00,14T-38220-WT041O,OPPOSITE,Buers - Westtirol ws (421) Westtirol 1 - Buers 421,10T-AT-DE-000053,Buers - Westtirol ws (421),Buers,Westtirol,TieLine
2024-08-29 20:00:00+00:00,14T-38220-WT041O,OPPOSITE,Buers - Westtirol ws (421) Westtirol 1 - Buers 421,10T-AT-DE-000053,Westtirol 1 - Buers 421,Buers,Westtirol,TieLine
2024-08-29 20:00:00+00:00,10T-BE-FR-000015,DIRECT,Avelgem - Horta 380.102,22T20161020---1E,Avelgem - Horta 380.102,Avelgem,Horta,Line
2024-08-29 20:00:00+00:00,10T-BE-FR-000015,OPPOSITE,Avelgem - Horta 380.102,22T20161020---1E,Avelgem - Horta 380.102,Avelgem,Horta,Line
2024-08-29 20:00:00+00:00,10T-BE-FR-000015,OPPOSITE,Lixhe - Van Eyck 380.91 Alegro HVDC,22T20180102---2W,Lixhe - Van Eyck 380.91,Lixhe,Van Eyck,Line
2024-08-29 20:00:00+00:00,10T-BE-FR-000015,OPPOSITE,Lixhe - Van Eyck 380.91 Alegro HVDC,22T201903146---W,NA,NA,NA,
2024-08-29 20:00:00+00:00,10T-BE-FR-000015,OPPOSITE,PST Van Eyck 2,22T-BE-PST--002U,PST Van Eyck 2,Van Eyck,Van Eyck,PST
2024-08-29 20:00:00+00:00,22T-BE-PST--001W,DIRECT,PST Van Eyck 2,22T-BE-PST--002U,PST Van Eyck 2,Van Eyck,Van Eyck,PST
2024-08-29 20:00:00+00:00,22T-BE-PST--002U,DIRECT,Achene - Lonny 380.19 Achene - Lonny 19,10T-BE-FR-000015,Achene - Lonny 380.19,Achene,Lonny,TieLine
2024-08-29 20:00:00+00:00,22T-BE-PST--002U,DIRECT,Achene - Lonny 380.19 Achene - Lonny 19,10T-BE-FR-000015,Achene - Lonny 19,Achene,Lonny,TieLine
2024-08-29 20:00:00+00:00,22T-BE-PST--002U,DIRECT,Y-Bruegel (-Mercator - Verbrande Brug) 380.36 Y-Mercator (-Bruegel - Verbrande Brug) 380.36 Y-Verbrande Brug (-Bruegel - Mercator) 380.36,22T-BE-IN-LI006Y,Y-Bruegel (-Mercator - Verbrande Brug) 380.36,Bruegel,Buggenhout,Line
2024-08-29 20:00:00+00:00,22T-BE-PST--002U,DIRECT,Y-Bruegel (-Mercator - Verbrande Brug) 380.36 Y-Mercator (-Bruegel - Verbrande Brug) 380.36 Y-Verbrande Brug (-Bruegel - Mercator) 380.36,22T-BE-IN-LI006Y,Y-Mercator (-Bruegel - Verbrande Brug) 380.36,Mercator,Buggenhout,Line
2024-08-29 20:00:00+00:00,22T-BE-PST--002U,DIRECT,Y-Bruegel (-Mercator - Verbrande Brug) 380.36 Y-Mercator (-Bruegel - Verbrande Brug) 380.36 Y-Verbrande Brug (-Bruegel - Mercator) 380.36,22T-BE-IN-LI006Y,Y-Verbrande Brug (-Bruegel - Mercator) 380.36,Verbrande Brug,Buggenhout,Line
2024-08-29 20:00:00+00:00,22T-BE-PST--002U,DIRECT,PST Van Eyck 1,22T-BE-PST--001W,PST Van Eyck 1,Van Eyck,Van Eyck,PST
2024-08-29 20:00:00+00:00,22T-BE-PST--002U,OPPOSITE,Gramme - Achene 380.10,22T-BE-IN-LI0130,Gramme - Achene 380.10,Achene,Gramme,Line
2024-08-29 20:00:00+00:00,22T-BE-PST--002U,OPPOSITE,Y-Bruegel (-Mercator - Verbrande Brug) 380.36 Y-Mercator (-Bruegel - Verbrande Brug) 380.36 Y-Verbrande Brug (-Bruegel - Mercator) 380.36,22T-BE-IN-LI006Y,Y-Bruegel (-Mercator - Verbrande Brug) 380.36,Bruegel,Buggenhout,Line
2024-08-29 20:00:00+00:00,22T-BE-PST--002U,OPPOSITE,Y-Bruegel (-Mercator - Verbrande Brug) 380.36 Y-Mercator (-Bruegel - Verbrande Brug) 380.36 Y-Verbrande Brug (-Bruegel - Mercator) 380.36,22T-BE-IN-LI006Y,Y-Mercator (-Bruegel - Verbrande Brug) 380.36,Mercator,Buggenhout,Line
2024-08-29 20:00:00+00:00,22T-BE-PST--002U,OPPOSITE,Y-Bruegel (-Mercator - Verbrande Brug) 380.36 Y-Mercator (-Bruegel - Verbrande Brug) 380.36 Y-Verbrande Brug (-Bruegel - Mercator) 380.36,22T-BE-IN-LI006Y,Y-Verbrande Brug (-Bruegel - Mercator) 380.36,Verbrande Brug,Buggenhout,Line
2024-08-29 20:00:00+00:00,22T-BE-PST--002U,OPPOSITE,PST Van Eyck 1,22T-BE-PST--001W,PST Van Eyck 1,Van Eyck,Van Eyck,PST
2024-08-29 20:00:00+00:00,22T-BE-IN-LI02AK,DIRECT,Doel - Zandvliet 380.26,22T20170512----9,Doel - Zandvliet 380.26,Doel,Zandvliet,Line
2024-08-29 20:00:00+00:00,22T-BE-PST--002U,DIRECT,Alegro HVDC,22T201903146---W,NA,NA,NA,
2024-08-29 20:00:00+00:00,22T-BE-PST--002U,OPPOSITE,Alegro HVDC,22T201903146---W,NA,NA,NA,
2024-08-29 20:00:00+00:00,10T-CZ-DE-00001W,DIRECT,Prestice - Etzenricht  Etzenricht - Prestice 442,10T-CZ-DE-00004Q,Prestice - Etzenricht,Prestice,Etzenricht,TieLine
2024-08-29 20:00:00+00:00,10T-CZ-DE-00001W,DIRECT,Prestice - Etzenricht  Etzenricht - Prestice 442,10T-CZ-DE-00004Q,Etzenricht - Prestice 442,Etzenricht,Prestice,TieLine
2024-08-29 20:00:00+00:00,10T-CZ-DE-00003S,DIRECT,Hradec - Rohrsdorf - V445  Hradec - Rohrsdorf 445,10T-CZ-DE-00002U,Hradec - Rohrsdorf - V445,Hradec,Rohrsdorf,TieLine
2024-08-29 20:00:00+00:00,10T-CZ-DE-00003S,DIRECT,Hradec - Rohrsdorf - V445  Hradec - Rohrsdorf 445,10T-CZ-DE-00002U,Hradec - Rohrsdorf 445,Hradec,Rohrsdorf,TieLine
2024-08-29 20:00:00+00:00,10T-CZ-SK-00001Y,DIRECT,Nosovice - Varin  Nosovice - Varin,10T-CZ-SK-00002W,Nosovice - Varin,Nosovice,Varin,TieLine
2024-08-29 20:00:00+00:00,10T-CZ-SK-00001Y,DIRECT,Nosovice - Varin  Nosovice - Varin,10T-CZ-SK-00002W,Nosovice - Varin,Nosovice,Varin,TieLine
2024-08-29 20:00:00+00:00,10T-CZ-SK-00001Y,OPPOSITE,Nosovice - Varin  Nosovice - Varin,10T-CZ-SK-00002W,Nosovice - Varin,Nosovice,Varin,TieLine
2024-08-29 20:00:00+00:00,10T-CZ-SK-00001Y,OPPOSITE,Nosovice - Varin  Nosovice - Varin,10T-CZ-SK-00002W,Nosovice - Varin,Nosovice,Varin,TieLine
2024-08-29 20:00:00+00:00,10T-CZ-SK-00002W,DIRECT,Krizovany - Sokolnice Sokolnice - Krizovany,10T-CZ-SK-00003U,Krizovany - Sokolnice,Krizovany,Sokolnice,TieLine
2024-08-29 20:00:00+00:00,10T-CZ-SK-00002W,DIRECT,Krizovany - Sokolnice Sokolnice - Krizovany,10T-CZ-SK-00003U,Sokolnice - Krizovany,Sokolnice,Krizovany,TieLine
2024-08-29 20:00:00+00:00,10T-CZ-SK-00002W,OPPOSITE,Krizovany - Sokolnice Sokolnice - Krizovany,10T-CZ-SK-00003U,Krizovany - Sokolnice,Krizovany,Sokolnice,TieLine
2024-08-29 20:00:00+00:00,10T-CZ-SK-00002W,OPPOSITE,Krizovany - Sokolnice Sokolnice - Krizovany,10T-CZ-SK-00003U,Sokolnice - Krizovany,Sokolnice,Krizovany,TieLine
2024-08-29 20:00:00+00:00,10T-CZ-SK-00002W,DIRECT,Sokolnice - Stupava  Sokolnice - Stupava,10T-CZ-SK-00005Q,Sokolnice - Stupava,Sokolnice,Stupava,TieLine
2024-08-29 20:00:00+00:00,10T-CZ-SK-00002W,DIRECT,Sokolnice - Stupava  Sokolnice - Stupava,10T-CZ-SK-00005Q,Sokolnice - Stupava,Stupava,Sokolnice,TieLine
2024-08-29 20:00:00+00:00,10T1001C--001223,DIRECT,Sokolnice - Zaya - V243 Zaya - Sokolnice 243,10T1001C--001215,Sokolnice - Zaya - V243,Sokolnice,Zaya,TieLine
2024-08-29 20:00:00+00:00,10T1001C--001223,DIRECT,Sokolnice - Zaya - V243 Zaya - Sokolnice 243,10T1001C--001215,Zaya - Sokolnice 243,Zaya,Sokolnice,TieLine
2024-08-29 20:00:00+00:00,10T1001C--001223,OPPOSITE,Sokolnice - Zaya - V243 Zaya - Sokolnice 243,10T1001C--001215,Sokolnice - Zaya - V243,Sokolnice,Zaya,TieLine
2024-08-29 20:00:00+00:00,10T1001C--001223,OPPOSITE,Sokolnice - Zaya - V243 Zaya - Sokolnice 243,10T1001C--001215,Zaya - Sokolnice 243,Zaya,Sokolnice,TieLine
2024-08-29 20:00:00+00:00,10T-CZ-SK-00003U,DIRECT,Nosovice - Varin  Nosovice - Varin,10T-CZ-SK-00002W,Nosovice - Varin,Nosovice,Varin,TieLine
2024-08-29 20:00:00+00:00,10T-CZ-SK-00003U,DIRECT,Nosovice - Varin  Nosovice - Varin,10T-CZ-SK-00002W,Nosovice - Varin,Nosovice,Varin,TieLine
2024-08-29 20:00:00+00:00,10T-CZ-SK-00003U,OPPOSITE,Nosovice - Varin  Nosovice - Varin,10T-CZ-SK-00002W,Nosovice - Varin,Nosovice,Varin,TieLine
2024-08-29 20:00:00+00:00,10T-CZ-SK-00003U,OPPOSITE,Nosovice - Varin  Nosovice - Varin,10T-CZ-SK-00002W,Nosovice - Varin,Nosovice,Varin,TieLine
2024-08-29 20:00:00+00:00,10T-CZ-SK-00003U,DIRECT,Sokolnice - Stupava  Sokolnice - Stupava,10T-CZ-SK-00005Q,Sokolnice - Stupava,Sokolnice,Stupava,TieLine
2024-08-29 20:00:00+00:00,10T-CZ-SK-00003U,DIRECT,Sokolnice - Stupava  Sokolnice - Stupava,10T-CZ-SK-00005Q,Sokolnice - Stupava,Stupava,Sokolnice,TieLine
2024-08-29 20:00:00+00:00,10T-CZ-SK-00003U,OPPOSITE,Sokolnice - Stupava  Sokolnice - Stupava,10T-CZ-SK-00005Q,Sokolnice - Stupava,Sokolnice,Stupava,TieLine
2024-08-29 20:00:00+00:00,10T-CZ-SK-00003U,OPPOSITE,Sokolnice - Stupava  Sokolnice - Stupava,10T-CZ-SK-00005Q,Sokolnice - Stupava,Stupava,Sokolnice,TieLine
2024-08-29 20:00:00+00:00,10T-CZ-SK-00003U,DIRECT,H. Zivotice - Krasikov,27T-TLI-V458---B,H. Zivotice - Krasikov,H. Zivotice,Krasikov,Line
2024-08-29 20:00:00+00:00,10T-CZ-SK-00003U,OPPOSITE,H. Zivotice - Krasikov,27T-TLI-V458---B,H. Zivotice - Krasikov,H. Zivotice,Krasikov,Line
2024-08-29 20:00:00+00:00,11T0-0000-1496-M,OPPOSITE,Emscherbruch - Mengede RECKLI S,11T0-0000-2064-H,Emscherbruch - Mengede RECKLI S,Emscherbruch,Mengede,Line
2024-08-29 20:00:00+00:00,11T0-0000-0781-W,DIRECT,Y-Oberzier (-Paffendorf - Sechtem) SECHTM S Y-Paffendorf (-Oberzier - Sechtem) SECHTM S Y-Sechtem (-Oberzier - Paffendorf) SECHTM S,11T0-0000-0782-T,Y-Oberzier (-Paffendorf - Sechtem) SECHTM S,Oberzier,Y-Paffendorf,Line
2024-08-29 20:00:00+00:00,11T0-0000-0781-W,DIRECT,Y-Oberzier (-Paffendorf - Sechtem) SECHTM S Y-Paffendorf (-Oberzier - Sechtem) SECHTM S Y-Sechtem (-Oberzier - Paffendorf) SECHTM S,11T0-0000-0815-6,Y-Paffendorf (-Oberzier - Sechtem) SECHTM S,Paffendorf,Y-Paffendorf,Line
2024-08-29 20:00:00+00:00,11T0-0000-0781-W,DIRECT,Y-Oberzier (-Paffendorf - Sechtem) SECHTM S Y-Paffendorf (-Oberzier - Sechtem) SECHTM S Y-Sechtem (-Oberzier - Paffendorf) SECHTM S,11T0-0000-0849-J,Y-Sechtem (-Oberzier - Paffendorf) SECHTM S,Sechtem,Y-Paffendorf,Line
2024-08-29 20:00:00+00:00,10T-DE-NL-00005N,DIRECT,Alegro HVDC,22T201903146---W,NA,NA,NA,
2024-08-29 20:00:00+00:00,10T-DE-NL-00005N,DIRECT,Ensdorf - Vigy VIGY2 S Ensdorf - Vigy VIGY2 S,10T-DE-FR-000068,Ensdorf - Vigy VIGY2 S,Ensdorf,Vigy,TieLine
2024-08-29 20:00:00+00:00,10T-DE-NL-00005N,DIRECT,Ensdorf - Vigy VIGY2 S Ensdorf - Vigy VIGY2 S,10T-DE-FR-000068,Ensdorf - Vigy VIGY2 S,Ensdorf,Vigy,TieLine
2024-08-29 20:00:00+00:00,10T-DE-NL-00005N,DIRECT,Gramme - Achene 380.10,22T-BE-IN-LI0130,Gramme - Achene 380.10,Achene,Gramme,Line
2024-08-29 20:00:00+00:00,10T-DE-NL-00005N,DIRECT,Maasbracht - Dodewaard 380 Wit,49T000000000013F,Maasbracht - Dodewaard 380 Wit,Dodewaard,Maasbracht,Line
2024-08-29 20:00:00+00:00,10T-DE-NL-00005N,DIRECT,Avelgem - Horta 380.102,22T20161020---1E,Avelgem - Horta 380.102,Avelgem,Horta,Line
2024-08-29 20:00:00+00:00,10T-DE-NL-00005N,OPPOSITE,Alegro HVDC,22T201903146---W,NA,NA,NA,
2024-08-29 20:00:00+00:00,10T-DE-NL-00005N,OPPOSITE,Achene - Lonny 380.19 Achene - Lonny 19,10T-BE-FR-000015,Achene - Lonny 380.19,Achene,Lonny,TieLine
2024-08-29 20:00:00+00:00,10T-DE-NL-00005N,OPPOSITE,Achene - Lonny 380.19 Achene - Lonny 19,10T-BE-FR-000015,Achene - Lonny 19,Achene,Lonny,TieLine
2024-08-29 20:00:00+00:00,10T-DE-NL-00005N,OPPOSITE,Boxmeer - Dodewaard 380 Zwart,49T000000000006C,Boxmeer - Dodewaard 380 Zwart,Boxmeer,Dodewaard,Line
2024-08-29 20:00:00+00:00,10T-DE-NL-00005N,OPPOSITE,Gronau - Hanekenfaehr GRONAU W,11T0-0000-0617-A,Gronau - Hanekenfaehr GRONAU W,Gronau,Hanekenfaehr,Line
2024-08-29 20:00:00+00:00,10T-DE-FR-000068,OPPOSITE,Ensdorf - Vigy VIGY1 N Ensdorf - Vigy VIGY1 N,10T-DE-FR-00005A,Ensdorf - Vigy VIGY1 N,Ensdorf,Vigy,TieLine
2024-08-29 20:00:00+00:00,10T-DE-FR-000068,OPPOSITE,Ensdorf - Vigy VIGY1 N Ensdorf - Vigy VIGY1 N,10T-DE-FR-00005A,Ensdorf - Vigy VIGY1 N,Ensdorf,Vigy,TieLine
2024-08-29 20:00:00+00:00,10T-DE-FR-000068,DIRECT,Ensdorf - Vigy VIGY1 N Ensdorf - Vigy VIGY1 N,10T-DE-FR-00005A,Ensdorf - Vigy VIGY1 N,Ensdorf,Vigy,TieLine
2024-08-29 20:00:00+00:00,10T-DE-FR-000068,DIRECT,Ensdorf - Vigy VIGY1 N Ensdorf - Vigy VIGY1 N,10T-DE-FR-00005A,Ensdorf - Vigy VIGY1 N,Ensdorf,Vigy,TieLine
2024-08-29 20:00:00+00:00,10T-CZ-DE-00002U,OPPOSITE,Hradec - Rohrsdorf - V446  Hradec - Rohrsdorf 446,10T-CZ-DE-00003S,Hradec - Rohrsdorf - V446,Hradec,Rohrsdorf,TieLine
2024-08-29 20:00:00+00:00,10T-CZ-DE-00002U,OPPOSITE,Hradec - Rohrsdorf - V446  Hradec - Rohrsdorf 446,10T-CZ-DE-00003S,Hradec - Rohrsdorf 446,Hradec,Rohrsdorf,TieLine
2024-08-29 20:00:00+00:00,11T0-0000-0013-F,OPPOSITE,Hagenwerder - Mikulowa 567 Mikulowa - Hagenwerder 567,10T-DE-PL-00002B,Hagenwerder - Mikulowa 567,Hagenwerder,Mikulowa,TieLine
2024-08-29 20:00:00+00:00,11T0-0000-0013-F,OPPOSITE,Hagenwerder - Mikulowa 567 Mikulowa - Hagenwerder 567,10T-DE-PL-00002B,Mikulowa - Hagenwerder 567,Mikulowa 567,Hagenwerder,TieLine
2024-08-29 20:00:00+00:00,10T-HR-SI-000022,OPPOSITE,,,,,,
2024-08-29 20:00:00+00:00,10T-HR-SI-000022,DIRECT,Melina - Divaca 400 kV Divaca - Melina,10T-HR-SI-000014,Melina - Divaca,Melina,Divaca,TieLine
2024-08-29 20:00:00+00:00,10T-HR-SI-000022,DIRECT,Melina - Divaca 400 kV Divaca - Melina,10T-HR-SI-000014,400 kV Divaca - Melina,Divaca,Melina,TieLine
2024-08-29 20:00:00+00:00,10T-HR-SI-000022,OPPOSITE,Melina - Divaca 400 kV Divaca - Melina,10T-HR-SI-000014,Melina - Divaca,Melina,Divaca,TieLine
2024-08-29 20:00:00+00:00,10T-HR-SI-000022,OPPOSITE,Melina - Divaca 400 kV Divaca - Melina,10T-HR-SI-000014,400 kV Divaca - Melina,Divaca,Melina,TieLine
2024-08-29 20:00:00+00:00,10T-BA-HR-00003R,DIRECT,,,,,,
2024-08-29 20:00:00+00:00,10T-HR-HU-000033,OPPOSITE,Pecs - Ernestinovo2 491B Ernestinovo - Pecs 2,10T-HR-HU-000041,Pecs - Ernestinovo2 491B,Pecs,Ernestinovo,TieLine
2024-08-29 20:00:00+00:00,10T-HR-HU-000033,OPPOSITE,Pecs - Ernestinovo2 491B Ernestinovo - Pecs 2,10T-HR-HU-000041,Ernestinovo - Pecs 2,Ernestinovo,Pecs 2,TieLine
2024-08-29 20:00:00+00:00,15T-M000002791-J,DIRECT,Gabcikovo - Gyor Gabcikovo - Gyor,10T-HU-SK-00002R,Gabcikovo - Gyor,Gabcikovo,Gyor,TieLine
2024-08-29 20:00:00+00:00,15T-M000002791-J,DIRECT,Gabcikovo - Gyor Gabcikovo - Gyor,10T-HU-SK-00002R,Gabcikovo - Gyor,Gabcikovo,Gyor,TieLine
2024-08-29 20:00:00+00:00,10T-HU-UA-00002F,DIRECT,Szabolcsbaka - Mukachevo,10T1001C--000421,Szabolcsbaka - Mukachevo,Szabolcsbaka,Mukachevo,TieLine
2024-08-29 20:00:00+00:00,10T-HU-UA-00002F,OPPOSITE,Szabolcsbaka - Mukachevo,10T1001C--000421,Szabolcsbaka - Mukachevo,Szabolcsbaka,Mukachevo,TieLine
2024-08-29 20:00:00+00:00,10T1001C--00056R,OPPOSITE,Gabcikovo - Gyor Gabcikovo - Gyor,10T-HU-SK-00002R,Gabcikovo - Gyor,Gabcikovo,Gyor,TieLine
2024-08-29 20:00:00+00:00,10T1001C--00056R,OPPOSITE,Gabcikovo - Gyor Gabcikovo - Gyor,10T-HU-SK-00002R,Gabcikovo - Gyor,Gabcikovo,Gyor,TieLine
2024-08-29 20:00:00+00:00,10T1001C--00101B,DIRECT,Zerjavinec - Heviz Zerjavinec - Heviz,10T-HR-HU-000025,Zerjavinec - Heviz,Zerjavinec,Heviz,TieLine
2024-08-29 20:00:00+00:00,10T1001C--00101B,DIRECT,Zerjavinec - Heviz Zerjavinec - Heviz,10T-HR-HU-000025,Zerjavinec - Heviz,Zerjavinec,Heviz,TieLine
2024-08-29 20:00:00+00:00,10T1001C--00101B,OPPOSITE,Zerjavinec - Heviz Zerjavinec - Heviz,10T-HR-HU-000025,Zerjavinec - Heviz,Zerjavinec,Heviz,TieLine
2024-08-29 20:00:00+00:00,10T1001C--00101B,OPPOSITE,Zerjavinec - Heviz Zerjavinec - Heviz,10T-HR-HU-000025,Zerjavinec - Heviz,Zerjavinec,Heviz,TieLine
2024-08-29 20:00:00+00:00,10T-DE-NL-00002T,OPPOSITE,Zwolle - Hengelo 380 Wit,49T000000000000O,Zwolle - Hengelo 380 Wit,Zwolle,Hengelo,Line
2024-08-29 20:00:00+00:00,10T-DE-NL-00002T,DIRECT,Gronau - Hanekenfaehr GRONAU W,11T0-0000-0617-A,Gronau - Hanekenfaehr GRONAU W,Gronau,Hanekenfaehr,Line
2024-08-29 20:00:00+00:00,10T-DE-NL-00005N,DIRECT,Gronau - Kusenhorst HAMALD,11T0-0000-0618-7,Gronau - Kusenhorst HAMALD,Gronau,Kusenhorst,Line
2024-08-29 20:00:00+00:00,10T-DE-NL-00002T,OPPOSITE,Zwolle - Meeden 380 Wit Eemshaven - Meeden 380 Wit,49T000000000001M,Zwolle - Meeden 380 Wit,Zwolle,Meeden,Line
2024-08-29 20:00:00+00:00,10T-DE-NL-00002T,OPPOSITE,Zwolle - Meeden 380 Wit Eemshaven - Meeden 380 Wit,49T000000000004G,Eemshaven - Meeden 380 Wit,Eemshaven,Meeden,Line
2024-08-29 20:00:00+00:00,49T0000000000274,DIRECT,Krimpen a/d IJssel - Geertruidenberg 380 Zwart,49T0000000000282,Krimpen a/d IJssel - Geertruidenberg 380 Zwart,Krimpen a/d IJssel,Geertruidenberg,Line
2024-08-29 20:00:00+00:00,19T000000001304A,OPPOSITE,Krosno Iskrzynia - Tarnow,19T000000000296P,Krosno Iskrzynia - Tarnow,Krosno Iskrzynia,Tarnow,Line
2024-08-29 20:00:00+00:00,10T-CZ-PL-00004A,OPPOSITE,Nosovice - Varin  Nosovice - Varin,10T-CZ-SK-00002W,Nosovice - Varin,Nosovice,Varin,TieLine
2024-08-29 20:00:00+00:00,10T-CZ-PL-00004A,OPPOSITE,Nosovice - Varin  Nosovice - Varin,10T-CZ-SK-00002W,Nosovice - Varin,Nosovice,Varin,TieLine
2024-08-29 20:00:00+00:00,19T0000000063830,DIRECT,Hagenwerder - Mikulowa 568 Mikulowa - Hagenwerder 568,10T-DE-PL-00001D,Hagenwerder - Mikulowa 568,Hagenwerder,Mikulowa,TieLine
2024-08-29 20:00:00+00:00,19T0000000063830,DIRECT,Hagenwerder - Mikulowa 568 Mikulowa - Hagenwerder 568,10T-DE-PL-00001D,Mikulowa - Hagenwerder 568,Mikulowa 568,Hagenwerder,TieLine
2024-08-29 20:00:00+00:00,19T0000000063830,OPPOSITE,Hagenwerder - Mikulowa 568 Mikulowa - Hagenwerder 568,10T-DE-PL-00001D,Hagenwerder - Mikulowa 568,Hagenwerder,Mikulowa,TieLine
2024-08-29 20:00:00+00:00,19T0000000063830,OPPOSITE,Hagenwerder - Mikulowa 568 Mikulowa - Hagenwerder 568,10T-DE-PL-00001D,Mikulowa - Hagenwerder 568,Mikulowa 568,Hagenwerder,TieLine
2024-08-29 20:00:00+00:00,19T000000006396S,DIRECT,Polaniec - Rzeszow,19T000000006420K,Polaniec - Rzeszow,Polaniec,Rzeszow,Line
2024-08-29 20:00:00+00:00,10T1001A1001A09N,DIRECT,Nosovice - Wielopole  Wielopole - Nosovice,10T-CZ-PL-00004A,Nosovice - Wielopole,Nosovice,Wielopole,TieLine
2024-08-29 20:00:00+00:00,10T1001A1001A09N,DIRECT,Nosovice - Wielopole  Wielopole - Nosovice,10T-CZ-PL-00004A,Wielopole - Nosovice,Wielopole,Nosovice,TieLine
2024-08-29 20:00:00+00:00,10T-CZ-PL-00004A,DIRECT,Dobrzen - Detmarovice Dobrzen - Detmarovice,10T1001A1001A09N,Dobrzen - Detmarovice,Dobrzen,Detmarovice,TieLine
2024-08-29 20:00:00+00:00,10T-CZ-PL-00004A,DIRECT,Dobrzen - Detmarovice Dobrzen - Detmarovice,10T1001A1001A09N,Dobrzen - Detmarovice,Detmarovice,Dobrzen,TieLine
2024-08-29 20:00:00+00:00,10T-CZ-PL-00004A,OPPOSITE,Dobrzen - Detmarovice Dobrzen - Detmarovice,10T1001A1001A09N,Dobrzen - Detmarovice,Dobrzen,Detmarovice,TieLine
2024-08-29 20:00:00+00:00,10T-CZ-PL-00004A,OPPOSITE,Dobrzen - Detmarovice Dobrzen - Detmarovice,10T1001A1001A09N,Dobrzen - Detmarovice,Detmarovice,Dobrzen,TieLine
2024-08-29 20:00:00+00:00,30TPARO220TRGJ-Q,OPPOSITE,Resita - Timisoara c1 Resita - Timisoara c2,30TRESI220TIMI1L,Resita - Timisoara c1,Resita,Timisoara c1,Line
2024-08-29 20:00:00+00:00,30TPARO220TRGJ-Q,OPPOSITE,Resita - Timisoara c1 Resita - Timisoara c2,30TRESI220TIMI2J,Resita - Timisoara c2,Resita,Timisoara c2,Line
2024-08-29 20:00:00+00:00,30TPARO220TRGJ-Q,OPPOSITE,Sibiu Sud - Tantareni,30TSIBI400TINT-1,Sibiu Sud - Tantareni,Sibiu Sud,Tantareni,Line
2024-08-29 20:00:00+00:00,30TRESI220TIMI1L,DIRECT,Resita - Timisoara c2,30TRESI220TIMI2J,Resita - Timisoara c2,Resita,Timisoara c2,Line
2024-08-29 20:00:00+00:00,30TPDFE220RESI1S,DIRECT,Portile de Fier - Djerdap,10T-RO-RS-00001V,Portile de Fier - Djerdap,Portile de Fier,Djerdap,TieLine
2024-08-29 20:00:00+00:00,30T-ROSI400AT--1,DIRECT,Rosiori - Gadalin,30TGADA400ROSI-A,Rosiori - Gadalin,Rosiori,Gadalin,Line
2024-08-29 20:00:00+00:00,10T-RO-RS-00001V,OPPOSITE,Tantareni - Kozlodui c2 Tantareni - Kozlodui c1,10T-BG-RO-00001A,Tantareni - Kozlodui c2,Tantareni,Kozlodui,TieLine
2024-08-29 20:00:00+00:00,10T-RO-RS-00001V,OPPOSITE,Tantareni - Kozlodui c2 Tantareni - Kozlodui c1,10T-RO-BG-00002A,Tantareni - Kozlodui c1,Tantareni,Kozlodui,TieLine
2024-08-29 20:00:00+00:00,10T1001C--00101B,DIRECT,Kainachtal - Maribor 473 400 kV Maribor - Kainachtal 1,10T-AT-SI-00001T,Kainachtal - Maribor 473,Kainachtal,Maribor,TieLine
2024-08-29 20:00:00+00:00,10T1001C--00101B,DIRECT,Kainachtal - Maribor 473 400 kV Maribor - Kainachtal 1,10T-AT-SI-00001T,400 kV Maribor - Kainachtal 1,Maribor,Kainachtal,TieLine
2024-08-29 20:00:00+00:00,10T1001C--00101B,DIRECT,Zerjavinec - Cirkovce 400 kV Cirkovce - Zerjavinec,10T1001C--001037,Zerjavinec - Cirkovce,Zerjavinec,Cirkovce,TieLine
2024-08-29 20:00:00+00:00,10T1001C--00101B,DIRECT,Zerjavinec - Cirkovce 400 kV Cirkovce - Zerjavinec,10T1001C--001037,400 kV Cirkovce - Zerjavinec,Cirkovce,Zerjavinec,TieLine
2024-08-29 20:00:00+00:00,10T1001C--00101B,OPPOSITE,Kainachtal - Maribor 473 400 kV Maribor - Kainachtal 1,10T-AT-SI-00001T,Kainachtal - Maribor 473,Kainachtal,Maribor,TieLine
2024-08-29 20:00:00+00:00,10T1001C--00101B,OPPOSITE,Kainachtal - Maribor 473 400 kV Maribor - Kainachtal 1,10T-AT-SI-00001T,400 kV Maribor - Kainachtal 1,Maribor,Kainachtal,TieLine
2024-08-29 20:00:00+00:00,10T1001C--00101B,OPPOSITE,Zerjavinec - Cirkovce 400 kV Cirkovce - Zerjavinec,10T1001C--001037,Zerjavinec - Cirkovce,Zerjavinec,Cirkovce,TieLine
2024-08-29 20:00:00+00:00,10T1001C--00101B,OPPOSITE,Zerjavinec - Cirkovce 400 kV Cirkovce - Zerjavinec,10T1001C--001037,400 kV Cirkovce - Zerjavinec,Cirkovce,Zerjavinec,TieLine
2024-08-29 20:00:00+00:00,10T-HU-SK-00001T,DIRECT,R.Sobota - Sajoivanka  R.Sobota - Sajoivanka,10T1001C--00054V,R.Sobota - Sajoivanka,R.Sobota,Sajoivanka,TieLine
2024-08-29 20:00:00+00:00,10T-HU-SK-00001T,DIRECT,R.Sobota - Sajoivanka  R.Sobota - Sajoivanka,10T1001C--00054V,R.Sobota - Sajoivanka,R.Sobota,Sajoivanka,TieLine
2024-08-29 20:00:00+00:00,10T-HU-SK-00001T,DIRECT,Levice - R.Sobota,24T-V426-000000W,Levice - R.Sobota,Levice,R.Sobota,Line
2024-08-29 20:00:00+00:00,10T-SK-UA-00001W,DIRECT,R.Sobota - Sajoivanka  R.Sobota - Sajoivanka,10T1001C--00054V,R.Sobota - Sajoivanka,R.Sobota,Sajoivanka,TieLine
2024-08-29 20:00:00+00:00,10T-SK-UA-00001W,DIRECT,R.Sobota - Sajoivanka  R.Sobota - Sajoivanka,10T1001C--00054V,R.Sobota - Sajoivanka,R.Sobota,Sajoivanka,TieLine
2024-08-29 20:00:00+00:00,24T-V429-0000005,DIRECT,V.Dur - Krizovany,24T-V425-0000004,V.Dur - Krizovany,V.Dur,Krizovany,Line
2024-08-29 20:00:00+00:00,24T-V493-000000Q,DIRECT,Bosaca - Varin,24T-V495-0000008,Bosaca - Varin,Bosaca,Varin,Line
2024-08-29 20:00:00+00:00,24T-V490-000000G,DIRECT,V.Dur - Levice 2,24T-V491-0000007,V.Dur - Levice 2,V.Dur,Levice,Line
2024-08-29 20:00:00+00:00,24T-V425-0000004,DIRECT,Gabcikovo - P.Biskupice,24T-V429-0000005,Gabcikovo - P.Biskupice,Gabcikovo,P.Biskupice,Line
2024-08-29 20:00:00+00:00,10T-SK-UA-00001W,OPPOSITE,R.Sobota - Sajoivanka  R.Sobota - Sajoivanka,10T1001C--00054V,R.Sobota - Sajoivanka,R.Sobota,Sajoivanka,TieLine
2024-08-29 20:00:00+00:00,10T-SK-UA-00001W,OPPOSITE,R.Sobota - Sajoivanka  R.Sobota - Sajoivanka,10T1001C--00054V,R.Sobota - Sajoivanka,R.Sobota,Sajoivanka,TieLine
2024-08-29 20:00:00+00:00,10T-CZ-SK-00002W,OPPOSITE,Sp.Nova Ves - Lemesany,24T-V408-000000Y,Sp.Nova Ves - Lemesany,Sp.Nova Ves,Lemesany,Line
2024-08-29 21:00:00+00:00,10T-AT-SI-00003P,DIRECT,Kainachtal - Obersielach 471,14T-380-0-00471D,Kainachtal - Obersielach 471,Kainachtal,Obersielach,Line
2024-08-29 21:00:00+00:00,10T-AT-SI-00003P,DIRECT,Kainachtal - Maribor 473 400 kV Maribor - Kainachtal 1,10T-AT-SI-00001T,Kainachtal - Maribor 473,Kainachtal,Maribor,TieLine
2024-08-29 21:00:00+00:00,10T-AT-SI-00003P,DIRECT,Kainachtal - Maribor 473 400 kV Maribor - Kainachtal 1,10T-AT-SI-00001T,400 kV Maribor - Kainachtal 1,Maribor,Kainachtal,TieLine
2024-08-29 21:00:00+00:00,10T-AT-SI-00003P,DIRECT,400 kV Cirkovce - Podlog,28T000000000301K,400 kV Cirkovce - Podlog,Cirkovce,Podlog,Line
2024-08-29 21:00:00+00:00,10T-AT-SI-00003P,OPPOSITE,400 kV Cirkovce - Podlog,28T000000000301K,400 kV Cirkovce - Podlog,Cirkovce,Podlog,Line
2024-08-29 21:00:00+00:00,10T-AT-SI-00003P,DIRECT,400 kV Cirkovce - Krsko,28T000000000300M,400 kV Cirkovce - Krsko,Cirkovce,Krsko,Line
2024-08-29 21:00:00+00:00,10T-AT-DE-000037,DIRECT,Pirach Neu - Pleinting 296/257 Pirach Neu - Pirach 296/257,11T0-0000-2108-O,Pirach Neu - Pleinting 296/257,Pirach Neu,Pleinting,Line
2024-08-29 21:00:00+00:00,10T-AT-DE-000037,DIRECT,Pirach Neu - Pleinting 296/257 Pirach Neu - Pirach 296/257,11T0-0000-2108-O,Pirach Neu - Pirach 296/257,Pirach Neu,Pirach,Line
2024-08-29 21:00:00+00:00,14T-220-0-0273BO,DIRECT,Strass - Thaur 274B,14T-220-0-0274BL,Strass - Thaur 274B,Strass,Thaur,Line
2024-08-29 21:00:00+00:00,10T-AT-CZ-00003X,OPPOSITE,Slavetice - Durnrohr - V438  Duernrohr 1 - Slavetice 438,10T-AT-CZ-00004V,Slavetice - Durnrohr - V438,Slavetice,Durnrohr,TieLine
2024-08-29 21:00:00+00:00,10T-AT-CZ-00003X,OPPOSITE,Slavetice - Durnrohr - V438  Duernrohr 1 - Slavetice 438,10T-AT-CZ-00004V,Duernrohr 1 - Slavetice 438,Duernrohr 1,Slavetice,TieLine
2024-08-29 21:00:00+00:00,10T-AT-SI-00001T,OPPOSITE,Kainachtal - Maribor 474 400 kV Maribor - Kainachtal 2,10T-AT-SI-00002R,Kainachtal - Maribor 474,Kainachtal,Maribor,TieLine
2024-08-29 21:00:00+00:00,10T-AT-SI-00001T,OPPOSITE,Kainachtal - Maribor 474 400 kV Maribor - Kainachtal 2,10T-AT-SI-00002R,400 kV Maribor - Kainachtal 2,Maribor,Kainachtal,TieLine
2024-08-29 21:00:00+00:00,14T-38220-WT041O,OPPOSITE,Westtirol 2 - Voehringen 411 Westtirol - Voehringen FUESSN W,10T1001C--00037V,Westtirol 2 - Voehringen 411,Westtirol 2,Voehringen,TieLine
2024-08-29 21:00:00+00:00,14T-38220-WT041O,OPPOSITE,Westtirol 2 - Voehringen 411 Westtirol - Voehringen FUESSN W,10T1001C--00037V,Westtirol - Voehringen FUESSN W,Westtirol,Voehringen,TieLine
2024-08-29 21:00:00+00:00,14T-38220-WT041O,OPPOSITE,Leupolz - Westtirol 412 Leupolz - Westtirol FUESSN O,10T-AT-DE-10007U,Leupolz - Westtirol 412,Leupolz,Westtirol,TieLine
2024-08-29 21:00:00+00:00,14T-38220-WT041O,OPPOSITE,Leupolz - Westtirol 412 Leupolz - Westtirol FUESSN O,10T-AT-DE-10007U,Leupolz - Westtirol FUESSN O,Leupolz,Westtirol,TieLine
2024-08-29 21:00:00+00:00,14T-38220-WT041O,OPPOSITE,Buers - Westtirol rt (422) Westtirol 2 - Buers 422,10T-AT-DE-000061,Buers - Westtirol rt (422),Buers,Westtirol,TieLine
2024-08-29 21:00:00+00:00,14T-38220-WT041O,OPPOSITE,Buers - Westtirol rt (422) Westtirol 2 - Buers 422,10T-AT-DE-000061,Westtirol 2 - Buers 422,Buers,Westtirol,TieLine
2024-08-29 21:00:00+00:00,14T-38220-WT041O,OPPOSITE,Buers - Westtirol ws (421) Westtirol 1 - Buers 421,10T-AT-DE-000053,Buers - Westtirol ws (421),Buers,Westtirol,TieLine
2024-08-29 21:00:00+00:00,14T-38220-WT041O,OPPOSITE,Buers - Westtirol ws (421) Westtirol 1 - Buers 421,10T-AT-DE-000053,Westtirol 1 - Buers 421,Buers,Westtirol,TieLine
2024-08-29 21:00:00+00:00,10T-BE-FR-000015,DIRECT,Avelgem - Horta 380.102,22T20161020---1E,Avelgem - Horta 380.102,Avelgem,Horta,Line
2024-08-29 21:00:00+00:00,10T-BE-FR-000015,OPPOSITE,Avelgem - Horta 380.102,22T20161020---1E,Avelgem - Horta 380.102,Avelgem,Horta,Line
2024-08-29 21:00:00+00:00,10T-BE-FR-000015,OPPOSITE,PST Van Eyck 2,22T-BE-PST--002U,PST Van Eyck 2,Van Eyck,Van Eyck,PST
2024-08-29 21:00:00+00:00,22T-BE-IN-LI018R,DIRECT,Y-Van Eyck (-Andre Dumont - Gramme) 380.12 Y-Andre Dumont (-Gramme - Van Eyck) 380.12 Y-Gramme (-Andre Dumont - Van Eyck) 380.12,22T20161020---48,Y-Van Eyck (-Andre Dumont - Gramme) 380.12,Van Eyck,Zuttendaal,Line
2024-08-29 21:00:00+00:00,22T-BE-IN-LI018R,DIRECT,Y-Van Eyck (-Andre Dumont - Gramme) 380.12 Y-Andre Dumont (-Gramme - Van Eyck) 380.12 Y-Gramme (-Andre Dumont - Van Eyck) 380.12,22T20161020---48,Y-Andre Dumont (-Gramme - Van Eyck) 380.12,Andre Dumont,Zuttendaal,Line
2024-08-29 21:00:00+00:00,22T-BE-IN-LI018R,DIRECT,Y-Van Eyck (-Andre Dumont - Gramme) 380.12 Y-Andre Dumont (-Gramme - Van Eyck) 380.12 Y-Gramme (-Andre Dumont - Van Eyck) 380.12,22T20161020---48,Y-Gramme (-Andre Dumont - Van Eyck) 380.12,Gramme,Zuttendaal,Line
2024-08-29 21:00:00+00:00,22T-BE-PST--002U,DIRECT,Achene - Lonny 380.19 Achene - Lonny 19,10T-BE-FR-000015,Achene - Lonny 380.19,Achene,Lonny,TieLine
2024-08-29 21:00:00+00:00,22T-BE-PST--002U,DIRECT,Achene - Lonny 380.19 Achene - Lonny 19,10T-BE-FR-000015,Achene - Lonny 19,Achene,Lonny,TieLine
2024-08-29 21:00:00+00:00,22T-BE-PST--002U,DIRECT,Y-Bruegel (-Mercator - Verbrande Brug) 380.36 Y-Mercator (-Bruegel - Verbrande Brug) 380.36 Y-Verbrande Brug (-Bruegel - Mercator) 380.36,22T-BE-IN-LI006Y,Y-Bruegel (-Mercator - Verbrande Brug) 380.36,Bruegel,Buggenhout,Line
2024-08-29 21:00:00+00:00,22T-BE-PST--002U,DIRECT,Y-Bruegel (-Mercator - Verbrande Brug) 380.36 Y-Mercator (-Bruegel - Verbrande Brug) 380.36 Y-Verbrande Brug (-Bruegel - Mercator) 380.36,22T-BE-IN-LI006Y,Y-Mercator (-Bruegel - Verbrande Brug) 380.36,Mercator,Buggenhout,Line
2024-08-29 21:00:00+00:00,22T-BE-PST--002U,DIRECT,Y-Bruegel (-Mercator - Verbrande Brug) 380.36 Y-Mercator (-Bruegel - Verbrande Brug) 380.36 Y-Verbrande Brug (-Bruegel - Mercator) 380.36,22T-BE-IN-LI006Y,Y-Verbrande Brug (-Bruegel - Mercator) 380.36,Verbrande Brug,Buggenhout,Line
2024-08-29 21:00:00+00:00,22T-BE-PST--002U,DIRECT,PST Van Eyck 1,22T-BE-PST--001W,PST Van Eyck 1,Van Eyck,Van Eyck,PST
2024-08-29 21:00:00+00:00,22T-BE-PST--002U,OPPOSITE,Y-Bruegel (-Courcelles - Drogenbos) 380.33 Y-Courcelles (-Bruegel - Drogenbos) 380.33 Y-Drogenbos (-Bruegel - Courcelles) 380.33,22T-BE-IN-LI0017,Y-Bruegel (-Courcelles - Drogenbos) 380.33,Bruegel,Mekingen,Line
2024-08-29 21:00:00+00:00,22T-BE-PST--002U,OPPOSITE,Y-Bruegel (-Courcelles - Drogenbos) 380.33 Y-Courcelles (-Bruegel - Drogenbos) 380.33 Y-Drogenbos (-Bruegel - Courcelles) 380.33,22T-BE-IN-LI0017,Y-Courcelles (-Bruegel - Drogenbos) 380.33,Courcelles,Mekingen,Line
2024-08-29 21:00:00+00:00,22T-BE-PST--002U,OPPOSITE,Y-Bruegel (-Courcelles - Drogenbos) 380.33 Y-Courcelles (-Bruegel - Drogenbos) 380.33 Y-Drogenbos (-Bruegel - Courcelles) 380.33,22T-BE-IN-LI0017,Y-Drogenbos (-Bruegel - Courcelles) 380.33,Drogenbos,Mekingen,Line
2024-08-29 21:00:00+00:00,22T-BE-PST--002U,OPPOSITE,Gramme - Achene 380.10,22T-BE-IN-LI0130,Gramme - Achene 380.10,Achene,Gramme,Line
2024-08-29 21:00:00+00:00,22T-BE-PST--002U,OPPOSITE,PST Van Eyck 1,22T-BE-PST--001W,PST Van Eyck 1,Van Eyck,Van Eyck,PST
2024-08-29 21:00:00+00:00,22T-BE-IN-LI02AK,DIRECT,Doel - Zandvliet 380.26,22T20170512----9,Doel - Zandvliet 380.26,Doel,Zandvliet,Line
2024-08-29 21:00:00+00:00,22T-BE-PST--002U,DIRECT,Alegro HVDC,22T201903146---W,NA,NA,NA,
2024-08-29 21:00:00+00:00,22T-BE-PST--002U,OPPOSITE,Alegro HVDC,22T201903146---W,NA,NA,NA,
2024-08-29 21:00:00+00:00,10T-CZ-DE-00001W,DIRECT,Prestice - Etzenricht  Etzenricht - Prestice 442,10T-CZ-DE-00004Q,Prestice - Etzenricht,Prestice,Etzenricht,TieLine
2024-08-29 21:00:00+00:00,10T-CZ-DE-00001W,DIRECT,Prestice - Etzenricht  Etzenricht - Prestice 442,10T-CZ-DE-00004Q,Etzenricht - Prestice 442,Etzenricht,Prestice,TieLine
2024-08-29 21:00:00+00:00,10T-CZ-DE-00003S,DIRECT,Hradec - Rohrsdorf - V445  Hradec - Rohrsdorf 445,10T-CZ-DE-00002U,Hradec - Rohrsdorf - V445,Hradec,Rohrsdorf,TieLine
2024-08-29 21:00:00+00:00,10T-CZ-DE-00003S,DIRECT,Hradec - Rohrsdorf - V445  Hradec - Rohrsdorf 445,10T-CZ-DE-00002U,Hradec - Rohrsdorf 445,Hradec,Rohrsdorf,TieLine
2024-08-29 21:00:00+00:00,10T-CZ-SK-00001Y,DIRECT,Nosovice - Varin  Nosovice - Varin,10T-CZ-SK-00002W,Nosovice - Varin,Nosovice,Varin,TieLine
2024-08-29 21:00:00+00:00,10T-CZ-SK-00001Y,DIRECT,Nosovice - Varin  Nosovice - Varin,10T-CZ-SK-00002W,Nosovice - Varin,Nosovice,Varin,TieLine
2024-08-29 21:00:00+00:00,10T-CZ-SK-00001Y,OPPOSITE,Nosovice - Varin  Nosovice - Varin,10T-CZ-SK-00002W,Nosovice - Varin,Nosovice,Varin,TieLine
2024-08-29 21:00:00+00:00,10T-CZ-SK-00001Y,OPPOSITE,Nosovice - Varin  Nosovice - Varin,10T-CZ-SK-00002W,Nosovice - Varin,Nosovice,Varin,TieLine
2024-08-29 21:00:00+00:00,10T-CZ-SK-00002W,DIRECT,Krizovany - Sokolnice Sokolnice - Krizovany,10T-CZ-SK-00003U,Krizovany - Sokolnice,Krizovany,Sokolnice,TieLine
2024-08-29 21:00:00+00:00,10T-CZ-SK-00002W,DIRECT,Krizovany - Sokolnice Sokolnice - Krizovany,10T-CZ-SK-00003U,Sokolnice - Krizovany,Sokolnice,Krizovany,TieLine
2024-08-29 21:00:00+00:00,10T-CZ-SK-00002W,OPPOSITE,Krizovany - Sokolnice Sokolnice - Krizovany,10T-CZ-SK-00003U,Krizovany - Sokolnice,Krizovany,Sokolnice,TieLine
2024-08-29 21:00:00+00:00,10T-CZ-SK-00002W,OPPOSITE,Krizovany - Sokolnice Sokolnice - Krizovany,10T-CZ-SK-00003U,Sokolnice - Krizovany,Sokolnice,Krizovany,TieLine
2024-08-29 21:00:00+00:00,10T-CZ-SK-00002W,DIRECT,Sokolnice - Stupava  Sokolnice - Stupava,10T-CZ-SK-00005Q,Sokolnice - Stupava,Sokolnice,Stupava,TieLine
2024-08-29 21:00:00+00:00,10T-CZ-SK-00002W,DIRECT,Sokolnice - Stupava  Sokolnice - Stupava,10T-CZ-SK-00005Q,Sokolnice - Stupava,Stupava,Sokolnice,TieLine
2024-08-29 21:00:00+00:00,10T1001C--001223,DIRECT,Sokolnice - Zaya - V243 Zaya - Sokolnice 243,10T1001C--001215,Sokolnice - Zaya - V243,Sokolnice,Zaya,TieLine
2024-08-29 21:00:00+00:00,10T1001C--001223,DIRECT,Sokolnice - Zaya - V243 Zaya - Sokolnice 243,10T1001C--001215,Zaya - Sokolnice 243,Zaya,Sokolnice,TieLine
2024-08-29 21:00:00+00:00,10T1001C--001223,OPPOSITE,Sokolnice - Zaya - V243 Zaya - Sokolnice 243,10T1001C--001215,Sokolnice - Zaya - V243,Sokolnice,Zaya,TieLine
2024-08-29 21:00:00+00:00,10T1001C--001223,OPPOSITE,Sokolnice - Zaya - V243 Zaya - Sokolnice 243,10T1001C--001215,Zaya - Sokolnice 243,Zaya,Sokolnice,TieLine
2024-08-29 21:00:00+00:00,10T-CZ-SK-00003U,DIRECT,Nosovice - Varin  Nosovice - Varin,10T-CZ-SK-00002W,Nosovice - Varin,Nosovice,Varin,TieLine
2024-08-29 21:00:00+00:00,10T-CZ-SK-00003U,DIRECT,Nosovice - Varin  Nosovice - Varin,10T-CZ-SK-00002W,Nosovice - Varin,Nosovice,Varin,TieLine
2024-08-29 21:00:00+00:00,10T-CZ-SK-00003U,OPPOSITE,Nosovice - Varin  Nosovice - Varin,10T-CZ-SK-00002W,Nosovice - Varin,Nosovice,Varin,TieLine
2024-08-29 21:00:00+00:00,10T-CZ-SK-00003U,OPPOSITE,Nosovice - Varin  Nosovice - Varin,10T-CZ-SK-00002W,Nosovice - Varin,Nosovice,Varin,TieLine
2024-08-29 21:00:00+00:00,10T-CZ-SK-00003U,DIRECT,Sokolnice - Stupava  Sokolnice - Stupava,10T-CZ-SK-00005Q,Sokolnice - Stupava,Sokolnice,Stupava,TieLine
2024-08-29 21:00:00+00:00,10T-CZ-SK-00003U,DIRECT,Sokolnice - Stupava  Sokolnice - Stupava,10T-CZ-SK-00005Q,Sokolnice - Stupava,Stupava,Sokolnice,TieLine
2024-08-29 21:00:00+00:00,10T-CZ-SK-00003U,OPPOSITE,Sokolnice - Stupava  Sokolnice - Stupava,10T-CZ-SK-00005Q,Sokolnice - Stupava,Sokolnice,Stupava,TieLine
2024-08-29 21:00:00+00:00,10T-CZ-SK-00003U,OPPOSITE,Sokolnice - Stupava  Sokolnice - Stupava,10T-CZ-SK-00005Q,Sokolnice - Stupava,Stupava,Sokolnice,TieLine
2024-08-29 21:00:00+00:00,10T-CZ-SK-00003U,DIRECT,H. Zivotice - Krasikov,27T-TLI-V458---B,H. Zivotice - Krasikov,H. Zivotice,Krasikov,Line
2024-08-29 21:00:00+00:00,10T-CZ-SK-00003U,OPPOSITE,H. Zivotice - Krasikov,27T-TLI-V458---B,H. Zivotice - Krasikov,H. Zivotice,Krasikov,Line
2024-08-29 21:00:00+00:00,10T-CZ-DE-00004Q,OPPOSITE,Hradec - Etzenricht  Etzenricht - Hradec 441,10T-CZ-DE-00001W,Hradec - Etzenricht,Hradec,Etzenricht,TieLine
2024-08-29 21:00:00+00:00,10T-CZ-DE-00004Q,OPPOSITE,Hradec - Etzenricht  Etzenricht - Hradec 441,10T-CZ-DE-00001W,Etzenricht - Hradec 441,Etzenricht,Hradec,TieLine
2024-08-29 21:00:00+00:00,11T0-0000-1496-M,OPPOSITE,Emscherbruch - Mengede RECKLI S,11T0-0000-2064-H,Emscherbruch - Mengede RECKLI S,Emscherbruch,Mengede,Line
2024-08-29 21:00:00+00:00,11T0-0000-0781-W,DIRECT,Y-Oberzier (-Paffendorf - Sechtem) SECHTM S Y-Paffendorf (-Oberzier - Sechtem) SECHTM S Y-Sechtem (-Oberzier - Paffendorf) SECHTM S,11T0-0000-0782-T,Y-Oberzier (-Paffendorf - Sechtem) SECHTM S,Oberzier,Y-Paffendorf,Line
2024-08-29 21:00:00+00:00,11T0-0000-0781-W,DIRECT,Y-Oberzier (-Paffendorf - Sechtem) SECHTM S Y-Paffendorf (-Oberzier - Sechtem) SECHTM S Y-Sechtem (-Oberzier - Paffendorf) SECHTM S,11T0-0000-0815-6,Y-Paffendorf (-Oberzier - Sechtem) SECHTM S,Paffendorf,Y-Paffendorf,Line
2024-08-29 21:00:00+00:00,11T0-0000-0781-W,DIRECT,Y-Oberzier (-Paffendorf - Sechtem) SECHTM S Y-Paffendorf (-Oberzier - Sechtem) SECHTM S Y-Sechtem (-Oberzier - Paffendorf) SECHTM S,11T0-0000-0849-J,Y-Sechtem (-Oberzier - Paffendorf) SECHTM S,Sechtem,Y-Paffendorf,Line
2024-08-29 21:00:00+00:00,10T-DE-NL-00005N,DIRECT,Alegro HVDC,22T201903146---W,NA,NA,NA,
2024-08-29 21:00:00+00:00,10T-DE-NL-00005N,DIRECT,Ensdorf - Vigy VIGY2 S Ensdorf - Vigy VIGY2 S,10T-DE-FR-000068,Ensdorf - Vigy VIGY2 S,Ensdorf,Vigy,TieLine
2024-08-29 21:00:00+00:00,10T-DE-NL-00005N,DIRECT,Ensdorf - Vigy VIGY2 S Ensdorf - Vigy VIGY2 S,10T-DE-FR-000068,Ensdorf - Vigy VIGY2 S,Ensdorf,Vigy,TieLine
2024-08-29 21:00:00+00:00,10T-DE-NL-00005N,DIRECT,Gramme - Achene 380.10,22T-BE-IN-LI0130,Gramme - Achene 380.10,Achene,Gramme,Line
2024-08-29 21:00:00+00:00,10T-DE-NL-00005N,DIRECT,Boxmeer - Dodewaard 380 Zwart,49T000000000006C,Boxmeer - Dodewaard 380 Zwart,Boxmeer,Dodewaard,Line
2024-08-29 21:00:00+00:00,10T-DE-NL-00005N,DIRECT,Maasbracht - Dodewaard 380 Wit,49T000000000013F,Maasbracht - Dodewaard 380 Wit,Dodewaard,Maasbracht,Line
2024-08-29 21:00:00+00:00,10T-DE-NL-00005N,DIRECT,Avelgem - Horta 380.102,22T20161020---1E,Avelgem - Horta 380.102,Avelgem,Horta,Line
2024-08-29 21:00:00+00:00,10T-DE-NL-00005N,OPPOSITE,Alegro HVDC,22T201903146---W,NA,NA,NA,
2024-08-29 21:00:00+00:00,10T-DE-NL-00005N,OPPOSITE,Achene - Lonny 380.19 Achene - Lonny 19,10T-BE-FR-000015,Achene - Lonny 380.19,Achene,Lonny,TieLine
2024-08-29 21:00:00+00:00,10T-DE-NL-00005N,OPPOSITE,Achene - Lonny 380.19 Achene - Lonny 19,10T-BE-FR-000015,Achene - Lonny 19,Achene,Lonny,TieLine
2024-08-29 21:00:00+00:00,10T-DE-FR-000068,OPPOSITE,Ensdorf - Vigy VIGY1 N Ensdorf - Vigy VIGY1 N,10T-DE-FR-00005A,Ensdorf - Vigy VIGY1 N,Ensdorf,Vigy,TieLine
2024-08-29 21:00:00+00:00,10T-DE-FR-000068,OPPOSITE,Ensdorf - Vigy VIGY1 N Ensdorf - Vigy VIGY1 N,10T-DE-FR-00005A,Ensdorf - Vigy VIGY1 N,Ensdorf,Vigy,TieLine
2024-08-29 21:00:00+00:00,10T-DE-FR-000068,DIRECT,Ensdorf - Vigy VIGY1 N Ensdorf - Vigy VIGY1 N,10T-DE-FR-00005A,Ensdorf - Vigy VIGY1 N,Ensdorf,Vigy,TieLine
2024-08-29 21:00:00+00:00,10T-DE-FR-000068,DIRECT,Ensdorf - Vigy VIGY1 N Ensdorf - Vigy VIGY1 N,10T-DE-FR-00005A,Ensdorf - Vigy VIGY1 N,Ensdorf,Vigy,TieLine
2024-08-29 21:00:00+00:00,11T0-0000-0781-W,DIRECT,PST Oberzier TR 442 E,11T0-0000-2133-R,PST Oberzier TR 442 E,Oberzier,Oberzier,PST
2024-08-29 21:00:00+00:00,10T-CZ-DE-00002U,OPPOSITE,Hradec - Rohrsdorf - V446  Hradec - Rohrsdorf 446,10T-CZ-DE-00003S,Hradec - Rohrsdorf - V446,Hradec,Rohrsdorf,TieLine
2024-08-29 21:00:00+00:00,10T-CZ-DE-00002U,OPPOSITE,Hradec - Rohrsdorf - V446  Hradec - Rohrsdorf 446,10T-CZ-DE-00003S,Hradec - Rohrsdorf 446,Hradec,Rohrsdorf,TieLine
2024-08-29 21:00:00+00:00,11TD8L555------W,OPPOSITE,Dresden/Sued - Schmoelln 556,11TD8L556------O,Dresden/Sued - Schmoelln 556,Dresden/Sued,Schmoelln,Line
2024-08-29 21:00:00+00:00,10T-HR-SI-000022,OPPOSITE,,,,,,
2024-08-29 21:00:00+00:00,10T-HR-SI-000022,DIRECT,Melina - Divaca 400 kV Divaca - Melina,10T-HR-SI-000014,Melina - Divaca,Melina,Divaca,TieLine
2024-08-29 21:00:00+00:00,10T-HR-SI-000022,DIRECT,Melina - Divaca 400 kV Divaca - Melina,10T-HR-SI-000014,400 kV Divaca - Melina,Divaca,Melina,TieLine
2024-08-29 21:00:00+00:00,10T-HR-SI-000022,OPPOSITE,Melina - Divaca 400 kV Divaca - Melina,10T-HR-SI-000014,Melina - Divaca,Melina,Divaca,TieLine
2024-08-29 21:00:00+00:00,10T-HR-SI-000022,OPPOSITE,Melina - Divaca 400 kV Divaca - Melina,10T-HR-SI-000014,400 kV Divaca - Melina,Divaca,Melina,TieLine
2024-08-29 21:00:00+00:00,10T-HR-HU-000033,OPPOSITE,Pecs - Ernestinovo2 491B Ernestinovo - Pecs 2,10T-HR-HU-000041,Pecs - Ernestinovo2 491B,Pecs,Ernestinovo,TieLine
2024-08-29 21:00:00+00:00,10T-HR-HU-000033,OPPOSITE,Pecs - Ernestinovo2 491B Ernestinovo - Pecs 2,10T-HR-HU-000041,Ernestinovo - Pecs 2,Ernestinovo,Pecs 2,TieLine
2024-08-29 21:00:00+00:00,15T-M000002791-J,DIRECT,Gabcikovo - Gyor Gabcikovo - Gyor,10T-HU-SK-00002R,Gabcikovo - Gyor,Gabcikovo,Gyor,TieLine
2024-08-29 21:00:00+00:00,15T-M000002791-J,DIRECT,Gabcikovo - Gyor Gabcikovo - Gyor,10T-HU-SK-00002R,Gabcikovo - Gyor,Gabcikovo,Gyor,TieLine
2024-08-29 21:00:00+00:00,10T-HU-UA-00002F,DIRECT,Szabolcsbaka - Mukachevo,10T1001C--000421,Szabolcsbaka - Mukachevo,Szabolcsbaka,Mukachevo,TieLine
2024-08-29 21:00:00+00:00,10T1001C--00056R,OPPOSITE,Gabcikovo - Gyor Gabcikovo - Gyor,10T-HU-SK-00002R,Gabcikovo - Gyor,Gabcikovo,Gyor,TieLine
2024-08-29 21:00:00+00:00,10T1001C--00056R,OPPOSITE,Gabcikovo - Gyor Gabcikovo - Gyor,10T-HU-SK-00002R,Gabcikovo - Gyor,Gabcikovo,Gyor,TieLine
2024-08-29 21:00:00+00:00,10T1001C--00101B,DIRECT,Zerjavinec - Heviz Zerjavinec - Heviz,10T-HR-HU-000025,Zerjavinec - Heviz,Zerjavinec,Heviz,TieLine
2024-08-29 21:00:00+00:00,10T1001C--00101B,DIRECT,Zerjavinec - Heviz Zerjavinec - Heviz,10T-HR-HU-000025,Zerjavinec - Heviz,Zerjavinec,Heviz,TieLine
2024-08-29 21:00:00+00:00,10T1001C--00101B,OPPOSITE,Zerjavinec - Heviz Zerjavinec - Heviz,10T-HR-HU-000025,Zerjavinec - Heviz,Zerjavinec,Heviz,TieLine
2024-08-29 21:00:00+00:00,10T1001C--00101B,OPPOSITE,Zerjavinec - Heviz Zerjavinec - Heviz,10T-HR-HU-000025,Zerjavinec - Heviz,Zerjavinec,Heviz,TieLine
2024-08-29 21:00:00+00:00,10T-DE-NL-00002T,OPPOSITE,Zwolle - Hengelo 380 Wit,49T000000000000O,Zwolle - Hengelo 380 Wit,Zwolle,Hengelo,Line
2024-08-29 21:00:00+00:00,10T-DE-NL-00002T,DIRECT,Gronau - Hanekenfaehr GRONAU W,11T0-0000-0617-A,Gronau - Hanekenfaehr GRONAU W,Gronau,Hanekenfaehr,Line
2024-08-29 21:00:00+00:00,10T-DE-NL-00005N,DIRECT,Gronau - Kusenhorst HAMALD,11T0-0000-0618-7,Gronau - Kusenhorst HAMALD,Gronau,Kusenhorst,Line
2024-08-29 21:00:00+00:00,10T-DE-NL-00002T,OPPOSITE,Zwolle - Meeden 380 Wit Eemshaven - Meeden 380 Wit,49T000000000001M,Zwolle - Meeden 380 Wit,Zwolle,Meeden,Line
2024-08-29 21:00:00+00:00,10T-DE-NL-00002T,OPPOSITE,Zwolle - Meeden 380 Wit Eemshaven - Meeden 380 Wit,49T000000000004G,Eemshaven - Meeden 380 Wit,Eemshaven,Meeden,Line
2024-08-29 21:00:00+00:00,49T0000000000274,DIRECT,Krimpen a/d IJssel - Geertruidenberg 380 Zwart,49T0000000000282,Krimpen a/d IJssel - Geertruidenberg 380 Zwart,Krimpen a/d IJssel,Geertruidenberg,Line
2024-08-29 21:00:00+00:00,19T000000001304A,OPPOSITE,Krosno Iskrzynia - Tarnow,19T000000000296P,Krosno Iskrzynia - Tarnow,Krosno Iskrzynia,Tarnow,Line
2024-08-29 21:00:00+00:00,10T-CZ-PL-00004A,OPPOSITE,Nosovice - Varin  Nosovice - Varin,10T-CZ-SK-00002W,Nosovice - Varin,Nosovice,Varin,TieLine
2024-08-29 21:00:00+00:00,10T-CZ-PL-00004A,OPPOSITE,Nosovice - Varin  Nosovice - Varin,10T-CZ-SK-00002W,Nosovice - Varin,Nosovice,Varin,TieLine
2024-08-29 21:00:00+00:00,19T0000000063830,DIRECT,Hagenwerder - Mikulowa 568 Mikulowa - Hagenwerder 568,10T-DE-PL-00001D,Hagenwerder - Mikulowa 568,Hagenwerder,Mikulowa,TieLine
2024-08-29 21:00:00+00:00,19T0000000063830,DIRECT,Hagenwerder - Mikulowa 568 Mikulowa - Hagenwerder 568,10T-DE-PL-00001D,Mikulowa - Hagenwerder 568,Mikulowa 568,Hagenwerder,TieLine
2024-08-29 21:00:00+00:00,19T0000000063830,OPPOSITE,Hagenwerder - Mikulowa 568 Mikulowa - Hagenwerder 568,10T-DE-PL-00001D,Hagenwerder - Mikulowa 568,Hagenwerder,Mikulowa,TieLine
2024-08-29 21:00:00+00:00,19T0000000063830,OPPOSITE,Hagenwerder - Mikulowa 568 Mikulowa - Hagenwerder 568,10T-DE-PL-00001D,Mikulowa - Hagenwerder 568,Mikulowa 568,Hagenwerder,TieLine
2024-08-29 21:00:00+00:00,10T1001A1001A09N,DIRECT,Nosovice - Wielopole  Wielopole - Nosovice,10T-CZ-PL-00004A,Nosovice - Wielopole,Nosovice,Wielopole,TieLine
2024-08-29 21:00:00+00:00,10T1001A1001A09N,DIRECT,Nosovice - Wielopole  Wielopole - Nosovice,10T-CZ-PL-00004A,Wielopole - Nosovice,Wielopole,Nosovice,TieLine
2024-08-29 21:00:00+00:00,10T-CZ-PL-00004A,DIRECT,Dobrzen - Detmarovice Dobrzen - Detmarovice,10T1001A1001A09N,Dobrzen - Detmarovice,Dobrzen,Detmarovice,TieLine
2024-08-29 21:00:00+00:00,10T-CZ-PL-00004A,DIRECT,Dobrzen - Detmarovice Dobrzen - Detmarovice,10T1001A1001A09N,Dobrzen - Detmarovice,Detmarovice,Dobrzen,TieLine
2024-08-29 21:00:00+00:00,10T-CZ-PL-00004A,OPPOSITE,Dobrzen - Detmarovice Dobrzen - Detmarovice,10T1001A1001A09N,Dobrzen - Detmarovice,Dobrzen,Detmarovice,TieLine
2024-08-29 21:00:00+00:00,10T-CZ-PL-00004A,OPPOSITE,Dobrzen - Detmarovice Dobrzen - Detmarovice,10T1001A1001A09N,Dobrzen - Detmarovice,Detmarovice,Dobrzen,TieLine
2024-08-29 21:00:00+00:00,30TPARO220TRGJ-Q,OPPOSITE,Resita - Timisoara c1 Resita - Timisoara c2,30TRESI220TIMI1L,Resita - Timisoara c1,Resita,Timisoara c1,Line
2024-08-29 21:00:00+00:00,30TPARO220TRGJ-Q,OPPOSITE,Resita - Timisoara c1 Resita - Timisoara c2,30TRESI220TIMI2J,Resita - Timisoara c2,Resita,Timisoara c2,Line
2024-08-29 21:00:00+00:00,30TPARO220TRGJ-Q,OPPOSITE,Sibiu Sud - Tantareni,30TSIBI400TINT-1,Sibiu Sud - Tantareni,Sibiu Sud,Tantareni,Line
2024-08-29 21:00:00+00:00,30TRESI220TIMI1L,DIRECT,Resita - Timisoara c2,30TRESI220TIMI2J,Resita - Timisoara c2,Resita,Timisoara c2,Line
2024-08-29 21:00:00+00:00,30TPDFE220RESI1S,DIRECT,Portile de Fier - Djerdap,10T-RO-RS-00001V,Portile de Fier - Djerdap,Portile de Fier,Djerdap,TieLine
2024-08-29 21:00:00+00:00,30T-ROSI400AT--1,DIRECT,Rosiori - Gadalin,30TGADA400ROSI-A,Rosiori - Gadalin,Rosiori,Gadalin,Line
2024-08-29 21:00:00+00:00,10T-RO-RS-00001V,OPPOSITE,Tantareni - Kozlodui c2 Tantareni - Kozlodui c1,10T-BG-RO-00001A,Tantareni - Kozlodui c2,Tantareni,Kozlodui,TieLine
2024-08-29 21:00:00+00:00,10T-RO-RS-00001V,OPPOSITE,Tantareni - Kozlodui c2 Tantareni - Kozlodui c1,10T-RO-BG-00002A,Tantareni - Kozlodui c1,Tantareni,Kozlodui,TieLine
2024-08-29 21:00:00+00:00,10T1001C--00101B,DIRECT,Kainachtal - Maribor 473 400 kV Maribor - Kainachtal 1,10T-AT-SI-00001T,Kainachtal - Maribor 473,Kainachtal,Maribor,TieLine
2024-08-29 21:00:00+00:00,10T1001C--00101B,DIRECT,Kainachtal - Maribor 473 400 kV Maribor - Kainachtal 1,10T-AT-SI-00001T,400 kV Maribor - Kainachtal 1,Maribor,Kainachtal,TieLine
2024-08-29 21:00:00+00:00,10T1001C--00101B,DIRECT,Zerjavinec - Cirkovce 400 kV Cirkovce - Zerjavinec,10T1001C--001037,Zerjavinec - Cirkovce,Zerjavinec,Cirkovce,TieLine
2024-08-29 21:00:00+00:00,10T1001C--00101B,DIRECT,Zerjavinec - Cirkovce 400 kV Cirkovce - Zerjavinec,10T1001C--001037,400 kV Cirkovce - Zerjavinec,Cirkovce,Zerjavinec,TieLine
2024-08-29 21:00:00+00:00,10T1001C--00101B,OPPOSITE,Kainachtal - Maribor 473 400 kV Maribor - Kainachtal 1,10T-AT-SI-00001T,Kainachtal - Maribor 473,Kainachtal,Maribor,TieLine
2024-08-29 21:00:00+00:00,10T1001C--00101B,OPPOSITE,Kainachtal - Maribor 473 400 kV Maribor - Kainachtal 1,10T-AT-SI-00001T,400 kV Maribor - Kainachtal 1,Maribor,Kainachtal,TieLine
2024-08-29 21:00:00+00:00,10T1001C--00101B,OPPOSITE,Zerjavinec - Cirkovce 400 kV Cirkovce - Zerjavinec,10T1001C--001037,Zerjavinec - Cirkovce,Zerjavinec,Cirkovce,TieLine
2024-08-29 21:00:00+00:00,10T1001C--00101B,OPPOSITE,Zerjavinec - Cirkovce 400 kV Cirkovce - Zerjavinec,10T1001C--001037,400 kV Cirkovce - Zerjavinec,Cirkovce,Zerjavinec,TieLine
2024-08-29 21:00:00+00:00,10T-HU-SK-00001T,DIRECT,R.Sobota - Sajoivanka  R.Sobota - Sajoivanka,10T1001C--00054V,R.Sobota - Sajoivanka,R.Sobota,Sajoivanka,TieLine
2024-08-29 21:00:00+00:00,10T-HU-SK-00001T,DIRECT,R.Sobota - Sajoivanka  R.Sobota - Sajoivanka,10T1001C--00054V,R.Sobota - Sajoivanka,R.Sobota,Sajoivanka,TieLine
2024-08-29 21:00:00+00:00,10T-HU-SK-00001T,DIRECT,Levice - R.Sobota,24T-V426-000000W,Levice - R.Sobota,Levice,R.Sobota,Line
2024-08-29 21:00:00+00:00,10T-SK-UA-00001W,DIRECT,R.Sobota - Sajoivanka  R.Sobota - Sajoivanka,10T1001C--00054V,R.Sobota - Sajoivanka,R.Sobota,Sajoivanka,TieLine
2024-08-29 21:00:00+00:00,10T-SK-UA-00001W,DIRECT,R.Sobota - Sajoivanka  R.Sobota - Sajoivanka,10T1001C--00054V,R.Sobota - Sajoivanka,R.Sobota,Sajoivanka,TieLine
2024-08-29 21:00:00+00:00,24T-V429-0000005,DIRECT,V.Dur - Krizovany,24T-V425-0000004,V.Dur - Krizovany,V.Dur,Krizovany,Line
2024-08-29 21:00:00+00:00,24T-V493-000000Q,DIRECT,Bosaca - Varin,24T-V495-0000008,Bosaca - Varin,Bosaca,Varin,Line
2024-08-29 21:00:00+00:00,24T-V490-000000G,DIRECT,V.Dur - Levice 2,24T-V491-0000007,V.Dur - Levice 2,V.Dur,Levice,Line
2024-08-29 21:00:00+00:00,24T-V425-0000004,DIRECT,Gabcikovo - P.Biskupice,24T-V429-0000005,Gabcikovo - P.Biskupice,Gabcikovo,P.Biskupice,Line
2024-08-29 21:00:00+00:00,10T-SK-UA-00001W,OPPOSITE,R.Sobota - Sajoivanka  R.Sobota - Sajoivanka,10T1001C--00054V,R.Sobota - Sajoivanka,R.Sobota,Sajoivanka,TieLine
2024-08-29 21:00:00+00:00,10T-SK-UA-00001W,OPPOSITE,R.Sobota - Sajoivanka  R.Sobota - Sajoivanka,10T1001C--00054V,R.Sobota - Sajoivanka,R.Sobota,Sajoivanka,TieLine
2024-08-29 21:00:00+00:00,10T-CZ-SK-00002W,OPPOSITE,Lemesany - Krosno Iskrz 1 Lemesany - Krosno Iskrz 1,10T-PL-SK-00001W,Lemesany - Krosno Iskrz 1,Lemesany,Krosno Iskrz,TieLine
2024-08-29 21:00:00+00:00,10T-CZ-SK-00002W,OPPOSITE,Lemesany - Krosno Iskrz 1 Lemesany - Krosno Iskrz 1,10T-PL-SK-00001W,Lemesany - Krosno Iskrz 1,Lemesany,Krosno Iskrz 1,TieLine
2024-08-29 21:00:00+00:00,10T-CZ-SK-00002W,OPPOSITE,Lemesany - Krosno Iskrz 2 Lemesany - Krosno Iskrz 2,10T-PL-SK-00002U,Lemesany - Krosno Iskrz 2,Lemesany,Krosno Iskrz,TieLine
2024-08-29 21:00:00+00:00,10T-CZ-SK-00002W,OPPOSITE,Lemesany - Krosno Iskrz 2 Lemesany - Krosno Iskrz 2,10T-PL-SK-00002U,Lemesany - Krosno Iskrz 2,Lemesany,Krosno Iskrz 2,TieLine
2024-08-29 21:00:00+00:00,10T-CZ-SK-00002W,OPPOSITE,Sp.Nova Ves - Lemesany,24T-V408-000000Y,Sp.Nova Ves - Lemesany,Sp.Nova Ves,Lemesany,Line
2024-08-29 21:00:00+00:00,24T-V425-0000004,OPPOSITE,Gabcikovo - P.Biskupice,24T-V429-0000005,Gabcikovo - P.Biskupice,Gabcikovo,P.Biskupice,Line
