hour,eic,name,tso,direction,hub_from,hub_to,substation_from,substation_to,element_type,fmax_type,u,imax,fmax,frm,fref,ram,contingency_count,tso_disagreement
2024-08-28 22:00:00+00:00,10T-AT-CZ-00003X,Duernrohr 1 - Slavetice 437,APG,OPPOSITE,AT,CZ,Duernrohr 1,Slavetice,TieLine,SEASONAL,380.0,2804.0,1943.0,194.0,861.0,1086.0,1,False
2024-08-28 22:00:00+00:00,10T-AT-DE-000037,Pleinting - St. Peter 258,APG,DIRECT,DE,AT,Pleinting,St. Peter,TieLine,SEASONAL,220.0,1561.0,608.0,61.0,469.0,341.0,1,False
2024-08-28 22:00:00+00:00,10T-AT-SI-00001T,Kainachtal - Maribor 473,APG,DIRECT,AT,SI,Kainachtal,Maribor,TieLine,SEASONAL,380.0,1920.0,1330.0,133.0,1046.0,878.0,1,False
2024-08-28 22:00:00+00:00,10T-AT-SI-00001T,Kainachtal - Maribor 473,APG,OPPOSITE,AT,SI,Kainachtal,Maribor,TieLine,SEASONAL,380.0,1920.0,1330.0,133.0,-1046.0,1516.0,1,False
2024-08-28 22:00:00+00:00,10T-AT-SI-00003P,Obersielach - Podlog 247,APG,DIRECT,AT,SI,Obersielach,Podlog,TieLine,SEASONAL,220.0,1101.0,429.0,43.0,406.0,170.0,4,False
2024-08-28 22:00:00+00:00,10T-AT-SI-00003P,Obersielach - Podlog 247,APG,OPPOSITE,AT,SI,Obersielach,Podlog,TieLine,SEASONAL,220.0,1101.0,429.0,43.0,-403.0,602.0,1,False
2024-08-28 22:00:00+00:00,10T-BE-FR-000015,Achene - Lonny 380.19,ELIA,DIRECT,BE,FR,Achene,Lonny,TieLine,SEASONAL,380.0,2179.0,1510.0,151.0,-339.0,1375.0,1,False
2024-08-28 22:00:00+00:00,10T-BE-FR-000015,Achene - Lonny 380.19,ELIA,OPPOSITE,BE,FR,Achene,Lonny,TieLine,SEASONAL,380.0,2179.0,1510.0,151.0,339.0,1343.0,3,False
2024-08-28 22:00:00+00:00,10T-CZ-DE-00001W,Etzenricht - Hradec 441,TENNETGMBH,OPPOSITE,DE,CZ,Etzenricht,Hradec,TieLine,FIXED,380.0,2000.0,1386.0,139.0,144.0,947.0,1,False
2024-08-28 22:00:00+00:00,10T-CZ-DE-00002U,Hradec - Rohrsdorf 445,50HERTZ,OPPOSITE,CZ,DE,Hradec,Rohrsdorf,TieLine,FIXED,380.0,2520.0,1746.0,175.0,1134.0,783.0,1,False
2024-08-28 22:00:00+00:00,10T-CZ-DE-00004Q,Etzenricht - Prestice 442,TENNETGMBH,OPPOSITE,DE,CZ,Etzenricht,Prestice,TieLine,FIXED,380.0,2265.0,1569.0,157.0,80.0,1131.0,1,False
2024-08-28 22:00:00+00:00,10T-CZ-PL-00004A,Wielopole - Nosovice,PSE,DIRECT,PL,CZ,Wielopole,Nosovice,TieLine,DYNAMIC,380.0,1941.0,1345.0,134.0,667.0,782.0,1,False
2024-08-28 22:00:00+00:00,10T-CZ-PL-00004A,Wielopole - Nosovice,PSE,OPPOSITE,PL,CZ,Wielopole,Nosovice,TieLine,DYNAMIC,380.0,1941.0,1345.0,134.0,-667.0,1640.0,1,False
2024-08-28 22:00:00+00:00,10T-CZ-SK-00001Y,Liskovec - P. Bystrica,CEPS,DIRECT,CZ,SK,Liskovec,P. Bystrica,TieLine,FIXED,220.0,665.0,259.0,26.0,183.0,166.0,1,False
2024-08-28 22:00:00+00:00,10T-CZ-SK-00001Y,Liskovec - P. Bystrica,CEPS,OPPOSITE,CZ,SK,Liskovec,P. Bystrica,TieLine,FIXED,220.0,665.0,259.0,26.0,-183.0,300.0,1,False
2024-08-28 22:00:00+00:00,10T-CZ-SK-00002W,Nosovice - Varin,CEPS,DIRECT,CZ,SK,Nosovice,Varin,TieLine,FIXED,380.0,1720.0,1192.0,119.0,1127.0,690.0,1,False
2024-08-28 22:00:00+00:00,10T-CZ-SK-00002W,Nosovice - Varin,CEPS,OPPOSITE,CZ,SK,Nosovice,Varin,TieLine,FIXED,380.0,1720.0,1192.0,119.0,-1127.0,679.0,4,False
2024-08-28 22:00:00+00:00,10T-CZ-SK-00003U,Sokolnice - Krizovany,CEPS,DIRECT,CZ,SK,Sokolnice,Krizovany,TieLine,FIXED,380.0,2000.0,1386.0,139.0,894.0,1075.0,3,False
2024-08-28 22:00:00+00:00,10T-CZ-SK-00003U,Sokolnice - Krizovany,CEPS,OPPOSITE,CZ,SK,Sokolnice,Krizovany,TieLine,FIXED,380.0,2000.0,1386.0,139.0,-894.0,1348.0,3,False
2024-08-28 22:00:00+00:00,10T-DE-FR-000068,Ensdorf - Vigy VIGY2 S,AMPRION,DIRECT,DE,FR,Ensdorf,Vigy,TieLine,FIXED,380.0,2720.0,1884.0,188.0,-1611.0,2771.0,1,False
2024-08-28 22:00:00+00:00,10T-DE-FR-000068,Ensdorf - Vigy VIGY2 S,AMPRION,OPPOSITE,DE,FR,Ensdorf,Vigy,TieLine,FIXED,380.0,2720.0,1884.0,188.0,1611.0,621.0,1,False
2024-08-28 22:00:00+00:00,10T-DE-NL-00002T,Diele - Meeden 380 White,TENNETBV,DIRECT,DE,NL,Diele,Meeden,TieLine,SEASONAL,380.0,1520.0,1053.0,105.0,442.0,245.0,2,False
2024-08-28 22:00:00+00:00,10T-DE-NL-00005N,Maasbracht - Oberzier 380 white,AMPRION,DIRECT,NL,DE,Maasbracht,Oberzier,TieLine,SEASONAL,380.0,2500.0,1732.0,173.0,548.0,990.0,7,False
2024-08-28 22:00:00+00:00,10T-HR-HU-000033,Pecs - Ernestinovo1 491A,HOPS,OPPOSITE,HU,HR,Pecs,Ernestinovo,TieLine,SEASONAL,380.0,1920.0,1330.0,133.0,374.0,917.0,1,False
2024-08-28 22:00:00+00:00,10T-HR-SI-000014,Melina - Divaca,HOPS,DIRECT,HR,SI,Melina,Divaca,TieLine,SEASONAL,380.0,1920.0,1330.0,133.0,138.0,561.0,2,False
2024-08-28 22:00:00+00:00,10T-HR-SI-000022,Pehlin - Divaca,HOPS,DIRECT,HR,SI,Pehlin,Divaca,TieLine,SEASONAL,220.0,960.0,374.0,37.0,-2.0,125.0,1,False
2024-08-28 22:00:00+00:00,10T-HR-SI-000022,Pehlin - Divaca,HOPS,OPPOSITE,HR,SI,Pehlin,Divaca,TieLine,SEASONAL,220.0,960.0,374.0,37.0,36.0,401.0,2,False
2024-08-28 22:00:00+00:00,10T-HR-SI-00004Z,Tumbri - Krsko 1,HOPS,OPPOSITE,HR,SI,Tumbri,Krsko,TieLine,SEASONAL,380.0,1920.0,1330.0,133.0,498.0,1062.0,1,False
2024-08-28 22:00:00+00:00,10T-HU-SK-00001T,Levice - God,SEPS,DIRECT,SK,HU,Levice,God,TieLine,FIXED,380.0,2000.0,1386.0,139.0,1152.0,686.0,1,False
2024-08-28 22:00:00+00:00,10T-HU-UA-00002F,Kisvarda - Mukachevo,MAVIR,DIRECT,HU,UA,Kisvarda,Mukachevo,TieLine,SEASONAL,220.0,640.0,249.0,25.0,-36.0,184.0,1,False
2024-08-28 22:00:00+00:00,10T-HU-UA-00002F,Kisvarda - Mukachevo,MAVIR,OPPOSITE,HU,UA,Kisvarda,Mukachevo,TieLine,SEASONAL,220.0,640.0,249.0,25.0,36.0,264.0,1,False
2024-08-28 22:00:00+00:00,10T-RO-RS-00001V,Portile de Fier - Djerdap,TRANSELECTRICA,OPPOSITE,RO,RS,Portile de Fier,Djerdap,TieLine,SEASONAL,380.0,1836.0,1272.0,127.0,273.0,985.0,1,False
2024-08-28 22:00:00+00:00,10T-SK-UA-00001W,V.Kapusany - Mukachevo (WPS),SEPS,DIRECT,SK,UA,Velke Kapusany,Mukachevo,TieLine,SEASONAL,380.0,1570.0,1088.0,109.0,787.0,693.0,1,False
2024-08-28 22:00:00+00:00,10T-SK-UA-00001W,V.Kapusany - Mukachevo (WPS),SEPS,OPPOSITE,SK,UA,Velke Kapusany,Mukachevo,TieLine,SEASONAL,380.0,1570.0,1088.0,109.0,-787.0,1265.0,1,False
2024-08-28 22:00:00+00:00,10T1001A1001A09N,Dobrzen - Detmarovice,PSE,DIRECT,PL,CZ,Dobrzen,Detmarovice,TieLine,DYNAMIC,380.0,1922.0,1332.0,133.0,890.0,595.0,1,False
2024-08-28 22:00:00+00:00,10T1001C--00056R,Gabcikovo - Gonyu,MAVIR,DIRECT,SK,HU,Gabcikovo,Gonyu,TieLine,FIXED,380.0,2000.0,1386.0,139.0,746.0,1152.0,1,False
2024-08-28 22:00:00+00:00,10T1001C--00056R,Gabcikovo - Gonyu,MAVIR,OPPOSITE,SK,HU,Gabcikovo,Gonyu,TieLine,FIXED,380.0,2000.0,1386.0,139.0,-46.0,1005.0,2,False
2024-08-28 22:00:00+00:00,10T1001C--00101B,Cirkovce - Heviz,MAVIR,DIRECT,SI,HU,Cirkovce,Heviz,TieLine,FIXED,380.0,2000.0,1109.0,139.0,107.0,1158.0,3,True
2024-08-28 22:00:00+00:00,10T1001C--00101B,Cirkovce - Heviz,MAVIR,OPPOSITE,SI,HU,Cirkovce,Heviz,TieLine,FIXED,380.0,2000.0,1109.0,139.0,-107.0,824.0,3,True
2024-08-28 22:00:00+00:00,10T1001C--001223,Sokolnice - Zaya - V244,CEPS,DIRECT,CZ,AT,Sokolnice,Zaya,TieLine,DYNAMIC,220.0,800.0,312.0,31.0,129.0,224.0,1,False
2024-08-28 22:00:00+00:00,10T1001C--001223,Sokolnice - Zaya - V244,CEPS,OPPOSITE,CZ,AT,Sokolnice,Zaya,TieLine,DYNAMIC,220.0,800.0,312.0,31.0,-129.0,338.0,1,False
2024-08-28 22:00:00+00:00,11T0-0000-0011-L,PST Roehrsdorf 441,50HERTZ,DIRECT,DE,DE,Roehrsdorf,Roehrsdorf,PST,FIXED,380.0,2028.0,1405.0,141.0,235.0,826.0,1,False
2024-08-28 22:00:00+00:00,11T0-0000-0013-F,PST Vierraden 441,50HERTZ,DIRECT,DE,DE,Vierraden,Vierraden,PST,FIXED,380.0,2000.0,1386.0,139.0,1088.0,554.0,1,False
2024-08-28 22:00:00+00:00,11T0-0000-0781-W,Y-Oberzier (-Paffendorf - Sechtem) SECHTM N,AMPRION,DIRECT,DE,DE,Oberzier,Y-Paffendorf,Line,DYNAMIC,380.0,3244.0,2248.0,225.0,834.0,1115.0,2,False
2024-08-28 22:00:00+00:00,11TD2L000000003L,Altheim - Sittling 219,TENNETGMBH,DIRECT,DE,DE,Altheim,Sittling,Line,DYNAMIC,220.0,1012.0,394.0,39.0,-287.0,427.0,1,False
2024-08-28 22:00:00+00:00,11TD2L000000003L,Altheim - Sittling 219,TENNETGMBH,OPPOSITE,DE,DE,Altheim,Sittling,Line,DYNAMIC,220.0,1012.0,394.0,39.0,287.0,283.0,1,False
2024-08-28 22:00:00+00:00,11TD8L555------W,Dresden/Sued - Schmoelln 555,50HERTZ,OPPOSITE,DE,DE,Dresden/Sued,Schmoelln,Line,FIXED,380.0,2500.0,1732.0,173.0,1081.0,865.0,1,False
2024-08-28 22:00:00+00:00,14T-220-0-0273BO,Strass - Thaur 273B,APG,DIRECT,AT,AT,Strass,Thaur,Line,SEASONAL,220.0,1229.0,479.0,48.0,-105.0,336.0,1,False
2024-08-28 22:00:00+00:00,14T-38220-WT041O,Westtirol 1 - Westtirol 2 WTRHU41,APG,OPPOSITE,AT,AT,Westtirol 1,Westtirol 2,Transformer,SEASONAL,220.0,1443.0,1000.0,100.0,-164.0,731.0,2,False
2024-08-28 22:00:00+00:00,14T-38220-ZZ041D,Zell am Ziller 1 - Zell am Ziller 2 ZZRHU41,APG,DIRECT,AT,AT,Zell am Ziller 1,Zell am Ziller 2,Transformer,SEASONAL,220.0,1732.0,1200.0,120.0,-387.0,924.0,1,False
2024-08-28 22:00:00+00:00,15T-M000002791-J,Gonyu - Gyor,MAVIR,DIRECT,HU,HU,Gonyu,Gyor,Line,FIXED,380.0,2000.0,1386.0,139.0,960.0,891.0,1,False
2024-08-28 22:00:00+00:00,19T000000001304A,Krosno Iskrzynia - Rzeszow,PSE,OPPOSITE,PL,PL,Krosno Iskrzynia,Rzeszow,Line,DYNAMIC,380.0,1360.0,942.0,94.0,784.0,448.0,1,False
2024-08-28 22:00:00+00:00,19T000000004057N,Mikulowa AT1,PSE,DIRECT,PL,PL,Mikulowa AT1,Mikulowa AT1,Transformer,DYNAMIC,220.0,873.0,605.0,61.0,195.0,464.0,1,False
2024-08-28 22:00:00+00:00,19T000000004057N,Mikulowa AT1,PSE,OPPOSITE,PL,PL,Mikulowa AT1,Mikulowa AT1,Transformer,DYNAMIC,220.0,873.0,605.0,61.0,-195.0,624.0,1,False
2024-08-28 22:00:00+00:00,19T0000000063830,Mikulowa PST1,PSE,DIRECT,PL,PL,Mikulowa PST1,Mikulowa PST1,PST,DYNAMIC,380.0,1905.0,1320.0,132.0,869.0,724.0,1,False
2024-08-28 22:00:00+00:00,19T0000000063830,Mikulowa PST1,PSE,OPPOSITE,PL,PL,Mikulowa PST1,Mikulowa PST1,PST,DYNAMIC,380.0,1905.0,1320.0,132.0,-869.0,1652.0,1,False
2024-08-28 22:00:00+00:00,22T-BE-IN-LI018R,Lixhe - Gramme 380.11,ELIA,DIRECT,BE,BE,Gramme,Lixhe,Line,SEASONAL,380.0,2051.0,1421.0,142.0,217.0,851.0,1,False
2024-08-28 22:00:00+00:00,22T-BE-IN-LI02AK,Doel - Zandvliet 380.25,ELIA,DIRECT,BE,BE,Doel,Zandvliet,Line,SEASONAL,380.0,2178.0,1509.0,151.0,345.0,831.0,1,False
2024-08-28 22:00:00+00:00,22T-BE-PST--001W,PST Van Eyck 1,ELIA,DIRECT,BE,BE,Van Eyck,Van Eyck,PST,SEASONAL,380.0,2042.0,1415.0,141.0,-132.0,1358.0,1,False
2024-08-28 22:00:00+00:00,22T-BE-PST--002U,PST Van Eyck 2,ELIA,DIRECT,BE,BE,Van Eyck,Van Eyck,PST,SEASONAL,380.0,2042.0,1415.0,141.0,-484.0,1642.0,4,False
2024-08-28 22:00:00+00:00,22T-BE-PST--002U,PST Van Eyck 2,ELIA,OPPOSITE,BE,BE,Van Eyck,Van Eyck,PST,SEASONAL,380.0,2042.0,1415.0,141.0,645.0,797.0,4,False
2024-08-28 22:00:00+00:00,24T-V425-0000004,V.Dur - Krizovany,SEPS,DIRECT,SK,SK,V.Dur,Krizovany,Line,FIXED,380.0,2100.0,1455.0,145.0,-754.0,1248.0,1,False
2024-08-28 22:00:00+00:00,24T-V425-0000004,V.Dur - Krizovany,SEPS,OPPOSITE,SK,SK,V.Dur,Krizovany,Line,FIXED,380.0,2100.0,1455.0,145.0,754.0,1372.0,1,False
2024-08-28 22:00:00+00:00,24T-V429-0000005,Gabcikovo - P.Biskupice,SEPS,DIRECT,SK,SK,Gabcikovo,P.Biskupice,Line,FIXED,380.0,2280.0,1580.0,158.0,-729.0,1350.0,1,False
2024-08-28 22:00:00+00:00,24T-V490-000000G,V.Dur - Levice 1,SEPS,DIRECT,SK,SK,V.Dur,Levice,Line,FIXED,380.0,2100.0,1455.0,145.0,1339.0,612.0,1,False
2024-08-28 22:00:00+00:00,24T-V493-000000Q,H.Zdana - Sucany,SEPS,DIRECT,SK,SK,H.Zdana,Sucany,Line,FIXED,380.0,2000.0,1386.0,139.0,-248.0,968.0,1,False
2024-08-28 22:00:00+00:00,30T-ROSI400AT--1,TR Rosiori 400/220 1,TRANSELECTRICA,DIRECT,RO,RO,Rosiori,Rosiori,Transformer,SEASONAL,220.0,577.0,400.0,40.0,341.0,94.0,1,False
2024-08-28 22:00:00+00:00,30TPARO220TRGJ-Q,Paroseni - Targu Jiu Nord,TRANSELECTRICA,OPPOSITE,RO,RO,Paroseni,Targu Jiu Nord,Line,SEASONAL,220.0,690.0,269.0,27.0,111.0,125.0,3,False
2024-08-28 22:00:00+00:00,30TPDFE220RESI1S,Portile de Fier - Resita c1,TRANSELECTRICA,DIRECT,RO,RO,Portile de Fier,Resita c1,Line,SEASONAL,220.0,750.0,292.0,29.0,107.0,141.0,1,False
2024-08-28 22:00:00+00:00,30TRESI220TIMI1L,Resita - Timisoara c1,TRANSELECTRICA,DIRECT,RO,RO,Resita,Timisoara c1,Line,SEASONAL,220.0,750.0,292.0,29.0,94.0,155.0,1,False
2024-08-28 22:00:00+00:00,49T000000000000O,Zwolle - Hengelo 380 Wit,TENNETBV,DIRECT,NL,NL,Zwolle,Hengelo,Line,SEASONAL,380.0,2500.0,1732.0,173.0,860.0,908.0,1,False
2024-08-28 22:00:00+00:00,49T0000000000274,Krimpen a/d IJssel - Geertruidenberg 380 Wit,TENNETBV,DIRECT,NL,NL,Krimpen a/d IJssel,Geertruidenberg,Line,SEASONAL,380.0,2826.0,1958.0,196.0,316.0,1779.0,1,False
2024-08-28 23:00:00+00:00,10T-AT-CZ-00003X,Duernrohr 1 - Slavetice 437,APG,OPPOSITE,AT,CZ,Duernrohr 1,Slavetice,TieLine,SEASONAL,380.0,2804.0,1943.0,194.0,772.0,1163.0,1,False
2024-08-28 23:00:00+00:00,10T-AT-DE-000037,Pleinting - St. Peter 258,APG,DIRECT,DE,AT,Pleinting,St. Peter,TieLine,SEASONAL,220.0,1561.0,608.0,61.0,487.0,332.0,1,False
2024-08-28 23:00:00+00:00,10T-AT-SI-00001T,Kainachtal - Maribor 473,APG,DIRECT,AT,SI,Kainachtal,Maribor,TieLine,SEASONAL,380.0,1920.0,1330.0,133.0,1180.0,876.0,1,False
2024-08-28 23:00:00+00:00,10T-AT-SI-00001T,Kainachtal - Maribor 473,APG,OPPOSITE,AT,SI,Kainachtal,Maribor,TieLine,SEASONAL,380.0,1920.0,1330.0,133.0,-1180.0,1518.0,1,False
2024-08-28 23:00:00+00:00,10T-AT-SI-00003P,Obersielach - Podlog 247,APG,DIRECT,AT,SI,Obersielach,Podlog,TieLine,SEASONAL,220.0,1101.0,429.0,43.0,428.0,185.0,4,False
2024-08-28 23:00:00+00:00,10T-AT-SI-00003P,Obersielach - Podlog 247,APG,OPPOSITE,AT,SI,Obersielach,Podlog,TieLine,SEASONAL,220.0,1101.0,429.0,43.0,-454.0,582.0,2,False
2024-08-28 23:00:00+00:00,10T-BE-FR-000015,Achene - Lonny 380.19,ELIA,DIRECT,BE,FR,Achene,Lonny,TieLine,SEASONAL,380.0,2179.0,1510.0,151.0,-588.0,1447.0,1,False
2024-08-28 23:00:00+00:00,10T-BE-FR-000015,Achene - Lonny 380.19,ELIA,OPPOSITE,BE,FR,Achene,Lonny,TieLine,SEASONAL,380.0,2179.0,1510.0,151.0,588.0,1271.0,3,False
2024-08-28 23:00:00+00:00,10T-CZ-DE-00001W,Hradec - Etzenricht,CEPS,DIRECT,CZ,DE,Hradec,Etzenricht,TieLine,FIXED,380.0,2000.0,1386.0,139.0,-1.0,1067.0,1,False
2024-08-28 23:00:00+00:00,10T-CZ-DE-00002U,Hradec - Rohrsdorf 445,50HERTZ,OPPOSITE,CZ,DE,Hradec,Rohrsdorf,TieLine,FIXED,380.0,2520.0,1746.0,175.0,994.0,911.0,1,False
2024-08-28 23:00:00+00:00,10T-CZ-DE-00003S,Hradec - Rohrsdorf - V446,CEPS,DIRECT,CZ,DE,Hradec,Rohrsdorf,TieLine,DYNAMIC,380.0,2520.0,1746.0,175.0,-994.0,2231.0,1,False
2024-08-28 23:00:00+00:00,10T-CZ-DE-00004Q,Etzenricht - Prestice 442,TENNETGMBH,OPPOSITE,DE,CZ,Etzenricht,Prestice,TieLine,FIXED,380.0,2265.0,1569.0,157.0,-85.0,1269.0,1,False
2024-08-28 23:00:00+00:00,10T-CZ-PL-00004A,Wielopole - Nosovice,PSE,DIRECT,PL,CZ,Wielopole,Nosovice,TieLine,DYNAMIC,380.0,1960.0,1358.0,136.0,587.0,855.0,1,False
2024-08-28 23:00:00+00:00,10T-CZ-PL-00004A,Wielopole - Nosovice,PSE,OPPOSITE,PL,CZ,Wielopole,Nosovice,TieLine,DYNAMIC,380.0,1960.0,1358.0,136.0,-587.0,1589.0,1,False
2024-08-28 23:00:00+00:00,10T-CZ-SK-00001Y,Liskovec - P. Bystrica,CEPS,DIRECT,CZ,SK,Liskovec,P. Bystrica,TieLine,FIXED,220.0,665.0,259.0,26.0,184.0,169.0,1,False
2024-08-28 23:00:00+00:00,10T-CZ-SK-00001Y,Liskovec - P. Bystrica,CEPS,OPPOSITE,CZ,SK,Liskovec,P. Bystrica,TieLine,FIXED,220.0,665.0,259.0,26.0,-184.0,297.0,1,False
2024-08-28 23:00:00+00:00,10T-CZ-SK-00002W,Nosovice - Varin,CEPS,DIRECT,CZ,SK,Nosovice,Varin,TieLine,FIXED,380.0,1720.0,1192.0,119.0,1139.0,734.0,1,False
2024-08-28 23:00:00+00:00,10T-CZ-SK-00002W,Nosovice - Varin,CEPS,OPPOSITE,CZ,SK,Nosovice,Varin,TieLine,FIXED,380.0,1720.0,1192.0,119.0,-1139.0,1412.0,1,False
2024-08-28 23:00:00+00:00,10T-CZ-SK-00003U,Sokolnice - Krizovany,CEPS,DIRECT,CZ,SK,Sokolnice,Krizovany,TieLine,FIXED,380.0,2000.0,1386.0,139.0,979.0,1047.0,3,False
2024-08-28 23:00:00+00:00,10T-CZ-SK-00003U,Sokolnice - Krizovany,CEPS,OPPOSITE,CZ,SK,Sokolnice,Krizovany,TieLine,FIXED,380.0,2000.0,1386.0,139.0,-979.0,1394.0,3,False
2024-08-28 23:00:00+00:00,10T-DE-FR-000068,Ensdorf - Vigy VIGY2 S,AMPRION,DIRECT,DE,FR,Ensdorf,Vigy,TieLine,FIXED,380.0,2720.0,1884.0,188.0,-1596.0,2865.0,1,False
2024-08-28 23:00:00+00:00,10T-DE-FR-000068,Ensdorf - Vigy VIGY2 S,AMPRION,OPPOSITE,DE,FR,Ensdorf,Vigy,TieLine,FIXED,380.0,2720.0,1884.0,188.0,1596.0,527.0,1,False
2024-08-28 23:00:00+00:00,10T-DE-NL-00002T,Diele - Meeden 380 White,TENNETBV,DIRECT,DE,NL,Diele,Meeden,TieLine,SEASONAL,380.0,1520.0,1053.0,105.0,644.0,243.0,1,False
2024-08-28 23:00:00+00:00,10T-DE-NL-00005N,Maasbracht - Oberzier 380 white,AMPRION,DIRECT,NL,DE,Maasbracht,Oberzier,TieLine,SEASONAL,380.0,2500.0,1732.0,173.0,646.0,958.0,7,False
2024-08-28 23:00:00+00:00,10T-HR-HU-000033,Pecs - Ernestinovo1 491A,HOPS,OPPOSITE,HU,HR,Pecs,Ernestinovo,TieLine,SEASONAL,380.0,1920.0,1330.0,133.0,453.0,902.0,1,False
2024-08-28 23:00:00+00:00,10T-HR-SI-000014,Melina - Divaca,HOPS,DIRECT,HR,SI,Melina,Divaca,TieLine,SEASONAL,380.0,1920.0,1330.0,133.0,73.0,612.0,2,False
2024-08-28 23:00:00+00:00,10T-HR-SI-000022,Pehlin - Divaca,HOPS,DIRECT,HR,SI,Pehlin,Divaca,TieLine,SEASONAL,220.0,960.0,374.0,37.0,-24.0,149.0,1,False
2024-08-28 23:00:00+00:00,10T-HR-SI-000022,Pehlin - Divaca,HOPS,OPPOSITE,HR,SI,Pehlin,Divaca,TieLine,SEASONAL,220.0,960.0,374.0,37.0,42.0,387.0,2,False
2024-08-28 23:00:00+00:00,10T-HR-SI-00004Z,Tumbri - Krsko 1,HOPS,OPPOSITE,HR,SI,Tumbri,Krsko,TieLine,SEASONAL,380.0,1920.0,1330.0,133.0,513.0,1049.0,1,False
2024-08-28 23:00:00+00:00,10T-HU-SK-00001T,Levice - God,SEPS,DIRECT,SK,HU,Levice,God,TieLine,FIXED,380.0,2000.0,1386.0,139.0,1140.0,703.0,1,False
2024-08-28 23:00:00+00:00,10T-HU-UA-00002F,Kisvarda - Mukachevo,MAVIR,DIRECT,HU,UA,Kisvarda,Mukachevo,TieLine,SEASONAL,220.0,640.0,249.0,25.0,-22.0,189.0,1,False
2024-08-28 23:00:00+00:00,10T-HU-UA-00002F,Kisvarda - Mukachevo,MAVIR,OPPOSITE,HU,UA,Kisvarda,Mukachevo,TieLine,SEASONAL,220.0,640.0,249.0,25.0,22.0,259.0,1,False
2024-08-28 23:00:00+00:00,10T-RO-RS-00001V,Portile de Fier - Djerdap,TRANSELECTRICA,OPPOSITE,RO,RS,Portile de Fier,Djerdap,TieLine,SEASONAL,380.0,1836.0,1272.0,127.0,266.0,1131.0,1,False
2024-08-28 23:00:00+00:00,10T-SK-UA-00001W,V.Kapusany - Mukachevo (WPS),SEPS,DIRECT,SK,UA,Velke Kapusany,Mukachevo,TieLine,SEASONAL,380.0,1570.0,1088.0,109.0,787.0,734.0,1,False
2024-08-28 23:00:00+00:00,10T-SK-UA-00001W,V.Kapusany - Mukachevo (WPS),SEPS,OPPOSITE,SK,UA,Velke Kapusany,Mukachevo,TieLine,SEASONAL,380.0,1570.0,1088.0,109.0,-787.0,1224.0,1,False
2024-08-28 23:00:00+00:00,10T1001A1001A09N,Dobrzen - Detmarovice,PSE,DIRECT,PL,CZ,Dobrzen,Detmarovice,TieLine,DYNAMIC,380.0,1922.0,1332.0,133.0,804.0,680.0,1,False
2024-08-28 23:00:00+00:00,10T1001C--00056R,Gabcikovo - Gonyu,MAVIR,DIRECT,SK,HU,Gabcikovo,Gonyu,TieLine,FIXED,380.0,2000.0,1386.0,139.0,753.0,1162.0,1,False
2024-08-28 23:00:00+00:00,10T1001C--00056R,Gabcikovo - Gonyu,MAVIR,OPPOSITE,SK,HU,Gabcikovo,Gonyu,TieLine,FIXED,380.0,2000.0,1386.0,139.0,-50.0,997.0,2,False
2024-08-28 23:00:00+00:00,10T1001C--00101B,Cirkovce - Heviz,MAVIR,DIRECT,SI,HU,Cirkovce,Heviz,TieLine,FIXED,380.0,2000.0,1109.0,139.0,111.0,1148.0,3,True
2024-08-28 23:00:00+00:00,10T1001C--00101B,Cirkovce - Heviz,MAVIR,OPPOSITE,SI,HU,Cirkovce,Heviz,TieLine,FIXED,380.0,2000.0,1109.0,139.0,-111.0,834.0,3,True
2024-08-28 23:00:00+00:00,10T1001C--001215,Sokolnice - Zaya - V243,CEPS,DIRECT,CZ,AT,Sokolnice,Zaya,TieLine,DYNAMIC,220.0,800.0,312.0,31.0,112.0,233.0,1,False
2024-08-28 23:00:00+00:00,10T1001C--001215,Sokolnice - Zaya - V243,CEPS,OPPOSITE,CZ,AT,Sokolnice,Zaya,TieLine,DYNAMIC,220.0,800.0,312.0,31.0,-112.0,329.0,1,False
2024-08-28 23:00:00+00:00,10T1001C--001223,Sokolnice - Zaya - V244,CEPS,OPPOSITE,CZ,AT,Sokolnice,Zaya,TieLine,DYNAMIC,220.0,800.0,312.0,31.0,-99.0,302.0,1,False
2024-08-28 23:00:00+00:00,11T0-0000-0011-L,PST Roehrsdorf 441,50HERTZ,DIRECT,DE,DE,Roehrsdorf,Roehrsdorf,PST,FIXED,380.0,2028.0,1405.0,141.0,492.0,822.0,1,False
2024-08-28 23:00:00+00:00,11T0-0000-0013-F,PST Vierraden 441,50HERTZ,DIRECT,DE,DE,Vierraden,Vierraden,PST,FIXED,380.0,2000.0,1386.0,139.0,1230.0,512.0,1,False
2024-08-28 23:00:00+00:00,11T0-0000-0781-W,Y-Oberzier (-Paffendorf - Sechtem) SECHTM N,AMPRION,DIRECT,DE,DE,Oberzier,Y-Paffendorf,Line,DYNAMIC,380.0,3260.0,2259.0,226.0,1271.0,1063.0,2,False
2024-08-28 23:00:00+00:00,11TD2L000000003L,Altheim - Sittling 219,TENNETGMBH,DIRECT,DE,DE,Altheim,Sittling,Line,DYNAMIC,220.0,1012.0,394.0,39.0,-321.0,449.0,1,False
2024-08-28 23:00:00+00:00,11TD2L000000003L,Altheim - Sittling 219,TENNETGMBH,OPPOSITE,DE,DE,Altheim,Sittling,Line,DYNAMIC,220.0,1012.0,394.0,39.0,321.0,261.0,1,False
2024-08-28 23:00:00+00:00,11TD8L555------W,Dresden/Sued - Schmoelln 555,50HERTZ,OPPOSITE,DE,DE,Dresden/Sued,Schmoelln,Line,FIXED,380.0,2500.0,1732.0,173.0,1187.0,866.0,1,False
2024-08-28 23:00:00+00:00,14T-220-0-0273BO,Strass - Thaur 273B,APG,DIRECT,AT,AT,Strass,Thaur,Line,SEASONAL,220.0,1229.0,479.0,48.0,-152.0,378.0,1,False
2024-08-28 23:00:00+00:00,14T-221-0-00223Q,Hessenberg - Weissenbach 223,APG,OPPOSITE,AT,AT,Hessenberg,Weissenbach,Line,SEASONAL,220.0,970.0,378.0,38.0,308.0,175.0,1,False
2024-08-28 23:00:00+00:00,14T-38220-WT041O,Westtirol 1 - Westtirol 2 WTRHU41,APG,DIRECT,AT,AT,Westtirol 1,Westtirol 2,Transformer,SEASONAL,220.0,1443.0,1000.0,100.0,359.0,906.0,1,False
2024-08-28 23:00:00+00:00,14T-38220-WT041O,Westtirol 1 - Westtirol 2 WTRHU41,APG,OPPOSITE,AT,AT,Westtirol 1,Westtirol 2,Transformer,SEASONAL,220.0,1443.0,1000.0,100.0,-315.0,873.0,2,False
2024-08-28 23:00:00+00:00,14T-38220-ZZ041D,Zell am Ziller 1 - Zell am Ziller 2 ZZRHU41,APG,DIRECT,AT,AT,Zell am Ziller 1,Zell am Ziller 2,Transformer,SEASONAL,220.0,1732.0,1200.0,120.0,-462.0,975.0,1,False
2024-08-28 23:00:00+00:00,15T-M000002791-J,Gonyu - Gyor,MAVIR,DIRECT,HU,HU,Gonyu,Gyor,Line,FIXED,380.0,2000.0,1386.0,139.0,963.0,899.0,1,False
2024-08-28 23:00:00+00:00,19T000000001304A,Krosno Iskrzynia - Rzeszow,PSE,OPPOSITE,PL,PL,Krosno Iskrzynia,Rzeszow,Line,DYNAMIC,380.0,1390.0,963.0,96.0,757.0,463.0,1,False
2024-08-28 23:00:00+00:00,19T000000004057N,Mikulowa AT1,PSE,OPPOSITE,PL,PL,Mikulowa AT1,Mikulowa AT1,Transformer,DYNAMIC,220.0,873.0,605.0,61.0,-146.0,545.0,1,False
2024-08-28 23:00:00+00:00,19T0000000063830,Mikulowa PST1,PSE,OPPOSITE,PL,PL,Mikulowa PST1,Mikulowa PST1,PST,DYNAMIC,380.0,1905.0,1320.0,132.0,-719.0,1425.0,1,False
2024-08-28 23:00:00+00:00,22T-BE-IN-LI018R,Lixhe - Gramme 380.11,ELIA,DIRECT,BE,BE,Gramme,Lixhe,Line,SEASONAL,380.0,2051.0,1421.0,142.0,635.0,817.0,1,False
2024-08-28 23:00:00+00:00,22T-BE-IN-LI02AK,Doel - Zandvliet 380.25,ELIA,DIRECT,BE,BE,Doel,Zandvliet,Line,SEASONAL,380.0,2179.0,1510.0,151.0,277.0,819.0,1,False
2024-08-28 23:00:00+00:00,22T-BE-PST--001W,PST Van Eyck 1,ELIA,DIRECT,BE,BE,Van Eyck,Van Eyck,PST,SEASONAL,380.0,2042.0,1415.0,141.0,-16.0,1432.0,1,False
2024-08-28 23:00:00+00:00,22T-BE-PST--002U,PST Van Eyck 2,ELIA,DIRECT,BE,BE,Van Eyck,Van Eyck,PST,SEASONAL,380.0,2042.0,1415.0,141.0,-20.0,1698.0,4,False
2024-08-28 23:00:00+00:00,22T-BE-PST--002U,PST Van Eyck 2,ELIA,OPPOSITE,BE,BE,Van Eyck,Van Eyck,PST,SEASONAL,380.0,2042.0,1415.0,141.0,218.0,739.0,4,False
2024-08-28 23:00:00+00:00,24T-V425-0000004,V.Dur - Krizovany,SEPS,DIRECT,SK,SK,V.Dur,Krizovany,Line,FIXED,380.0,2100.0,1455.0,145.0,-824.0,1268.0,1,False
2024-08-28 23:00:00+00:00,24T-V425-0000004,V.Dur - Krizovany,SEPS,OPPOSITE,SK,SK,V.Dur,Krizovany,Line,FIXED,380.0,2100.0,1455.0,145.0,824.0,1352.0,1,False
2024-08-28 23:00:00+00:00,24T-V429-0000005,Gabcikovo - P.Biskupice,SEPS,DIRECT,SK,SK,Gabcikovo,P.Biskupice,Line,FIXED,380.0,2280.0,1580.0,158.0,-785.0,1365.0,1,False
2024-08-28 23:00:00+00:00,24T-V490-000000G,V.Dur - Levice 1,SEPS,DIRECT,SK,SK,V.Dur,Levice,Line,FIXED,380.0,2100.0,1455.0,145.0,1366.0,629.0,1,False
2024-08-28 23:00:00+00:00,24T-V493-000000Q,H.Zdana - Sucany,SEPS,DIRECT,SK,SK,H.Zdana,Sucany,Line,FIXED,380.0,2000.0,1386.0,139.0,-208.0,917.0,1,False
2024-08-28 23:00:00+00:00,30T-ROSI400AT--1,TR Rosiori 400/220 1,TRANSELECTRICA,DIRECT,RO,RO,Rosiori,Rosiori,Transformer,SEASONAL,220.0,577.0,400.0,40.0,360.0,116.0,1,False
2024-08-28 23:00:00+00:00,30TPARO220TRGJ-Q,Paroseni - Targu Jiu Nord,TRANSELECTRICA,OPPOSITE,RO,RO,Paroseni,Targu Jiu Nord,Line,SEASONAL,220.0,690.0,269.0,27.0,89.0,111.0,4,False
2024-08-28 23:00:00+00:00,30TPDFE220RESI1S,Portile de Fier - Resita c1,TRANSELECTRICA,DIRECT,RO,RO,Portile de Fier,Resita c1,Line,SEASONAL,220.0,750.0,292.0,29.0,104.0,118.0,1,False
2024-08-28 23:00:00+00:00,30TRESI220TIMI1L,Resita - Timisoara c1,TRANSELECTRICA,DIRECT,RO,RO,Resita,Timisoara c1,Line,SEASONAL,220.0,750.0,292.0,29.0,97.0,136.0,1,False
2024-08-28 23:00:00+00:00,49T000000000000O,Zwolle - Hengelo 380 Wit,TENNETBV,DIRECT,NL,NL,Zwolle,Hengelo,Line,SEASONAL,380.0,2500.0,1732.0,173.0,776.0,996.0,1,False
2024-08-28 23:00:00+00:00,49T0000000000274,Krimpen a/d IJssel - Geertruidenberg 380 Wit,TENNETBV,DIRECT,NL,NL,Krimpen a/d IJssel,Geertruidenberg,Line,SEASONAL,380.0,2826.0,1958.0,196.0,373.0,1839.0,1,False
2024-08-29 00:00:00+00:00,10T-AT-CZ-00003X,Duernrohr 1 - Slavetice 437,APG,OPPOSITE,AT,CZ,Duernrohr 1,Slavetice,TieLine,SEASONAL,380.0,2804.0,1943.0,194.0,748.0,1178.0,1,False
2024-08-29 00:00:00+00:00,10T-AT-DE-000037,Pleinting - St. Peter 258,APG,DIRECT,DE,AT,Pleinting,St. Peter,TieLine,SEASONAL,220.0,1561.0,608.0,61.0,464.0,354.0,1,False
2024-08-29 00:00:00+00:00,10T-AT-SI-00001T,Kainachtal - Maribor 473,APG,DIRECT,AT,SI,Kainachtal,Maribor,TieLine,SEASONAL,380.0,1920.0,1330.0,133.0,1199.0,895.0,1,False
2024-08-29 00:00:00+00:00,10T-AT-SI-00001T,Kainachtal - Maribor 473,APG,OPPOSITE,AT,SI,Kainachtal,Maribor,TieLine,SEASONAL,380.0,1920.0,1330.0,133.0,-1199.0,1499.0,1,False
2024-08-29 00:00:00+00:00,10T-AT-SI-00003P,Obersielach - Podlog 247,APG,DIRECT,AT,SI,Obersielach,Podlog,TieLine,SEASONAL,220.0,1101.0,429.0,43.0,429.0,193.0,4,False
2024-08-29 00:00:00+00:00,10T-AT-SI-00003P,Obersielach - Podlog 247,APG,OPPOSITE,AT,SI,Obersielach,Podlog,TieLine,SEASONAL,220.0,1101.0,429.0,43.0,-457.0,573.0,2,False
2024-08-29 00:00:00+00:00,10T-BE-FR-000015,Achene - Lonny 380.19,ELIA,DIRECT,BE,FR,Achene,Lonny,TieLine,SEASONAL,380.0,2179.0,1510.0,151.0,-619.0,1280.0,2,False
2024-08-29 00:00:00+00:00,10T-BE-FR-000015,Achene - Lonny 380.19,ELIA,OPPOSITE,BE,FR,Achene,Lonny,TieLine,SEASONAL,380.0,2179.0,1510.0,151.0,619.0,1222.0,2,False
2024-08-29 00:00:00+00:00,10T-CZ-DE-00001W,Hradec - Etzenricht,CEPS,DIRECT,CZ,DE,Hradec,Etzenricht,TieLine,FIXED,380.0,2000.0,1386.0,139.0,15.0,1043.0,1,False
2024-08-29 00:00:00+00:00,10T-CZ-DE-00002U,Hradec - Rohrsdorf 445,50HERTZ,OPPOSITE,CZ,DE,Hradec,Rohrsdorf,TieLine,FIXED,380.0,2520.0,1746.0,175.0,984.0,914.0,1,False
2024-08-29 00:00:00+00:00,10T-CZ-DE-00003S,Hradec - Rohrsdorf - V446,CEPS,DIRECT,CZ,DE,Hradec,Rohrsdorf,TieLine,DYNAMIC,380.0,2520.0,1746.0,175.0,-984.0,2228.0,1,False
2024-08-29 00:00:00+00:00,10T-CZ-DE-00004Q,Etzenricht - Prestice 442,TENNETGMBH,OPPOSITE,DE,CZ,Etzenricht,Prestice,TieLine,FIXED,380.0,2265.0,1569.0,157.0,-79.0,1255.0,1,False
2024-08-29 00:00:00+00:00,10T-CZ-PL-00004A,Wielopole - Nosovice,PSE,DIRECT,PL,CZ,Wielopole,Nosovice,TieLine,DYNAMIC,380.0,1960.0,1358.0,136.0,579.0,856.0,1,False
2024-08-29 00:00:00+00:00,10T-CZ-PL-00004A,Wielopole - Nosovice,PSE,OPPOSITE,PL,CZ,Wielopole,Nosovice,TieLine,DYNAMIC,380.0,1960.0,1358.0,136.0,-579.0,1588.0,1,False
2024-08-29 00:00:00+00:00,10T-CZ-SK-00001Y,Liskovec - P. Bystrica,CEPS,DIRECT,CZ,SK,Liskovec,P. Bystrica,TieLine,FIXED,220.0,665.0,259.0,26.0,187.0,165.0,1,False
2024-08-29 00:00:00+00:00,10T-CZ-SK-00001Y,Liskovec - P. Bystrica,CEPS,OPPOSITE,CZ,SK,Liskovec,P. Bystrica,TieLine,FIXED,220.0,665.0,259.0,26.0,-187.0,301.0,1,False
2024-08-29 00:00:00+00:00,10T-CZ-SK-00002W,Nosovice - Varin,CEPS,DIRECT,CZ,SK,Nosovice,Varin,TieLine,FIXED,380.0,1720.0,1192.0,119.0,1151.0,736.0,1,False
2024-08-29 00:00:00+00:00,10T-CZ-SK-00002W,Nosovice - Varin,CEPS,OPPOSITE,CZ,SK,Nosovice,Varin,TieLine,FIXED,380.0,1720.0,1192.0,119.0,-1151.0,1410.0,1,False
2024-08-29 00:00:00+00:00,10T-CZ-SK-00003U,Sokolnice - Krizovany,CEPS,DIRECT,CZ,SK,Sokolnice,Krizovany,TieLine,FIXED,380.0,2000.0,1386.0,139.0,976.0,1078.0,3,False
2024-08-29 00:00:00+00:00,10T-CZ-SK-00003U,Sokolnice - Krizovany,CEPS,OPPOSITE,CZ,SK,Sokolnice,Krizovany,TieLine,FIXED,380.0,2000.0,1386.0,139.0,-976.0,1363.0,3,False
2024-08-29 00:00:00+00:00,10T-DE-FR-000068,Ensdorf - Vigy VIGY2 S,AMPRION,DIRECT,DE,FR,Ensdorf,Vigy,TieLine,FIXED,380.0,2720.0,1884.0,188.0,-1774.0,2997.0,1,False
2024-08-29 00:00:00+00:00,10T-DE-FR-000068,Ensdorf - Vigy VIGY2 S,AMPRION,OPPOSITE,DE,FR,Ensdorf,Vigy,TieLine,FIXED,380.0,2720.0,1884.0,188.0,1774.0,395.0,1,False
2024-08-29 00:00:00+00:00,10T-DE-NL-00002T,Diele - Meeden 380 White,TENNETBV,DIRECT,DE,NL,Diele,Meeden,TieLine,SEASONAL,380.0,1520.0,1053.0,105.0,589.0,247.0,1,False
2024-08-29 00:00:00+00:00,10T-DE-NL-00005N,Maasbracht - Oberzier 380 white,AMPRION,DIRECT,NL,DE,Maasbracht,Oberzier,TieLine,SEASONAL,380.0,2500.0,1732.0,173.0,770.0,901.0,7,False
2024-08-29 00:00:00+00:00,10T-HR-HU-000033,Pecs - Ernestinovo1 491A,HOPS,OPPOSITE,HU,HR,Pecs,Ernestinovo,TieLine,SEASONAL,380.0,1920.0,1330.0,133.0,478.0,896.0,1,False
2024-08-29 00:00:00+00:00,10T-HR-SI-000014,Melina - Divaca,HOPS,DIRECT,HR,SI,Melina,Divaca,TieLine,SEASONAL,380.0,1920.0,1330.0,133.0,59.0,623.0,2,False
2024-08-29 00:00:00+00:00,10T-HR-SI-000022,Pehlin - Divaca,HOPS,DIRECT,HR,SI,Pehlin,Divaca,TieLine,SEASONAL,220.0,960.0,374.0,37.0,-28.0,158.0,1,False
2024-08-29 00:00:00+00:00,10T-HR-SI-000022,Pehlin - Divaca,HOPS,OPPOSITE,HR,SI,Pehlin,Divaca,TieLine,SEASONAL,220.0,960.0,374.0,37.0,43.0,381.0,2,False
2024-08-29 00:00:00+00:00,10T-HR-SI-00004Z,Tumbri - Krsko 1,HOPS,OPPOSITE,HR,SI,Tumbri,Krsko,TieLine,SEASONAL,380.0,1920.0,1330.0,133.0,521.0,1043.0,1,False
2024-08-29 00:00:00+00:00,10T-HU-SK-00001T,Levice - God,SEPS,DIRECT,SK,HU,Levice,God,TieLine,FIXED,380.0,2000.0,1386.0,139.0,1135.0,718.0,1,False
2024-08-29 00:00:00+00:00,10T-HU-UA-00002F,Kisvarda - Mukachevo,MAVIR,DIRECT,HU,UA,Kisvarda,Mukachevo,TieLine,SEASONAL,220.0,640.0,249.0,25.0,-16.0,191.0,1,False
2024-08-29 00:00:00+00:00,10T-HU-UA-00002F,Kisvarda - Mukachevo,MAVIR,OPPOSITE,HU,UA,Kisvarda,Mukachevo,TieLine,SEASONAL,220.0,640.0,249.0,25.0,16.0,257.0,1,False
2024-08-29 00:00:00+00:00,10T-RO-RS-00001V,Portile de Fier - Djerdap,TRANSELECTRICA,OPPOSITE,RO,RS,Portile de Fier,Djerdap,TieLine,SEASONAL,380.0,1836.0,1272.0,127.0,206.0,1274.0,1,False
2024-08-29 00:00:00+00:00,10T-SK-UA-00001W,V.Kapusany - Mukachevo (WPS),SEPS,DIRECT,SK,UA,Velke Kapusany,Mukachevo,TieLine,SEASONAL,380.0,1570.0,1088.0,109.0,814.0,731.0,1,False
2024-08-29 00:00:00+00:00,10T-SK-UA-00001W,V.Kapusany - Mukachevo (WPS),SEPS,OPPOSITE,SK,UA,Velke Kapusany,Mukachevo,TieLine,SEASONAL,380.0,1570.0,1088.0,109.0,-814.0,1227.0,1,False
2024-08-29 00:00:00+00:00,10T1001C--00056R,Gabcikovo - Gonyu,MAVIR,DIRECT,SK,HU,Gabcikovo,Gonyu,TieLine,FIXED,380.0,2000.0,1386.0,139.0,769.0,1159.0,1,False
2024-08-29 00:00:00+00:00,10T1001C--00056R,Gabcikovo - Gonyu,MAVIR,OPPOSITE,SK,HU,Gabcikovo,Gonyu,TieLine,FIXED,380.0,2000.0,1386.0,139.0,-72.0,994.0,2,False
2024-08-29 00:00:00+00:00,10T1001C--00101B,Cirkovce - Heviz,MAVIR,DIRECT,SI,HU,Cirkovce,Heviz,TieLine,FIXED,380.0,2000.0,1109.0,139.0,120.0,1148.0,3,True
2024-08-29 00:00:00+00:00,10T1001C--00101B,Cirkovce - Heviz,MAVIR,OPPOSITE,SI,HU,Cirkovce,Heviz,TieLine,FIXED,380.0,2000.0,1109.0,139.0,-120.0,835.0,3,True
2024-08-29 00:00:00+00:00,10T1001C--001215,Sokolnice - Zaya - V243,CEPS,DIRECT,CZ,AT,Sokolnice,Zaya,TieLine,DYNAMIC,220.0,800.0,312.0,31.0,112.0,233.0,1,False
2024-08-29 00:00:00+00:00,10T1001C--001215,Sokolnice - Zaya - V243,CEPS,OPPOSITE,CZ,AT,Sokolnice,Zaya,TieLine,DYNAMIC,220.0,800.0,312.0,31.0,-112.0,329.0,1,False
2024-08-29 00:00:00+00:00,10T1001C--001223,Sokolnice - Zaya - V244,CEPS,OPPOSITE,CZ,AT,Sokolnice,Zaya,TieLine,DYNAMIC,220.0,800.0,312.0,31.0,-100.0,302.0,1,False
2024-08-29 00:00:00+00:00,11T0-0000-0011-L,PST Roehrsdorf 441,50HERTZ,DIRECT,DE,DE,Roehrsdorf,Roehrsdorf,PST,FIXED,380.0,2028.0,1405.0,141.0,339.0,818.0,1,False
2024-08-29 00:00:00+00:00,11T0-0000-0013-F,PST Vierraden 441,50HERTZ,DIRECT,DE,DE,Vierraden,Vierraden,PST,FIXED,380.0,2000.0,1386.0,139.0,1216.0,518.0,1,False
2024-08-29 00:00:00+00:00,11T0-0000-0781-W,Y-Oberzier (-Paffendorf - Sechtem) SECHTM N,AMPRION,DIRECT,DE,DE,Oberzier,Y-Paffendorf,Line,DYNAMIC,380.0,3270.0,2266.0,227.0,1426.0,989.0,2,False
2024-08-29 00:00:00+00:00,11T0-0000-0986-7,Y-Altheim (-Simbach - St. Peter) 234/230,TENNETGMBH,DIRECT,DE,AT,Altheim,St. Peter,TieLine,DYNAMIC,220.0,1020.0,398.0,40.0,-291.0,431.0,1,False
2024-08-29 00:00:00+00:00,11TD2L000000003L,Altheim - Sittling 219,TENNETGMBH,DIRECT,DE,DE,Altheim,Sittling,Line,DYNAMIC,220.0,1020.0,398.0,40.0,-314.0,445.0,1,False
2024-08-29 00:00:00+00:00,11TD2L000000003L,Altheim - Sittling 219,TENNETGMBH,OPPOSITE,DE,DE,Altheim,Sittling,Line,DYNAMIC,220.0,1020.0,398.0,40.0,314.0,271.0,1,False
2024-08-29 00:00:00+00:00,11TD8L555------W,Dresden/Sued - Schmoelln 555,50HERTZ,OPPOSITE,DE,DE,Dresden/Sued,Schmoelln,Line,FIXED,380.0,2500.0,1732.0,173.0,1182.0,865.0,1,False
2024-08-29 00:00:00+00:00,14T-220-0-0273BO,Strass - Thaur 273B,APG,DIRECT,AT,AT,Strass,Thaur,Line,SEASONAL,220.0,1229.0,479.0,48.0,-148.0,376.0,1,False
2024-08-29 00:00:00+00:00,14T-38220-WT041O,Westtirol 1 - Westtirol 2 WTRHU41,APG,DIRECT,AT,AT,Westtirol 1,Westtirol 2,Transformer,SEASONAL,220.0,1443.0,1000.0,100.0,308.0,971.0,1,False
2024-08-29 00:00:00+00:00,14T-38220-WT041O,Westtirol 1 - Westtirol 2 WTRHU41,APG,OPPOSITE,AT,AT,Westtirol 1,Westtirol 2,Transformer,SEASONAL,220.0,1443.0,1000.0,100.0,-260.0,782.0,4,False
2024-08-29 00:00:00+00:00,14T-38220-ZZ041D,Zell am Ziller 1 - Zell am Ziller 2 ZZRHU41,APG,DIRECT,AT,AT,Zell am Ziller 1,Zell am Ziller 2,Transformer,SEASONAL,220.0,1732.0,1200.0,120.0,-454.0,967.0,1,False
2024-08-29 00:00:00+00:00,15T-M000002791-J,Gonyu - Gyor,MAVIR,DIRECT,HU,HU,Gonyu,Gyor,Line,FIXED,380.0,2000.0,1386.0,139.0,953.0,896.0,1,False
2024-08-29 00:00:00+00:00,19T000000001304A,Krosno Iskrzynia - Rzeszow,PSE,OPPOSITE,PL,PL,Krosno Iskrzynia,Rzeszow,Line,DYNAMIC,380.0,1390.0,963.0,96.0,759.0,466.0,1,False
2024-08-29 00:00:00+00:00,19T000000004057N,Mikulowa AT1,PSE,OPPOSITE,PL,PL,Mikulowa AT1,Mikulowa AT1,Transformer,DYNAMIC,220.0,873.0,605.0,61.0,-153.0,546.0,1,False
2024-08-29 00:00:00+00:00,19T0000000063830,Mikulowa PST1,PSE,OPPOSITE,PL,PL,Mikulowa PST1,Mikulowa PST1,PST,DYNAMIC,380.0,1905.0,1320.0,132.0,-759.0,1449.0,1,False
2024-08-29 00:00:00+00:00,22T-BE-IN-LI018R,Lixhe - Gramme 380.11,ELIA,DIRECT,BE,BE,Gramme,Lixhe,Line,SEASONAL,380.0,2051.0,1421.0,142.0,755.0,784.0,1,False
2024-08-29 00:00:00+00:00,22T-BE-IN-LI02AK,Doel - Zandvliet 380.25,ELIA,DIRECT,BE,BE,Doel,Zandvliet,Line,SEASONAL,380.0,2179.0,1510.0,151.0,228.0,856.0,1,False
2024-08-29 00:00:00+00:00,22T-BE-PST--001W,PST Van Eyck 1,ELIA,DIRECT,BE,BE,Van Eyck,Van Eyck,PST,SEASONAL,380.0,2042.0,1415.0,141.0,-159.0,1532.0,1,False
2024-08-29 00:00:00+00:00,22T-BE-PST--002U,PST Van Eyck 2,ELIA,DIRECT,BE,BE,Van Eyck,Van Eyck,PST,SEASONAL,380.0,2042.0,1415.0,141.0,-182.0,1825.0,3,False
2024-08-29 00:00:00+00:00,22T-BE-PST--002U,PST Van Eyck 2,ELIA,OPPOSITE,BE,BE,Van Eyck,Van Eyck,PST,SEASONAL,380.0,2042.0,1415.0,141.0,182.0,634.0,5,False
2024-08-29 00:00:00+00:00,24T-V425-0000004,V.Dur - Krizovany,SEPS,DIRECT,SK,SK,V.Dur,Krizovany,Line,FIXED,380.0,2100.0,1455.0,145.0,-886.0,1298.0,1,False
2024-08-29 00:00:00+00:00,24T-V425-0000004,V.Dur - Krizovany,SEPS,OPPOSITE,SK,SK,V.Dur,Krizovany,Line,FIXED,380.0,2100.0,1455.0,145.0,886.0,1174.0,2,False
2024-08-29 00:00:00+00:00,24T-V429-0000005,Gabcikovo - P.Biskupice,SEPS,DIRECT,SK,SK,Gabcikovo,P.Biskupice,Line,FIXED,380.0,2280.0,1580.0,158.0,-834.0,1386.0,1,False
2024-08-29 00:00:00+00:00,24T-V490-000000G,V.Dur - Levice 1,SEPS,DIRECT,SK,SK,V.Dur,Levice,Line,FIXED,380.0,2100.0,1455.0,145.0,1390.0,632.0,1,False
2024-08-29 00:00:00+00:00,24T-V493-000000Q,H.Zdana - Sucany,SEPS,DIRECT,SK,SK,H.Zdana,Sucany,Line,FIXED,380.0,2000.0,1386.0,139.0,-198.0,898.0,1,False
2024-08-29 00:00:00+00:00,30T-ROSI400AT--1,TR Rosiori 400/220 1,TRANSELECTRICA,DIRECT,RO,RO,Rosiori,Rosiori,Transformer,SEASONAL,220.0,577.0,400.0,40.0,372.0,125.0,1,False
2024-08-29 00:00:00+00:00,30TPARO220TRGJ-Q,Paroseni - Targu Jiu Nord,TRANSELECTRICA,OPPOSITE,RO,RO,Paroseni,Targu Jiu Nord,Line,SEASONAL,220.0,690.0,269.0,27.0,60.0,121.0,1,False
2024-08-29 00:00:00+00:00,30TPDFE220RESI1S,Portile de Fier - Resita c1,TRANSELECTRICA,DIRECT,RO,RO,Portile de Fier,Resita c1,Line,SEASONAL,220.0,750.0,292.0,29.0,98.0,107.0,1,False
2024-08-29 00:00:00+00:00,30TRESI220TIMI1L,Resita - Timisoara c1,TRANSELECTRICA,DIRECT,RO,RO,Resita,Timisoara c1,Line,SEASONAL,220.0,750.0,292.0,29.0,83.0,129.0,1,False
2024-08-29 00:00:00+00:00,49T000000000000O,Zwolle - Hengelo 380 Wit,TENNETBV,DIRECT,NL,NL,Zwolle,Hengelo,Line,SEASONAL,380.0,2500.0,1732.0,173.0,843.0,978.0,1,False
2024-08-29 00:00:00+00:00,49T0000000000274,Krimpen a/d IJssel - Geertruidenberg 380 Wit,TENNETBV,DIRECT,NL,NL,Krimpen a/d IJssel,Geertruidenberg,Line,SEASONAL,380.0,2826.0,1958.0,196.0,314.0,1910.0,1,False
2024-08-29 01:00:00+00:00,10T-AT-CZ-00003X,Duernrohr 1 - Slavetice 437,APG,OPPOSITE,AT,CZ,Duernrohr 1,Slavetice,TieLine,SEASONAL,380.0,2804.0,1943.0,194.0,746.0,1195.0,1,False
2024-08-29 01:00:00+00:00,10T-AT-DE-000037,Pleinting - St. Peter 258,APG,DIRECT,DE,AT,Pleinting,St. Peter,TieLine,SEASONAL,220.0,1561.0,608.0,61.0,422.0,363.0,1,False
2024-08-29 01:00:00+00:00,10T-AT-SI-00001T,Kainachtal - Maribor 473,APG,DIRECT,AT,SI,Kainachtal,Maribor,TieLine,SEASONAL,380.0,1920.0,1330.0,133.0,1157.0,921.0,1,False
2024-08-29 01:00:00+00:00,10T-AT-SI-00001T,Kainachtal - Maribor 473,APG,OPPOSITE,AT,SI,Kainachtal,Maribor,TieLine,SEASONAL,380.0,1920.0,1330.0,133.0,-1157.0,1473.0,1,False
2024-08-29 01:00:00+00:00,10T-AT-SI-00003P,Obersielach - Podlog 247,APG,DIRECT,AT,SI,Obersielach,Podlog,TieLine,SEASONAL,220.0,1101.0,374.0,43.0,427.0,177.0,5,True
2024-08-29 01:00:00+00:00,10T-AT-SI-00003P,Obersielach - Podlog 247,APG,OPPOSITE,AT,SI,Obersielach,Podlog,TieLine,SEASONAL,220.0,1101.0,429.0,43.0,-452.0,588.0,2,False
2024-08-29 01:00:00+00:00,10T-BE-FR-000015,Achene - Lonny 380.19,ELIA,DIRECT,BE,FR,Achene,Lonny,TieLine,SEASONAL,380.0,2179.0,1510.0,151.0,-667.0,1274.0,2,False
2024-08-29 01:00:00+00:00,10T-BE-FR-000015,Achene - Lonny 380.19,ELIA,OPPOSITE,BE,FR,Achene,Lonny,TieLine,SEASONAL,380.0,2179.0,1510.0,151.0,667.0,1255.0,2,False
2024-08-29 01:00:00+00:00,10T-CZ-DE-00001W,Hradec - Etzenricht,CEPS,DIRECT,CZ,DE,Hradec,Etzenricht,TieLine,FIXED,380.0,2000.0,1386.0,139.0,23.0,1086.0,1,False
2024-08-29 01:00:00+00:00,10T-CZ-DE-00002U,Hradec - Rohrsdorf 445,50HERTZ,OPPOSITE,CZ,DE,Hradec,Rohrsdorf,TieLine,FIXED,380.0,2520.0,1746.0,175.0,759.0,1050.0,1,False
2024-08-29 01:00:00+00:00,10T-CZ-DE-00003S,Hradec - Rohrsdorf - V446,CEPS,DIRECT,CZ,DE,Hradec,Rohrsdorf,TieLine,DYNAMIC,380.0,2520.0,1746.0,175.0,-759.0,2092.0,1,False
2024-08-29 01:00:00+00:00,10T-CZ-DE-00004Q,Etzenricht - Prestice 442,TENNETGMBH,OPPOSITE,DE,CZ,Etzenricht,Prestice,TieLine,FIXED,380.0,2265.0,1569.0,157.0,-69.0,1306.0,1,False
2024-08-29 01:00:00+00:00,10T-CZ-PL-00004A,Wielopole - Nosovice,PSE,DIRECT,PL,CZ,Wielopole,Nosovice,TieLine,DYNAMIC,380.0,1960.0,1358.0,136.0,582.0,850.0,1,False
2024-08-29 01:00:00+00:00,10T-CZ-PL-00004A,Wielopole - Nosovice,PSE,OPPOSITE,PL,CZ,Wielopole,Nosovice,TieLine,DYNAMIC,380.0,1960.0,1358.0,136.0,-582.0,1594.0,1,False
2024-08-29 01:00:00+00:00,10T-CZ-SK-00001Y,Liskovec - P. Bystrica,CEPS,DIRECT,CZ,SK,Liskovec,P. Bystrica,TieLine,FIXED,220.0,665.0,259.0,26.0,190.0,166.0,1,False
2024-08-29 01:00:00+00:00,10T-CZ-SK-00001Y,Liskovec - P. Bystrica,CEPS,OPPOSITE,CZ,SK,Liskovec,P. Bystrica,TieLine,FIXED,220.0,665.0,259.0,26.0,-190.0,300.0,1,False
2024-08-29 01:00:00+00:00,10T-CZ-SK-00002W,Nosovice - Varin,CEPS,DIRECT,CZ,SK,Nosovice,Varin,TieLine,FIXED,380.0,1720.0,1192.0,119.0,1138.0,758.0,1,False
2024-08-29 01:00:00+00:00,10T-CZ-SK-00002W,Nosovice - Varin,CEPS,OPPOSITE,CZ,SK,Nosovice,Varin,TieLine,FIXED,380.0,1720.0,1192.0,119.0,-1138.0,728.0,3,False
2024-08-29 01:00:00+00:00,10T-CZ-SK-00003U,Sokolnice - Krizovany,CEPS,DIRECT,CZ,SK,Sokolnice,Krizovany,TieLine,FIXED,380.0,2000.0,1386.0,139.0,922.0,1148.0,3,False
2024-08-29 01:00:00+00:00,10T-CZ-SK-00003U,Sokolnice - Krizovany,CEPS,OPPOSITE,CZ,SK,Sokolnice,Krizovany,TieLine,FIXED,380.0,2000.0,1386.0,139.0,-922.0,1283.0,3,False
2024-08-29 01:00:00+00:00,10T-DE-FR-000068,Ensdorf - Vigy VIGY2 S,AMPRION,OPPOSITE,DE,FR,Ensdorf,Vigy,TieLine,FIXED,380.0,2720.0,1884.0,188.0,1702.0,376.0,1,False
2024-08-29 01:00:00+00:00,10T-DE-NL-00002T,Diele - Meeden 380 White,TENNETBV,DIRECT,DE,NL,Diele,Meeden,TieLine,SEASONAL,380.0,1520.0,1053.0,105.0,599.0,211.0,1,False
2024-08-29 01:00:00+00:00,10T-DE-NL-00005N,Maasbracht - Oberzier 380 white,AMPRION,DIRECT,NL,DE,Maasbracht,Oberzier,TieLine,SEASONAL,380.0,2500.0,1732.0,173.0,757.0,921.0,7,False
2024-08-29 01:00:00+00:00,10T-HR-HU-000033,Pecs - Ernestinovo1 491A,HOPS,OPPOSITE,HU,HR,Pecs,Ernestinovo,TieLine,SEASONAL,380.0,1920.0,1330.0,133.0,483.0,894.0,1,False
2024-08-29 01:00:00+00:00,10T-HR-SI-000014,Melina - Divaca,HOPS,DIRECT,HR,SI,Melina,Divaca,TieLine,SEASONAL,380.0,1920.0,1330.0,133.0,96.0,610.0,2,False
2024-08-29 01:00:00+00:00,10T-HR-SI-000022,Pehlin - Divaca,HOPS,DIRECT,HR,SI,Pehlin,Divaca,TieLine,SEASONAL,220.0,960.0,374.0,37.0,-5.0,147.0,1,False
2024-08-29 01:00:00+00:00,10T-HR-SI-000022,Pehlin - Divaca,HOPS,OPPOSITE,HR,SI,Pehlin,Divaca,TieLine,SEASONAL,220.0,960.0,374.0,37.0,29.0,389.0,2,False
2024-08-29 01:00:00+00:00,10T-HR-SI-00004Z,Tumbri - Krsko 1,HOPS,OPPOSITE,HR,SI,Tumbri,Krsko,TieLine,SEASONAL,380.0,1920.0,1330.0,133.0,523.0,1025.0,1,False
2024-08-29 01:00:00+00:00,10T-HU-SK-00001T,Levice - God,SEPS,DIRECT,SK,HU,Levice,God,TieLine,FIXED,380.0,2000.0,1386.0,139.0,1122.0,732.0,1,False
2024-08-29 01:00:00+00:00,10T-HU-UA-00002F,Kisvarda - Mukachevo,MAVIR,DIRECT,HU,UA,Kisvarda,Mukachevo,TieLine,SEASONAL,220.0,640.0,249.0,25.0,-10.0,186.0,1,False
2024-08-29 01:00:00+00:00,10T-HU-UA-00002F,Kisvarda - Mukachevo,MAVIR,OPPOSITE,HU,UA,Kisvarda,Mukachevo,TieLine,SEASONAL,220.0,640.0,249.0,25.0,10.0,262.0,1,False
2024-08-29 01:00:00+00:00,10T-RO-RS-00001V,Portile de Fier - Djerdap,TRANSELECTRICA,DIRECT,RO,RS,Portile de Fier,Djerdap,TieLine,SEASONAL,380.0,1836.0,1272.0,127.0,-106.0,914.0,1,False
2024-08-29 01:00:00+00:00,10T-SK-UA-00001W,V.Kapusany - Mukachevo (WPS),SEPS,DIRECT,SK,UA,Velke Kapusany,Mukachevo,TieLine,SEASONAL,380.0,1570.0,1088.0,109.0,815.0,734.0,1,False
2024-08-29 01:00:00+00:00,10T-SK-UA-00001W,V.Kapusany - Mukachevo (WPS),SEPS,OPPOSITE,SK,UA,Velke Kapusany,Mukachevo,TieLine,SEASONAL,380.0,1570.0,1088.0,109.0,-815.0,1224.0,1,False
2024-08-29 01:00:00+00:00,10T1001A1001A09N,Dobrzen - Detmarovice,PSE,DIRECT,PL,CZ,Dobrzen,Detmarovice,TieLine,DYNAMIC,380.0,1945.0,1348.0,135.0,807.0,674.0,1,False
2024-08-29 01:00:00+00:00,10T1001C--00054V,R.Sobota - Sajoivanka,MAVIR,DIRECT,SK,HU,R.Sobota,Sajoivanka,TieLine,FIXED,380.0,2000.0,1386.0,139.0,981.0,899.0,1,False
2024-08-29 01:00:00+00:00,10T1001C--00056R,Gabcikovo - Gonyu,MAVIR,DIRECT,SK,HU,Gabcikovo,Gonyu,TieLine,FIXED,380.0,2000.0,1386.0,139.0,750.0,1184.0,1,False
2024-08-29 01:00:00+00:00,10T1001C--00056R,Gabcikovo - Gonyu,MAVIR,OPPOSITE,SK,HU,Gabcikovo,Gonyu,TieLine,FIXED,380.0,2000.0,1386.0,139.0,-64.0,982.0,2,False
2024-08-29 01:00:00+00:00,10T1001C--00101B,Cirkovce - Heviz,MAVIR,DIRECT,SI,HU,Cirkovce,Heviz,TieLine,FIXED,380.0,2000.0,1109.0,139.0,107.0,1136.0,3,True
2024-08-29 01:00:00+00:00,10T1001C--00101B,Cirkovce - Heviz,MAVIR,OPPOSITE,SI,HU,Cirkovce,Heviz,TieLine,FIXED,380.0,2000.0,1109.0,139.0,-107.0,846.0,3,True
2024-08-29 01:00:00+00:00,10T1001C--001223,Sokolnice - Zaya - V244,CEPS,DIRECT,CZ,AT,Sokolnice,Zaya,TieLine,DYNAMIC,220.0,800.0,312.0,31.0,119.0,239.0,1,False
2024-08-29 01:00:00+00:00,10T1001C--001223,Sokolnice - Zaya - V244,CEPS,OPPOSITE,CZ,AT,Sokolnice,Zaya,TieLine,DYNAMIC,220.0,800.0,312.0,31.0,-119.0,323.0,1,False
2024-08-29 01:00:00+00:00,11T0-0000-0013-F,PST Vierraden 441,50HERTZ,DIRECT,DE,DE,Vierraden,Vierraden,PST,FIXED,380.0,2000.0,1386.0,139.0,1054.0,602.0,1,False
2024-08-29 01:00:00+00:00,11T0-0000-0781-W,Y-Oberzier (-Paffendorf - Sechtem) SECHTM N,AMPRION,DIRECT,DE,DE,Oberzier,Y-Paffendorf,Line,DYNAMIC,380.0,3276.0,2270.0,227.0,1565.0,1022.0,1,False
2024-08-29 01:00:00+00:00,11TD2L000000003L,Altheim - Sittling 219,TENNETGMBH,DIRECT,DE,DE,Altheim,Sittling,Line,DYNAMIC,220.0,1020.0,398.0,40.0,-290.0,452.0,1,False
2024-08-29 01:00:00+00:00,11TD2L000000003L,Altheim - Sittling 219,TENNETGMBH,OPPOSITE,DE,DE,Altheim,Sittling,Line,DYNAMIC,220.0,1020.0,398.0,40.0,290.0,264.0,1,False
2024-08-29 01:00:00+00:00,11TD8L555------W,Dresden/Sued - Schmoelln 555,50HERTZ,OPPOSITE,DE,DE,Dresden/Sued,Schmoelln,Line,FIXED,380.0,2500.0,1732.0,173.0,1219.0,854.0,1,False
2024-08-29 01:00:00+00:00,11TD8L565------N,Graustein - Baerwalde 565,50HERTZ,DIRECT,DE,DE,Graustein,Baerwalde,Line,FIXED,380.0,2875.0,1992.0,199.0,1782.0,672.0,1,False
2024-08-29 01:00:00+00:00,14T-38220-LI043U,Lienz 2 - Lienz 1 LIRHU43,APG,DIRECT,AT,AT,Lienz 2,Lienz 1,Transformer,SEASONAL,220.0,1425.0,555.0,56.0,-84.0,385.0,1,False
2024-08-29 01:00:00+00:00,14T-38220-LI043U,Lienz 2 - Lienz 1 LIRHU43,APG,OPPOSITE,AT,AT,Lienz 2,Lienz 1,Transformer,SEASONAL,220.0,1425.0,555.0,56.0,84.0,613.0,1,False
2024-08-29 01:00:00+00:00,14T-38220-WT041O,Westtirol 1 - Westtirol 2 WTRHU41,APG,OPPOSITE,AT,AT,Westtirol 1,Westtirol 2,Transformer,SEASONAL,220.0,1443.0,1000.0,100.0,-153.0,797.0,2,False
2024-08-29 01:00:00+00:00,14T-38220-ZZ041D,Zell am Ziller 1 - Zell am Ziller 2 ZZRHU41,APG,DIRECT,AT,AT,Zell am Ziller 1,Zell am Ziller 2,Transformer,SEASONAL,220.0,1732.0,1200.0,120.0,-361.0,910.0,1,False
2024-08-29 01:00:00+00:00,14T-RHU43-OS---K,Obersielach - Obersielach OSRHU43,APG,DIRECT,AT,AT,Obersielach,Obersielach,Transformer,SEASONAL,220.0,1439.0,561.0,56.0,280.0,321.0,1,False
2024-08-29 01:00:00+00:00,15T-M000002791-J,Gonyu - Gyor,MAVIR,DIRECT,HU,HU,Gonyu,Gyor,Line,FIXED,380.0,2000.0,1386.0,139.0,939.0,889.0,1,False
2024-08-29 01:00:00+00:00,19T000000001304A,Krosno Iskrzynia - Rzeszow,PSE,OPPOSITE,PL,PL,Krosno Iskrzynia,Rzeszow,Line,DYNAMIC,380.0,1420.0,984.0,98.0,788.0,477.0,1,False
2024-08-29 01:00:00+00:00,19T000000004057N,Mikulowa AT1,PSE,DIRECT,PL,PL,Mikulowa AT1,Mikulowa AT1,Transformer,DYNAMIC,220.0,873.0,605.0,61.0,164.0,501.0,1,False
2024-08-29 01:00:00+00:00,19T000000004057N,Mikulowa AT1,PSE,OPPOSITE,PL,PL,Mikulowa AT1,Mikulowa AT1,Transformer,DYNAMIC,220.0,873.0,605.0,61.0,-164.0,587.0,1,False
2024-08-29 01:00:00+00:00,19T0000000063830,Mikulowa PST1,PSE,DIRECT,PL,PL,Mikulowa PST1,Mikulowa PST1,PST,DYNAMIC,380.0,1905.0,1320.0,132.0,822.0,789.0,1,False
2024-08-29 01:00:00+00:00,19T0000000063830,Mikulowa PST1,PSE,OPPOSITE,PL,PL,Mikulowa PST1,Mikulowa PST1,PST,DYNAMIC,380.0,1905.0,1320.0,132.0,-822.0,1587.0,1,False
2024-08-29 01:00:00+00:00,22T-BE-IN-LI018R,Lixhe - Gramme 380.11,ELIA,DIRECT,BE,BE,Gramme,Lixhe,Line,SEASONAL,380.0,2051.0,1421.0,142.0,923.0,794.0,1,False
2024-08-29 01:00:00+00:00,22T-BE-IN-LI02AK,Doel - Zandvliet 380.25,ELIA,DIRECT,BE,BE,Doel,Zandvliet,Line,SEASONAL,380.0,2179.0,1510.0,151.0,208.0,868.0,1,False
2024-08-29 01:00:00+00:00,22T-BE-PST--001W,PST Van Eyck 1,ELIA,DIRECT,BE,BE,Van Eyck,Van Eyck,PST,SEASONAL,380.0,2042.0,1415.0,141.0,8.0,1468.0,1,False
2024-08-29 01:00:00+00:00,22T-BE-PST--002U,PST Van Eyck 2,ELIA,DIRECT,BE,BE,Van Eyck,Van Eyck,PST,SEASONAL,380.0,2042.0,1415.0,141.0,125.0,1780.0,3,False
2024-08-29 01:00:00+00:00,22T-BE-PST--002U,PST Van Eyck 2,ELIA,OPPOSITE,BE,BE,Van Eyck,Van Eyck,PST,SEASONAL,380.0,2042.0,1415.0,141.0,95.0,647.0,4,False
2024-08-29 01:00:00+00:00,24T-V425-0000004,V.Dur - Krizovany,SEPS,DIRECT,SK,SK,V.Dur,Krizovany,Line,FIXED,380.0,2100.0,1455.0,145.0,-842.0,1249.0,1,False
2024-08-29 01:00:00+00:00,24T-V425-0000004,V.Dur - Krizovany,SEPS,OPPOSITE,SK,SK,V.Dur,Krizovany,Line,FIXED,380.0,2100.0,1455.0,145.0,842.0,1225.0,2,False
2024-08-29 01:00:00+00:00,24T-V429-0000005,Gabcikovo - P.Biskupice,SEPS,DIRECT,SK,SK,Gabcikovo,P.Biskupice,Line,FIXED,380.0,2280.0,1580.0,158.0,-796.0,1342.0,1,False
2024-08-29 01:00:00+00:00,24T-V490-000000G,V.Dur - Levice 1,SEPS,DIRECT,SK,SK,V.Dur,Levice,Line,FIXED,380.0,2100.0,1455.0,145.0,1370.0,636.0,1,False
2024-08-29 01:00:00+00:00,24T-V493-000000Q,H.Zdana - Sucany,SEPS,DIRECT,SK,SK,H.Zdana,Sucany,Line,FIXED,380.0,2000.0,1386.0,139.0,-205.0,901.0,1,False
2024-08-29 01:00:00+00:00,30T-ROSI400AT--1,TR Rosiori 400/220 1,TRANSELECTRICA,DIRECT,RO,RO,Rosiori,Rosiori,Transformer,SEASONAL,220.0,577.0,400.0,40.0,367.0,132.0,1,False
2024-08-29 01:00:00+00:00,30TPDFE220RESI1S,Portile de Fier - Resita c1,TRANSELECTRICA,DIRECT,RO,RO,Portile de Fier,Resita c1,Line,SEASONAL,220.0,750.0,292.0,29.0,87.0,104.0,1,False
2024-08-29 01:00:00+00:00,30TRESI220TIMI1L,Resita - Timisoara c1,TRANSELECTRICA,DIRECT,RO,RO,Resita,Timisoara c1,Line,SEASONAL,220.0,750.0,292.0,29.0,54.0,127.0,1,False
2024-08-29 01:00:00+00:00,49T000000000000O,Zwolle - Hengelo 380 Wit,TENNETBV,DIRECT,NL,NL,Zwolle,Hengelo,Line,SEASONAL,380.0,2500.0,1732.0,173.0,808.0,981.0,1,False
2024-08-29 01:00:00+00:00,49T0000000000274,Krimpen a/d IJssel - Geertruidenberg 380 Wit,TENNETBV,DIRECT,NL,NL,Krimpen a/d IJssel,Geertruidenberg,Line,SEASONAL,380.0,2826.0,1958.0,196.0,331.0,1935.0,1,False
2024-08-29 02:00:00+00:00,10T-AT-CZ-00003X,Duernrohr 1 - Slavetice 437,APG,OPPOSITE,AT,CZ,Duernrohr 1,Slavetice,TieLine,SEASONAL,380.0,2804.0,1943.0,194.0,800.0,1114.0,1,False
2024-08-29 02:00:00+00:00,10T-AT-DE-000037,Pleinting - St. Peter 258,APG,DIRECT,DE,AT,Pleinting,St. Peter,TieLine,SEASONAL,220.0,1561.0,608.0,61.0,405.0,353.0,1,False
2024-08-29 02:00:00+00:00,10T-AT-SI-00001T,Kainachtal - Maribor 473,APG,DIRECT,AT,SI,Kainachtal,Maribor,TieLine,SEASONAL,380.0,1920.0,1330.0,133.0,1125.0,970.0,1,False
2024-08-29 02:00:00+00:00,10T-AT-SI-00001T,Kainachtal - Maribor 473,APG,OPPOSITE,AT,SI,Kainachtal,Maribor,TieLine,SEASONAL,380.0,1920.0,1330.0,133.0,-1125.0,1424.0,1,False
2024-08-29 02:00:00+00:00,10T-AT-SI-00003P,Obersielach - Podlog 247,APG,DIRECT,AT,SI,Obersielach,Podlog,TieLine,SEASONAL,220.0,1101.0,374.0,43.0,426.0,195.0,5,True
2024-08-29 02:00:00+00:00,10T-AT-SI-00003P,Obersielach - Podlog 247,APG,OPPOSITE,AT,SI,Obersielach,Podlog,TieLine,SEASONAL,220.0,1101.0,429.0,43.0,-449.0,570.0,2,False
2024-08-29 02:00:00+00:00,10T-BE-FR-000015,Achene - Lonny 380.19,ELIA,DIRECT,BE,FR,Achene,Lonny,TieLine,SEASONAL,380.0,2179.0,1510.0,151.0,-704.0,1466.0,1,False
2024-08-29 02:00:00+00:00,10T-BE-FR-000015,Achene - Lonny 380.19,ELIA,OPPOSITE,BE,FR,Achene,Lonny,TieLine,SEASONAL,380.0,2179.0,1510.0,151.0,704.0,1252.0,3,False
2024-08-29 02:00:00+00:00,10T-CZ-DE-00001W,Etzenricht - Hradec 441,TENNETGMBH,OPPOSITE,DE,CZ,Etzenricht,Hradec,TieLine,FIXED,380.0,2000.0,1386.0,139.0,119.0,1007.0,1,False
2024-08-29 02:00:00+00:00,10T-CZ-DE-00002U,Hradec - Rohrsdorf 445,50HERTZ,OPPOSITE,CZ,DE,Hradec,Rohrsdorf,TieLine,FIXED,380.0,2520.0,1746.0,175.0,875.0,908.0,1,False
2024-08-29 02:00:00+00:00,10T-CZ-DE-00003S,Hradec - Rohrsdorf - V446,CEPS,DIRECT,CZ,DE,Hradec,Rohrsdorf,TieLine,DYNAMIC,380.0,2520.0,1746.0,175.0,-875.0,2234.0,1,False
2024-08-29 02:00:00+00:00,10T-CZ-DE-00004Q,Etzenricht - Prestice 442,TENNETGMBH,OPPOSITE,DE,CZ,Etzenricht,Prestice,TieLine,FIXED,380.0,2265.0,1569.0,157.0,27.0,1230.0,1,False
2024-08-29 02:00:00+00:00,10T-CZ-PL-00004A,Wielopole - Nosovice,PSE,DIRECT,PL,CZ,Wielopole,Nosovice,TieLine,DYNAMIC,380.0,1980.0,1372.0,137.0,601.0,863.0,1,False
2024-08-29 02:00:00+00:00,10T-CZ-PL-00004A,Wielopole - Nosovice,PSE,OPPOSITE,PL,CZ,Wielopole,Nosovice,TieLine,DYNAMIC,380.0,1980.0,1372.0,137.0,-601.0,1607.0,1,False
2024-08-29 02:00:00+00:00,10T-CZ-SK-00001Y,Liskovec - P. Bystrica,CEPS,DIRECT,CZ,SK,Liskovec,P. Bystrica,TieLine,FIXED,220.0,665.0,259.0,26.0,184.0,173.0,1,False
2024-08-29 02:00:00+00:00,10T-CZ-SK-00001Y,Liskovec - P. Bystrica,CEPS,OPPOSITE,CZ,SK,Liskovec,P. Bystrica,TieLine,FIXED,220.0,665.0,259.0,26.0,-184.0,293.0,1,False
2024-08-29 02:00:00+00:00,10T-CZ-SK-00002W,Nosovice - Varin,CEPS,DIRECT,CZ,SK,Nosovice,Varin,TieLine,FIXED,380.0,1720.0,1192.0,119.0,1083.0,798.0,1,False
2024-08-29 02:00:00+00:00,10T-CZ-SK-00002W,Nosovice - Varin,CEPS,OPPOSITE,CZ,SK,Nosovice,Varin,TieLine,FIXED,380.0,1720.0,1192.0,119.0,-1083.0,763.0,3,False
2024-08-29 02:00:00+00:00,10T-CZ-SK-00003U,Sokolnice - Krizovany,CEPS,DIRECT,CZ,SK,Sokolnice,Krizovany,TieLine,FIXED,380.0,2000.0,1386.0,139.0,886.0,1151.0,3,False
2024-08-29 02:00:00+00:00,10T-CZ-SK-00003U,Sokolnice - Krizovany,CEPS,OPPOSITE,CZ,SK,Sokolnice,Krizovany,TieLine,FIXED,380.0,2000.0,1386.0,139.0,-886.0,1288.0,3,False
2024-08-29 02:00:00+00:00,10T-DE-FR-000068,Ensdorf - Vigy VIGY2 S,AMPRION,DIRECT,DE,FR,Ensdorf,Vigy,TieLine,FIXED,380.0,2720.0,1884.0,188.0,-1629.0,2966.0,1,False
2024-08-29 02:00:00+00:00,10T-DE-FR-000068,Ensdorf - Vigy VIGY2 S,AMPRION,OPPOSITE,DE,FR,Ensdorf,Vigy,TieLine,FIXED,380.0,2720.0,1884.0,188.0,1629.0,426.0,1,False
2024-08-29 02:00:00+00:00,10T-DE-NL-00002T,Diele - Meeden 380 White,TENNETBV,DIRECT,DE,NL,Diele,Meeden,TieLine,SEASONAL,380.0,1520.0,1053.0,105.0,474.0,272.0,1,False
2024-08-29 02:00:00+00:00,10T-DE-NL-00005N,Maasbracht - Oberzier 380 white,AMPRION,DIRECT,NL,DE,Maasbracht,Oberzier,TieLine,SEASONAL,380.0,2500.0,1732.0,173.0,578.0,1045.0,6,False
2024-08-29 02:00:00+00:00,10T-HR-HU-000033,Pecs - Ernestinovo1 491A,HOPS,OPPOSITE,HU,HR,Pecs,Ernestinovo,TieLine,SEASONAL,380.0,1920.0,1330.0,133.0,446.0,921.0,1,False
2024-08-29 02:00:00+00:00,10T-HR-SI-000014,Melina - Divaca,HOPS,DIRECT,HR,SI,Melina,Divaca,TieLine,SEASONAL,380.0,1920.0,1330.0,133.0,51.0,653.0,1,False
2024-08-29 02:00:00+00:00,10T-HR-SI-000022,Pehlin - Divaca,HOPS,DIRECT,HR,SI,Pehlin,Divaca,TieLine,SEASONAL,220.0,960.0,374.0,37.0,-13.0,160.0,1,False
2024-08-29 02:00:00+00:00,10T-HR-SI-000022,Pehlin - Divaca,HOPS,OPPOSITE,HR,SI,Pehlin,Divaca,TieLine,SEASONAL,220.0,960.0,374.0,37.0,31.0,386.0,2,False
2024-08-29 02:00:00+00:00,10T-HR-SI-00004Z,Tumbri - Krsko 1,HOPS,OPPOSITE,HR,SI,Tumbri,Krsko,TieLine,SEASONAL,380.0,1920.0,1330.0,133.0,485.0,1060.0,1,False
2024-08-29 02:00:00+00:00,10T-HU-SK-00001T,Levice - God,SEPS,DIRECT,SK,HU,Levice,God,TieLine,FIXED,380.0,2000.0,1386.0,139.0,1137.0,720.0,1,False
2024-08-29 02:00:00+00:00,10T-HU-UA-00002F,Kisvarda - Mukachevo,MAVIR,DIRECT,HU,UA,Kisvarda,Mukachevo,TieLine,SEASONAL,220.0,640.0,249.0,25.0,-10.0,180.0,1,False
2024-08-29 02:00:00+00:00,10T-HU-UA-00002F,Kisvarda - Mukachevo,MAVIR,OPPOSITE,HU,UA,Kisvarda,Mukachevo,TieLine,SEASONAL,220.0,640.0,249.0,25.0,10.0,268.0,1,False
2024-08-29 02:00:00+00:00,10T-RO-RS-00001V,Portile de Fier - Djerdap,TRANSELECTRICA,OPPOSITE,RO,RS,Portile de Fier,Djerdap,TieLine,SEASONAL,380.0,1836.0,1272.0,127.0,256.0,1198.0,1,False
2024-08-29 02:00:00+00:00,10T-SK-UA-00001W,V.Kapusany - Mukachevo (WPS),SEPS,DIRECT,SK,UA,Velke Kapusany,Mukachevo,TieLine,SEASONAL,380.0,1570.0,1088.0,109.0,845.0,708.0,1,False
2024-08-29 02:00:00+00:00,10T-SK-UA-00001W,V.Kapusany - Mukachevo (WPS),SEPS,OPPOSITE,SK,UA,Velke Kapusany,Mukachevo,TieLine,SEASONAL,380.0,1570.0,1088.0,109.0,-845.0,1250.0,1,False
2024-08-29 02:00:00+00:00,10T1001C--00054V,R.Sobota - Sajoivanka,MAVIR,DIRECT,SK,HU,R.Sobota,Sajoivanka,TieLine,FIXED,380.0,2000.0,1386.0,139.0,1006.0,883.0,1,False
2024-08-29 02:00:00+00:00,10T1001C--00056R,Gabcikovo - Gonyu,MAVIR,DIRECT,SK,HU,Gabcikovo,Gonyu,TieLine,FIXED,380.0,2000.0,1386.0,139.0,753.0,1179.0,1,False
2024-08-29 02:00:00+00:00,10T1001C--00056R,Gabcikovo - Gonyu,MAVIR,OPPOSITE,SK,HU,Gabcikovo,Gonyu,TieLine,FIXED,380.0,2000.0,1386.0,139.0,-63.0,990.0,2,False
2024-08-29 02:00:00+00:00,10T1001C--00101B,Cirkovce - Heviz,MAVIR,DIRECT,SI,HU,Cirkovce,Heviz,TieLine,FIXED,380.0,2000.0,1109.0,139.0,117.0,1140.0,3,True
2024-08-29 02:00:00+00:00,10T1001C--00101B,Cirkovce - Heviz,MAVIR,OPPOSITE,SI,HU,Cirkovce,Heviz,TieLine,FIXED,380.0,2000.0,1109.0,139.0,-117.0,847.0,3,True
2024-08-29 02:00:00+00:00,10T1001C--001029,Podlog - Zerjavinec,ELES,DIRECT,SI,HR,Podlog,Zerjavinec,TieLine,DYNAMIC,220.0,780.0,304.0,30.0,52.0,306.0,1,False
2024-08-29 02:00:00+00:00,10T1001C--001223,Sokolnice - Zaya - V244,CEPS,DIRECT,CZ,AT,Sokolnice,Zaya,TieLine,DYNAMIC,220.0,800.0,312.0,31.0,125.0,225.0,1,False
2024-08-29 02:00:00+00:00,10T1001C--001223,Sokolnice - Zaya - V244,CEPS,OPPOSITE,CZ,AT,Sokolnice,Zaya,TieLine,DYNAMIC,220.0,800.0,312.0,31.0,-125.0,337.0,1,False
2024-08-29 02:00:00+00:00,11T0-0000-0011-L,PST Roehrsdorf 441,50HERTZ,DIRECT,DE,DE,Roehrsdorf,Roehrsdorf,PST,FIXED,380.0,2028.0,1405.0,141.0,88.0,992.0,1,False
2024-08-29 02:00:00+00:00,11T0-0000-0013-F,PST Vierraden 441,50HERTZ,DIRECT,DE,DE,Vierraden,Vierraden,PST,FIXED,380.0,2000.0,1386.0,139.0,976.0,612.0,1,False
2024-08-29 02:00:00+00:00,11T0-0000-0781-W,Y-Oberzier (-Paffendorf - Sechtem) SECHTM N,AMPRION,DIRECT,DE,DE,Oberzier,Y-Paffendorf,Line,DYNAMIC,380.0,3283.0,2275.0,227.0,1387.0,1171.0,1,False
2024-08-29 02:00:00+00:00,11TD2L000000003L,Altheim - Sittling 219,TENNETGMBH,DIRECT,DE,DE,Altheim,Sittling,Line,DYNAMIC,220.0,1020.0,398.0,40.0,-263.0,448.0,1,False
2024-08-29 02:00:00+00:00,11TD2L000000003L,Altheim - Sittling 219,TENNETGMBH,OPPOSITE,DE,DE,Altheim,Sittling,Line,DYNAMIC,220.0,1020.0,398.0,40.0,263.0,268.0,1,False
2024-08-29 02:00:00+00:00,11TD8L555------W,Dresden/Sued - Schmoelln 555,50HERTZ,OPPOSITE,DE,DE,Dresden/Sued,Schmoelln,Line,FIXED,380.0,2500.0,1732.0,173.0,972.0,842.0,1,False
2024-08-29 02:00:00+00:00,11TD8L565------N,Graustein - Baerwalde 565,50HERTZ,DIRECT,DE,DE,Graustein,Baerwalde,Line,FIXED,380.0,2885.0,1999.0,200.0,1485.0,607.0,1,False
2024-08-29 02:00:00+00:00,14T-220-0-0273BO,Strass - Thaur 273B,APG,DIRECT,AT,AT,Strass,Thaur,Line,SEASONAL,220.0,1229.0,479.0,48.0,-31.0,307.0,1,False
2024-08-29 02:00:00+00:00,14T-22220-TAPSTO,Tauern - Tauern TAPST,APG,OPPOSITE,AT,AT,Tauern,Tauern,PST,SEASONAL,220.0,1493.0,582.0,58.0,167.0,369.0,2,False
2024-08-29 02:00:00+00:00,14T-38220-LI043U,Lienz 2 - Lienz 1 LIRHU43,APG,DIRECT,AT,AT,Lienz 2,Lienz 1,Transformer,SEASONAL,220.0,1425.0,555.0,56.0,-83.0,428.0,1,False
2024-08-29 02:00:00+00:00,14T-38220-LI043U,Lienz 2 - Lienz 1 LIRHU43,APG,OPPOSITE,AT,AT,Lienz 2,Lienz 1,Transformer,SEASONAL,220.0,1425.0,555.0,56.0,83.0,570.0,1,False
2024-08-29 02:00:00+00:00,14T-38220-WT041O,Westtirol 1 - Westtirol 2 WTRHU41,APG,OPPOSITE,AT,AT,Westtirol 1,Westtirol 2,Transformer,SEASONAL,220.0,1443.0,1000.0,100.0,-52.0,724.0,3,False
2024-08-29 02:00:00+00:00,14T-RHU43-OS---K,Obersielach - Obersielach OSRHU43,APG,DIRECT,AT,AT,Obersielach,Obersielach,Transformer,SEASONAL,220.0,1439.0,561.0,56.0,291.0,328.0,1,False
2024-08-29 02:00:00+00:00,15T-M000002791-J,Gonyu - Gyor,MAVIR,DIRECT,HU,HU,Gonyu,Gyor,Line,FIXED,380.0,2000.0,1386.0,139.0,944.0,890.0,1,False
2024-08-29 02:00:00+00:00,19T000000001304A,Krosno Iskrzynia - Rzeszow,PSE,OPPOSITE,PL,PL,Krosno Iskrzynia,Rzeszow,Line,DYNAMIC,380.0,1420.0,984.0,98.0,845.0,471.0,1,False
2024-08-29 02:00:00+00:00,19T000000004057N,Mikulowa AT1,PSE,OPPOSITE,PL,PL,Mikulowa AT1,Mikulowa AT1,Transformer,DYNAMIC,220.0,873.0,605.0,61.0,-158.0,610.0,1,False
2024-08-29 02:00:00+00:00,19T0000000063830,Mikulowa PST1,PSE,DIRECT,PL,PL,Mikulowa PST1,Mikulowa PST1,PST,DYNAMIC,380.0,1905.0,1320.0,132.0,812.0,727.0,1,False
2024-08-29 02:00:00+00:00,19T0000000063830,Mikulowa PST1,PSE,OPPOSITE,PL,PL,Mikulowa PST1,Mikulowa PST1,PST,DYNAMIC,380.0,1905.0,1320.0,132.0,-812.0,1649.0,1,False
2024-08-29 02:00:00+00:00,19T000000006396S,Polaniec - Tarnow,PSE,DIRECT,PL,PL,Polaniec,Tarnow,Line,DYNAMIC,380.0,1415.0,980.0,98.0,631.0,472.0,1,False
2024-08-29 02:00:00+00:00,22T-BE-IN-LI018R,Lixhe - Gramme 380.11,ELIA,DIRECT,BE,BE,Gramme,Lixhe,Line,SEASONAL,380.0,2051.0,1421.0,142.0,893.0,835.0,1,False
2024-08-29 02:00:00+00:00,22T-BE-IN-LI02AK,Doel - Zandvliet 380.25,ELIA,DIRECT,BE,BE,Doel,Zandvliet,Line,SEASONAL,380.0,2179.0,1510.0,151.0,252.0,833.0,1,False
2024-08-29 02:00:00+00:00,22T-BE-PST--001W,PST Van Eyck 1,ELIA,DIRECT,BE,BE,Van Eyck,Van Eyck,PST,SEASONAL,380.0,2042.0,1415.0,141.0,64.0,1440.0,1,False
2024-08-29 02:00:00+00:00,22T-BE-PST--002U,PST Van Eyck 2,ELIA,DIRECT,BE,BE,Van Eyck,Van Eyck,PST,SEASONAL,380.0,2042.0,1415.0,141.0,211.0,1723.0,4,False
2024-08-29 02:00:00+00:00,22T-BE-PST--002U,PST Van Eyck 2,ELIA,OPPOSITE,BE,BE,Van Eyck,Van Eyck,PST,SEASONAL,380.0,2042.0,1415.0,141.0,16.0,726.0,4,False
2024-08-29 02:00:00+00:00,24T-V425-0000004,V.Dur - Krizovany,SEPS,DIRECT,SK,SK,V.Dur,Krizovany,Line,FIXED,380.0,2100.0,1455.0,145.0,-834.0,1255.0,1,False
2024-08-29 02:00:00+00:00,24T-V425-0000004,V.Dur - Krizovany,SEPS,OPPOSITE,SK,SK,V.Dur,Krizovany,Line,FIXED,380.0,2100.0,1455.0,145.0,834.0,1220.0,2,False
2024-08-29 02:00:00+00:00,24T-V429-0000005,Gabcikovo - P.Biskupice,SEPS,DIRECT,SK,SK,Gabcikovo,P.Biskupice,Line,FIXED,380.0,2280.0,1580.0,158.0,-791.0,1349.0,1,False
2024-08-29 02:00:00+00:00,24T-V490-000000G,V.Dur - Levice 1,SEPS,DIRECT,SK,SK,V.Dur,Levice,Line,FIXED,380.0,2100.0,1455.0,145.0,1377.0,620.0,1,False
2024-08-29 02:00:00+00:00,24T-V493-000000Q,H.Zdana - Sucany,SEPS,DIRECT,SK,SK,H.Zdana,Sucany,Line,FIXED,380.0,2000.0,1386.0,139.0,-238.0,926.0,1,False
2024-08-29 02:00:00+00:00,30T-ROSI400AT--1,TR Rosiori 400/220 1,TRANSELECTRICA,DIRECT,RO,RO,Rosiori,Rosiori,Transformer,SEASONAL,220.0,577.0,400.0,40.0,385.0,107.0,1,False
2024-08-29 02:00:00+00:00,30TPARO220TRGJ-Q,Paroseni - Targu Jiu Nord,TRANSELECTRICA,OPPOSITE,RO,RO,Paroseni,Targu Jiu Nord,Line,SEASONAL,220.0,690.0,269.0,27.0,70.0,133.0,1,False
2024-08-29 02:00:00+00:00,30TPDFE220RESI1S,Portile de Fier - Resita c1,TRANSELECTRICA,DIRECT,RO,RO,Portile de Fier,Resita c1,Line,SEASONAL,220.0,750.0,292.0,29.0,78.0,125.0,1,False
2024-08-29 02:00:00+00:00,30TRESI220TIMI1L,Resita - Timisoara c1,TRANSELECTRICA,DIRECT,RO,RO,Resita,Timisoara c1,Line,SEASONAL,220.0,750.0,292.0,29.0,53.0,143.0,1,False
2024-08-29 02:00:00+00:00,49T000000000000O,Zwolle - Hengelo 380 Wit,TENNETBV,DIRECT,NL,NL,Zwolle,Hengelo,Line,SEASONAL,380.0,2500.0,1732.0,173.0,881.0,896.0,1,False
2024-08-29 02:00:00+00:00,49T0000000000274,Krimpen a/d IJssel - Geertruidenberg 380 Wit,TENNETBV,DIRECT,NL,NL,Krimpen a/d IJssel,Geertruidenberg,Line,SEASONAL,380.0,2826.0,1958.0,196.0,314.0,1917.0,1,False
2024-08-29 03:00:00+00:00,10T-AT-CZ-00003X,Duernrohr 1 - Slavetice 437,APG,OPPOSITE,AT,CZ,Duernrohr 1,Slavetice,TieLine,SEASONAL,380.0,2804.0,1943.0,194.0,783.0,1079.0,1,False
2024-08-29 03:00:00+00:00,10T-AT-DE-000037,Pleinting - St. Peter 258,APG,DIRECT,DE,AT,Pleinting,St. Peter,TieLine,SEASONAL,220.0,1561.0,608.0,61.0,376.0,354.0,1,False
2024-08-29 03:00:00+00:00,10T-AT-SI-00001T,Kainachtal - Maribor 473,APG,OPPOSITE,AT,SI,Kainachtal,Maribor,TieLine,SEASONAL,380.0,1920.0,1330.0,133.0,-770.0,1193.0,1,False
2024-08-29 03:00:00+00:00,10T-AT-SI-00003P,Obersielach - Podlog 247,APG,DIRECT,AT,SI,Obersielach,Podlog,TieLine,SEASONAL,220.0,1101.0,429.0,43.0,332.0,253.0,4,False
2024-08-29 03:00:00+00:00,10T-AT-SI-00003P,Obersielach - Podlog 247,APG,OPPOSITE,AT,SI,Obersielach,Podlog,TieLine,SEASONAL,220.0,1101.0,429.0,43.0,-304.0,497.0,1,False
2024-08-29 03:00:00+00:00,10T-BE-FR-000015,Achene - Lonny 380.19,ELIA,DIRECT,BE,FR,Achene,Lonny,TieLine,SEASONAL,380.0,2243.0,1554.0,155.0,-800.0,1568.0,1,False
2024-08-29 03:00:00+00:00,10T-BE-FR-000015,Achene - Lonny 380.19,ELIA,OPPOSITE,BE,FR,Achene,Lonny,TieLine,SEASONAL,380.0,2243.0,1554.0,155.0,800.0,1193.0,4,False
2024-08-29 03:00:00+00:00,10T-CZ-DE-00001W,Etzenricht - Hradec 441,TENNETGMBH,OPPOSITE,DE,CZ,Etzenricht,Hradec,TieLine,FIXED,380.0,2000.0,1386.0,139.0,136.0,997.0,1,False
2024-08-29 03:00:00+00:00,10T-CZ-DE-00002U,Hradec - Rohrsdorf 445,50HERTZ,OPPOSITE,CZ,DE,Hradec,Rohrsdorf,TieLine,FIXED,380.0,2520.0,1746.0,175.0,808.0,922.0,1,False
2024-08-29 03:00:00+00:00,10T-CZ-DE-00003S,Hradec - Rohrsdorf - V446,CEPS,DIRECT,CZ,DE,Hradec,Rohrsdorf,TieLine,DYNAMIC,380.0,2520.0,1746.0,175.0,-808.0,2220.0,1,False
2024-08-29 03:00:00+00:00,10T-CZ-DE-00004Q,Etzenricht - Prestice 442,TENNETGMBH,OPPOSITE,DE,CZ,Etzenricht,Prestice,TieLine,FIXED,380.0,2265.0,1569.0,157.0,46.0,1225.0,1,False
2024-08-29 03:00:00+00:00,10T-CZ-PL-00004A,Wielopole - Nosovice,PSE,DIRECT,PL,CZ,Wielopole,Nosovice,TieLine,DYNAMIC,380.0,1980.0,1372.0,137.0,528.0,875.0,1,False
2024-08-29 03:00:00+00:00,10T-CZ-PL-00004A,Wielopole - Nosovice,PSE,OPPOSITE,PL,CZ,Wielopole,Nosovice,TieLine,DYNAMIC,380.0,1980.0,1372.0,137.0,-528.0,1595.0,1,False
2024-08-29 03:00:00+00:00,10T-CZ-SK-00001Y,Liskovec - P. Bystrica,CEPS,DIRECT,CZ,SK,Liskovec,P. Bystrica,TieLine,FIXED,220.0,665.0,259.0,26.0,167.0,173.0,1,False
2024-08-29 03:00:00+00:00,10T-CZ-SK-00001Y,Liskovec - P. Bystrica,CEPS,OPPOSITE,CZ,SK,Liskovec,P. Bystrica,TieLine,FIXED,220.0,665.0,259.0,26.0,-167.0,293.0,1,False
2024-08-29 03:00:00+00:00,10T-CZ-SK-00002W,Nosovice - Varin,CEPS,DIRECT,CZ,SK,Nosovice,Varin,TieLine,FIXED,380.0,1720.0,1192.0,119.0,989.0,828.0,1,False
2024-08-29 03:00:00+00:00,10T-CZ-SK-00002W,Nosovice - Varin,CEPS,OPPOSITE,CZ,SK,Nosovice,Varin,TieLine,FIXED,380.0,1720.0,1192.0,119.0,-989.0,774.0,2,False
2024-08-29 03:00:00+00:00,10T-CZ-SK-00003U,Sokolnice - Krizovany,CEPS,DIRECT,CZ,SK,Sokolnice,Krizovany,TieLine,FIXED,380.0,2000.0,1386.0,139.0,782.0,1235.0,3,False
2024-08-29 03:00:00+00:00,10T-CZ-SK-00003U,Sokolnice - Krizovany,CEPS,OPPOSITE,CZ,SK,Sokolnice,Krizovany,TieLine,FIXED,380.0,2000.0,1386.0,139.0,-782.0,1195.0,3,False
2024-08-29 03:00:00+00:00,10T-DE-FR-000068,Ensdorf - Vigy VIGY2 S,AMPRION,DIRECT,DE,FR,Ensdorf,Vigy,TieLine,FIXED,380.0,2720.0,1884.0,188.0,-1618.0,2955.0,1,False
2024-08-29 03:00:00+00:00,10T-DE-FR-000068,Ensdorf - Vigy VIGY2 S,AMPRION,OPPOSITE,DE,FR,Ensdorf,Vigy,TieLine,FIXED,380.0,2720.0,1884.0,188.0,1618.0,437.0,1,False
2024-08-29 03:00:00+00:00,10T-DE-NL-00002T,Diele - Meeden 380 White,TENNETBV,DIRECT,DE,NL,Diele,Meeden,TieLine,SEASONAL,380.0,1520.0,1053.0,105.0,298.0,410.0,1,False
2024-08-29 03:00:00+00:00,10T-DE-NL-00005N,Maasbracht - Oberzier 380 white,AMPRION,DIRECT,NL,DE,Maasbracht,Oberzier,TieLine,SEASONAL,380.0,2500.0,1732.0,173.0,553.0,1085.0,6,False
2024-08-29 03:00:00+00:00,10T-DE-NL-00005N,Maasbracht - Oberzier 380 white,AMPRION,OPPOSITE,NL,DE,Maasbracht,Oberzier,TieLine,SEASONAL,380.0,2500.0,1732.0,173.0,35.0,1920.0,1,False
2024-08-29 03:00:00+00:00,10T-HR-HU-000033,Pecs - Ernestinovo1 491A,HOPS,OPPOSITE,HU,HR,Pecs,Ernestinovo,TieLine,SEASONAL,380.0,1920.0,1330.0,133.0,321.0,971.0,1,False
2024-08-29 03:00:00+00:00,10T-HR-SI-000022,Pehlin - Divaca,HOPS,DIRECT,HR,SI,Pehlin,Divaca,TieLine,SEASONAL,220.0,960.0,374.0,37.0,-70.0,198.0,1,False
2024-08-29 03:00:00+00:00,10T-HR-SI-000022,Pehlin - Divaca,HOPS,OPPOSITE,HR,SI,Pehlin,Divaca,TieLine,SEASONAL,220.0,960.0,374.0,37.0,33.0,403.0,2,False
2024-08-29 03:00:00+00:00,10T-HR-SI-00004Z,Tumbri - Krsko 1,HOPS,OPPOSITE,HR,SI,Tumbri,Krsko,TieLine,SEASONAL,380.0,1920.0,1330.0,133.0,485.0,1101.0,1,False
2024-08-29 03:00:00+00:00,10T-HU-SK-00001T,Levice - God,SEPS,DIRECT,SK,HU,Levice,God,TieLine,FIXED,380.0,2000.0,1386.0,139.0,1081.0,752.0,1,False
2024-08-29 03:00:00+00:00,10T-HU-UA-00002F,Kisvarda - Mukachevo,MAVIR,DIRECT,HU,UA,Kisvarda,Mukachevo,TieLine,SEASONAL,220.0,640.0,249.0,25.0,-8.0,171.0,1,False
2024-08-29 03:00:00+00:00,10T-SK-UA-00001W,V.Kapusany - Mukachevo (WPS),SEPS,DIRECT,SK,UA,Velke Kapusany,Mukachevo,TieLine,SEASONAL,380.0,1570.0,1088.0,109.0,774.0,731.0,1,False
2024-08-29 03:00:00+00:00,10T-SK-UA-00001W,V.Kapusany - Mukachevo (WPS),SEPS,OPPOSITE,SK,UA,Velke Kapusany,Mukachevo,TieLine,SEASONAL,380.0,1570.0,1088.0,109.0,-774.0,1227.0,1,False
2024-08-29 03:00:00+00:00,10T1001C--00054V,R.Sobota - Sajoivanka,MAVIR,DIRECT,SK,HU,R.Sobota,Sajoivanka,TieLine,FIXED,380.0,2000.0,1386.0,139.0,939.0,911.0,1,False
2024-08-29 03:00:00+00:00,10T1001C--00056R,Gabcikovo - Gonyu,MAVIR,DIRECT,SK,HU,Gabcikovo,Gonyu,TieLine,FIXED,380.0,2000.0,1386.0,139.0,659.0,1221.0,1,False
2024-08-29 03:00:00+00:00,10T1001C--00056R,Gabcikovo - Gonyu,MAVIR,OPPOSITE,SK,HU,Gabcikovo,Gonyu,TieLine,FIXED,380.0,2000.0,1386.0,139.0,-60.0,994.0,2,False
2024-08-29 03:00:00+00:00,10T1001C--00101B,Cirkovce - Heviz,MAVIR,DIRECT,SI,HU,Cirkovce,Heviz,TieLine,FIXED,380.0,2000.0,1109.0,139.0,264.0,1114.0,3,True
2024-08-29 03:00:00+00:00,10T1001C--00101B,Cirkovce - Heviz,MAVIR,OPPOSITE,SI,HU,Cirkovce,Heviz,TieLine,FIXED,380.0,2000.0,1109.0,139.0,-264.0,874.0,3,True
2024-08-29 03:00:00+00:00,10T1001C--001223,Sokolnice - Zaya - V244,CEPS,DIRECT,CZ,AT,Sokolnice,Zaya,TieLine,DYNAMIC,220.0,800.0,312.0,31.0,117.0,219.0,1,False
2024-08-29 03:00:00+00:00,10T1001C--001223,Sokolnice - Zaya - V244,CEPS,OPPOSITE,CZ,AT,Sokolnice,Zaya,TieLine,DYNAMIC,220.0,800.0,312.0,31.0,-117.0,343.0,1,False
2024-08-29 03:00:00+00:00,11T0-0000-0013-F,PST Vierraden 441,50HERTZ,DIRECT,DE,DE,Vierraden,Vierraden,PST,FIXED,380.0,2000.0,1386.0,139.0,942.0,655.0,1,False
2024-08-29 03:00:00+00:00,11T0-0000-0781-W,Y-Oberzier (-Paffendorf - Sechtem) SECHTM N,AMPRION,DIRECT,DE,DE,Oberzier,Y-Paffendorf,Line,DYNAMIC,380.0,3224.0,2234.0,223.0,1461.0,1114.0,1,False
2024-08-29 03:00:00+00:00,11TD2L000000003L,Altheim - Sittling 219,TENNETGMBH,OPPOSITE,DE,DE,Altheim,Sittling,Line,DYNAMIC,220.0,1020.0,398.0,40.0,261.0,251.0,1,False
2024-08-29 03:00:00+00:00,11TD8L555------W,Dresden/Sued - Schmoelln 555,50HERTZ,OPPOSITE,DE,DE,Dresden/Sued,Schmoelln,Line,FIXED,380.0,2500.0,1732.0,173.0,941.0,845.0,1,False
2024-08-29 03:00:00+00:00,11TD8L565------N,Graustein - Baerwalde 565,50HERTZ,DIRECT,DE,DE,Graustein,Baerwalde,Line,FIXED,380.0,2890.0,2002.0,200.0,1379.0,636.0,1,False
2024-08-29 03:00:00+00:00,14T-220-0-0273BO,Strass - Thaur 273B,APG,DIRECT,AT,AT,Strass,Thaur,Line,SEASONAL,220.0,1229.0,479.0,48.0,50.0,250.0,1,False
2024-08-29 03:00:00+00:00,14T-221-0-00223Q,Hessenberg - Weissenbach 223,APG,OPPOSITE,AT,AT,Hessenberg,Weissenbach,Line,SEASONAL,220.0,970.0,378.0,38.0,250.0,212.0,1,False
2024-08-29 03:00:00+00:00,14T-38220-WT041O,Westtirol 1 - Westtirol 2 WTRHU41,APG,OPPOSITE,AT,AT,Westtirol 1,Westtirol 2,Transformer,SEASONAL,220.0,1443.0,1000.0,100.0,116.0,521.0,4,False
2024-08-29 03:00:00+00:00,15T-M000002791-J,Gonyu - Gyor,MAVIR,DIRECT,HU,HU,Gonyu,Gyor,Line,FIXED,380.0,2000.0,1386.0,139.0,819.0,867.0,1,False
2024-08-29 03:00:00+00:00,19T000000001304A,Krosno Iskrzynia - Rzeszow,PSE,OPPOSITE,PL,PL,Krosno Iskrzynia,Rzeszow,Line,DYNAMIC,380.0,1420.0,984.0,98.0,755.0,462.0,1,False
2024-08-29 03:00:00+00:00,19T000000004057N,Mikulowa AT1,PSE,OPPOSITE,PL,PL,Mikulowa AT1,Mikulowa AT1,Transformer,DYNAMIC,220.0,873.0,605.0,61.0,-167.0,606.0,1,False
2024-08-29 03:00:00+00:00,19T0000000063830,Mikulowa PST1,PSE,DIRECT,PL,PL,Mikulowa PST1,Mikulowa PST1,PST,DYNAMIC,380.0,1905.0,1320.0,132.0,796.0,755.0,1,False
2024-08-29 03:00:00+00:00,19T0000000063830,Mikulowa PST1,PSE,OPPOSITE,PL,PL,Mikulowa PST1,Mikulowa PST1,PST,DYNAMIC,380.0,1905.0,1320.0,132.0,-796.0,1621.0,1,False
2024-08-29 03:00:00+00:00,22T-BE-IN-LI018R,Lixhe - Gramme 380.11,ELIA,DIRECT,BE,BE,Gramme,Lixhe,Line,SEASONAL,380.0,2051.0,1421.0,142.0,911.0,858.0,1,False
2024-08-29 03:00:00+00:00,22T-BE-IN-LI02AK,Doel - Zandvliet 380.25,ELIA,DIRECT,BE,BE,Doel,Zandvliet,Line,SEASONAL,380.0,2196.0,1521.0,152.0,308.0,789.0,1,False
2024-08-29 03:00:00+00:00,22T-BE-PST--001W,PST Van Eyck 1,ELIA,DIRECT,BE,BE,Van Eyck,Van Eyck,PST,SEASONAL,380.0,2042.0,1415.0,141.0,94.0,1442.0,1,False
2024-08-29 03:00:00+00:00,22T-BE-PST--002U,PST Van Eyck 2,ELIA,DIRECT,BE,BE,Van Eyck,Van Eyck,PST,SEASONAL,380.0,2042.0,1415.0,141.0,352.0,1653.0,4,False
2024-08-29 03:00:00+00:00,22T-BE-PST--002U,PST Van Eyck 2,ELIA,OPPOSITE,BE,BE,Van Eyck,Van Eyck,PST,SEASONAL,380.0,2042.0,1415.0,141.0,-109.0,795.0,4,False
2024-08-29 03:00:00+00:00,24T-V425-0000004,V.Dur - Krizovany,SEPS,DIRECT,SK,SK,V.Dur,Krizovany,Line,FIXED,380.0,2100.0,1455.0,145.0,-722.0,1181.0,1,False
2024-08-29 03:00:00+00:00,24T-V425-0000004,V.Dur - Krizovany,SEPS,OPPOSITE,SK,SK,V.Dur,Krizovany,Line,FIXED,380.0,2100.0,1455.0,145.0,722.0,1291.0,2,False
2024-08-29 03:00:00+00:00,24T-V429-0000005,Gabcikovo - P.Biskupice,SEPS,DIRECT,SK,SK,Gabcikovo,P.Biskupice,Line,FIXED,380.0,2280.0,1580.0,158.0,-674.0,1277.0,1,False
2024-08-29 03:00:00+00:00,24T-V490-000000G,V.Dur - Levice 1,SEPS,DIRECT,SK,SK,V.Dur,Levice,Line,FIXED,380.0,2100.0,1455.0,145.0,1362.0,612.0,1,False
2024-08-29 03:00:00+00:00,24T-V493-000000Q,H.Zdana - Sucany,SEPS,DIRECT,SK,SK,H.Zdana,Sucany,Line,FIXED,380.0,2000.0,1386.0,139.0,-153.0,901.0,1,False
2024-08-29 03:00:00+00:00,30T-ARAD400AT3-F,PST Arad 400/220 3,TRANSELECTRICA,DIRECT,RO,RO,Arad,Arad,PST,SEASONAL,220.0,577.0,400.0,40.0,186.0,261.0,1,False
2024-08-29 03:00:00+00:00,30T-ROSI400AT--1,TR Rosiori 400/220 1,TRANSELECTRICA,DIRECT,RO,RO,Rosiori,Rosiori,Transformer,SEASONAL,220.0,577.0,400.0,40.0,361.0,105.0,1,False
2024-08-29 03:00:00+00:00,30TPARO220TRGJ-Q,Paroseni - Targu Jiu Nord,TRANSELECTRICA,OPPOSITE,RO,RO,Paroseni,Targu Jiu Nord,Line,SEASONAL,220.0,690.0,269.0,27.0,117.0,121.0,2,False
2024-08-29 03:00:00+00:00,30TRESI220TIMI1L,Resita - Timisoara c1,TRANSELECTRICA,DIRECT,RO,RO,Resita,Timisoara c1,Line,SEASONAL,220.0,750.0,292.0,29.0,86.0,150.0,1,False
2024-08-29 03:00:00+00:00,49T000000000000O,Zwolle - Hengelo 380 Wit,TENNETBV,DIRECT,NL,NL,Zwolle,Hengelo,Line,SEASONAL,380.0,2500.0,1732.0,173.0,935.0,884.0,1,False
2024-08-29 03:00:00+00:00,49T0000000000274,Krimpen a/d IJssel - Geertruidenberg 380 Wit,TENNETBV,DIRECT,NL,NL,Krimpen a/d IJssel,Geertruidenberg,Line,SEASONAL,380.0,2826.0,1958.0,196.0,121.0,2210.0,1,False
2024-08-29 03:00:00+00:00,49T0000000000274,Krimpen a/d IJssel - Geertruidenberg 380 Wit,TENNETBV,OPPOSITE,NL,NL,Krimpen a/d IJssel,Geertruidenberg,Line,SEASONAL,380.0,2826.0,1958.0,196.0,-121.0,1314.0,1,False
2024-08-29 04:00:00+00:00,10T-AT-CZ-00003X,Duernrohr 1 - Slavetice 437,APG,OPPOSITE,AT,CZ,Duernrohr 1,Slavetice,TieLine,SEASONAL,380.0,2438.0,1689.0,169.0,697.0,752.0,1,False
2024-08-29 04:00:00+00:00,10T-AT-DE-000037,Pleinting - St. Peter 258,APG,DIRECT,DE,AT,Pleinting,St. Peter,TieLine,SEASONAL,220.0,1380.0,538.0,54.0,328.0,248.0,1,False
2024-08-29 04:00:00+00:00,10T-AT-SI-00001T,Kainachtal - Maribor 473,APG,OPPOSITE,AT,SI,Kainachtal,Maribor,TieLine,SEASONAL,380.0,1920.0,1330.0,133.0,-478.0,1096.0,1,False
2024-08-29 04:00:00+00:00,10T-AT-SI-00003P,Obersielach - Podlog 247,APG,DIRECT,AT,SI,Obersielach,Podlog,TieLine,SEASONAL,220.0,936.0,365.0,36.0,291.0,182.0,4,False
2024-08-29 04:00:00+00:00,10T-AT-SI-00003P,Obersielach - Podlog 247,APG,OPPOSITE,AT,SI,Obersielach,Podlog,TieLine,SEASONAL,220.0,936.0,365.0,36.0,-241.0,446.0,1,False
2024-08-29 04:00:00+00:00,10T-BE-FR-000015,Achene - Lonny 380.19,ELIA,DIRECT,BE,FR,Achene,Lonny,TieLine,SEASONAL,380.0,2306.0,1598.0,160.0,-758.0,1614.0,1,False
2024-08-29 04:00:00+00:00,10T-BE-FR-000015,Achene - Lonny 380.19,ELIA,OPPOSITE,BE,FR,Achene,Lonny,TieLine,SEASONAL,380.0,2306.0,1598.0,160.0,758.0,1261.0,3,False
2024-08-29 04:00:00+00:00,10T-CZ-DE-00001W,Etzenricht - Hradec 441,TENNETGMBH,OPPOSITE,DE,CZ,Etzenricht,Hradec,TieLine,FIXED,380.0,2000.0,1386.0,139.0,70.0,1033.0,1,False
2024-08-29 04:00:00+00:00,10T-CZ-DE-00002U,Hradec - Rohrsdorf 445,50HERTZ,OPPOSITE,CZ,DE,Hradec,Rohrsdorf,TieLine,FIXED,380.0,2520.0,1746.0,175.0,782.0,885.0,1,False
2024-08-29 04:00:00+00:00,10T-CZ-DE-00004Q,Etzenricht - Prestice 442,TENNETGMBH,OPPOSITE,DE,CZ,Etzenricht,Prestice,TieLine,FIXED,380.0,2265.0,1569.0,157.0,-20.0,1266.0,1,False
2024-08-29 04:00:00+00:00,10T-CZ-PL-00004A,Wielopole - Nosovice,PSE,DIRECT,PL,CZ,Wielopole,Nosovice,TieLine,DYNAMIC,380.0,1980.0,1372.0,137.0,424.0,894.0,1,False
2024-08-29 04:00:00+00:00,10T-CZ-PL-00004A,Wielopole - Nosovice,PSE,OPPOSITE,PL,CZ,Wielopole,Nosovice,TieLine,DYNAMIC,380.0,1980.0,1372.0,137.0,-424.0,1576.0,1,False
2024-08-29 04:00:00+00:00,10T-CZ-SK-00001Y,Liskovec - P. Bystrica,CEPS,DIRECT,CZ,SK,Liskovec,P. Bystrica,TieLine,FIXED,220.0,665.0,259.0,26.0,112.0,195.0,1,False
2024-08-29 04:00:00+00:00,10T-CZ-SK-00001Y,Liskovec - P. Bystrica,CEPS,OPPOSITE,CZ,SK,Liskovec,P. Bystrica,TieLine,FIXED,220.0,665.0,259.0,26.0,-112.0,271.0,1,False
2024-08-29 04:00:00+00:00,10T-CZ-SK-00002W,Nosovice - Varin,CEPS,DIRECT,CZ,SK,Nosovice,Varin,TieLine,FIXED,380.0,1720.0,1192.0,119.0,785.0,867.0,1,False
2024-08-29 04:00:00+00:00,10T-CZ-SK-00002W,Nosovice - Varin,CEPS,OPPOSITE,CZ,SK,Nosovice,Varin,TieLine,FIXED,380.0,1720.0,1192.0,119.0,-785.0,790.0,4,False
2024-08-29 04:00:00+00:00,10T-CZ-SK-00003U,Sokolnice - Krizovany,CEPS,DIRECT,CZ,SK,Sokolnice,Krizovany,TieLine,FIXED,380.0,2000.0,1386.0,139.0,630.0,1290.0,3,False
2024-08-29 04:00:00+00:00,10T-CZ-SK-00003U,Sokolnice - Krizovany,CEPS,OPPOSITE,CZ,SK,Sokolnice,Krizovany,TieLine,FIXED,380.0,2000.0,1386.0,139.0,-630.0,1144.0,3,False
2024-08-29 04:00:00+00:00,10T-DE-FR-000068,Ensdorf - Vigy VIGY2 S,AMPRION,DIRECT,DE,FR,Ensdorf,Vigy,TieLine,FIXED,380.0,2720.0,1884.0,188.0,-1776.0,3012.0,1,False
2024-08-29 04:00:00+00:00,10T-DE-FR-000068,Ensdorf - Vigy VIGY2 S,AMPRION,OPPOSITE,DE,FR,Ensdorf,Vigy,TieLine,FIXED,380.0,2720.0,1884.0,188.0,1776.0,380.0,1,False
2024-08-29 04:00:00+00:00,10T-DE-NL-00002T,Diele - Meeden 380 White,TENNETBV,DIRECT,DE,NL,Diele,Meeden,TieLine,SEASONAL,380.0,1520.0,1053.0,105.0,-138.0,697.0,1,False
2024-08-29 04:00:00+00:00,10T-DE-NL-00002T,Diele - Meeden 380 White,TENNETBV,OPPOSITE,DE,NL,Diele,Meeden,TieLine,SEASONAL,380.0,1520.0,1053.0,105.0,757.0,614.0,3,False
2024-08-29 04:00:00+00:00,10T-DE-NL-00005N,Maasbracht - Oberzier 380 white,AMPRION,DIRECT,NL,DE,Maasbracht,Oberzier,TieLine,SEASONAL,380.0,2500.0,1732.0,173.0,631.0,1177.0,6,False
2024-08-29 04:00:00+00:00,10T-DE-NL-00005N,Maasbracht - Oberzier 380 white,AMPRION,OPPOSITE,NL,DE,Maasbracht,Oberzier,TieLine,SEASONAL,380.0,2500.0,1732.0,173.0,-631.0,1822.0,3,False
2024-08-29 04:00:00+00:00,10T-HR-HU-000033,Pecs - Ernestinovo1 491A,HOPS,OPPOSITE,HU,HR,Pecs,Ernestinovo,TieLine,SEASONAL,380.0,1920.0,1330.0,133.0,124.0,1043.0,1,False
2024-08-29 04:00:00+00:00,10T-HR-SI-000022,Pehlin - Divaca,HOPS,DIRECT,HR,SI,Pehlin,Divaca,TieLine,SEASONAL,220.0,960.0,374.0,37.0,-35.0,183.0,1,False
2024-08-29 04:00:00+00:00,10T-HR-SI-000022,Pehlin - Divaca,HOPS,OPPOSITE,HR,SI,Pehlin,Divaca,TieLine,SEASONAL,220.0,960.0,374.0,37.0,15.0,415.0,2,False
2024-08-29 04:00:00+00:00,10T-HR-SI-00004Z,Tumbri - Krsko 1,HOPS,OPPOSITE,HR,SI,Tumbri,Krsko,TieLine,SEASONAL,380.0,1920.0,1330.0,133.0,441.0,1126.0,1,False
2024-08-29 04:00:00+00:00,10T-HU-RO-000024,Nadab - Bekescsaba,TRANSELECTRICA,OPPOSITE,RO,HU,Nadab,Bekescsaba,TieLine,SEASONAL,380.0,2000.0,1386.0,139.0,911.0,412.0,1,False
2024-08-29 04:00:00+00:00,10T-HU-SK-00001T,Levice - God,SEPS,DIRECT,SK,HU,Levice,God,TieLine,FIXED,380.0,2000.0,1386.0,139.0,1005.0,753.0,1,False
2024-08-29 04:00:00+00:00,10T-HU-UA-00002F,Kisvarda - Mukachevo,MAVIR,DIRECT,HU,UA,Kisvarda,Mukachevo,TieLine,SEASONAL,220.0,640.0,249.0,25.0,3.0,146.0,1,False
2024-08-29 04:00:00+00:00,10T-HU-UA-00002F,Kisvarda - Mukachevo,MAVIR,OPPOSITE,HU,UA,Kisvarda,Mukachevo,TieLine,SEASONAL,220.0,640.0,249.0,25.0,-3.0,302.0,1,False
2024-08-29 04:00:00+00:00,10T-SK-UA-00001W,V.Kapusany - Mukachevo (WPS),SEPS,DIRECT,SK,UA,Velke Kapusany,Mukachevo,TieLine,SEASONAL,380.0,1570.0,1088.0,109.0,715.0,677.0,1,False
2024-08-29 04:00:00+00:00,10T-SK-UA-00001W,V.Kapusany - Mukachevo (WPS),SEPS,OPPOSITE,SK,UA,Velke Kapusany,Mukachevo,TieLine,SEASONAL,380.0,1570.0,1088.0,109.0,-715.0,1281.0,1,False
2024-08-29 04:00:00+00:00,10T1001C--00054V,R.Sobota - Sajoivanka,MAVIR,DIRECT,SK,HU,R.Sobota,Sajoivanka,TieLine,FIXED,380.0,2000.0,1386.0,139.0,872.0,881.0,1,False
2024-08-29 04:00:00+00:00,10T1001C--00056R,Gabcikovo - Gonyu,MAVIR,DIRECT,SK,HU,Gabcikovo,Gonyu,TieLine,FIXED,380.0,2000.0,1386.0,139.0,531.0,1252.0,1,False
2024-08-29 04:00:00+00:00,10T1001C--00056R,Gabcikovo - Gonyu,MAVIR,OPPOSITE,SK,HU,Gabcikovo,Gonyu,TieLine,FIXED,380.0,2000.0,1386.0,139.0,-49.0,986.0,2,False
2024-08-29 04:00:00+00:00,10T1001C--00101B,Cirkovce - Heviz,MAVIR,DIRECT,SI,HU,Cirkovce,Heviz,TieLine,FIXED,380.0,2000.0,1109.0,139.0,421.0,1115.0,3,True
2024-08-29 04:00:00+00:00,10T1001C--00101B,Cirkovce - Heviz,MAVIR,OPPOSITE,SI,HU,Cirkovce,Heviz,TieLine,FIXED,380.0,2000.0,1109.0,139.0,-421.0,859.0,2,True
2024-08-29 04:00:00+00:00,10T1001C--001223,Sokolnice - Zaya - V244,CEPS,OPPOSITE,CZ,AT,Sokolnice,Zaya,TieLine,DYNAMIC,220.0,800.0,312.0,31.0,-93.0,362.0,1,False
2024-08-29 04:00:00+00:00,11T0-0000-0011-L,PST Roehrsdorf 441,50HERTZ,DIRECT,DE,DE,Roehrsdorf,Roehrsdorf,PST,FIXED,380.0,2028.0,1405.0,141.0,355.0,871.0,1,False
2024-08-29 04:00:00+00:00,11T0-0000-0013-F,PST Vierraden 441,50HERTZ,DIRECT,DE,DE,Vierraden,Vierraden,PST,FIXED,380.0,2000.0,1386.0,139.0,911.0,667.0,1,False
2024-08-29 04:00:00+00:00,11T0-0000-0781-W,Y-Oberzier (-Paffendorf - Sechtem) SECHTM N,AMPRION,DIRECT,DE,DE,Oberzier,Y-Paffendorf,Line,DYNAMIC,380.0,3098.0,2146.0,215.0,1627.0,1040.0,2,False
2024-08-29 04:00:00+00:00,11T0-0000-1496-M,Emscherbruch  - Mengede  RECKLI N,AMPRION,OPPOSITE,DE,DE,Emscherbruch,Mengede,Line,DYNAMIC,380.0,2940.0,2037.0,204.0,-181.0,1596.0,1,False
2024-08-29 04:00:00+00:00,11TD2L000000003L,Altheim - Sittling 219,TENNETGMBH,OPPOSITE,DE,DE,Altheim,Sittling,Line,DYNAMIC,220.0,1012.0,394.0,39.0,243.0,210.0,1,False
2024-08-29 04:00:00+00:00,11TD8L555------W,Dresden/Sued - Schmoelln 555,50HERTZ,OPPOSITE,DE,DE,Dresden/Sued,Schmoelln,Line,FIXED,380.0,2500.0,1732.0,173.0,705.0,855.0,1,False
2024-08-29 04:00:00+00:00,14T-220-0-0273BO,Strass - Thaur 273B,APG,DIRECT,AT,AT,Strass,Thaur,Line,SEASONAL,220.0,1090.0,425.0,42.0,117.0,204.0,1,False
2024-08-29 04:00:00+00:00,14T-221-0-00223Q,Hessenberg - Weissenbach 223,APG,OPPOSITE,AT,AT,Hessenberg,Weissenbach,Line,SEASONAL,220.0,821.0,320.0,32.0,259.0,126.0,1,False
2024-08-29 04:00:00+00:00,14T-38220-WT041O,Westtirol 1 - Westtirol 2 WTRHU41,APG,OPPOSITE,AT,AT,Westtirol 1,Westtirol 2,Transformer,SEASONAL,220.0,1443.0,1000.0,100.0,180.0,469.0,3,False
2024-08-29 04:00:00+00:00,15T-M00000043583,Kerepes - Zuglo 1,MAVIR,DIRECT,HU,HU,Kerepes,Zuglo,Line,SEASONAL,220.0,1139.0,444.0,44.0,167.0,391.0,1,False
2024-08-29 04:00:00+00:00,15T-M000002791-J,Gonyu - Gyor,MAVIR,DIRECT,HU,HU,Gonyu,Gyor,Line,FIXED,380.0,2000.0,1386.0,139.0,659.0,894.0,1,False
2024-08-29 04:00:00+00:00,19T000000001304A,Krosno Iskrzynia - Rzeszow,PSE,OPPOSITE,PL,PL,Krosno Iskrzynia,Rzeszow,Line,DYNAMIC,380.0,1420.0,984.0,98.0,757.0,459.0,1,False
2024-08-29 04:00:00+00:00,19T000000004057N,Mikulowa AT1,PSE,OPPOSITE,PL,PL,Mikulowa AT1,Mikulowa AT1,Transformer,DYNAMIC,220.0,873.0,605.0,61.0,-234.0,672.0,1,False
2024-08-29 04:00:00+00:00,19T0000000063830,Mikulowa PST1,PSE,DIRECT,PL,PL,Mikulowa PST1,Mikulowa PST1,PST,DYNAMIC,380.0,1905.0,1320.0,132.0,867.0,658.0,1,False
2024-08-29 04:00:00+00:00,19T0000000063830,Mikulowa PST1,PSE,OPPOSITE,PL,PL,Mikulowa PST1,Mikulowa PST1,PST,DYNAMIC,380.0,1905.0,1320.0,132.0,-867.0,1718.0,1,False
2024-08-29 04:00:00+00:00,19T000000006396S,Polaniec - Tarnow,PSE,DIRECT,PL,PL,Polaniec,Tarnow,Line,DYNAMIC,380.0,1444.0,1000.0,100.0,682.0,417.0,1,False
2024-08-29 04:00:00+00:00,19T000000006420K,Polaniec - Rzeszow,PSE,DIRECT,PL,PL,Polaniec,Rzeszow,Line,DYNAMIC,380.0,1790.0,1240.0,124.0,816.0,497.0,1,False
2024-08-29 04:00:00+00:00,22T-BE-IN-LI018R,Lixhe - Gramme 380.11,ELIA,DIRECT,BE,BE,Gramme,Lixhe,Line,SEASONAL,380.0,2174.0,1506.0,151.0,913.0,918.0,1,False
2024-08-29 04:00:00+00:00,22T-BE-IN-LI02AK,Doel - Zandvliet 380.25,ELIA,DIRECT,BE,BE,Doel,Zandvliet,Line,SEASONAL,380.0,2171.0,1504.0,150.0,399.0,788.0,1,False
2024-08-29 04:00:00+00:00,22T-BE-PST--001W,PST Van Eyck 1,ELIA,DIRECT,BE,BE,Van Eyck,Van Eyck,PST,SEASONAL,380.0,2177.0,1508.0,151.0,24.0,1487.0,1,False
2024-08-29 04:00:00+00:00,22T-BE-PST--002U,PST Van Eyck 2,ELIA,DIRECT,BE,BE,Van Eyck,Van Eyck,PST,SEASONAL,380.0,2177.0,1508.0,151.0,360.0,1624.0,4,False
2024-08-29 04:00:00+00:00,22T-BE-PST--002U,PST Van Eyck 2,ELIA,OPPOSITE,BE,BE,Van Eyck,Van Eyck,PST,SEASONAL,380.0,2177.0,1508.0,151.0,-114.0,941.0,4,False
2024-08-29 04:00:00+00:00,24T-V425-0000004,V.Dur - Krizovany,SEPS,DIRECT,SK,SK,V.Dur,Krizovany,Line,FIXED,380.0,2100.0,1455.0,145.0,-609.0,1169.0,1,False
2024-08-29 04:00:00+00:00,24T-V425-0000004,V.Dur - Krizovany,SEPS,OPPOSITE,SK,SK,V.Dur,Krizovany,Line,FIXED,380.0,2100.0,1455.0,145.0,609.0,1289.0,2,False
2024-08-29 04:00:00+00:00,24T-V429-0000005,Gabcikovo - P.Biskupice,SEPS,DIRECT,SK,SK,Gabcikovo,P.Biskupice,Line,FIXED,380.0,2280.0,1580.0,158.0,-552.0,1258.0,1,False
2024-08-29 04:00:00+00:00,24T-V490-000000G,V.Dur - Levice 1,SEPS,DIRECT,SK,SK,V.Dur,Levice,Line,FIXED,380.0,2100.0,1455.0,145.0,1334.0,598.0,1,False
2024-08-29 04:00:00+00:00,24T-V493-000000Q,H.Zdana - Sucany,SEPS,DIRECT,SK,SK,H.Zdana,Sucany,Line,FIXED,380.0,2000.0,1386.0,139.0,-23.0,893.0,1,False
2024-08-29 04:00:00+00:00,30T-ROSI400AT--1,TR Rosiori 400/220 1,TRANSELECTRICA,DIRECT,RO,RO,Rosiori,Rosiori,Transformer,SEASONAL,220.0,577.0,400.0,40.0,373.0,78.0,1,False
2024-08-29 04:00:00+00:00,30T-UREC400AT--F,PST Urechesti 400/220 1,TRANSELECTRICA,DIRECT,RO,RO,Urechesti,Urechesti,PST,SEASONAL,220.0,577.0,400.0,40.0,153.0,269.0,1,False
2024-08-29 04:00:00+00:00,30TISAC400VULC-W,Isaccea - Vulcanesti,TRANSELECTRICA,DIRECT,RO,UA,Isaccea,Vulcanesti,TieLine,SEASONAL,380.0,1722.0,1193.0,119.0,937.0,282.0,1,False
2024-08-29 04:00:00+00:00,30TPARO220TRGJ-Q,Paroseni - Targu Jiu Nord,TRANSELECTRICA,OPPOSITE,RO,RO,Paroseni,Targu Jiu Nord,Line,SEASONAL,220.0,690.0,269.0,27.0,147.0,148.0,3,False
2024-08-29 04:00:00+00:00,30TRESI220TIMI1L,Resita - Timisoara c1,TRANSELECTRICA,DIRECT,RO,RO,Resita,Timisoara c1,Line,SEASONAL,220.0,750.0,292.0,29.0,102.0,196.0,1,False
2024-08-29 04:00:00+00:00,49T0000000000274,Krimpen a/d IJssel - Geertruidenberg 380 Wit,TENNETBV,DIRECT,NL,NL,Krimpen a/d IJssel,Geertruidenberg,Line,SEASONAL,380.0,2826.0,1958.0,196.0,53.0,2316.0,1,False
2024-08-29 04:00:00+00:00,49T0000000000274,Krimpen a/d IJssel - Geertruidenberg 380 Wit,TENNETBV,OPPOSITE,NL,NL,Krimpen a/d IJssel,Geertruidenberg,Line,SEASONAL,380.0,2826.0,1958.0,196.0,-53.0,1208.0,1,False
2024-08-29 05:00:00+00:00,10T-AT-CZ-00003X,Duernrohr 1 - Slavetice 437,APG,OPPOSITE,AT,CZ,Duernrohr 1,Slavetice,TieLine,SEASONAL,380.0,2438.0,1689.0,169.0,672.0,769.0,1,False
2024-08-29 05:00:00+00:00,10T-AT-DE-000037,Pleinting - St. Peter 258,APG,DIRECT,DE,AT,Pleinting,St. Peter,TieLine,SEASONAL,220.0,1380.0,538.0,54.0,343.0,217.0,1,False
2024-08-29 05:00:00+00:00,10T-AT-SI-00001T,Kainachtal - Maribor 473,APG,OPPOSITE,AT,SI,Kainachtal,Maribor,TieLine,SEASONAL,380.0,1920.0,1330.0,133.0,-630.0,1197.0,1,False
2024-08-29 05:00:00+00:00,10T-AT-SI-00003P,Obersielach - Podlog 247,APG,DIRECT,AT,SI,Obersielach,Podlog,TieLine,SEASONAL,220.0,936.0,365.0,36.0,377.0,117.0,4,False
2024-08-29 05:00:00+00:00,10T-AT-SI-00003P,Obersielach - Podlog 247,APG,OPPOSITE,AT,SI,Obersielach,Podlog,TieLine,SEASONAL,220.0,936.0,365.0,36.0,-324.0,503.0,1,False
2024-08-29 05:00:00+00:00,10T-BA-HR-00003R,Mostar - Zakucac,HOPS,DIRECT,BA,HR,Mostar,Zakucac,TieLine,SEASONAL,220.0,780.0,304.0,30.0,-24.0,301.0,1,False
2024-08-29 05:00:00+00:00,10T-BE-FR-000015,Achene - Lonny 380.19,ELIA,OPPOSITE,BE,FR,Achene,Lonny,TieLine,SEASONAL,380.0,2262.0,1567.0,157.0,728.0,1204.0,4,False
2024-08-29 05:00:00+00:00,10T-CZ-DE-00001W,Hradec - Etzenricht,CEPS,DIRECT,CZ,DE,Hradec,Etzenricht,TieLine,FIXED,380.0,2000.0,1386.0,139.0,-43.0,1146.0,1,False
2024-08-29 05:00:00+00:00,10T-CZ-DE-00002U,Hradec - Rohrsdorf 445,50HERTZ,OPPOSITE,CZ,DE,Hradec,Rohrsdorf,TieLine,FIXED,380.0,2520.0,1746.0,175.0,701.0,945.0,1,False
2024-08-29 05:00:00+00:00,10T-CZ-DE-00003S,Hradec - Rohrsdorf - V446,CEPS,DIRECT,CZ,DE,Hradec,Rohrsdorf,TieLine,DYNAMIC,380.0,2507.0,1737.0,174.0,-701.0,2189.0,1,False
2024-08-29 05:00:00+00:00,10T-CZ-DE-00004Q,Etzenricht - Prestice 442,TENNETGMBH,OPPOSITE,DE,CZ,Etzenricht,Prestice,TieLine,FIXED,380.0,2265.0,1569.0,157.0,-137.0,1385.0,1,False
2024-08-29 05:00:00+00:00,10T-CZ-PL-00004A,Wielopole - Nosovice,PSE,DIRECT,PL,CZ,Wielopole,Nosovice,TieLine,DYNAMIC,380.0,1980.0,1372.0,137.0,431.0,917.0,1,False
2024-08-29 05:00:00+00:00,10T-CZ-PL-00004A,Wielopole - Nosovice,PSE,OPPOSITE,PL,CZ,Wielopole,Nosovice,TieLine,DYNAMIC,380.0,1980.0,1372.0,137.0,-431.0,1553.0,1,False
2024-08-29 05:00:00+00:00,10T-CZ-SK-00001Y,Liskovec - P. Bystrica,CEPS,DIRECT,CZ,SK,Liskovec,P. Bystrica,TieLine,FIXED,220.0,665.0,259.0,26.0,122.0,193.0,1,False
2024-08-29 05:00:00+00:00,10T-CZ-SK-00001Y,Liskovec - P. Bystrica,CEPS,OPPOSITE,CZ,SK,Liskovec,P. Bystrica,TieLine,FIXED,220.0,665.0,259.0,26.0,-122.0,273.0,1,False
2024-08-29 05:00:00+00:00,10T-CZ-SK-00002W,Nosovice - Varin,CEPS,DIRECT,CZ,SK,Nosovice,Varin,TieLine,FIXED,380.0,1720.0,1192.0,119.0,846.0,815.0,1,False
2024-08-29 05:00:00+00:00,10T-CZ-SK-00002W,Nosovice - Varin,CEPS,OPPOSITE,CZ,SK,Nosovice,Varin,TieLine,FIXED,380.0,1720.0,1192.0,119.0,-846.0,755.0,5,False
2024-08-29 05:00:00+00:00,10T-CZ-SK-00003U,Sokolnice - Krizovany,CEPS,DIRECT,CZ,SK,Sokolnice,Krizovany,TieLine,FIXED,380.0,2000.0,1386.0,139.0,583.0,1242.0,2,False
2024-08-29 05:00:00+00:00,10T-CZ-SK-00003U,Sokolnice - Krizovany,CEPS,OPPOSITE,CZ,SK,Sokolnice,Krizovany,TieLine,FIXED,380.0,2000.0,1386.0,139.0,-674.0,1201.0,3,False
2024-08-29 05:00:00+00:00,10T-DE-FR-000068,Ensdorf - Vigy VIGY2 S,AMPRION,DIRECT,DE,FR,Ensdorf,Vigy,TieLine,FIXED,380.0,2720.0,1884.0,188.0,-1840.0,2942.0,1,False
2024-08-29 05:00:00+00:00,10T-DE-FR-000068,Ensdorf - Vigy VIGY2 S,AMPRION,OPPOSITE,DE,FR,Ensdorf,Vigy,TieLine,FIXED,380.0,2720.0,1884.0,188.0,1840.0,450.0,1,False
2024-08-29 05:00:00+00:00,10T-DE-NL-00002T,Diele - Meeden 380 White,TENNETBV,DIRECT,DE,NL,Diele,Meeden,TieLine,SEASONAL,380.0,1520.0,1053.0,105.0,109.0,426.0,1,False
2024-08-29 05:00:00+00:00,10T-DE-NL-00002T,Diele - Meeden 380 White,TENNETBV,OPPOSITE,DE,NL,Diele,Meeden,TieLine,SEASONAL,380.0,1520.0,1053.0,105.0,401.0,1109.0,1,False
2024-08-29 05:00:00+00:00,10T-DE-NL-00005N,Maasbracht - Oberzier 380 white,AMPRION,DIRECT,NL,DE,Maasbracht,Oberzier,TieLine,SEASONAL,380.0,2500.0,1732.0,173.0,701.0,1196.0,6,False
2024-08-29 05:00:00+00:00,10T-DE-NL-00005N,Maasbracht - Oberzier 380 white,AMPRION,OPPOSITE,NL,DE,Maasbracht,Oberzier,TieLine,SEASONAL,380.0,2500.0,1732.0,173.0,-701.0,1810.0,2,False
2024-08-29 05:00:00+00:00,10T-HR-HU-000033,Pecs - Ernestinovo1 491A,HOPS,OPPOSITE,HU,HR,Pecs,Ernestinovo,TieLine,SEASONAL,380.0,1920.0,1330.0,133.0,220.0,1030.0,1,False
2024-08-29 05:00:00+00:00,10T-HR-SI-000022,Pehlin - Divaca,HOPS,DIRECT,HR,SI,Pehlin,Divaca,TieLine,SEASONAL,220.0,960.0,374.0,37.0,-34.0,162.0,1,False
2024-08-29 05:00:00+00:00,10T-HR-SI-000022,Pehlin - Divaca,HOPS,OPPOSITE,HR,SI,Pehlin,Divaca,TieLine,SEASONAL,220.0,960.0,374.0,37.0,22.0,420.0,2,False
2024-08-29 05:00:00+00:00,10T-HR-SI-00004Z,Tumbri - Krsko 1,HOPS,OPPOSITE,HR,SI,Tumbri,Krsko,TieLine,SEASONAL,380.0,1920.0,1330.0,133.0,483.0,1103.0,1,False
2024-08-29 05:00:00+00:00,10T-HU-RO-000024,Nadab - Bekescsaba,TRANSELECTRICA,OPPOSITE,RO,HU,Nadab,Bekescsaba,TieLine,SEASONAL,380.0,2000.0,1386.0,139.0,899.0,465.0,1,False
2024-08-29 05:00:00+00:00,10T-HU-SK-00001T,Levice - God,SEPS,DIRECT,SK,HU,Levice,God,TieLine,FIXED,380.0,2000.0,1386.0,139.0,951.0,754.0,1,False
2024-08-29 05:00:00+00:00,10T-HU-UA-00002F,Kisvarda - Mukachevo,MAVIR,DIRECT,HU,UA,Kisvarda,Mukachevo,TieLine,SEASONAL,220.0,640.0,249.0,25.0,34.0,133.0,1,False
2024-08-29 05:00:00+00:00,10T-RO-RS-00001V,Portile de Fier - Djerdap,TRANSELECTRICA,OPPOSITE,RO,RS,Portile de Fier,Djerdap,TieLine,SEASONAL,380.0,1836.0,1272.0,127.0,527.0,755.0,1,False
2024-08-29 05:00:00+00:00,10T-SK-UA-00001W,V.Kapusany - Mukachevo (WPS),SEPS,DIRECT,SK,UA,Velke Kapusany,Mukachevo,TieLine,SEASONAL,380.0,1570.0,1088.0,109.0,651.0,712.0,1,False
2024-08-29 05:00:00+00:00,10T-SK-UA-00001W,V.Kapusany - Mukachevo (WPS),SEPS,OPPOSITE,SK,UA,Velke Kapusany,Mukachevo,TieLine,SEASONAL,380.0,1570.0,1088.0,109.0,-651.0,1246.0,1,False
2024-08-29 05:00:00+00:00,10T1001C--00036X,Westtirol - Silz 414,APG,OPPOSITE,AT,DE,Westtirol,Silz,TieLine,SEASONAL,220.0,2080.0,811.0,81.0,-88.0,628.0,1,False
2024-08-29 05:00:00+00:00,10T1001C--00056R,Gabcikovo - Gonyu,MAVIR,DIRECT,SK,HU,Gabcikovo,Gonyu,TieLine,FIXED,380.0,2000.0,1386.0,139.0,520.0,1207.0,1,False
2024-08-29 05:00:00+00:00,10T1001C--00056R,Gabcikovo - Gonyu,MAVIR,OPPOSITE,SK,HU,Gabcikovo,Gonyu,TieLine,FIXED,380.0,2000.0,1386.0,139.0,-42.0,987.0,2,False
2024-08-29 05:00:00+00:00,10T1001C--00101B,Cirkovce - Heviz,MAVIR,DIRECT,SI,HU,Cirkovce,Heviz,TieLine,FIXED,380.0,2000.0,1109.0,139.0,352.0,1107.0,3,True
2024-08-29 05:00:00+00:00,10T1001C--00101B,Cirkovce - Heviz,MAVIR,OPPOSITE,SI,HU,Cirkovce,Heviz,TieLine,FIXED,380.0,2000.0,1109.0,139.0,-352.0,882.0,2,True
2024-08-29 05:00:00+00:00,11T0-0000-0011-L,PST Roehrsdorf 441,50HERTZ,DIRECT,DE,DE,Roehrsdorf,Roehrsdorf,PST,FIXED,380.0,2028.0,1405.0,141.0,372.0,867.0,1,False
2024-08-29 05:00:00+00:00,11T0-0000-0013-F,PST Vierraden 441,50HERTZ,OPPOSITE,DE,DE,Vierraden,Vierraden,PST,FIXED,380.0,2000.0,1386.0,139.0,-624.0,1623.0,1,False
2024-08-29 05:00:00+00:00,11T0-0000-0620-R,PST Gronau TR 441 E,AMPRION,DIRECT,DE,DE,Gronau,Gronau,PST,FIXED,380.0,2165.0,1500.0,150.0,883.0,947.0,1,False
2024-08-29 05:00:00+00:00,11T0-0000-0781-W,Y-Oberzier (-Paffendorf - Sechtem) SECHTM N,AMPRION,DIRECT,DE,DE,Oberzier,Y-Paffendorf,Line,DYNAMIC,380.0,3013.0,2087.0,209.0,1656.0,1040.0,1,False
2024-08-29 05:00:00+00:00,11TD2L000000003L,Altheim - Sittling 219,TENNETGMBH,OPPOSITE,DE,DE,Altheim,Sittling,Line,DYNAMIC,220.0,996.0,388.0,39.0,208.0,230.0,1,False
2024-08-29 05:00:00+00:00,11TD8L555------W,Dresden/Sued - Schmoelln 555,50HERTZ,OPPOSITE,DE,DE,Dresden/Sued,Schmoelln,Line,FIXED,380.0,2500.0,1732.0,173.0,752.0,891.0,1,False
2024-08-29 05:00:00+00:00,14T-220-0-002213,Tauern - Weissenbach 221,APG,DIRECT,AT,AT,Tauern,Weissenbach,Line,SEASONAL,220.0,821.0,320.0,32.0,382.0,126.0,1,False
2024-08-29 05:00:00+00:00,14T-220-0-0273BO,Strass - Thaur 273B,APG,DIRECT,AT,AT,Strass,Thaur,Line,SEASONAL,220.0,1090.0,425.0,42.0,190.0,216.0,1,False
2024-08-29 05:00:00+00:00,14T-221-0-00223Q,Hessenberg - Weissenbach 223,APG,OPPOSITE,AT,AT,Hessenberg,Weissenbach,Line,SEASONAL,220.0,821.0,320.0,32.0,285.0,111.0,1,False
2024-08-29 05:00:00+00:00,14T-22220-TAPSTO,Tauern - Tauern TAPST,APG,OPPOSITE,AT,AT,Tauern,Tauern,PST,SEASONAL,220.0,1493.0,582.0,58.0,517.0,281.0,2,False
2024-08-29 05:00:00+00:00,14T-38220-WT041O,Westtirol 1 - Westtirol 2 WTRHU41,APG,OPPOSITE,AT,AT,Westtirol 1,Westtirol 2,Transformer,SEASONAL,220.0,1443.0,1000.0,100.0,271.0,413.0,3,False
2024-08-29 05:00:00+00:00,15T-M00000043583,Kerepes - Zuglo 1,MAVIR,DIRECT,HU,HU,Kerepes,Zuglo,Line,SEASONAL,220.0,1139.0,444.0,44.0,169.0,361.0,1,False
2024-08-29 05:00:00+00:00,15T-M000002791-J,Gonyu - Gyor,MAVIR,DIRECT,HU,HU,Gonyu,Gyor,Line,FIXED,380.0,2000.0,1386.0,139.0,655.0,886.0,1,False
2024-08-29 05:00:00+00:00,19T000000001304A,Krosno Iskrzynia - Rzeszow,PSE,OPPOSITE,PL,PL,Krosno Iskrzynia,Rzeszow,Line,DYNAMIC,380.0,1390.0,963.0,96.0,741.0,465.0,1,False
2024-08-29 05:00:00+00:00,19T0000000063830,Mikulowa PST1,PSE,DIRECT,PL,PL,Mikulowa PST1,Mikulowa PST1,PST,DYNAMIC,380.0,1905.0,1320.0,132.0,919.0,606.0,1,False
2024-08-29 05:00:00+00:00,19T0000000063830,Mikulowa PST1,PSE,OPPOSITE,PL,PL,Mikulowa PST1,Mikulowa PST1,PST,DYNAMIC,380.0,1905.0,1320.0,132.0,-919.0,1827.0,1,False
2024-08-29 05:00:00+00:00,19T000000006396S,Polaniec - Tarnow,PSE,DIRECT,PL,PL,Polaniec,Tarnow,Line,DYNAMIC,380.0,1415.0,980.0,98.0,636.0,424.0,1,False
2024-08-29 05:00:00+00:00,22T-BE-IN-LI0130,Gramme - Achene 380.10,ELIA,OPPOSITE,BE,BE,Achene,Gramme,Line,SEASONAL,380.0,2296.0,1591.0,159.0,-682.0,1540.0,1,False
2024-08-29 05:00:00+00:00,22T-BE-PST--001W,PST Van Eyck 1,ELIA,DIRECT,BE,BE,Van Eyck,Van Eyck,PST,SEASONAL,380.0,2177.0,1508.0,151.0,-39.0,1434.0,1,False
2024-08-29 05:00:00+00:00,22T-BE-PST--002U,PST Van Eyck 2,ELIA,DIRECT,BE,BE,Van Eyck,Van Eyck,PST,SEASONAL,380.0,2177.0,1508.0,151.0,136.0,1700.0,4,False
2024-08-29 05:00:00+00:00,22T-BE-PST--002U,PST Van Eyck 2,ELIA,OPPOSITE,BE,BE,Van Eyck,Van Eyck,PST,SEASONAL,380.0,2177.0,1508.0,151.0,125.0,910.0,4,False
2024-08-29 05:00:00+00:00,24T-V425-0000004,V.Dur - Krizovany,SEPS,DIRECT,SK,SK,V.Dur,Krizovany,Line,FIXED,380.0,2100.0,1455.0,145.0,-609.0,1241.0,1,False
2024-08-29 05:00:00+00:00,24T-V425-0000004,V.Dur - Krizovany,SEPS,OPPOSITE,SK,SK,V.Dur,Krizovany,Line,FIXED,380.0,2100.0,1455.0,145.0,609.0,1225.0,2,False
2024-08-29 05:00:00+00:00,24T-V429-0000005,Gabcikovo - P.Biskupice,SEPS,DIRECT,SK,SK,Gabcikovo,P.Biskupice,Line,FIXED,380.0,2280.0,1580.0,158.0,-548.0,1325.0,1,False
2024-08-29 05:00:00+00:00,24T-V490-000000G,V.Dur - Levice 1,SEPS,DIRECT,SK,SK,V.Dur,Levice,Line,FIXED,380.0,2100.0,1455.0,145.0,1280.0,604.0,1,False
2024-08-29 05:00:00+00:00,24T-V493-000000Q,H.Zdana - Sucany,SEPS,DIRECT,SK,SK,H.Zdana,Sucany,Line,FIXED,380.0,2000.0,1386.0,139.0,-36.0,930.0,1,False
2024-08-29 05:00:00+00:00,30T-ROSI400AT--1,TR Rosiori 400/220 1,TRANSELECTRICA,DIRECT,RO,RO,Rosiori,Rosiori,Transformer,SEASONAL,220.0,577.0,400.0,40.0,370.0,78.0,1,False
2024-08-29 05:00:00+00:00,30TISAC400VULC-W,Isaccea - Vulcanesti,TRANSELECTRICA,DIRECT,RO,UA,Isaccea,Vulcanesti,TieLine,SEASONAL,380.0,1722.0,1193.0,119.0,923.0,245.0,1,False
2024-08-29 05:00:00+00:00,30TPARO220TRGJ-Q,Paroseni - Targu Jiu Nord,TRANSELECTRICA,OPPOSITE,RO,RO,Paroseni,Targu Jiu Nord,Line,SEASONAL,220.0,690.0,269.0,27.0,98.0,125.0,3,False
2024-08-29 05:00:00+00:00,49T000000000000O,Zwolle - Hengelo 380 Wit,TENNETBV,DIRECT,NL,NL,Zwolle,Hengelo,Line,SEASONAL,380.0,2500.0,1732.0,173.0,988.0,985.0,1,False
2024-08-29 05:00:00+00:00,49T0000000000274,Krimpen a/d IJssel - Geertruidenberg 380 Wit,TENNETBV,DIRECT,NL,NL,Krimpen a/d IJssel,Geertruidenberg,Line,SEASONAL,380.0,2826.0,1958.0,196.0,-43.0,2324.0,1,False
2024-08-29 05:00:00+00:00,49T0000000000274,Krimpen a/d IJssel - Geertruidenberg 380 Wit,TENNETBV,OPPOSITE,NL,NL,Krimpen a/d IJssel,Geertruidenberg,Line,SEASONAL,380.0,2826.0,1958.0,196.0,43.0,1200.0,1,False
2024-08-29 06:00:00+00:00,10T-AT-CZ-00003X,Duernrohr 1 - Slavetice 437,APG,OPPOSITE,AT,CZ,Duernrohr 1,Slavetice,TieLine,SEASONAL,380.0,2438.0,1689.0,169.0,722.0,817.0,1,False
2024-08-29 06:00:00+00:00,10T-AT-DE-000037,Pleinting - St. Peter 258,APG,DIRECT,DE,AT,Pleinting,St. Peter,TieLine,SEASONAL,220.0,1380.0,538.0,54.0,442.0,129.0,1,False
2024-08-29 06:00:00+00:00,10T-AT-SI-00001T,Kainachtal - Maribor 473,APG,OPPOSITE,AT,SI,Kainachtal,Maribor,TieLine,SEASONAL,380.0,1920.0,1330.0,133.0,-881.0,1364.0,1,False
2024-08-29 06:00:00+00:00,10T-AT-SI-00003P,Obersielach - Podlog 247,APG,DIRECT,AT,SI,Obersielach,Podlog,TieLine,SEASONAL,220.0,936.0,365.0,36.0,408.0,133.0,4,False
2024-08-29 06:00:00+00:00,10T-AT-SI-00003P,Obersielach - Podlog 247,APG,OPPOSITE,AT,SI,Obersielach,Podlog,TieLine,SEASONAL,220.0,936.0,365.0,36.0,-417.0,513.0,2,False
2024-08-29 06:00:00+00:00,10T-BA-HR-00003R,Mostar - Zakucac,HOPS,DIRECT,BA,HR,Mostar,Zakucac,TieLine,SEASONAL,220.0,780.0,304.0,30.0,-2.0,314.0,1,False
2024-08-29 06:00:00+00:00,10T-BA-HR-00003R,Mostar - Zakucac,HOPS,OPPOSITE,BA,HR,Mostar,Zakucac,TieLine,SEASONAL,220.0,780.0,304.0,30.0,2.0,234.0,1,False
2024-08-29 06:00:00+00:00,10T-BE-FR-000015,Achene - Lonny 380.19,ELIA,OPPOSITE,BE,FR,Achene,Lonny,TieLine,SEASONAL,380.0,2169.0,1503.0,150.0,809.0,1098.0,5,False
2024-08-29 06:00:00+00:00,10T-CZ-DE-00001W,Hradec - Etzenricht,CEPS,DIRECT,CZ,DE,Hradec,Etzenricht,TieLine,FIXED,380.0,2000.0,1386.0,139.0,-140.0,1256.0,1,False
2024-08-29 06:00:00+00:00,10T-CZ-DE-00002U,Hradec - Rohrsdorf - V445,CEPS,DIRECT,CZ,DE,Hradec,Rohrsdorf,TieLine,DYNAMIC,380.0,2444.0,1693.0,169.0,-675.0,2074.0,1,False
2024-08-29 06:00:00+00:00,10T-CZ-DE-00003S,Hradec - Rohrsdorf 446,50HERTZ,OPPOSITE,CZ,DE,Hradec,Rohrsdorf,TieLine,FIXED,380.0,2520.0,1746.0,175.0,709.0,987.0,1,False
2024-08-29 06:00:00+00:00,10T-CZ-DE-00004Q,Etzenricht - Prestice 442,TENNETGMBH,OPPOSITE,DE,CZ,Etzenricht,Prestice,TieLine,FIXED,380.0,2265.0,1569.0,157.0,-241.0,1498.0,1,False
2024-08-29 06:00:00+00:00,10T-CZ-PL-00004A,Wielopole - Nosovice,PSE,DIRECT,PL,CZ,Wielopole,Nosovice,TieLine,DYNAMIC,380.0,1960.0,1358.0,136.0,494.0,908.0,1,False
2024-08-29 06:00:00+00:00,10T-CZ-PL-00004A,Wielopole - Nosovice,PSE,OPPOSITE,PL,CZ,Wielopole,Nosovice,TieLine,DYNAMIC,380.0,1960.0,1358.0,136.0,-494.0,1536.0,1,False
2024-08-29 06:00:00+00:00,10T-CZ-SK-00001Y,Liskovec - P. Bystrica,CEPS,DIRECT,CZ,SK,Liskovec,P. Bystrica,TieLine,FIXED,220.0,665.0,259.0,26.0,120.0,194.0,1,False
2024-08-29 06:00:00+00:00,10T-CZ-SK-00001Y,Liskovec - P. Bystrica,CEPS,OPPOSITE,CZ,SK,Liskovec,P. Bystrica,TieLine,FIXED,220.0,665.0,259.0,26.0,-120.0,272.0,1,False
2024-08-29 06:00:00+00:00,10T-CZ-SK-00002W,Nosovice - Varin,CEPS,DIRECT,CZ,SK,Nosovice,Varin,TieLine,FIXED,380.0,1720.0,1192.0,119.0,842.0,722.0,1,False
2024-08-29 06:00:00+00:00,10T-CZ-SK-00002W,Nosovice - Varin,CEPS,OPPOSITE,CZ,SK,Nosovice,Varin,TieLine,FIXED,380.0,1720.0,1192.0,119.0,-842.0,708.0,5,False
2024-08-29 06:00:00+00:00,10T-CZ-SK-00003U,Sokolnice - Krizovany,CEPS,DIRECT,CZ,SK,Sokolnice,Krizovany,TieLine,FIXED,380.0,2000.0,1386.0,139.0,633.0,1096.0,3,False
2024-08-29 06:00:00+00:00,10T-CZ-SK-00003U,Sokolnice - Krizovany,CEPS,OPPOSITE,CZ,SK,Sokolnice,Krizovany,TieLine,FIXED,380.0,2000.0,1386.0,139.0,-633.0,1358.0,3,False
2024-08-29 06:00:00+00:00,10T-DE-FR-000068,Ensdorf - Vigy VIGY2 S,AMPRION,DIRECT,DE,FR,Ensdorf,Vigy,TieLine,FIXED,380.0,2720.0,1884.0,188.0,-1785.0,2957.0,1,False
2024-08-29 06:00:00+00:00,10T-DE-FR-000068,Ensdorf - Vigy VIGY2 S,AMPRION,OPPOSITE,DE,FR,Ensdorf,Vigy,TieLine,FIXED,380.0,2720.0,1884.0,188.0,1785.0,435.0,1,False
2024-08-29 06:00:00+00:00,10T-DE-NL-00002T,Diele - Meeden 380 White,TENNETBV,DIRECT,DE,NL,Diele,Meeden,TieLine,SEASONAL,380.0,1520.0,1053.0,105.0,-694.0,717.0,2,False
2024-08-29 06:00:00+00:00,10T-DE-NL-00002T,Diele - Meeden 380 White,TENNETBV,OPPOSITE,DE,NL,Diele,Meeden,TieLine,SEASONAL,380.0,1520.0,1053.0,105.0,694.0,902.0,1,False
2024-08-29 06:00:00+00:00,10T-DE-NL-00005N,Maasbracht - Oberzier 380 white,AMPRION,DIRECT,NL,DE,Maasbracht,Oberzier,TieLine,SEASONAL,380.0,2500.0,1732.0,173.0,566.0,1256.0,5,False
2024-08-29 06:00:00+00:00,10T-DE-NL-00005N,Maasbracht - Oberzier 380 white,AMPRION,OPPOSITE,NL,DE,Maasbracht,Oberzier,TieLine,SEASONAL,380.0,2500.0,1732.0,173.0,-566.0,1659.0,5,False
2024-08-29 06:00:00+00:00,10T-HR-HU-000033,Pecs - Ernestinovo1 491A,HOPS,OPPOSITE,HU,HR,Pecs,Ernestinovo,TieLine,SEASONAL,380.0,1920.0,1330.0,133.0,393.0,939.0,1,False
2024-08-29 06:00:00+00:00,10T-HR-SI-000014,Melina - Divaca,HOPS,DIRECT,HR,SI,Melina,Divaca,TieLine,SEASONAL,380.0,1920.0,1330.0,133.0,200.0,600.0,1,False
2024-08-29 06:00:00+00:00,10T-HR-SI-000022,Pehlin - Divaca,HOPS,DIRECT,HR,SI,Pehlin,Divaca,TieLine,SEASONAL,220.0,960.0,374.0,37.0,43.0,134.0,1,False
2024-08-29 06:00:00+00:00,10T-HR-SI-000022,Pehlin - Divaca,HOPS,OPPOSITE,HR,SI,Pehlin,Divaca,TieLine,SEASONAL,220.0,960.0,374.0,37.0,8.0,401.0,2,False
2024-08-29 06:00:00+00:00,10T-HR-SI-00004Z,Tumbri - Krsko 1,HOPS,OPPOSITE,HR,SI,Tumbri,Krsko,TieLine,SEASONAL,380.0,1920.0,1330.0,133.0,400.0,1070.0,1,False
2024-08-29 06:00:00+00:00,10T-HU-RO-000024,Nadab - Bekescsaba,TRANSELECTRICA,OPPOSITE,RO,HU,Nadab,Bekescsaba,TieLine,SEASONAL,380.0,2000.0,1386.0,139.0,879.0,416.0,1,False
2024-08-29 06:00:00+00:00,10T-HU-SK-00001T,Levice - God,SEPS,DIRECT,SK,HU,Levice,God,TieLine,FIXED,380.0,2000.0,1386.0,139.0,817.0,751.0,1,False
2024-08-29 06:00:00+00:00,10T-HU-UA-00002F,Kisvarda - Mukachevo,MAVIR,DIRECT,HU,UA,Kisvarda,Mukachevo,TieLine,SEASONAL,220.0,640.0,249.0,25.0,66.0,117.0,1,False
2024-08-29 06:00:00+00:00,10T-RO-RS-00001V,Portile de Fier - Djerdap,TRANSELECTRICA,DIRECT,RO,RS,Portile de Fier,Djerdap,TieLine,SEASONAL,380.0,1836.0,1272.0,127.0,6.0,1140.0,1,False
2024-08-29 06:00:00+00:00,10T-RO-RS-00001V,Portile de Fier - Djerdap,TRANSELECTRICA,OPPOSITE,RO,RS,Portile de Fier,Djerdap,TieLine,SEASONAL,380.0,1836.0,1272.0,127.0,383.0,747.0,1,False
2024-08-29 06:00:00+00:00,10T-SK-UA-00001W,V.Kapusany - Mukachevo (WPS),SEPS,DIRECT,SK,UA,Velke Kapusany,Mukachevo,TieLine,SEASONAL,380.0,1570.0,1088.0,109.0,558.0,699.0,1,False
2024-08-29 06:00:00+00:00,10T1001A1001A09N,Dobrzen - Detmarovice,PSE,DIRECT,PL,CZ,Dobrzen,Detmarovice,TieLine,DYNAMIC,380.0,1945.0,1348.0,135.0,758.0,646.0,1,False
2024-08-29 06:00:00+00:00,10T1001C--00035Z,Westtirol - Silz 413,APG,OPPOSITE,AT,DE,Westtirol,Silz,TieLine,SEASONAL,220.0,2080.0,811.0,81.0,-129.0,640.0,1,False
2024-08-29 06:00:00+00:00,10T1001C--00056R,Gabcikovo - Gonyu,MAVIR,DIRECT,SK,HU,Gabcikovo,Gonyu,TieLine,FIXED,380.0,2000.0,1386.0,139.0,494.0,1144.0,1,False
2024-08-29 06:00:00+00:00,10T1001C--00056R,Gabcikovo - Gonyu,MAVIR,OPPOSITE,SK,HU,Gabcikovo,Gonyu,TieLine,FIXED,380.0,2000.0,1386.0,139.0,-494.0,1350.0,1,False
2024-08-29 06:00:00+00:00,10T1001C--00101B,Cirkovce - Heviz,MAVIR,DIRECT,SI,HU,Cirkovce,Heviz,TieLine,FIXED,380.0,2000.0,1109.0,139.0,-85.0,1143.0,3,True
2024-08-29 06:00:00+00:00,10T1001C--00101B,Cirkovce - Heviz,MAVIR,OPPOSITE,SI,HU,Cirkovce,Heviz,TieLine,FIXED,380.0,2000.0,1109.0,139.0,85.0,853.0,2,True
2024-08-29 06:00:00+00:00,10T1001C--001223,Sokolnice - Zaya - V244,CEPS,DIRECT,CZ,AT,Sokolnice,Zaya,TieLine,DYNAMIC,220.0,794.0,309.0,31.0,116.0,196.0,1,False
2024-08-29 06:00:00+00:00,10T1001C--001223,Sokolnice - Zaya - V244,CEPS,OPPOSITE,CZ,AT,Sokolnice,Zaya,TieLine,DYNAMIC,220.0,794.0,309.0,31.0,-116.0,366.0,1,False
2024-08-29 06:00:00+00:00,11T-D2-D7-000318,Urberach - Grosskrotzenburg UMAIN N2,AMPRION,OPPOSITE,DE,DE,Urberach,Grosskrotzenburg,Line,FIXED,380.0,2940.0,2037.0,204.0,157.0,1354.0,1,False
2024-08-29 06:00:00+00:00,11T0-0000-0011-L,PST Roehrsdorf 441,50HERTZ,DIRECT,DE,DE,Roehrsdorf,Roehrsdorf,PST,FIXED,380.0,2028.0,1405.0,141.0,469.0,826.0,2,False
2024-08-29 06:00:00+00:00,11T0-0000-0781-W,Y-Oberzier (-Paffendorf - Sechtem) SECHTM N,AMPRION,DIRECT,DE,DE,Oberzier,Y-Paffendorf,Line,DYNAMIC,380.0,2947.0,2042.0,204.0,1599.0,891.0,2,False
2024-08-29 06:00:00+00:00,11T0-0000-0984-D,Y-Altheim (-Simbach - St. Peter) 233/230,TENNETGMBH,DIRECT,DE,AT,Altheim,Y Simbach,TieLine,DYNAMIC,220.0,980.0,382.0,38.0,257.0,173.0,1,False
2024-08-29 06:00:00+00:00,11T0-0000-1496-M,Emscherbruch  - Mengede  RECKLI N,AMPRION,OPPOSITE,DE,DE,Emscherbruch,Mengede,Line,DYNAMIC,380.0,2803.0,1942.0,194.0,-283.0,1530.0,1,False
2024-08-29 06:00:00+00:00,11TD2L000000003L,Altheim - Sittling 219,TENNETGMBH,DIRECT,DE,DE,Altheim,Sittling,Line,DYNAMIC,220.0,980.0,382.0,38.0,-147.0,397.0,1,False
2024-08-29 06:00:00+00:00,11TD400000543-LM,Hoepfingen - Hueffenhardt ge,TRANSNETBW,DIRECT,DE,DE,Hoepfingen,Hueffenhardt,Line,DYNAMIC,380.0,2806.0,1944.0,194.0,396.0,1170.0,1,False
2024-08-29 06:00:00+00:00,11TD8L555------W,Dresden/Sued - Schmoelln 555,50HERTZ,OPPOSITE,DE,DE,Dresden/Sued,Schmoelln,Line,FIXED,380.0,2500.0,1732.0,173.0,778.0,880.0,1,False
2024-08-29 06:00:00+00:00,14T-220-0-002213,Tauern - Weissenbach 221,APG,DIRECT,AT,AT,Tauern,Weissenbach,Line,SEASONAL,220.0,821.0,320.0,32.0,319.0,135.0,1,False
2024-08-29 06:00:00+00:00,14T-220-0-0273BO,Strass - Thaur 273B,APG,DIRECT,AT,AT,Strass,Thaur,Line,SEASONAL,220.0,1090.0,425.0,42.0,194.0,202.0,1,False
2024-08-29 06:00:00+00:00,14T-221-0-00223Q,Hessenberg - Weissenbach 223,APG,OPPOSITE,AT,AT,Hessenberg,Weissenbach,Line,SEASONAL,220.0,821.0,320.0,32.0,302.0,106.0,1,False
2024-08-29 06:00:00+00:00,14T-22220-TAPSTO,Tauern - Tauern TAPST,APG,OPPOSITE,AT,AT,Tauern,Tauern,PST,SEASONAL,220.0,1493.0,582.0,58.0,375.0,285.0,2,False
2024-08-29 06:00:00+00:00,14T-38220-WT041O,Westtirol 1 - Westtirol 2 WTRHU41,APG,OPPOSITE,AT,AT,Westtirol 1,Westtirol 2,Transformer,SEASONAL,220.0,1443.0,1000.0,100.0,225.0,477.0,2,False
2024-08-29 06:00:00+00:00,15T-M00000043583,Kerepes - Zuglo 1,MAVIR,DIRECT,HU,HU,Kerepes,Zuglo,Line,SEASONAL,220.0,1139.0,444.0,44.0,139.0,331.0,1,False
2024-08-29 06:00:00+00:00,15T-M000002791-J,Gonyu - Gyor,MAVIR,DIRECT,HU,HU,Gonyu,Gyor,Line,FIXED,380.0,2000.0,1386.0,139.0,708.0,894.0,1,False
2024-08-29 06:00:00+00:00,19T000000001304A,Krosno Iskrzynia - Rzeszow,PSE,OPPOSITE,PL,PL,Krosno Iskrzynia,Rzeszow,Line,DYNAMIC,380.0,1390.0,963.0,96.0,691.0,484.0,1,False
2024-08-29 06:00:00+00:00,19T0000000063830,Mikulowa PST1,PSE,DIRECT,PL,PL,Mikulowa PST1,Mikulowa PST1,PST,DYNAMIC,380.0,1905.0,1320.0,132.0,759.0,611.0,1,False
2024-08-29 06:00:00+00:00,19T0000000063830,Mikulowa PST1,PSE,OPPOSITE,PL,PL,Mikulowa PST1,Mikulowa PST1,PST,DYNAMIC,380.0,1905.0,1320.0,132.0,-759.0,1790.0,1,False
2024-08-29 06:00:00+00:00,19T000000006396S,Polaniec - Tarnow,PSE,DIRECT,PL,PL,Polaniec,Tarnow,Line,DYNAMIC,380.0,1387.0,961.0,96.0,641.0,416.0,1,False
2024-08-29 06:00:00+00:00,22T-BE-IN-LI0130,Gramme - Achene 380.10,ELIA,OPPOSITE,BE,BE,Achene,Gramme,Line,SEASONAL,380.0,2191.0,1518.0,152.0,-776.0,1393.0,2,False
2024-08-29 06:00:00+00:00,22T-BE-IN-LI02AK,Doel - Zandvliet 380.25,ELIA,DIRECT,BE,BE,Doel,Zandvliet,Line,SEASONAL,380.0,2117.0,1467.0,147.0,200.0,858.0,1,False
2024-08-29 06:00:00+00:00,22T-BE-PST--001W,PST Van Eyck 1,ELIA,DIRECT,BE,BE,Van Eyck,Van Eyck,PST,SEASONAL,380.0,2177.0,1508.0,151.0,-79.0,1577.0,1,False
2024-08-29 06:00:00+00:00,22T-BE-PST--002U,PST Van Eyck 2,ELIA,DIRECT,BE,BE,Van Eyck,Van Eyck,PST,SEASONAL,380.0,2177.0,1508.0,151.0,80.0,1835.0,4,False
2024-08-29 06:00:00+00:00,22T-BE-PST--002U,PST Van Eyck 2,ELIA,OPPOSITE,BE,BE,Van Eyck,Van Eyck,PST,SEASONAL,380.0,2177.0,1508.0,151.0,-80.0,811.0,4,False
2024-08-29 06:00:00+00:00,24T-V425-0000004,V.Dur - Krizovany,SEPS,DIRECT,SK,SK,V.Dur,Krizovany,Line,FIXED,380.0,2100.0,1455.0,145.0,-449.0,1271.0,1,False
2024-08-29 06:00:00+00:00,24T-V425-0000004,V.Dur - Krizovany,SEPS,OPPOSITE,SK,SK,V.Dur,Krizovany,Line,FIXED,380.0,2100.0,1455.0,145.0,449.0,1185.0,2,False
2024-08-29 06:00:00+00:00,24T-V429-0000005,Gabcikovo - P.Biskupice,SEPS,DIRECT,SK,SK,Gabcikovo,P.Biskupice,Line,FIXED,380.0,2280.0,1580.0,158.0,-415.0,1359.0,1,False
2024-08-29 06:00:00+00:00,24T-V490-000000G,V.Dur - Levice 1,SEPS,DIRECT,SK,SK,V.Dur,Levice,Line,FIXED,380.0,2100.0,1455.0,145.0,1090.0,598.0,1,False
2024-08-29 06:00:00+00:00,24T-V493-000000Q,H.Zdana - Sucany,SEPS,DIRECT,SK,SK,H.Zdana,Sucany,Line,FIXED,380.0,2000.0,1386.0,139.0,-27.0,949.0,1,False
2024-08-29 06:00:00+00:00,30T-ROSI400AT--1,TR Rosiori 400/220 1,TRANSELECTRICA,DIRECT,RO,RO,Rosiori,Rosiori,Transformer,SEASONAL,220.0,577.0,400.0,40.0,362.0,78.0,1,False
2024-08-29 06:00:00+00:00,30TISAC400VULC-W,Isaccea - Vulcanesti,TRANSELECTRICA,DIRECT,RO,UA,Isaccea,Vulcanesti,TieLine,SEASONAL,380.0,1722.0,1193.0,119.0,1034.0,242.0,2,False
2024-08-29 06:00:00+00:00,30TPARO220TRGJ-Q,Paroseni - Targu Jiu Nord,TRANSELECTRICA,OPPOSITE,RO,RO,Paroseni,Targu Jiu Nord,Line,SEASONAL,220.0,690.0,269.0,27.0,105.0,117.0,3,False
2024-08-29 06:00:00+00:00,49T0000000000274,Krimpen a/d IJssel - Geertruidenberg 380 Wit,TENNETBV,DIRECT,NL,NL,Krimpen a/d IJssel,Geertruidenberg,Line,SEASONAL,380.0,2826.0,1958.0,196.0,391.0,2146.0,1,False
2024-08-29 06:00:00+00:00,49T0000000000274,Krimpen a/d IJssel - Geertruidenberg 380 Wit,TENNETBV,OPPOSITE,NL,NL,Krimpen a/d IJssel,Geertruidenberg,Line,SEASONAL,380.0,2826.0,1958.0,196.0,-391.0,1378.0,1,False
2024-08-29 07:00:00+00:00,10T-AT-CZ-00003X,Duernrohr 1 - Slavetice 437,APG,OPPOSITE,AT,CZ,Duernrohr 1,Slavetice,TieLine,SEASONAL,380.0,2438.0,1689.0,169.0,712.0,992.0,1,False
2024-08-29 07:00:00+00:00,10T-AT-DE-000037,Pleinting - St. Peter 258,APG,DIRECT,DE,AT,Pleinting,St. Peter,TieLine,SEASONAL,220.0,1380.0,538.0,54.0,384.0,204.0,1,False
2024-08-29 07:00:00+00:00,10T-AT-SI-00001T,Kainachtal - Maribor 473,APG,OPPOSITE,AT,SI,Kainachtal,Maribor,TieLine,SEASONAL,380.0,1920.0,1330.0,133.0,-750.0,1319.0,1,False
2024-08-29 07:00:00+00:00,10T-AT-SI-00003P,Obersielach - Podlog 247,APG,DIRECT,AT,SI,Obersielach,Podlog,TieLine,SEASONAL,220.0,936.0,365.0,36.0,303.0,208.0,4,False
2024-08-29 07:00:00+00:00,10T-AT-SI-00003P,Obersielach - Podlog 247,APG,OPPOSITE,AT,SI,Obersielach,Podlog,TieLine,SEASONAL,220.0,936.0,365.0,36.0,-321.0,444.0,2,False
2024-08-29 07:00:00+00:00,10T-BE-FR-000015,Achene - Lonny 380.19,ELIA,OPPOSITE,BE,FR,Achene,Lonny,TieLine,SEASONAL,380.0,2074.0,1437.0,144.0,588.0,1230.0,3,False
2024-08-29 07:00:00+00:00,10T-BE-NL-00001I,Maasbracht - Van Eyck 380 Black/27,ELIA,DIRECT,BE,NL,Van Eyck,Maasbracht,TieLine,SEASONAL,380.0,2120.0,1469.0,147.0,39.0,866.0,4,False
2024-08-29 07:00:00+00:00,10T-BE-NL-00001I,Maasbracht - Van Eyck 380 Black/27,ELIA,OPPOSITE,BE,NL,Van Eyck,Maasbracht,TieLine,SEASONAL,380.0,2120.0,1469.0,147.0,209.0,1530.0,5,False
2024-08-29 07:00:00+00:00,10T-CZ-DE-00003S,Hradec - Rohrsdorf - V446,CEPS,DIRECT,CZ,DE,Hradec,Rohrsdorf,TieLine,DYNAMIC,380.0,2351.0,1629.0,163.0,-408.0,1696.0,1,False
2024-08-29 07:00:00+00:00,10T-CZ-DE-00003S,Hradec - Rohrsdorf - V446,CEPS,OPPOSITE,CZ,DE,Hradec,Rohrsdorf,TieLine,DYNAMIC,380.0,2351.0,1629.0,163.0,408.0,1236.0,1,False
2024-08-29 07:00:00+00:00,10T-CZ-DE-00004Q,Etzenricht - Prestice 442,TENNETGMBH,DIRECT,DE,CZ,Etzenricht,Prestice,TieLine,FIXED,380.0,2265.0,1569.0,157.0,311.0,1193.0,1,False
2024-08-29 07:00:00+00:00,10T-CZ-PL-00004A,Wielopole - Nosovice,PSE,DIRECT,PL,CZ,Wielopole,Nosovice,TieLine,DYNAMIC,380.0,1921.0,1331.0,133.0,643.0,921.0,1,False
2024-08-29 07:00:00+00:00,10T-CZ-PL-00004A,Wielopole - Nosovice,PSE,OPPOSITE,PL,CZ,Wielopole,Nosovice,TieLine,DYNAMIC,380.0,1921.0,1331.0,133.0,72.0,1057.0,2,False
2024-08-29 07:00:00+00:00,10T-CZ-SK-00001Y,Liskovec - P. Bystrica,CEPS,DIRECT,CZ,SK,Liskovec,P. Bystrica,TieLine,FIXED,220.0,665.0,259.0,26.0,138.0,201.0,1,False
2024-08-29 07:00:00+00:00,10T-CZ-SK-00001Y,Liskovec - P. Bystrica,CEPS,OPPOSITE,CZ,SK,Liskovec,P. Bystrica,TieLine,FIXED,220.0,665.0,259.0,26.0,-138.0,265.0,1,False
2024-08-29 07:00:00+00:00,10T-CZ-SK-00002W,Nosovice - Varin,CEPS,DIRECT,CZ,SK,Nosovice,Varin,TieLine,FIXED,380.0,1720.0,1192.0,119.0,794.0,754.0,1,False
2024-08-29 07:00:00+00:00,10T-CZ-SK-00002W,Nosovice - Varin,CEPS,OPPOSITE,CZ,SK,Nosovice,Varin,TieLine,FIXED,380.0,1720.0,1192.0,119.0,-794.0,764.0,5,False
2024-08-29 07:00:00+00:00,10T-CZ-SK-00003U,Sokolnice - Krizovany,CEPS,DIRECT,CZ,SK,Sokolnice,Krizovany,TieLine,FIXED,380.0,2000.0,1386.0,139.0,480.0,1055.0,3,False
2024-08-29 07:00:00+00:00,10T-CZ-SK-00003U,Sokolnice - Krizovany,CEPS,OPPOSITE,CZ,SK,Sokolnice,Krizovany,TieLine,FIXED,380.0,2000.0,1386.0,139.0,-480.0,1398.0,3,False
2024-08-29 07:00:00+00:00,10T-DE-FR-000068,Ensdorf - Vigy VIGY2 S,AMPRION,OPPOSITE,DE,FR,Ensdorf,Vigy,TieLine,FIXED,380.0,2720.0,1884.0,188.0,1693.0,433.0,1,False
2024-08-29 07:00:00+00:00,10T-DE-NL-00002T,Diele - Meeden 380 White,TENNETBV,DIRECT,DE,NL,Diele,Meeden,TieLine,SEASONAL,380.0,1520.0,1053.0,105.0,-237.0,547.0,3,False
2024-08-29 07:00:00+00:00,10T-DE-NL-00002T,Diele - Meeden 380 White,TENNETBV,OPPOSITE,DE,NL,Diele,Meeden,TieLine,SEASONAL,380.0,1520.0,1053.0,105.0,237.0,1104.0,1,False
2024-08-29 07:00:00+00:00,10T-DE-NL-00005N,Maasbracht - Oberzier 380 white,AMPRION,DIRECT,NL,DE,Maasbracht,Oberzier,TieLine,SEASONAL,380.0,2500.0,1732.0,173.0,-182.0,1637.0,3,False
2024-08-29 07:00:00+00:00,10T-DE-NL-00005N,Maasbracht - Oberzier 380 white,AMPRION,OPPOSITE,NL,DE,Maasbracht,Oberzier,TieLine,SEASONAL,380.0,2500.0,1732.0,173.0,-143.0,1299.0,7,False
2024-08-29 07:00:00+00:00,10T-HR-HU-000025,Zerjavinec - Heviz,MAVIR,OPPOSITE,HR,HU,Zerjavinec,Heviz,TieLine,FIXED,380.0,1920.0,1330.0,133.0,334.0,1106.0,1,False
2024-08-29 07:00:00+00:00,10T-HR-HU-000033,Pecs - Ernestinovo1 491A,HOPS,OPPOSITE,HU,HR,Pecs,Ernestinovo,TieLine,SEASONAL,380.0,1920.0,1330.0,133.0,537.0,949.0,1,False
2024-08-29 07:00:00+00:00,10T-HR-SI-000022,Pehlin - Divaca,HOPS,DIRECT,HR,SI,Pehlin,Divaca,TieLine,SEASONAL,220.0,960.0,374.0,37.0,32.0,148.0,1,False
2024-08-29 07:00:00+00:00,10T-HR-SI-000022,Pehlin - Divaca,HOPS,OPPOSITE,HR,SI,Pehlin,Divaca,TieLine,SEASONAL,220.0,960.0,374.0,37.0,-32.0,526.0,1,False
2024-08-29 07:00:00+00:00,10T-HR-SI-00004Z,Tumbri - Krsko 1,HOPS,OPPOSITE,HR,SI,Tumbri,Krsko,TieLine,SEASONAL,380.0,1920.0,1330.0,133.0,296.0,1266.0,1,False
2024-08-29 07:00:00+00:00,10T-HU-SK-00001T,Levice - God,SEPS,DIRECT,SK,HU,Levice,God,TieLine,FIXED,380.0,2000.0,1386.0,139.0,712.0,792.0,1,False
2024-08-29 07:00:00+00:00,10T-HU-UA-00002F,Kisvarda - Mukachevo,MAVIR,DIRECT,HU,UA,Kisvarda,Mukachevo,TieLine,SEASONAL,220.0,640.0,249.0,25.0,75.0,135.0,1,False
2024-08-29 07:00:00+00:00,10T-RO-RS-00001V,Portile de Fier - Djerdap,TRANSELECTRICA,OPPOSITE,RO,RS,Portile de Fier,Djerdap,TieLine,SEASONAL,380.0,1836.0,1272.0,127.0,216.0,941.0,1,False
2024-08-29 07:00:00+00:00,10T-SK-UA-00001W,V.Kapusany - Mukachevo (WPS),SEPS,DIRECT,SK,UA,Velke Kapusany,Mukachevo,TieLine,SEASONAL,380.0,1570.0,1088.0,109.0,462.0,809.0,1,False
2024-08-29 07:00:00+00:00,10T-SK-UA-00001W,V.Kapusany - Mukachevo (WPS),SEPS,OPPOSITE,SK,UA,Velke Kapusany,Mukachevo,TieLine,SEASONAL,380.0,1570.0,1088.0,109.0,-462.0,1149.0,1,False
2024-08-29 07:00:00+00:00,10T1001A1001A09N,Dobrzen - Detmarovice,PSE,DIRECT,PL,CZ,Dobrzen,Detmarovice,TieLine,DYNAMIC,380.0,1900.0,1316.0,132.0,879.0,618.0,1,False
2024-08-29 07:00:00+00:00,10T1001C--00035Z,Westtirol - Silz 413,APG,OPPOSITE,AT,DE,Westtirol,Silz,TieLine,SEASONAL,220.0,2080.0,811.0,81.0,-185.0,713.0,1,False
2024-08-29 07:00:00+00:00,10T1001C--00056R,Gabcikovo - Gonyu,MAVIR,DIRECT,SK,HU,Gabcikovo,Gonyu,TieLine,FIXED,380.0,2000.0,1386.0,139.0,453.0,1136.0,1,False
2024-08-29 07:00:00+00:00,10T1001C--00056R,Gabcikovo - Gonyu,MAVIR,OPPOSITE,SK,HU,Gabcikovo,Gonyu,TieLine,FIXED,380.0,2000.0,1386.0,139.0,-453.0,1358.0,1,False
2024-08-29 07:00:00+00:00,10T1001C--00101B,Cirkovce - Heviz,MAVIR,DIRECT,SI,HU,Cirkovce,Heviz,TieLine,FIXED,380.0,2000.0,1109.0,139.0,-335.0,1118.0,3,True
2024-08-29 07:00:00+00:00,10T1001C--00101B,Cirkovce - Heviz,MAVIR,OPPOSITE,SI,HU,Cirkovce,Heviz,TieLine,FIXED,380.0,2000.0,1109.0,139.0,335.0,815.0,2,True
2024-08-29 07:00:00+00:00,10T1001C--001215,Sokolnice - Zaya - V243,CEPS,DIRECT,CZ,AT,Sokolnice,Zaya,TieLine,DYNAMIC,220.0,765.0,298.0,30.0,103.0,216.0,1,False
2024-08-29 07:00:00+00:00,10T1001C--001215,Sokolnice - Zaya - V243,CEPS,OPPOSITE,CZ,AT,Sokolnice,Zaya,TieLine,DYNAMIC,220.0,765.0,298.0,30.0,-103.0,320.0,1,False
2024-08-29 07:00:00+00:00,10T1001C--001223,Sokolnice - Zaya - V244,CEPS,OPPOSITE,CZ,AT,Sokolnice,Zaya,TieLine,DYNAMIC,220.0,765.0,298.0,30.0,-75.0,291.0,1,False
2024-08-29 07:00:00+00:00,11T-D2-D7-000318,Urberach - Grosskrotzenburg UMAIN N2,AMPRION,OPPOSITE,DE,DE,Urberach,Grosskrotzenburg,Line,FIXED,380.0,2940.0,2037.0,204.0,529.0,1266.0,1,False
2024-08-29 07:00:00+00:00,11T0-0000-0011-L,PST Roehrsdorf 441,50HERTZ,DIRECT,DE,DE,Roehrsdorf,Roehrsdorf,PST,FIXED,380.0,2028.0,1405.0,141.0,793.0,796.0,2,False
2024-08-29 07:00:00+00:00,11T0-0000-0103-E,Etzenricht - Mechlenreuth 437,TENNETGMBH,DIRECT,DE,DE,Etzenricht,Mechlenreuth,Line,DYNAMIC,380.0,2554.0,1769.0,177.0,-90.0,1470.0,1,False
2024-08-29 07:00:00+00:00,11T0-0000-0620-R,PST Gronau TR 441 E,AMPRION,DIRECT,DE,DE,Gronau,Gronau,PST,FIXED,380.0,2165.0,1500.0,150.0,616.0,1085.0,2,False
2024-08-29 07:00:00+00:00,11T0-0000-0781-W,Y-Oberzier (-Paffendorf - Sechtem) SECHTM N,AMPRION,DIRECT,DE,DE,Oberzier,Y-Paffendorf,Line,DYNAMIC,380.0,2890.0,2002.0,200.0,1390.0,901.0,2,False
2024-08-29 07:00:00+00:00,11T0-0000-0872-S,Pfungstadt - Urberach GRIESH O,AMPRION,OPPOSITE,DE,DE,Pfungstadt,Urberach,Line,DYNAMIC,380.0,2900.0,2009.0,201.0,174.0,1420.0,1,False
2024-08-29 07:00:00+00:00,11T0-0000-0984-D,Y-Altheim (-Simbach - St. Peter) 233/230,TENNETGMBH,DIRECT,DE,AT,Altheim,Y Simbach,TieLine,DYNAMIC,220.0,954.0,372.0,37.0,273.0,171.0,1,False
2024-08-29 07:00:00+00:00,11T0-0000-0986-7,Y-Altheim (-Simbach - St. Peter) 234/230,TENNETGMBH,OPPOSITE,DE,AT,Altheim,St. Peter,TieLine,DYNAMIC,220.0,954.0,372.0,37.0,273.0,171.0,1,False
2024-08-29 07:00:00+00:00,11T0-0000-1496-M,Emscherbruch  - Mengede  RECKLI N,AMPRION,OPPOSITE,DE,DE,Emscherbruch,Mengede,Line,DYNAMIC,380.0,2745.0,1902.0,190.0,-196.0,1556.0,1,False
2024-08-29 07:00:00+00:00,11TD2L000000003L,Altheim - Sittling 219,TENNETGMBH,DIRECT,DE,DE,Altheim,Sittling,Line,DYNAMIC,220.0,954.0,372.0,37.0,-9.0,265.0,1,False
2024-08-29 07:00:00+00:00,11TD400000543-LM,Hoepfingen - Hueffenhardt ge,TRANSNETBW,DIRECT,DE,DE,Hoepfingen,Hueffenhardt,Line,DYNAMIC,380.0,2736.0,1896.0,190.0,679.0,1075.0,1,False
2024-08-29 07:00:00+00:00,11TD8L555------W,Dresden/Sued - Schmoelln 555,50HERTZ,OPPOSITE,DE,DE,Dresden/Sued,Schmoelln,Line,FIXED,380.0,2500.0,1732.0,173.0,1026.0,856.0,1,False
2024-08-29 07:00:00+00:00,14T-220-0-002213,Tauern - Weissenbach 221,APG,DIRECT,AT,AT,Tauern,Weissenbach,Line,SEASONAL,220.0,821.0,320.0,32.0,143.0,211.0,1,False
2024-08-29 07:00:00+00:00,14T-220-0-002213,Tauern - Weissenbach 221,APG,OPPOSITE,AT,AT,Tauern,Weissenbach,Line,SEASONAL,220.0,821.0,320.0,32.0,-74.0,287.0,1,False
2024-08-29 07:00:00+00:00,14T-220-0-0273BO,Strass - Thaur 273B,APG,DIRECT,AT,AT,Strass,Thaur,Line,SEASONAL,220.0,1090.0,425.0,42.0,63.0,235.0,1,False
2024-08-29 07:00:00+00:00,14T-221-0-00223Q,Hessenberg - Weissenbach 223,APG,OPPOSITE,AT,AT,Hessenberg,Weissenbach,Line,SEASONAL,220.0,821.0,320.0,32.0,236.0,147.0,1,False
2024-08-29 07:00:00+00:00,14T-38220-WT041O,Westtirol 1 - Westtirol 2 WTRHU41,APG,OPPOSITE,AT,AT,Westtirol 1,Westtirol 2,Transformer,SEASONAL,220.0,1443.0,1000.0,100.0,127.0,554.0,2,False
2024-08-29 07:00:00+00:00,14T-38220-ZZ041D,Zell am Ziller 1 - Zell am Ziller 2 ZZRHU41,APG,DIRECT,AT,AT,Zell am Ziller 1,Zell am Ziller 2,Transformer,SEASONAL,220.0,1732.0,1200.0,120.0,90.0,742.0,1,False
2024-08-29 07:00:00+00:00,15T-M00000043583,Kerepes - Zuglo 1,MAVIR,DIRECT,HU,HU,Kerepes,Zuglo,Line,SEASONAL,220.0,1139.0,444.0,44.0,128.0,320.0,1,False
2024-08-29 07:00:00+00:00,15T-M000002791-J,Gonyu - Gyor,MAVIR,DIRECT,HU,HU,Gonyu,Gyor,Line,FIXED,380.0,2000.0,1386.0,139.0,715.0,920.0,1,False
2024-08-29 07:00:00+00:00,15T-M000002791-J,Gonyu - Gyor,MAVIR,OPPOSITE,HU,HU,Gonyu,Gyor,Line,FIXED,380.0,2000.0,1386.0,139.0,-715.0,1574.0,1,False
2024-08-29 07:00:00+00:00,19T000000001304A,Krosno Iskrzynia - Rzeszow,PSE,OPPOSITE,PL,PL,Krosno Iskrzynia,Rzeszow,Line,DYNAMIC,380.0,1390.0,963.0,96.0,683.0,524.0,1,False
2024-08-29 07:00:00+00:00,19T0000000063830,Mikulowa PST1,PSE,DIRECT,PL,PL,Mikulowa PST1,Mikulowa PST1,PST,DYNAMIC,380.0,1905.0,1320.0,132.0,297.0,781.0,1,False
2024-08-29 07:00:00+00:00,19T0000000063830,Mikulowa PST1,PSE,OPPOSITE,PL,PL,Mikulowa PST1,Mikulowa PST1,PST,DYNAMIC,380.0,1905.0,1320.0,132.0,-297.0,1595.0,1,False
2024-08-29 07:00:00+00:00,19T000000006396S,Polaniec - Tarnow,PSE,DIRECT,PL,PL,Polaniec,Tarnow,Line,DYNAMIC,380.0,1329.0,921.0,92.0,594.0,462.0,1,False
2024-08-29 07:00:00+00:00,22T-BE-IN-LI0130,Gramme - Achene 380.10,ELIA,OPPOSITE,BE,BE,Achene,Gramme,Line,SEASONAL,380.0,2091.0,1449.0,145.0,-546.0,1233.0,2,False
2024-08-29 07:00:00+00:00,22T-BE-IN-LI018R,Lixhe - Gramme 380.11,ELIA,DIRECT,BE,BE,Gramme,Lixhe,Line,SEASONAL,380.0,2174.0,1506.0,151.0,672.0,940.0,1,False
2024-08-29 07:00:00+00:00,22T-BE-IN-LI02AK,Doel - Zandvliet 380.25,ELIA,DIRECT,BE,BE,Doel,Zandvliet,Line,SEASONAL,380.0,2058.0,1426.0,143.0,15.0,917.0,1,False
2024-08-29 07:00:00+00:00,24T-V425-0000004,V.Dur - Krizovany,SEPS,DIRECT,SK,SK,V.Dur,Krizovany,Line,FIXED,380.0,2100.0,1455.0,145.0,-283.0,1259.0,1,False
2024-08-29 07:00:00+00:00,24T-V425-0000004,V.Dur - Krizovany,SEPS,OPPOSITE,SK,SK,V.Dur,Krizovany,Line,FIXED,380.0,2100.0,1455.0,145.0,283.0,1205.0,2,False
2024-08-29 07:00:00+00:00,24T-V429-0000005,Gabcikovo - P.Biskupice,SEPS,DIRECT,SK,SK,Gabcikovo,P.Biskupice,Line,FIXED,380.0,2280.0,1580.0,158.0,-284.0,1355.0,1,False
2024-08-29 07:00:00+00:00,24T-V490-000000G,V.Dur - Levice 1,SEPS,DIRECT,SK,SK,V.Dur,Levice,Line,FIXED,380.0,2100.0,1455.0,145.0,919.0,625.0,1,False
2024-08-29 07:00:00+00:00,24T-V493-000000Q,H.Zdana - Sucany,SEPS,DIRECT,SK,SK,H.Zdana,Sucany,Line,FIXED,380.0,2000.0,1386.0,139.0,-29.0,888.0,1,False
2024-08-29 07:00:00+00:00,30T-ROSI400AT--1,TR Rosiori 400/220 1,TRANSELECTRICA,DIRECT,RO,RO,Rosiori,Rosiori,Transformer,SEASONAL,220.0,577.0,400.0,40.0,340.0,82.0,1,False
2024-08-29 07:00:00+00:00,30TISAC400VULC-W,Isaccea - Vulcanesti,TRANSELECTRICA,DIRECT,RO,UA,Isaccea,Vulcanesti,TieLine,SEASONAL,380.0,1722.0,1193.0,119.0,932.0,242.0,1,False
2024-08-29 07:00:00+00:00,30TPARO220TRGJ-Q,Paroseni - Targu Jiu Nord,TRANSELECTRICA,OPPOSITE,RO,RO,Paroseni,Targu Jiu Nord,Line,SEASONAL,220.0,690.0,269.0,27.0,161.0,105.0,3,False
2024-08-29 07:00:00+00:00,30TPDFE220RESI1S,Portile de Fier - Resita c1,TRANSELECTRICA,DIRECT,RO,RO,Portile de Fier,Resita c1,Line,SEASONAL,220.0,750.0,292.0,29.0,117.0,144.0,1,False
2024-08-29 07:00:00+00:00,49T000000000000O,Zwolle - Hengelo 380 Wit,TENNETBV,DIRECT,NL,NL,Zwolle,Hengelo,Line,SEASONAL,380.0,2500.0,1732.0,173.0,870.0,1025.0,1,False
2024-08-29 07:00:00+00:00,49T0000000000274,Krimpen a/d IJssel - Geertruidenberg 380 Wit,TENNETBV,DIRECT,NL,NL,Krimpen a/d IJssel,Geertruidenberg,Line,SEASONAL,380.0,2826.0,1958.0,196.0,382.0,2051.0,1,False
2024-08-29 07:00:00+00:00,49T0000000000274,Krimpen a/d IJssel - Geertruidenberg 380 Wit,TENNETBV,OPPOSITE,NL,NL,Krimpen a/d IJssel,Geertruidenberg,Line,SEASONAL,380.0,2826.0,1958.0,196.0,-382.0,1473.0,1,False
2024-08-29 08:00:00+00:00,10T-AT-CZ-00003X,Duernrohr 1 - Slavetice 437,APG,OPPOSITE,AT,CZ,Duernrohr 1,Slavetice,TieLine,SEASONAL,380.0,2438.0,1689.0,169.0,598.0,1075.0,1,False
2024-08-29 08:00:00+00:00,10T-AT-DE-000037,Pleinting - St. Peter 258,APG,DIRECT,DE,AT,Pleinting,St. Peter,TieLine,SEASONAL,220.0,1380.0,538.0,54.0,408.0,198.0,1,False
2024-08-29 08:00:00+00:00,10T-AT-SI-00001T,Kainachtal - Maribor 473,APG,OPPOSITE,AT,SI,Kainachtal,Maribor,TieLine,SEASONAL,380.0,1920.0,1330.0,133.0,-661.0,1292.0,1,False
2024-08-29 08:00:00+00:00,10T-AT-SI-00003P,Obersielach - Podlog 247,APG,DIRECT,AT,SI,Obersielach,Podlog,TieLine,SEASONAL,220.0,936.0,365.0,36.0,252.0,249.0,4,False
2024-08-29 08:00:00+00:00,10T-AT-SI-00003P,Obersielach - Podlog 247,APG,OPPOSITE,AT,SI,Obersielach,Podlog,TieLine,SEASONAL,220.0,936.0,365.0,36.0,-271.0,400.0,2,False
2024-08-29 08:00:00+00:00,10T-BE-FR-000015,Achene - Lonny 380.19,ELIA,OPPOSITE,BE,FR,Achene,Lonny,TieLine,SEASONAL,380.0,2014.0,1395.0,140.0,359.0,1096.0,2,False
2024-08-29 08:00:00+00:00,10T-BE-NL-00001I,Maasbracht - Van Eyck 380 Black/27,ELIA,DIRECT,BE,NL,Van Eyck,Maasbracht,TieLine,SEASONAL,380.0,2029.0,1406.0,141.0,210.0,800.0,5,False
2024-08-29 08:00:00+00:00,10T-BE-NL-00001I,Maasbracht - Van Eyck 380 Black/27,ELIA,OPPOSITE,BE,NL,Van Eyck,Maasbracht,TieLine,SEASONAL,380.0,2029.0,1406.0,141.0,19.0,1434.0,6,False
2024-08-29 08:00:00+00:00,10T-CZ-DE-00002U,Hradec - Rohrsdorf - V445,CEPS,OPPOSITE,CZ,DE,Hradec,Rohrsdorf,TieLine,DYNAMIC,380.0,2264.0,1569.0,157.0,525.0,1160.0,1,False
2024-08-29 08:00:00+00:00,10T-CZ-DE-00003S,Hradec - Rohrsdorf - V446,CEPS,DIRECT,CZ,DE,Hradec,Rohrsdorf,TieLine,DYNAMIC,380.0,2264.0,1569.0,157.0,-389.0,1528.0,1,False
2024-08-29 08:00:00+00:00,10T-CZ-PL-00004A,Wielopole - Nosovice,PSE,DIRECT,PL,CZ,Wielopole,Nosovice,TieLine,DYNAMIC,380.0,1879.0,1302.0,130.0,683.0,875.0,1,False
2024-08-29 08:00:00+00:00,10T-CZ-PL-00004A,Wielopole - Nosovice,PSE,OPPOSITE,PL,CZ,Wielopole,Nosovice,TieLine,DYNAMIC,380.0,1879.0,1302.0,130.0,-683.0,1469.0,1,False
2024-08-29 08:00:00+00:00,10T-CZ-SK-00001Y,Liskovec - P. Bystrica,CEPS,DIRECT,CZ,SK,Liskovec,P. Bystrica,TieLine,FIXED,220.0,665.0,259.0,26.0,150.0,197.0,1,False
2024-08-29 08:00:00+00:00,10T-CZ-SK-00001Y,Liskovec - P. Bystrica,CEPS,OPPOSITE,CZ,SK,Liskovec,P. Bystrica,TieLine,FIXED,220.0,665.0,259.0,26.0,-150.0,269.0,1,False
2024-08-29 08:00:00+00:00,10T-CZ-SK-00002W,Nosovice - Varin,CEPS,DIRECT,CZ,SK,Nosovice,Varin,TieLine,FIXED,380.0,1720.0,1192.0,119.0,821.0,756.0,1,False
2024-08-29 08:00:00+00:00,10T-CZ-SK-00002W,Nosovice - Varin,CEPS,OPPOSITE,CZ,SK,Nosovice,Varin,TieLine,FIXED,380.0,1720.0,1192.0,119.0,-821.0,780.0,2,False
2024-08-29 08:00:00+00:00,10T-CZ-SK-00003U,Sokolnice - Krizovany,CEPS,DIRECT,CZ,SK,Sokolnice,Krizovany,TieLine,FIXED,380.0,2000.0,1386.0,139.0,519.0,1033.0,3,False
2024-08-29 08:00:00+00:00,10T-CZ-SK-00003U,Sokolnice - Krizovany,CEPS,OPPOSITE,CZ,SK,Sokolnice,Krizovany,TieLine,FIXED,380.0,2000.0,1386.0,139.0,-519.0,1413.0,3,False
2024-08-29 08:00:00+00:00,10T-DE-FR-000068,Ensdorf - Vigy VIGY2 S,AMPRION,OPPOSITE,DE,FR,Ensdorf,Vigy,TieLine,FIXED,380.0,2720.0,1884.0,188.0,1632.0,376.0,1,False
2024-08-29 08:00:00+00:00,10T-DE-NL-00002T,Diele - Meeden 380 White,TENNETBV,DIRECT,DE,NL,Diele,Meeden,TieLine,SEASONAL,380.0,1520.0,1053.0,105.0,-298.0,690.0,2,False
2024-08-29 08:00:00+00:00,10T-DE-NL-00002T,Diele - Meeden 380 White,TENNETBV,OPPOSITE,DE,NL,Diele,Meeden,TieLine,SEASONAL,380.0,1520.0,1053.0,105.0,486.0,877.0,1,False
2024-08-29 08:00:00+00:00,10T-DE-NL-00005N,Maasbracht - Oberzier 380 white,AMPRION,DIRECT,NL,DE,Maasbracht,Oberzier,TieLine,SEASONAL,380.0,2500.0,1732.0,173.0,-13.0,1794.0,1,False
2024-08-29 08:00:00+00:00,10T-DE-NL-00005N,Maasbracht - Oberzier 380 white,AMPRION,OPPOSITE,NL,DE,Maasbracht,Oberzier,TieLine,SEASONAL,380.0,2500.0,1732.0,173.0,-79.0,1173.0,6,False
2024-08-29 08:00:00+00:00,10T-HR-HU-000025,Zerjavinec - Heviz,MAVIR,OPPOSITE,HR,HU,Zerjavinec,Heviz,TieLine,FIXED,380.0,1920.0,1330.0,133.0,372.0,1135.0,1,False
2024-08-29 08:00:00+00:00,10T-HR-HU-000033,Pecs - Ernestinovo1 491A,HOPS,OPPOSITE,HU,HR,Pecs,Ernestinovo,TieLine,SEASONAL,380.0,1920.0,1330.0,133.0,556.0,960.0,1,False
2024-08-29 08:00:00+00:00,10T-HR-SI-000022,Pehlin - Divaca,HOPS,DIRECT,HR,SI,Pehlin,Divaca,TieLine,SEASONAL,220.0,960.0,374.0,37.0,9.0,146.0,1,False
2024-08-29 08:00:00+00:00,10T-HR-SI-000022,Pehlin - Divaca,HOPS,OPPOSITE,HR,SI,Pehlin,Divaca,TieLine,SEASONAL,220.0,960.0,374.0,37.0,-9.0,528.0,1,False
2024-08-29 08:00:00+00:00,10T-HR-SI-00004Z,Tumbri - Krsko 1,HOPS,OPPOSITE,HR,SI,Tumbri,Krsko,TieLine,SEASONAL,380.0,1920.0,1330.0,133.0,320.0,1273.0,1,False
2024-08-29 08:00:00+00:00,10T-HU-SK-00001T,Levice - God,SEPS,DIRECT,SK,HU,Levice,God,TieLine,FIXED,380.0,2000.0,1386.0,139.0,639.0,778.0,1,False
2024-08-29 08:00:00+00:00,10T-HU-UA-00002F,Kisvarda - Mukachevo,MAVIR,DIRECT,HU,UA,Kisvarda,Mukachevo,TieLine,SEASONAL,220.0,640.0,249.0,25.0,66.0,152.0,1,False
2024-08-29 08:00:00+00:00,10T-RO-RS-00001V,Portile de Fier - Djerdap,TRANSELECTRICA,DIRECT,RO,RS,Portile de Fier,Djerdap,TieLine,SEASONAL,380.0,1836.0,1272.0,127.0,152.0,1038.0,1,False
2024-08-29 08:00:00+00:00,10T-RO-RS-00001V,Portile de Fier - Djerdap,TRANSELECTRICA,OPPOSITE,RO,RS,Portile de Fier,Djerdap,TieLine,SEASONAL,380.0,1836.0,1272.0,127.0,188.0,877.0,1,False
2024-08-29 08:00:00+00:00,10T-SK-UA-00001W,V.Kapusany - Mukachevo (WPS),SEPS,DIRECT,SK,UA,Velke Kapusany,Mukachevo,TieLine,SEASONAL,380.0,1570.0,1088.0,109.0,358.0,826.0,1,False
2024-08-29 08:00:00+00:00,10T-SK-UA-00001W,V.Kapusany - Mukachevo (WPS),SEPS,OPPOSITE,SK,UA,Velke Kapusany,Mukachevo,TieLine,SEASONAL,380.0,1570.0,1088.0,109.0,-358.0,1132.0,1,False
2024-08-29 08:00:00+00:00,10T1001A1001A09N,Dobrzen - Detmarovice,PSE,DIRECT,PL,CZ,Dobrzen,Detmarovice,TieLine,DYNAMIC,380.0,1835.0,1271.0,127.0,899.0,587.0,1,False
2024-08-29 08:00:00+00:00,10T1001C--00035Z,Westtirol - Silz 413,APG,OPPOSITE,AT,DE,Westtirol,Silz,TieLine,SEASONAL,220.0,2080.0,811.0,81.0,55.0,525.0,1,False
2024-08-29 08:00:00+00:00,10T1001C--00056R,Gabcikovo - Gonyu,MAVIR,DIRECT,SK,HU,Gabcikovo,Gonyu,TieLine,FIXED,380.0,2000.0,1386.0,139.0,376.0,1111.0,1,False
2024-08-29 08:00:00+00:00,10T1001C--00056R,Gabcikovo - Gonyu,MAVIR,OPPOSITE,SK,HU,Gabcikovo,Gonyu,TieLine,FIXED,380.0,2000.0,1386.0,139.0,92.0,1180.0,2,False
2024-08-29 08:00:00+00:00,10T1001C--00101B,Cirkovce - Heviz,MAVIR,DIRECT,SI,HU,Cirkovce,Heviz,TieLine,FIXED,380.0,2000.0,1109.0,139.0,-383.0,1091.0,3,True
2024-08-29 08:00:00+00:00,10T1001C--00101B,Cirkovce - Heviz,MAVIR,OPPOSITE,SI,HU,Cirkovce,Heviz,TieLine,FIXED,380.0,2000.0,1109.0,139.0,383.0,899.0,2,True
2024-08-29 08:00:00+00:00,10T1001C--001223,Sokolnice - Zaya - V244,CEPS,DIRECT,CZ,AT,Sokolnice,Zaya,TieLine,DYNAMIC,220.0,738.0,288.0,29.0,79.0,229.0,1,False
2024-08-29 08:00:00+00:00,10T1001C--001223,Sokolnice - Zaya - V244,CEPS,OPPOSITE,CZ,AT,Sokolnice,Zaya,TieLine,DYNAMIC,220.0,738.0,288.0,29.0,-79.0,289.0,1,False
2024-08-29 08:00:00+00:00,11T0-0000-0011-L,PST Roehrsdorf 441,50HERTZ,DIRECT,DE,DE,Roehrsdorf,Roehrsdorf,PST,FIXED,380.0,2028.0,1405.0,141.0,894.0,774.0,2,False
2024-08-29 08:00:00+00:00,11T0-0000-0103-E,Etzenricht - Mechlenreuth 437,TENNETGMBH,DIRECT,DE,DE,Etzenricht,Mechlenreuth,Line,DYNAMIC,380.0,2486.0,1722.0,172.0,279.0,1003.0,1,False
2024-08-29 08:00:00+00:00,11T0-0000-0620-R,PST Gronau TR 441 E,AMPRION,DIRECT,DE,DE,Gronau,Gronau,PST,FIXED,380.0,2165.0,1500.0,150.0,893.0,852.0,2,False
2024-08-29 08:00:00+00:00,11T0-0000-0781-W,Y-Oberzier (-Paffendorf - Sechtem) SECHTM N,AMPRION,DIRECT,DE,DE,Oberzier,Y-Paffendorf,Line,DYNAMIC,380.0,2851.0,1975.0,198.0,1228.0,851.0,2,False
2024-08-29 08:00:00+00:00,11T0-0000-0872-S,Pfungstadt - Urberach GRIESH O,AMPRION,OPPOSITE,DE,DE,Pfungstadt,Urberach,Line,DYNAMIC,380.0,2819.0,1953.0,195.0,401.0,1221.0,1,False
2024-08-29 08:00:00+00:00,11T0-0000-0986-7,Y-Altheim (-Simbach - St. Peter) 234/230,TENNETGMBH,OPPOSITE,DE,AT,Altheim,St. Peter,TieLine,DYNAMIC,220.0,937.0,365.0,37.0,262.0,198.0,1,False
2024-08-29 08:00:00+00:00,11T0-0000-1496-M,Emscherbruch  - Mengede  RECKLI N,AMPRION,OPPOSITE,DE,DE,Emscherbruch,Mengede,Line,DYNAMIC,380.0,2708.0,1876.0,188.0,16.0,1383.0,1,False
2024-08-29 08:00:00+00:00,11TD2L000000003L,Altheim - Sittling 219,TENNETGMBH,DIRECT,DE,DE,Altheim,Sittling,Line,DYNAMIC,220.0,937.0,365.0,37.0,108.0,238.0,1,False
2024-08-29 08:00:00+00:00,11TD400000543-LM,Hoepfingen - Hueffenhardt ge,TRANSNETBW,DIRECT,DE,DE,Hoepfingen,Hueffenhardt,Line,DYNAMIC,380.0,2630.0,1822.0,182.0,914.0,946.0,1,False
2024-08-29 08:00:00+00:00,11TD8L555------W,Dresden/Sued - Schmoelln 555,50HERTZ,OPPOSITE,DE,DE,Dresden/Sued,Schmoelln,Line,FIXED,380.0,2500.0,1732.0,173.0,1193.0,857.0,1,False
2024-08-29 08:00:00+00:00,14T-220-0-002213,Tauern - Weissenbach 221,APG,OPPOSITE,AT,AT,Tauern,Weissenbach,Line,SEASONAL,220.0,821.0,320.0,32.0,-13.0,236.0,1,False
2024-08-29 08:00:00+00:00,14T-220-0-0273BO,Strass - Thaur 273B,APG,DIRECT,AT,AT,Strass,Thaur,Line,SEASONAL,220.0,1090.0,425.0,42.0,78.0,189.0,1,False
2024-08-29 08:00:00+00:00,14T-221-0-00223Q,Hessenberg - Weissenbach 223,APG,OPPOSITE,AT,AT,Hessenberg,Weissenbach,Line,SEASONAL,220.0,821.0,320.0,32.0,170.0,215.0,1,False
2024-08-29 08:00:00+00:00,14T-38220-WT041O,Westtirol 1 - Westtirol 2 WTRHU41,APG,OPPOSITE,AT,AT,Westtirol 1,Westtirol 2,Transformer,SEASONAL,220.0,1443.0,1000.0,100.0,402.0,298.0,2,False
2024-08-29 08:00:00+00:00,14T-38220-ZZ041D,Zell am Ziller 1 - Zell am Ziller 2 ZZRHU41,APG,DIRECT,AT,AT,Zell am Ziller 1,Zell am Ziller 2,Transformer,SEASONAL,220.0,1732.0,1200.0,120.0,265.0,519.0,1,False
2024-08-29 08:00:00+00:00,15T-M00000043583,Kerepes - Zuglo 1,MAVIR,DIRECT,HU,HU,Kerepes,Zuglo,Line,SEASONAL,220.0,1139.0,444.0,44.0,136.0,313.0,1,False
2024-08-29 08:00:00+00:00,15T-M000002791-J,Gonyu - Gyor,MAVIR,DIRECT,HU,HU,Gonyu,Gyor,Line,FIXED,380.0,2000.0,1386.0,139.0,656.0,959.0,1,False
2024-08-29 08:00:00+00:00,15T-M000002791-J,Gonyu - Gyor,MAVIR,OPPOSITE,HU,HU,Gonyu,Gyor,Line,FIXED,380.0,2000.0,1386.0,139.0,-656.0,1535.0,1,False
2024-08-29 08:00:00+00:00,19T000000001304A,Krosno Iskrzynia - Rzeszow,PSE,OPPOSITE,PL,PL,Krosno Iskrzynia,Rzeszow,Line,DYNAMIC,380.0,1360.0,942.0,94.0,710.0,483.0,1,False
2024-08-29 08:00:00+00:00,19T0000000063830,Mikulowa PST1,PSE,DIRECT,PL,PL,Mikulowa PST1,Mikulowa PST1,PST,DYNAMIC,380.0,1905.0,1320.0,132.0,421.0,743.0,1,False
2024-08-29 08:00:00+00:00,19T0000000063830,Mikulowa PST1,PSE,OPPOSITE,PL,PL,Mikulowa PST1,Mikulowa PST1,PST,DYNAMIC,380.0,1905.0,1320.0,132.0,-421.0,1633.0,1,False
2024-08-29 08:00:00+00:00,19T000000006396S,Polaniec - Tarnow,PSE,DIRECT,PL,PL,Polaniec,Tarnow,Line,DYNAMIC,380.0,1269.0,879.0,88.0,554.0,459.0,1,False
2024-08-29 08:00:00+00:00,22T-BE-IN-LI0130,Gramme - Achene 380.10,ELIA,OPPOSITE,BE,BE,Achene,Gramme,Line,SEASONAL,380.0,2043.0,1415.0,142.0,-321.0,1172.0,4,False
2024-08-29 08:00:00+00:00,22T-BE-IN-LI018R,Lixhe - Gramme 380.11,ELIA,DIRECT,BE,BE,Gramme,Lixhe,Line,SEASONAL,380.0,2051.0,1421.0,142.0,469.0,848.0,1,False
2024-08-29 08:00:00+00:00,24T-V425-0000004,V.Dur - Krizovany,SEPS,DIRECT,SK,SK,V.Dur,Krizovany,Line,FIXED,380.0,2100.0,1455.0,145.0,-147.0,1218.0,1,False
2024-08-29 08:00:00+00:00,24T-V490-000000G,V.Dur - Levice 1,SEPS,DIRECT,SK,SK,V.Dur,Levice,Line,FIXED,380.0,2100.0,1455.0,145.0,822.0,623.0,1,False
2024-08-29 08:00:00+00:00,24T-V493-000000Q,H.Zdana - Sucany,SEPS,DIRECT,SK,SK,H.Zdana,Sucany,Line,FIXED,380.0,2000.0,1386.0,139.0,30.0,874.0,1,False
2024-08-29 08:00:00+00:00,30T-ROSI400AT--1,TR Rosiori 400/220 1,TRANSELECTRICA,DIRECT,RO,RO,Rosiori,Rosiori,Transformer,SEASONAL,220.0,577.0,400.0,40.0,325.0,79.0,1,False
2024-08-29 08:00:00+00:00,30TPARO220TRGJ-Q,Paroseni - Targu Jiu Nord,TRANSELECTRICA,OPPOSITE,RO,RO,Paroseni,Targu Jiu Nord,Line,SEASONAL,220.0,690.0,269.0,27.0,111.0,113.0,4,False
2024-08-29 08:00:00+00:00,49T0000000000274,Krimpen a/d IJssel - Geertruidenberg 380 Wit,TENNETBV,DIRECT,NL,NL,Krimpen a/d IJssel,Geertruidenberg,Line,SEASONAL,380.0,2826.0,1958.0,196.0,99.0,2399.0,1,False
2024-08-29 08:00:00+00:00,49T0000000000274,Krimpen a/d IJssel - Geertruidenberg 380 Wit,TENNETBV,OPPOSITE,NL,NL,Krimpen a/d IJssel,Geertruidenberg,Line,SEASONAL,380.0,2826.0,1958.0,196.0,-99.0,1177.0,1,False
2024-08-29 09:00:00+00:00,10T-AT-CZ-00003X,Duernrohr 1 - Slavetice 437,APG,OPPOSITE,AT,CZ,Duernrohr 1,Slavetice,TieLine,SEASONAL,380.0,2438.0,1689.0,169.0,509.0,1157.0,1,False
2024-08-29 09:00:00+00:00,10T-AT-DE-000037,Pleinting - St. Peter 258,APG,DIRECT,DE,AT,Pleinting,St. Peter,TieLine,SEASONAL,220.0,1380.0,538.0,54.0,445.0,196.0,1,False
2024-08-29 09:00:00+00:00,10T-AT-SI-00003P,Obersielach - Podlog 247,APG,DIRECT,AT,SI,Obersielach,Podlog,TieLine,SEASONAL,220.0,936.0,365.0,36.0,262.0,264.0,3,False
2024-08-29 09:00:00+00:00,10T-AT-SI-00003P,Obersielach - Podlog 247,APG,OPPOSITE,AT,SI,Obersielach,Podlog,TieLine,SEASONAL,220.0,936.0,365.0,36.0,-262.0,384.0,2,False
2024-08-29 09:00:00+00:00,10T-BE-FR-000015,Achene - Lonny 380.19,ELIA,OPPOSITE,BE,FR,Achene,Lonny,TieLine,SEASONAL,380.0,2002.0,1387.0,139.0,-305.0,1244.0,2,False
2024-08-29 09:00:00+00:00,10T-BE-NL-00001I,Maasbracht - Van Eyck 380 Black/27,ELIA,DIRECT,BE,NL,Van Eyck,Maasbracht,TieLine,SEASONAL,380.0,1999.0,1385.0,138.0,481.0,806.0,5,False
2024-08-29 09:00:00+00:00,10T-BE-NL-00001I,Maasbracht - Van Eyck 380 Black/27,ELIA,OPPOSITE,BE,NL,Van Eyck,Maasbracht,TieLine,SEASONAL,380.0,1999.0,1385.0,138.0,-471.0,1550.0,4,False
2024-08-29 09:00:00+00:00,10T-BE-NL-00003E,Rilland - Zandvliet 380 Grey/29,ELIA,OPPOSITE,BE,NL,Zandvliet,Rilland,TieLine,SEASONAL,380.0,4000.0,2771.0,277.0,670.0,2703.0,1,False
2024-08-29 09:00:00+00:00,10T-CZ-DE-00001W,Hradec - Etzenricht,CEPS,OPPOSITE,CZ,DE,Hradec,Etzenricht,TieLine,FIXED,380.0,2000.0,1386.0,139.0,392.0,1014.0,1,False
2024-08-29 09:00:00+00:00,10T-CZ-DE-00003S,Hradec - Rohrsdorf - V446,CEPS,DIRECT,CZ,DE,Hradec,Rohrsdorf,TieLine,DYNAMIC,380.0,2180.0,1510.0,151.0,-450.0,1403.0,1,False
2024-08-29 09:00:00+00:00,10T-CZ-DE-00003S,Hradec - Rohrsdorf - V446,CEPS,OPPOSITE,CZ,DE,Hradec,Rohrsdorf,TieLine,DYNAMIC,380.0,2180.0,1510.0,151.0,450.0,1315.0,1,False
2024-08-29 09:00:00+00:00,10T-CZ-DE-00004Q,Etzenricht - Prestice 442,TENNETGMBH,DIRECT,DE,CZ,Etzenricht,Prestice,TieLine,FIXED,380.0,2265.0,1569.0,157.0,476.0,1143.0,1,False
2024-08-29 09:00:00+00:00,10T-CZ-PL-00004A,Wielopole - Nosovice,PSE,DIRECT,PL,CZ,Wielopole,Nosovice,TieLine,DYNAMIC,380.0,1835.0,1271.0,127.0,681.0,849.0,2,False
2024-08-29 09:00:00+00:00,10T-CZ-PL-00004A,Wielopole - Nosovice,PSE,OPPOSITE,PL,CZ,Wielopole,Nosovice,TieLine,DYNAMIC,380.0,1835.0,1271.0,127.0,-696.0,1439.0,1,False
2024-08-29 09:00:00+00:00,10T-CZ-SK-00001Y,Liskovec - P. Bystrica,CEPS,DIRECT,CZ,SK,Liskovec,P. Bystrica,TieLine,FIXED,220.0,665.0,259.0,26.0,165.0,192.0,1,False
2024-08-29 09:00:00+00:00,10T-CZ-SK-00001Y,Liskovec - P. Bystrica,CEPS,OPPOSITE,CZ,SK,Liskovec,P. Bystrica,TieLine,FIXED,220.0,665.0,259.0,26.0,-165.0,274.0,1,False
2024-08-29 09:00:00+00:00,10T-CZ-SK-00002W,Nosovice - Varin,CEPS,DIRECT,CZ,SK,Nosovice,Varin,TieLine,FIXED,380.0,1720.0,1192.0,119.0,902.0,741.0,1,False
2024-08-29 09:00:00+00:00,10T-CZ-SK-00002W,Nosovice - Varin,CEPS,OPPOSITE,CZ,SK,Nosovice,Varin,TieLine,FIXED,380.0,1720.0,1192.0,119.0,-902.0,781.0,2,False
2024-08-29 09:00:00+00:00,10T-CZ-SK-00003U,Sokolnice - Krizovany,CEPS,DIRECT,CZ,SK,Sokolnice,Krizovany,TieLine,FIXED,380.0,2000.0,1386.0,139.0,640.0,974.0,3,False
2024-08-29 09:00:00+00:00,10T-CZ-SK-00003U,Sokolnice - Krizovany,CEPS,OPPOSITE,CZ,SK,Sokolnice,Krizovany,TieLine,FIXED,380.0,2000.0,1386.0,139.0,-640.0,1483.0,3,False
2024-08-29 09:00:00+00:00,10T-DE-FR-000068,Ensdorf - Vigy VIGY2 S,AMPRION,OPPOSITE,DE,FR,Ensdorf,Vigy,TieLine,FIXED,380.0,2720.0,1884.0,188.0,1538.0,376.0,1,False
2024-08-29 09:00:00+00:00,10T-DE-NL-00002T,Diele - Meeden 380 White,TENNETBV,DIRECT,DE,NL,Diele,Meeden,TieLine,SEASONAL,380.0,1520.0,1053.0,105.0,-425.0,636.0,3,False
2024-08-29 09:00:00+00:00,10T-DE-NL-00002T,Diele - Meeden 380 White,TENNETBV,OPPOSITE,DE,NL,Diele,Meeden,TieLine,SEASONAL,380.0,1520.0,1053.0,105.0,425.0,987.0,1,False
2024-08-29 09:00:00+00:00,10T-DE-NL-00005N,Maasbracht - Oberzier 380 white,AMPRION,DIRECT,NL,DE,Maasbracht,Oberzier,TieLine,SEASONAL,380.0,2500.0,1732.0,173.0,626.0,1695.0,2,False
2024-08-29 09:00:00+00:00,10T-DE-NL-00005N,Maasbracht - Oberzier 380 white,AMPRION,OPPOSITE,NL,DE,Maasbracht,Oberzier,TieLine,SEASONAL,380.0,2500.0,1732.0,173.0,-238.0,1289.0,6,False
2024-08-29 09:00:00+00:00,10T-HR-HU-000025,Zerjavinec - Heviz,MAVIR,OPPOSITE,HR,HU,Zerjavinec,Heviz,TieLine,FIXED,380.0,1920.0,1330.0,133.0,387.0,1119.0,1,False
2024-08-29 09:00:00+00:00,10T-HR-HU-000033,Pecs - Ernestinovo1 491A,HOPS,OPPOSITE,HU,HR,Pecs,Ernestinovo,TieLine,SEASONAL,380.0,1920.0,1330.0,133.0,642.0,927.0,1,False
2024-08-29 09:00:00+00:00,10T-HR-SI-000022,Pehlin - Divaca,HOPS,DIRECT,HR,SI,Pehlin,Divaca,TieLine,SEASONAL,220.0,960.0,374.0,37.0,-4.0,140.0,1,False
2024-08-29 09:00:00+00:00,10T-HR-SI-000022,Pehlin - Divaca,HOPS,OPPOSITE,HR,SI,Pehlin,Divaca,TieLine,SEASONAL,220.0,960.0,374.0,37.0,4.0,534.0,1,False
2024-08-29 09:00:00+00:00,10T-HR-SI-00004Z,Tumbri - Krsko 1,HOPS,OPPOSITE,HR,SI,Tumbri,Krsko,TieLine,SEASONAL,380.0,1920.0,1330.0,133.0,363.0,1272.0,1,False
2024-08-29 09:00:00+00:00,10T-HU-SK-00001T,Levice - God,SEPS,DIRECT,SK,HU,Levice,God,TieLine,FIXED,380.0,2000.0,1386.0,139.0,632.0,769.0,1,False
2024-08-29 09:00:00+00:00,10T-HU-UA-00002F,Kisvarda - Mukachevo,MAVIR,DIRECT,HU,UA,Kisvarda,Mukachevo,TieLine,SEASONAL,220.0,640.0,249.0,25.0,88.0,153.0,1,False
2024-08-29 09:00:00+00:00,10T-RO-RS-00001V,Portile de Fier - Djerdap,TRANSELECTRICA,DIRECT,RO,RS,Portile de Fier,Djerdap,TieLine,SEASONAL,380.0,1836.0,1272.0,127.0,153.0,972.0,1,False
2024-08-29 09:00:00+00:00,10T-RO-RS-00001V,Portile de Fier - Djerdap,TRANSELECTRICA,OPPOSITE,RO,RS,Portile de Fier,Djerdap,TieLine,SEASONAL,380.0,1836.0,1272.0,127.0,186.0,943.0,1,False
2024-08-29 09:00:00+00:00,10T-SK-UA-00001W,V.Kapusany - Mukachevo (WPS),SEPS,DIRECT,SK,UA,Velke Kapusany,Mukachevo,TieLine,SEASONAL,380.0,1570.0,1088.0,109.0,332.0,852.0,1,False
2024-08-29 09:00:00+00:00,10T-SK-UA-00001W,V.Kapusany - Mukachevo (WPS),SEPS,OPPOSITE,SK,UA,Velke Kapusany,Mukachevo,TieLine,SEASONAL,380.0,1570.0,1088.0,109.0,-332.0,1106.0,1,False
2024-08-29 09:00:00+00:00,10T1001A1001A09N,Dobrzen - Detmarovice,PSE,DIRECT,PL,CZ,Dobrzen,Detmarovice,TieLine,DYNAMIC,380.0,1791.0,1241.0,124.0,902.0,593.0,1,False
2024-08-29 09:00:00+00:00,10T1001C--00035Z,Westtirol - Silz 413,APG,OPPOSITE,AT,DE,Westtirol,Silz,TieLine,SEASONAL,220.0,2080.0,811.0,81.0,232.0,439.0,1,False
2024-08-29 09:00:00+00:00,10T1001C--00056R,Gabcikovo - Gonyu,MAVIR,DIRECT,SK,HU,Gabcikovo,Gonyu,TieLine,FIXED,380.0,2000.0,1386.0,139.0,372.0,1074.0,1,False
2024-08-29 09:00:00+00:00,10T1001C--00056R,Gabcikovo - Gonyu,MAVIR,OPPOSITE,SK,HU,Gabcikovo,Gonyu,TieLine,FIXED,380.0,2000.0,1386.0,139.0,97.0,1208.0,2,False
2024-08-29 09:00:00+00:00,10T1001C--00101B,Cirkovce - Heviz,MAVIR,DIRECT,SI,HU,Cirkovce,Heviz,TieLine,FIXED,380.0,2000.0,1109.0,139.0,-387.0,1104.0,3,True
2024-08-29 09:00:00+00:00,10T1001C--00101B,Cirkovce - Heviz,MAVIR,OPPOSITE,SI,HU,Cirkovce,Heviz,TieLine,FIXED,380.0,2000.0,1109.0,139.0,387.0,809.0,2,True
2024-08-29 09:00:00+00:00,10T1001C--001223,Sokolnice - Zaya - V244,CEPS,DIRECT,CZ,AT,Sokolnice,Zaya,TieLine,DYNAMIC,220.0,714.0,278.0,28.0,73.0,228.0,1,False
2024-08-29 09:00:00+00:00,10T1001C--001223,Sokolnice - Zaya - V244,CEPS,OPPOSITE,CZ,AT,Sokolnice,Zaya,TieLine,DYNAMIC,220.0,714.0,278.0,28.0,-73.0,272.0,1,False
2024-08-29 09:00:00+00:00,11T0-0000-0011-L,PST Roehrsdorf 441,50HERTZ,DIRECT,DE,DE,Roehrsdorf,Roehrsdorf,PST,FIXED,380.0,2028.0,1405.0,141.0,431.0,774.0,1,False
2024-08-29 09:00:00+00:00,11T0-0000-0103-E,Etzenricht - Mechlenreuth 437,TENNETGMBH,DIRECT,DE,DE,Etzenricht,Mechlenreuth,Line,DYNAMIC,380.0,2440.0,1690.0,169.0,211.0,997.0,1,False
2024-08-29 09:00:00+00:00,11T0-0000-0781-W,Y-Oberzier (-Paffendorf - Sechtem) SECHTM N,AMPRION,DIRECT,DE,DE,Oberzier,Y-Paffendorf,Line,DYNAMIC,380.0,2813.0,1949.0,195.0,476.0,1202.0,2,False
2024-08-29 09:00:00+00:00,11T0-0000-0872-S,Pfungstadt - Urberach GRIESH O,AMPRION,OPPOSITE,DE,DE,Pfungstadt,Urberach,Line,DYNAMIC,380.0,2735.0,1895.0,189.0,447.0,1244.0,1,False
2024-08-29 09:00:00+00:00,11T0-0000-0986-7,Y-Altheim (-Simbach - St. Peter) 234/230,TENNETGMBH,OPPOSITE,DE,AT,Altheim,St. Peter,TieLine,DYNAMIC,220.0,928.0,362.0,36.0,311.0,187.0,1,False
2024-08-29 09:00:00+00:00,11T0-0000-1496-M,Emscherbruch  - Mengede  RECKLI N,AMPRION,OPPOSITE,DE,DE,Emscherbruch,Mengede,Line,DYNAMIC,380.0,2672.0,1851.0,185.0,338.0,1156.0,1,False
2024-08-29 09:00:00+00:00,11TD2L000000003L,Altheim - Sittling 219,TENNETGMBH,DIRECT,DE,DE,Altheim,Sittling,Line,DYNAMIC,220.0,928.0,362.0,36.0,93.0,250.0,1,False
2024-08-29 09:00:00+00:00,11TD400000543-LM,Hoepfingen - Hueffenhardt ge,TRANSNETBW,DIRECT,DE,DE,Hoepfingen,Hueffenhardt,Line,DYNAMIC,380.0,2630.0,1822.0,182.0,913.0,914.0,1,False
2024-08-29 09:00:00+00:00,11TD8L555------W,Dresden/Sued - Schmoelln 555,50HERTZ,OPPOSITE,DE,DE,Dresden/Sued,Schmoelln,Line,FIXED,380.0,2500.0,1732.0,173.0,1241.0,848.0,1,False
2024-08-29 09:00:00+00:00,11TD8L565------N,Graustein - Baerwalde 565,50HERTZ,DIRECT,DE,DE,Graustein,Baerwalde,Line,FIXED,380.0,2656.0,1840.0,184.0,1133.0,794.0,1,False
2024-08-29 09:00:00+00:00,14T-220-0-002213,Tauern - Weissenbach 221,APG,OPPOSITE,AT,AT,Tauern,Weissenbach,Line,SEASONAL,220.0,821.0,320.0,32.0,16.0,200.0,1,False
2024-08-29 09:00:00+00:00,14T-220-0-0273BO,Strass - Thaur 273B,APG,DIRECT,AT,AT,Strass,Thaur,Line,SEASONAL,220.0,1090.0,425.0,42.0,-20.0,246.0,1,False
2024-08-29 09:00:00+00:00,14T-221-0-00223Q,Hessenberg - Weissenbach 223,APG,OPPOSITE,AT,AT,Hessenberg,Weissenbach,Line,SEASONAL,220.0,821.0,320.0,32.0,166.0,228.0,1,False
2024-08-29 09:00:00+00:00,14T-38220-WT041O,Westtirol 1 - Westtirol 2 WTRHU41,APG,OPPOSITE,AT,AT,Westtirol 1,Westtirol 2,Transformer,SEASONAL,220.0,1443.0,1000.0,100.0,533.0,211.0,2,False
2024-08-29 09:00:00+00:00,14T-38220-ZZ041D,Zell am Ziller 1 - Zell am Ziller 2 ZZRHU41,APG,DIRECT,AT,AT,Zell am Ziller 1,Zell am Ziller 2,Transformer,SEASONAL,220.0,1732.0,1200.0,120.0,25.0,685.0,1,False
2024-08-29 09:00:00+00:00,15T-M00000043583,Kerepes - Zuglo 1,MAVIR,DIRECT,HU,HU,Kerepes,Zuglo,Line,SEASONAL,220.0,1139.0,444.0,44.0,134.0,315.0,1,False
2024-08-29 09:00:00+00:00,15T-M000002791-J,Gonyu - Gyor,MAVIR,DIRECT,HU,HU,Gonyu,Gyor,Line,FIXED,380.0,2000.0,1386.0,139.0,658.0,949.0,1,False
2024-08-29 09:00:00+00:00,15T-M000002791-J,Gonyu - Gyor,MAVIR,OPPOSITE,HU,HU,Gonyu,Gyor,Line,FIXED,380.0,2000.0,1386.0,139.0,-658.0,1545.0,1,False
2024-08-29 09:00:00+00:00,19T000000001304A,Krosno Iskrzynia - Rzeszow,PSE,OPPOSITE,PL,PL,Krosno Iskrzynia,Rzeszow,Line,DYNAMIC,380.0,1299.0,900.0,90.0,712.0,460.0,1,False
2024-08-29 09:00:00+00:00,19T0000000063830,Mikulowa PST1,PSE,DIRECT,PL,PL,Mikulowa PST1,Mikulowa PST1,PST,DYNAMIC,380.0,1905.0,1320.0,132.0,505.0,805.0,1,False
2024-08-29 09:00:00+00:00,19T0000000063830,Mikulowa PST1,PSE,OPPOSITE,PL,PL,Mikulowa PST1,Mikulowa PST1,PST,DYNAMIC,380.0,1905.0,1320.0,132.0,-505.0,1571.0,1,False
2024-08-29 09:00:00+00:00,22T-BE-IN-LI0130,Gramme - Achene 380.10,ELIA,OPPOSITE,BE,BE,Achene,Gramme,Line,SEASONAL,380.0,2014.0,1395.0,140.0,318.0,1118.0,3,False
2024-08-29 09:00:00+00:00,22T-BE-IN-LI014Z,Y-Mercator (-Doel - Lillo) 380.51,ELIA,OPPOSITE,BE,BE,Mercator,Liefkenshoek,Line,SEASONAL,380.0,1999.0,1385.0,138.0,597.0,961.0,1,False
2024-08-29 09:00:00+00:00,22T-BE-IN-LI018R,Lixhe - Gramme 380.11,ELIA,DIRECT,BE,BE,Gramme,Lixhe,Line,SEASONAL,380.0,2051.0,1421.0,142.0,29.0,867.0,1,False
2024-08-29 09:00:00+00:00,22T20161020---3A,Y-Mercator (-Horta  - Rodenhuize) 380.74,ELIA,DIRECT,BE,BE,Mercator,Rodenhuize,Line,SEASONAL,380.0,4140.0,2868.0,287.0,1116.0,1924.0,1,False
2024-08-29 09:00:00+00:00,24T-V409-000000P,Lemesany - Vola,SEPS,OPPOSITE,SK,SK,Lemesany,Vola,Line,FIXED,380.0,1570.0,1088.0,109.0,-319.0,1050.0,1,False
2024-08-29 09:00:00+00:00,24T-V425-0000004,V.Dur - Krizovany,SEPS,DIRECT,SK,SK,V.Dur,Krizovany,Line,FIXED,380.0,2100.0,1455.0,145.0,-190.0,1266.0,1,False
2024-08-29 09:00:00+00:00,24T-V490-000000G,V.Dur - Levice 1,SEPS,DIRECT,SK,SK,V.Dur,Levice,Line,FIXED,380.0,2100.0,1455.0,145.0,842.0,628.0,1,False
2024-08-29 09:00:00+00:00,24T-V493-000000Q,H.Zdana - Sucany,SEPS,DIRECT,SK,SK,H.Zdana,Sucany,Line,FIXED,380.0,2000.0,1386.0,139.0,77.0,837.0,1,False
2024-08-29 09:00:00+00:00,30T-ROSI400AT--1,TR Rosiori 400/220 1,TRANSELECTRICA,DIRECT,RO,RO,Rosiori,Rosiori,Transformer,SEASONAL,220.0,577.0,400.0,40.0,330.0,92.0,1,False
2024-08-29 09:00:00+00:00,30TPARO220TRGJ-Q,Paroseni - Targu Jiu Nord,TRANSELECTRICA,OPPOSITE,RO,RO,Paroseni,Targu Jiu Nord,Line,SEASONAL,220.0,690.0,269.0,27.0,108.0,110.0,4,False
2024-08-29 09:00:00+00:00,49T0000000000274,Krimpen a/d IJssel - Geertruidenberg 380 Wit,TENNETBV,DIRECT,NL,NL,Krimpen a/d IJssel,Geertruidenberg,Line,SEASONAL,380.0,2826.0,1958.0,196.0,200.0,2435.0,1,False
2024-08-29 09:00:00+00:00,49T0000000000274,Krimpen a/d IJssel - Geertruidenberg 380 Wit,TENNETBV,OPPOSITE,NL,NL,Krimpen a/d IJssel,Geertruidenberg,Line,SEASONAL,380.0,2826.0,1958.0,196.0,-200.0,1228.0,1,False
2024-08-29 10:00:00+00:00,10T-AT-CZ-00004V,Slavetice - Durnrohr - V438,CEPS,DIRECT,CZ,AT,Slavetice,Durnrohr,TieLine,DYNAMIC,380.0,2400.0,1663.0,166.0,437.0,1198.0,1,False
2024-08-29 10:00:00+00:00,10T-AT-SI-00001T,Kainachtal - Maribor 473,APG,DIRECT,AT,SI,Kainachtal,Maribor,TieLine,SEASONAL,380.0,1920.0,1330.0,133.0,753.0,1045.0,1,False
2024-08-29 10:00:00+00:00,10T-AT-SI-00001T,Kainachtal - Maribor 473,APG,OPPOSITE,AT,SI,Kainachtal,Maribor,TieLine,SEASONAL,380.0,1920.0,1330.0,133.0,-753.0,1349.0,1,False
2024-08-29 10:00:00+00:00,10T-AT-SI-00003P,Obersielach - Podlog 247,APG,DIRECT,AT,SI,Obersielach,Podlog,TieLine,SEASONAL,220.0,936.0,365.0,36.0,190.0,293.0,4,False
2024-08-29 10:00:00+00:00,10T-AT-SI-00003P,Obersielach - Podlog 247,APG,OPPOSITE,AT,SI,Obersielach,Podlog,TieLine,SEASONAL,220.0,936.0,365.0,36.0,-190.0,343.0,3,False
2024-08-29 10:00:00+00:00,10T-BE-NL-00001I,Maasbracht - Van Eyck 380 Black/27,ELIA,DIRECT,BE,NL,Van Eyck,Maasbracht,TieLine,SEASONAL,380.0,1999.0,1385.0,138.0,414.0,851.0,5,False
2024-08-29 10:00:00+00:00,10T-BE-NL-00001I,Maasbracht - Van Eyck 380 Black/27,ELIA,OPPOSITE,BE,NL,Van Eyck,Maasbracht,TieLine,SEASONAL,380.0,1999.0,1385.0,138.0,-515.0,1508.0,4,False
2024-08-29 10:00:00+00:00,10T-BE-NL-00003E,Rilland - Zandvliet 380 Grey/29,ELIA,OPPOSITE,BE,NL,Zandvliet,Rilland,TieLine,SEASONAL,380.0,4000.0,2771.0,277.0,1090.0,2515.0,1,False
2024-08-29 10:00:00+00:00,10T-CZ-DE-00001W,Hradec - Etzenricht,CEPS,OPPOSITE,CZ,DE,Hradec,Etzenricht,TieLine,FIXED,380.0,2000.0,1386.0,139.0,475.0,928.0,1,False
2024-08-29 10:00:00+00:00,10T-CZ-DE-00002U,Hradec - Rohrsdorf - V445,CEPS,DIRECT,CZ,DE,Hradec,Rohrsdorf,TieLine,DYNAMIC,380.0,2122.0,1470.0,147.0,-412.0,1309.0,1,False
2024-08-29 10:00:00+00:00,10T-CZ-DE-00003S,Hradec - Rohrsdorf - V446,CEPS,OPPOSITE,CZ,DE,Hradec,Rohrsdorf,TieLine,DYNAMIC,380.0,2122.0,1470.0,147.0,480.0,1269.0,1,False
2024-08-29 10:00:00+00:00,10T-CZ-DE-00004Q,Etzenricht - Prestice 442,TENNETGMBH,DIRECT,DE,CZ,Etzenricht,Prestice,TieLine,FIXED,380.0,2265.0,1569.0,157.0,543.0,1073.0,1,False
2024-08-29 10:00:00+00:00,10T-CZ-PL-00004A,Wielopole - Nosovice,PSE,DIRECT,PL,CZ,Wielopole,Nosovice,TieLine,DYNAMIC,380.0,1792.0,1242.0,124.0,650.0,894.0,1,False
2024-08-29 10:00:00+00:00,10T-CZ-PL-00004A,Wielopole - Nosovice,PSE,OPPOSITE,PL,CZ,Wielopole,Nosovice,TieLine,DYNAMIC,380.0,1792.0,1242.0,124.0,-650.0,1342.0,1,False
2024-08-29 10:00:00+00:00,10T-CZ-SK-00001Y,Liskovec - P. Bystrica,CEPS,DIRECT,CZ,SK,Liskovec,P. Bystrica,TieLine,FIXED,220.0,665.0,259.0,26.0,167.0,188.0,1,False
2024-08-29 10:00:00+00:00,10T-CZ-SK-00001Y,Liskovec - P. Bystrica,CEPS,OPPOSITE,CZ,SK,Liskovec,P. Bystrica,TieLine,FIXED,220.0,665.0,259.0,26.0,-167.0,278.0,1,False
2024-08-29 10:00:00+00:00,10T-CZ-SK-00002W,Nosovice - Varin,CEPS,DIRECT,CZ,SK,Nosovice,Varin,TieLine,FIXED,380.0,1720.0,1192.0,119.0,849.0,745.0,1,False
2024-08-29 10:00:00+00:00,10T-CZ-SK-00002W,Nosovice - Varin,CEPS,OPPOSITE,CZ,SK,Nosovice,Varin,TieLine,FIXED,380.0,1720.0,1192.0,119.0,-849.0,790.0,2,False
2024-08-29 10:00:00+00:00,10T-CZ-SK-00003U,Sokolnice - Krizovany,CEPS,DIRECT,CZ,SK,Sokolnice,Krizovany,TieLine,FIXED,380.0,2000.0,1386.0,139.0,583.0,958.0,3,False
2024-08-29 10:00:00+00:00,10T-CZ-SK-00003U,Sokolnice - Krizovany,CEPS,OPPOSITE,CZ,SK,Sokolnice,Krizovany,TieLine,FIXED,380.0,2000.0,1386.0,139.0,-583.0,1517.0,3,False
2024-08-29 10:00:00+00:00,10T-DE-FR-000068,Ensdorf - Vigy VIGY2 S,RTE,OPPOSITE,DE,FR,Ensdorf,Vigy,TieLine,SEASONAL,380.0,2720.0,1884.0,188.0,1107.0,391.0,1,False
2024-08-29 10:00:00+00:00,10T-DE-NL-00002T,Diele - Meeden 380 White,TENNETBV,DIRECT,DE,NL,Diele,Meeden,TieLine,SEASONAL,380.0,1520.0,1053.0,105.0,101.0,503.0,1,False
2024-08-29 10:00:00+00:00,10T-DE-NL-00002T,Diele - Meeden 380 White,TENNETBV,OPPOSITE,DE,NL,Diele,Meeden,TieLine,SEASONAL,380.0,1520.0,1053.0,105.0,438.0,1035.0,1,False
2024-08-29 10:00:00+00:00,10T-DE-NL-00005N,Maasbracht - Oberzier 380 white,AMPRION,DIRECT,NL,DE,Maasbracht,Oberzier,TieLine,SEASONAL,380.0,2500.0,1732.0,173.0,744.0,1783.0,1,False
2024-08-29 10:00:00+00:00,10T-DE-NL-00005N,Maasbracht - Oberzier 380 white,AMPRION,OPPOSITE,NL,DE,Maasbracht,Oberzier,TieLine,SEASONAL,380.0,2500.0,1732.0,173.0,-238.0,1184.0,7,False
2024-08-29 10:00:00+00:00,10T-HR-HU-000025,Zerjavinec - Heviz,MAVIR,OPPOSITE,HR,HU,Zerjavinec,Heviz,TieLine,FIXED,380.0,1920.0,1330.0,133.0,399.0,1113.0,1,False
2024-08-29 10:00:00+00:00,10T-HR-HU-000033,Pecs - Ernestinovo1 491A,HOPS,OPPOSITE,HU,HR,Pecs,Ernestinovo,TieLine,SEASONAL,380.0,1920.0,1330.0,133.0,624.0,917.0,1,False
2024-08-29 10:00:00+00:00,10T-HR-SI-000022,Pehlin - Divaca,HOPS,DIRECT,HR,SI,Pehlin,Divaca,TieLine,SEASONAL,220.0,960.0,374.0,37.0,-3.0,139.0,1,False
2024-08-29 10:00:00+00:00,10T-HR-SI-000022,Pehlin - Divaca,HOPS,OPPOSITE,HR,SI,Pehlin,Divaca,TieLine,SEASONAL,220.0,960.0,374.0,37.0,3.0,535.0,1,False
2024-08-29 10:00:00+00:00,10T-HR-SI-00004Z,Tumbri - Krsko 1,HOPS,OPPOSITE,HR,SI,Tumbri,Krsko,TieLine,SEASONAL,380.0,1920.0,1330.0,133.0,371.0,1266.0,1,False
2024-08-29 10:00:00+00:00,10T-HU-SK-00001T,Levice - God,SEPS,DIRECT,SK,HU,Levice,God,TieLine,FIXED,380.0,2000.0,1386.0,139.0,599.0,759.0,1,False
2024-08-29 10:00:00+00:00,10T-HU-UA-00002F,Kisvarda - Mukachevo,MAVIR,DIRECT,HU,UA,Kisvarda,Mukachevo,TieLine,SEASONAL,220.0,640.0,249.0,25.0,79.0,153.0,1,False
2024-08-29 10:00:00+00:00,10T-RO-RS-00001V,Portile de Fier - Djerdap,TRANSELECTRICA,OPPOSITE,RO,RS,Portile de Fier,Djerdap,TieLine,SEASONAL,380.0,1836.0,1272.0,127.0,250.0,768.0,1,False
2024-08-29 10:00:00+00:00,10T-SK-UA-00001W,V.Kapusany - Mukachevo (WPS),SEPS,DIRECT,SK,UA,Velke Kapusany,Mukachevo,TieLine,SEASONAL,380.0,1570.0,1088.0,109.0,289.0,844.0,1,False
2024-08-29 10:00:00+00:00,10T-SK-UA-00001W,V.Kapusany - Mukachevo (WPS),SEPS,OPPOSITE,SK,UA,Velke Kapusany,Mukachevo,TieLine,SEASONAL,380.0,1570.0,1088.0,109.0,-289.0,1114.0,1,False
2024-08-29 10:00:00+00:00,10T1001A1001A09N,Dobrzen - Detmarovice,PSE,DIRECT,PL,CZ,Dobrzen,Detmarovice,TieLine,DYNAMIC,380.0,1746.0,1210.0,121.0,803.0,674.0,1,False
2024-08-29 10:00:00+00:00,10T1001C--00035Z,Westtirol - Silz 413,APG,OPPOSITE,AT,DE,Westtirol,Silz,TieLine,SEASONAL,220.0,2080.0,811.0,81.0,242.0,487.0,1,False
2024-08-29 10:00:00+00:00,10T1001C--00056R,Gabcikovo - Gonyu,MAVIR,DIRECT,SK,HU,Gabcikovo,Gonyu,TieLine,FIXED,380.0,2000.0,1386.0,139.0,331.0,1066.0,1,False
2024-08-29 10:00:00+00:00,10T1001C--00056R,Gabcikovo - Gonyu,MAVIR,OPPOSITE,SK,HU,Gabcikovo,Gonyu,TieLine,FIXED,380.0,2000.0,1386.0,139.0,112.0,1213.0,2,False
2024-08-29 10:00:00+00:00,10T1001C--00061Y,Y-St.Peter (-Altheim - Simbach) 233/230,TENNETGMBH,DIRECT,DE,AT,Y Simbach,St. Peter,TieLine,DYNAMIC,220.0,1207.0,470.0,47.0,388.0,177.0,1,False
2024-08-29 10:00:00+00:00,10T1001C--00101B,Cirkovce - Heviz,MAVIR,DIRECT,SI,HU,Cirkovce,Heviz,TieLine,FIXED,380.0,2000.0,1109.0,139.0,-402.0,1113.0,3,True
2024-08-29 10:00:00+00:00,10T1001C--00101B,Cirkovce - Heviz,MAVIR,OPPOSITE,SI,HU,Cirkovce,Heviz,TieLine,FIXED,380.0,2000.0,1109.0,139.0,402.0,826.0,2,True
2024-08-29 10:00:00+00:00,10T1001C--001223,Sokolnice - Zaya - V244,CEPS,DIRECT,CZ,AT,Sokolnice,Zaya,TieLine,DYNAMIC,220.0,699.0,272.0,27.0,79.0,215.0,1,False
2024-08-29 10:00:00+00:00,10T1001C--001223,Sokolnice - Zaya - V244,CEPS,OPPOSITE,CZ,AT,Sokolnice,Zaya,TieLine,DYNAMIC,220.0,699.0,272.0,27.0,-79.0,275.0,1,False
2024-08-29 10:00:00+00:00,11T0-0000-0013-F,PST Vierraden 441,50HERTZ,DIRECT,DE,DE,Vierraden,Vierraden,PST,FIXED,380.0,2000.0,1386.0,139.0,781.0,565.0,1,False
2024-08-29 10:00:00+00:00,11T0-0000-0103-E,Etzenricht - Mechlenreuth 437,TENNETGMBH,DIRECT,DE,DE,Etzenricht,Mechlenreuth,Line,DYNAMIC,380.0,2417.0,1675.0,167.0,248.0,1029.0,1,False
2024-08-29 10:00:00+00:00,11T0-0000-0781-W,Y-Oberzier (-Paffendorf - Sechtem) SECHTM N,AMPRION,DIRECT,DE,DE,Oberzier,Y-Paffendorf,Line,DYNAMIC,380.0,2775.0,1923.0,192.0,349.0,1213.0,2,False
2024-08-29 10:00:00+00:00,11T0-0000-0986-7,Y-Altheim (-Simbach - St. Peter) 234/230,TENNETGMBH,OPPOSITE,DE,AT,Altheim,St. Peter,TieLine,DYNAMIC,220.0,910.0,355.0,35.0,306.0,164.0,1,False
2024-08-29 10:00:00+00:00,11TD2L000000003L,Altheim - Sittling 219,TENNETGMBH,DIRECT,DE,DE,Altheim,Sittling,Line,DYNAMIC,220.0,910.0,355.0,35.0,119.0,270.0,1,False
2024-08-29 10:00:00+00:00,11TD400000543-LM,Hoepfingen - Hueffenhardt ge,TRANSNETBW,DIRECT,DE,DE,Hoepfingen,Hueffenhardt,Line,DYNAMIC,380.0,2630.0,1822.0,182.0,970.0,879.0,1,False
2024-08-29 10:00:00+00:00,11TD8L555------W,Dresden/Sued - Schmoelln 555,50HERTZ,OPPOSITE,DE,DE,Dresden/Sued,Schmoelln,Line,FIXED,380.0,2500.0,1732.0,173.0,1190.0,836.0,1,False
2024-08-29 10:00:00+00:00,14T-220-0-0267BG,Rosegg - Villach Sued 267B,APG,DIRECT,AT,AT,Rosegg,Villach,Line,SEASONAL,220.0,2115.0,824.0,82.0,91.0,523.0,1,False
2024-08-29 10:00:00+00:00,14T-38220-EH0425,Ernsthofen 2 - Ernsthofen 1 EHRHU41,APG,DIRECT,AT,AT,Ernsthofen 2,Ernsthofen 1,Transformer,SEASONAL,220.0,1556.0,606.0,61.0,158.0,396.0,1,False
2024-08-29 10:00:00+00:00,14T-38220-WT041O,Westtirol 1 - Westtirol 2 WTRHU41,APG,OPPOSITE,AT,AT,Westtirol 1,Westtirol 2,Transformer,SEASONAL,220.0,1443.0,1000.0,100.0,599.0,243.0,1,False
2024-08-29 10:00:00+00:00,14T-38220-ZZ041D,Zell am Ziller 1 - Zell am Ziller 2 ZZRHU41,APG,DIRECT,AT,AT,Zell am Ziller 1,Zell am Ziller 2,Transformer,SEASONAL,220.0,1732.0,1200.0,120.0,-76.0,842.0,1,False
2024-08-29 10:00:00+00:00,15T-M00000043583,Kerepes - Zuglo 1,MAVIR,DIRECT,HU,HU,Kerepes,Zuglo,Line,SEASONAL,220.0,1139.0,444.0,44.0,138.0,315.0,1,False
2024-08-29 10:00:00+00:00,15T-M000002791-J,Gonyu - Gyor,MAVIR,DIRECT,HU,HU,Gonyu,Gyor,Line,FIXED,380.0,2000.0,1386.0,139.0,625.0,947.0,1,False
2024-08-29 10:00:00+00:00,15T-M000002791-J,Gonyu - Gyor,MAVIR,OPPOSITE,HU,HU,Gonyu,Gyor,Line,FIXED,380.0,2000.0,1386.0,139.0,-625.0,1547.0,1,False
2024-08-29 10:00:00+00:00,19T000000001304A,Krosno Iskrzynia - Rzeszow,PSE,OPPOSITE,PL,PL,Krosno Iskrzynia,Rzeszow,Line,DYNAMIC,380.0,1239.0,858.0,86.0,691.0,437.0,1,False
2024-08-29 10:00:00+00:00,19T0000000063830,Mikulowa PST1,PSE,OPPOSITE,PL,PL,Mikulowa PST1,Mikulowa PST1,PST,DYNAMIC,380.0,1905.0,1320.0,132.0,-61.0,1175.0,1,False
2024-08-29 10:00:00+00:00,22T-BE-IN-LI0130,Gramme - Achene 380.10,ELIA,DIRECT,BE,BE,Achene,Gramme,Line,SEASONAL,380.0,1999.0,1385.0,138.0,-703.0,1338.0,2,False
2024-08-29 10:00:00+00:00,22T-BE-IN-LI0130,Gramme - Achene 380.10,ELIA,OPPOSITE,BE,BE,Achene,Gramme,Line,SEASONAL,380.0,1999.0,1385.0,138.0,703.0,1051.0,3,False
2024-08-29 10:00:00+00:00,22T-BE-IN-LI018R,Lixhe - Gramme 380.11,ELIA,DIRECT,BE,BE,Gramme,Lixhe,Line,SEASONAL,380.0,2051.0,1421.0,142.0,-122.0,905.0,1,False
2024-08-29 10:00:00+00:00,22T20161020---3A,Y-Mercator (-Horta  - Rodenhuize) 380.74,ELIA,DIRECT,BE,BE,Mercator,Rodenhuize,Line,SEASONAL,380.0,4140.0,2868.0,287.0,1563.0,1727.0,1,False
2024-08-29 10:00:00+00:00,24T-V425-0000004,V.Dur - Krizovany,SEPS,DIRECT,SK,SK,V.Dur,Krizovany,Line,FIXED,380.0,2100.0,1455.0,145.0,-130.0,1280.0,1,False
2024-08-29 10:00:00+00:00,24T-V490-000000G,V.Dur - Levice 1,SEPS,DIRECT,SK,SK,V.Dur,Levice,Line,FIXED,380.0,2100.0,1455.0,145.0,805.0,620.0,1,False
2024-08-29 10:00:00+00:00,24T-V493-000000Q,H.Zdana - Sucany,SEPS,DIRECT,SK,SK,H.Zdana,Sucany,Line,FIXED,380.0,2000.0,1386.0,139.0,95.0,836.0,1,False
2024-08-29 10:00:00+00:00,30T-ROSI400AT--1,TR Rosiori 400/220 1,TRANSELECTRICA,DIRECT,RO,RO,Rosiori,Rosiori,Transformer,SEASONAL,220.0,577.0,400.0,40.0,312.0,86.0,1,False
2024-08-29 10:00:00+00:00,30TPARO220TRGJ-Q,Paroseni - Targu Jiu Nord,TRANSELECTRICA,OPPOSITE,RO,RO,Paroseni,Targu Jiu Nord,Line,SEASONAL,220.0,690.0,269.0,27.0,182.0,113.0,4,False
2024-08-29 10:00:00+00:00,49T0000000000274,Krimpen a/d IJssel - Geertruidenberg 380 Wit,TENNETBV,DIRECT,NL,NL,Krimpen a/d IJssel,Geertruidenberg,Line,SEASONAL,380.0,2826.0,1958.0,196.0,408.0,2510.0,1,False
2024-08-29 10:00:00+00:00,49T0000000000274,Krimpen a/d IJssel - Geertruidenberg 380 Wit,TENNETBV,OPPOSITE,NL,NL,Krimpen a/d IJssel,Geertruidenberg,Line,SEASONAL,380.0,2826.0,1958.0,196.0,-408.0,1235.0,1,False
2024-08-29 11:00:00+00:00,10T-AT-CZ-00004V,Slavetice - Durnrohr - V438,CEPS,DIRECT,CZ,AT,Slavetice,Durnrohr,TieLine,DYNAMIC,380.0,2369.0,1641.0,164.0,401.0,1175.0,1,False
2024-08-29 11:00:00+00:00,10T-AT-SI-00001T,Kainachtal - Maribor 473,APG,DIRECT,AT,SI,Kainachtal,Maribor,TieLine,SEASONAL,380.0,1920.0,1330.0,133.0,926.0,977.0,1,False
2024-08-29 11:00:00+00:00,10T-AT-SI-00001T,Kainachtal - Maribor 473,APG,OPPOSITE,AT,SI,Kainachtal,Maribor,TieLine,SEASONAL,380.0,1920.0,1330.0,133.0,-926.0,1417.0,1,False
2024-08-29 11:00:00+00:00,10T-AT-SI-00003P,Obersielach - Podlog 247,APG,DIRECT,AT,SI,Obersielach,Podlog,TieLine,SEASONAL,220.0,936.0,365.0,36.0,266.0,259.0,4,False
2024-08-29 11:00:00+00:00,10T-AT-SI-00003P,Obersielach - Podlog 247,APG,OPPOSITE,AT,SI,Obersielach,Podlog,TieLine,SEASONAL,220.0,936.0,365.0,36.0,-266.0,388.0,3,False
2024-08-29 11:00:00+00:00,10T-BE-NL-00001I,Maasbracht - Van Eyck 380 Black/27,ELIA,DIRECT,BE,NL,Van Eyck,Maasbracht,TieLine,SEASONAL,380.0,1999.0,1385.0,138.0,313.0,878.0,5,False
2024-08-29 11:00:00+00:00,10T-BE-NL-00001I,Maasbracht - Van Eyck 380 Black/27,ELIA,OPPOSITE,BE,NL,Van Eyck,Maasbracht,TieLine,SEASONAL,380.0,1999.0,1385.0,138.0,-433.0,1402.0,6,False
2024-08-29 11:00:00+00:00,10T-BE-NL-00003E,Rilland - Zandvliet 380 Grey/29,ELIA,OPPOSITE,BE,NL,Zandvliet,Rilland,TieLine,SEASONAL,380.0,4000.0,2771.0,277.0,1155.0,2593.0,1,False
2024-08-29 11:00:00+00:00,10T-CZ-DE-00001W,Hradec - Etzenricht,CEPS,OPPOSITE,CZ,DE,Hradec,Etzenricht,TieLine,FIXED,380.0,2000.0,1386.0,139.0,500.0,940.0,1,False
2024-08-29 11:00:00+00:00,10T-CZ-DE-00003S,Hradec - Rohrsdorf - V446,CEPS,DIRECT,CZ,DE,Hradec,Rohrsdorf,TieLine,DYNAMIC,380.0,2088.0,1447.0,145.0,-490.0,1337.0,1,False
2024-08-29 11:00:00+00:00,10T-CZ-DE-00003S,Hradec - Rohrsdorf - V446,CEPS,OPPOSITE,CZ,DE,Hradec,Rohrsdorf,TieLine,DYNAMIC,380.0,2088.0,1447.0,145.0,490.0,1267.0,1,False
2024-08-29 11:00:00+00:00,10T-CZ-DE-00004Q,Etzenricht - Prestice 442,TENNETGMBH,DIRECT,DE,CZ,Etzenricht,Prestice,TieLine,FIXED,380.0,2265.0,1569.0,157.0,574.0,1084.0,1,False
2024-08-29 11:00:00+00:00,10T-CZ-PL-00004A,Wielopole - Nosovice,PSE,DIRECT,PL,CZ,Wielopole,Nosovice,TieLine,DYNAMIC,380.0,1770.0,1226.0,123.0,645.0,844.0,1,False
2024-08-29 11:00:00+00:00,10T-CZ-PL-00004A,Wielopole - Nosovice,PSE,OPPOSITE,PL,CZ,Wielopole,Nosovice,TieLine,DYNAMIC,380.0,1770.0,1226.0,123.0,-645.0,1362.0,1,False
2024-08-29 11:00:00+00:00,10T-CZ-SK-00001Y,Liskovec - P. Bystrica,CEPS,DIRECT,CZ,SK,Liskovec,P. Bystrica,TieLine,FIXED,220.0,665.0,259.0,26.0,171.0,185.0,1,False
2024-08-29 11:00:00+00:00,10T-CZ-SK-00001Y,Liskovec - P. Bystrica,CEPS,OPPOSITE,CZ,SK,Liskovec,P. Bystrica,TieLine,FIXED,220.0,665.0,259.0,26.0,-171.0,281.0,1,False
2024-08-29 11:00:00+00:00,10T-CZ-SK-00002W,Nosovice - Varin,CEPS,DIRECT,CZ,SK,Nosovice,Varin,TieLine,FIXED,380.0,1720.0,1192.0,119.0,928.0,745.0,1,False
2024-08-29 11:00:00+00:00,10T-CZ-SK-00002W,Nosovice - Varin,CEPS,OPPOSITE,CZ,SK,Nosovice,Varin,TieLine,FIXED,380.0,1720.0,1192.0,119.0,-928.0,792.0,2,False
2024-08-29 11:00:00+00:00,10T-CZ-SK-00003U,Sokolnice - Krizovany,CEPS,DIRECT,CZ,SK,Sokolnice,Krizovany,TieLine,FIXED,380.0,2000.0,1386.0,139.0,728.0,942.0,3,False
2024-08-29 11:00:00+00:00,10T-CZ-SK-00003U,Sokolnice - Krizovany,CEPS,OPPOSITE,CZ,SK,Sokolnice,Krizovany,TieLine,FIXED,380.0,2000.0,1386.0,139.0,-728.0,1534.0,3,False
2024-08-29 11:00:00+00:00,10T-DE-NL-00002T,Diele - Meeden 380 White,TENNETBV,DIRECT,DE,NL,Diele,Meeden,TieLine,SEASONAL,380.0,1520.0,1053.0,105.0,-21.0,570.0,1,False
2024-08-29 11:00:00+00:00,10T-DE-NL-00002T,Diele - Meeden 380 White,TENNETBV,OPPOSITE,DE,NL,Diele,Meeden,TieLine,SEASONAL,380.0,1520.0,1053.0,105.0,660.0,686.0,2,False
2024-08-29 11:00:00+00:00,10T-DE-NL-00005N,Maasbracht - Oberzier 380 white,AMPRION,DIRECT,NL,DE,Maasbracht,Oberzier,TieLine,SEASONAL,380.0,2500.0,1732.0,173.0,836.0,1764.0,1,False
2024-08-29 11:00:00+00:00,10T-DE-NL-00005N,Maasbracht - Oberzier 380 white,AMPRION,OPPOSITE,NL,DE,Maasbracht,Oberzier,TieLine,SEASONAL,380.0,2500.0,1732.0,173.0,-372.0,1211.0,7,False
2024-08-29 11:00:00+00:00,10T-HR-HU-000033,Pecs - Ernestinovo1 491A,HOPS,OPPOSITE,HU,HR,Pecs,Ernestinovo,TieLine,SEASONAL,380.0,1920.0,1330.0,133.0,714.0,863.0,1,False
2024-08-29 11:00:00+00:00,10T-HR-SI-000022,Pehlin - Divaca,HOPS,DIRECT,HR,SI,Pehlin,Divaca,TieLine,SEASONAL,220.0,960.0,374.0,37.0,-35.0,127.0,1,False
2024-08-29 11:00:00+00:00,10T-HR-SI-000022,Pehlin - Divaca,HOPS,OPPOSITE,HR,SI,Pehlin,Divaca,TieLine,SEASONAL,220.0,960.0,374.0,37.0,60.0,414.0,2,False
2024-08-29 11:00:00+00:00,10T-HR-SI-00004Z,Tumbri - Krsko 1,HOPS,OPPOSITE,HR,SI,Tumbri,Krsko,TieLine,SEASONAL,380.0,1920.0,1330.0,133.0,519.0,1040.0,1,False
2024-08-29 11:00:00+00:00,10T-HU-SK-00001T,Levice - God,SEPS,DIRECT,SK,HU,Levice,God,TieLine,FIXED,380.0,2000.0,1386.0,139.0,688.0,740.0,1,False
2024-08-29 11:00:00+00:00,10T-HU-UA-00002F,Kisvarda - Mukachevo,MAVIR,DIRECT,HU,UA,Kisvarda,Mukachevo,TieLine,SEASONAL,220.0,640.0,249.0,25.0,83.0,154.0,1,False
2024-08-29 11:00:00+00:00,10T-RO-RS-00001V,Portile de Fier - Djerdap,TRANSELECTRICA,OPPOSITE,RO,RS,Portile de Fier,Djerdap,TieLine,SEASONAL,380.0,1836.0,1272.0,127.0,305.0,876.0,1,False
2024-08-29 11:00:00+00:00,10T-SK-UA-00001W,V.Kapusany - Mukachevo (WPS),SEPS,DIRECT,SK,UA,Velke Kapusany,Mukachevo,TieLine,SEASONAL,380.0,1570.0,1088.0,109.0,382.0,823.0,1,False
2024-08-29 11:00:00+00:00,10T-SK-UA-00001W,V.Kapusany - Mukachevo (WPS),SEPS,OPPOSITE,SK,UA,Velke Kapusany,Mukachevo,TieLine,SEASONAL,380.0,1570.0,1088.0,109.0,-382.0,1135.0,1,False
2024-08-29 11:00:00+00:00,10T1001A1001A09N,Dobrzen - Detmarovice,PSE,DIRECT,PL,CZ,Dobrzen,Detmarovice,TieLine,DYNAMIC,380.0,1725.0,1195.0,120.0,790.0,663.0,1,False
2024-08-29 11:00:00+00:00,10T1001C--00035Z,Westtirol - Silz 413,APG,OPPOSITE,AT,DE,Westtirol,Silz,TieLine,SEASONAL,220.0,2080.0,811.0,81.0,259.0,486.0,1,False
2024-08-29 11:00:00+00:00,10T1001C--00056R,Gabcikovo - Gonyu,MAVIR,DIRECT,SK,HU,Gabcikovo,Gonyu,TieLine,FIXED,380.0,2000.0,1386.0,139.0,397.0,1056.0,1,False
2024-08-29 11:00:00+00:00,10T1001C--00056R,Gabcikovo - Gonyu,MAVIR,OPPOSITE,SK,HU,Gabcikovo,Gonyu,TieLine,FIXED,380.0,2000.0,1386.0,139.0,71.0,1204.0,2,False
2024-08-29 11:00:00+00:00,10T1001C--00061Y,Y-St.Peter (-Altheim - Simbach) 233/230,TENNETGMBH,DIRECT,DE,AT,Y Simbach,St. Peter,TieLine,DYNAMIC,220.0,1195.0,466.0,47.0,398.0,176.0,1,False
2024-08-29 11:00:00+00:00,10T1001C--00101B,Cirkovce - Heviz,MAVIR,DIRECT,SI,HU,Cirkovce,Heviz,TieLine,FIXED,380.0,2000.0,1109.0,139.0,-270.0,1079.0,3,True
2024-08-29 11:00:00+00:00,10T1001C--00101B,Cirkovce - Heviz,MAVIR,OPPOSITE,SI,HU,Cirkovce,Heviz,TieLine,FIXED,380.0,2000.0,1109.0,139.0,270.0,906.0,3,True
2024-08-29 11:00:00+00:00,10T1001C--001223,Sokolnice - Zaya - V244,CEPS,DIRECT,CZ,AT,Sokolnice,Zaya,TieLine,DYNAMIC,220.0,693.0,270.0,27.0,78.0,210.0,1,False
2024-08-29 11:00:00+00:00,10T1001C--001223,Sokolnice - Zaya - V244,CEPS,OPPOSITE,CZ,AT,Sokolnice,Zaya,TieLine,DYNAMIC,220.0,693.0,270.0,27.0,-78.0,276.0,1,False
2024-08-29 11:00:00+00:00,11T0-0000-0013-F,PST Vierraden 441,50HERTZ,DIRECT,DE,DE,Vierraden,Vierraden,PST,FIXED,380.0,2000.0,1386.0,139.0,920.0,550.0,1,False
2024-08-29 11:00:00+00:00,11T0-0000-0103-E,Etzenricht - Mechlenreuth 437,TENNETGMBH,DIRECT,DE,DE,Etzenricht,Mechlenreuth,Line,DYNAMIC,380.0,2393.0,1658.0,166.0,196.0,1017.0,1,False
2024-08-29 11:00:00+00:00,11T0-0000-0604-N,Ensdorf - Uchtelfangen TAUBNT N,AMPRION,DIRECT,DE,DE,Ensdorf,Uchtelfangen,Line,FIXED,380.0,2684.0,1860.0,186.0,1005.0,392.0,1,False
2024-08-29 11:00:00+00:00,11T0-0000-0781-W,Y-Oberzier (-Paffendorf - Sechtem) SECHTM N,AMPRION,DIRECT,DE,DE,Oberzier,Y-Paffendorf,Line,DYNAMIC,380.0,2754.0,1908.0,191.0,374.0,1240.0,2,False
2024-08-29 11:00:00+00:00,11T0-0000-0986-7,Y-Altheim (-Simbach - St. Peter) 234/230,TENNETGMBH,OPPOSITE,DE,AT,Altheim,St. Peter,TieLine,DYNAMIC,220.0,901.0,351.0,35.0,320.0,162.0,1,False
2024-08-29 11:00:00+00:00,11TD2L000000003L,Altheim - Sittling 219,TENNETGMBH,DIRECT,DE,DE,Altheim,Sittling,Line,DYNAMIC,220.0,901.0,351.0,35.0,104.0,264.0,1,False
2024-08-29 11:00:00+00:00,11TD400000543-LM,Hoepfingen - Hueffenhardt ge,TRANSNETBW,DIRECT,DE,DE,Hoepfingen,Hueffenhardt,Line,DYNAMIC,380.0,2630.0,1822.0,182.0,952.0,864.0,1,False
2024-08-29 11:00:00+00:00,11TD8L555------W,Dresden/Sued - Schmoelln 555,50HERTZ,OPPOSITE,DE,DE,Dresden/Sued,Schmoelln,Line,FIXED,380.0,2500.0,1732.0,173.0,1055.0,837.0,1,False
2024-08-29 11:00:00+00:00,14T-220-0-0267BG,Rosegg - Villach Sued 267B,APG,DIRECT,AT,AT,Rosegg,Villach,Line,SEASONAL,220.0,2115.0,824.0,82.0,-53.0,631.0,1,False
2024-08-29 11:00:00+00:00,14T-38220-LI043U,Lienz 2 - Lienz 1 LIRHU43,APG,DIRECT,AT,AT,Lienz 2,Lienz 1,Transformer,SEASONAL,220.0,1425.0,555.0,56.0,-57.0,442.0,1,False
2024-08-29 11:00:00+00:00,14T-38220-WT041O,Westtirol 1 - Westtirol 2 WTRHU41,APG,OPPOSITE,AT,AT,Westtirol 1,Westtirol 2,Transformer,SEASONAL,220.0,1443.0,1000.0,100.0,567.0,291.0,1,False
2024-08-29 11:00:00+00:00,14T-38220-ZZ041D,Zell am Ziller 1 - Zell am Ziller 2 ZZRHU41,APG,DIRECT,AT,AT,Zell am Ziller 1,Zell am Ziller 2,Transformer,SEASONAL,220.0,1732.0,1200.0,120.0,-184.0,923.0,1,False
2024-08-29 11:00:00+00:00,15T-M00000043583,Kerepes - Zuglo 1,MAVIR,DIRECT,HU,HU,Kerepes,Zuglo,Line,SEASONAL,220.0,1139.0,444.0,44.0,149.0,314.0,1,False
2024-08-29 11:00:00+00:00,15T-M000002791-J,Gonyu - Gyor,MAVIR,DIRECT,HU,HU,Gonyu,Gyor,Line,FIXED,380.0,2000.0,1386.0,139.0,653.0,919.0,1,False
2024-08-29 11:00:00+00:00,15T-M000002791-J,Gonyu - Gyor,MAVIR,OPPOSITE,HU,HU,Gonyu,Gyor,Line,FIXED,380.0,2000.0,1386.0,139.0,-653.0,1575.0,1,False
2024-08-29 11:00:00+00:00,19T000000001304A,Krosno Iskrzynia - Rzeszow,PSE,OPPOSITE,PL,PL,Krosno Iskrzynia,Rzeszow,Line,DYNAMIC,380.0,1179.0,817.0,82.0,728.0,369.0,1,False
2024-08-29 11:00:00+00:00,19T0000000063830,Mikulowa PST1,PSE,OPPOSITE,PL,PL,Mikulowa PST1,Mikulowa PST1,PST,DYNAMIC,380.0,1905.0,1320.0,132.0,-273.0,1240.0,1,False
2024-08-29 11:00:00+00:00,22T-BE-IN-LI0130,Gramme - Achene 380.10,ELIA,DIRECT,BE,BE,Achene,Gramme,Line,SEASONAL,380.0,2032.0,1408.0,141.0,-762.0,1316.0,2,False
2024-08-29 11:00:00+00:00,22T-BE-IN-LI0130,Gramme - Achene 380.10,ELIA,OPPOSITE,BE,BE,Achene,Gramme,Line,SEASONAL,380.0,2032.0,1408.0,141.0,762.0,1104.0,3,False
2024-08-29 11:00:00+00:00,22T-BE-IN-LI018R,Lixhe - Gramme 380.11,ELIA,DIRECT,BE,BE,Gramme,Lixhe,Line,SEASONAL,380.0,2051.0,1421.0,142.0,-116.0,903.0,1,False
2024-08-29 11:00:00+00:00,22T20161020---3A,Y-Mercator (-Horta  - Rodenhuize) 380.74,ELIA,DIRECT,BE,BE,Mercator,Rodenhuize,Line,SEASONAL,380.0,4140.0,2868.0,287.0,1560.0,1829.0,1,False
2024-08-29 11:00:00+00:00,24T-V425-0000004,V.Dur - Krizovany,SEPS,DIRECT,SK,SK,V.Dur,Krizovany,Line,FIXED,380.0,2100.0,1455.0,145.0,-251.0,1287.0,1,False
2024-08-29 11:00:00+00:00,24T-V490-000000G,V.Dur - Levice 1,SEPS,DIRECT,SK,SK,V.Dur,Levice,Line,FIXED,380.0,2100.0,1455.0,145.0,891.0,614.0,1,False
2024-08-29 11:00:00+00:00,24T-V493-000000Q,H.Zdana - Sucany,SEPS,DIRECT,SK,SK,H.Zdana,Sucany,Line,FIXED,380.0,2000.0,1386.0,139.0,63.0,855.0,1,False
2024-08-29 11:00:00+00:00,30T-ROSI400AT--1,TR Rosiori 400/220 1,TRANSELECTRICA,DIRECT,RO,RO,Rosiori,Rosiori,Transformer,SEASONAL,220.0,577.0,400.0,40.0,345.0,86.0,1,False
2024-08-29 11:00:00+00:00,30TPARO220TRGJ-Q,Paroseni - Targu Jiu Nord,TRANSELECTRICA,OPPOSITE,RO,RO,Paroseni,Targu Jiu Nord,Line,SEASONAL,220.0,690.0,269.0,27.0,158.0,114.0,4,False
2024-08-29 11:00:00+00:00,49T0000000000096,Diemen - Lelystad 380 Wit,TENNETBV,OPPOSITE,NL,NL,Diemen,Lelystad,Line,SEASONAL,380.0,3000.0,2078.0,208.0,1179.0,981.0,1,False
2024-08-29 11:00:00+00:00,49T000000000022E,Lelystad - Ens 380 Wit,TENNETBV,OPPOSITE,NL,NL,Lelystad,Ens,Line,SEASONAL,380.0,4000.0,2771.0,277.0,1192.0,1163.0,1,False
2024-08-29 11:00:00+00:00,49T0000000000274,Krimpen a/d IJssel - Geertruidenberg 380 Wit,TENNETBV,DIRECT,NL,NL,Krimpen a/d IJssel,Geertruidenberg,Line,SEASONAL,380.0,2826.0,1958.0,196.0,484.0,2587.0,1,False
2024-08-29 11:00:00+00:00,49T0000000000274,Krimpen a/d IJssel - Geertruidenberg 380 Wit,TENNETBV,OPPOSITE,NL,NL,Krimpen a/d IJssel,Geertruidenberg,Line,SEASONAL,380.0,2826.0,1958.0,196.0,-484.0,1179.0,1,False
2024-08-29 12:00:00+00:00,10T-AT-CZ-00004V,Slavetice - Durnrohr - V438,CEPS,DIRECT,CZ,AT,Slavetice,Durnrohr,TieLine,DYNAMIC,380.0,2346.0,1625.0,163.0,357.0,1167.0,1,False
2024-08-29 12:00:00+00:00,10T-AT-DE-000037,Pleinting - St. Peter 258,APG,DIRECT,DE,AT,Pleinting,St. Peter,TieLine,SEASONAL,220.0,1380.0,538.0,54.0,517.0,157.0,1,False
2024-08-29 12:00:00+00:00,10T-AT-SI-00001T,Kainachtal - Maribor 473,APG,DIRECT,AT,SI,Kainachtal,Maribor,TieLine,SEASONAL,380.0,1920.0,1330.0,133.0,853.0,1042.0,1,False
2024-08-29 12:00:00+00:00,10T-AT-SI-00001T,Kainachtal - Maribor 473,APG,OPPOSITE,AT,SI,Kainachtal,Maribor,TieLine,SEASONAL,380.0,1920.0,1330.0,133.0,-853.0,1352.0,1,False
2024-08-29 12:00:00+00:00,10T-AT-SI-00003P,Obersielach - Podlog 247,APG,DIRECT,AT,SI,Obersielach,Podlog,TieLine,SEASONAL,220.0,936.0,365.0,36.0,269.0,256.0,4,False
2024-08-29 12:00:00+00:00,10T-AT-SI-00003P,Obersielach - Podlog 247,APG,OPPOSITE,AT,SI,Obersielach,Podlog,TieLine,SEASONAL,220.0,936.0,365.0,36.0,-269.0,397.0,3,False
2024-08-29 12:00:00+00:00,10T-BE-FR-000015,Achene - Lonny 380.19,ELIA,DIRECT,BE,FR,Achene,Lonny,TieLine,SEASONAL,380.0,2042.0,1415.0,141.0,526.0,1087.0,4,False
2024-08-29 12:00:00+00:00,10T-BE-FR-000015,Achene - Lonny 380.19,ELIA,OPPOSITE,BE,FR,Achene,Lonny,TieLine,SEASONAL,380.0,2042.0,1415.0,141.0,-526.0,1298.0,2,False
2024-08-29 12:00:00+00:00,10T-BE-NL-00001I,Maasbracht - Van Eyck 380 Black/27,ELIA,DIRECT,BE,NL,Van Eyck,Maasbracht,TieLine,SEASONAL,380.0,1999.0,1385.0,138.0,468.0,855.0,5,False
2024-08-29 12:00:00+00:00,10T-BE-NL-00001I,Maasbracht - Van Eyck 380 Black/27,ELIA,OPPOSITE,BE,NL,Van Eyck,Maasbracht,TieLine,SEASONAL,380.0,1999.0,1385.0,138.0,-468.0,1492.0,4,False
2024-08-29 12:00:00+00:00,10T-BE-NL-00003E,Rilland - Zandvliet 380 Grey/29,ELIA,OPPOSITE,BE,NL,Zandvliet,Rilland,TieLine,SEASONAL,380.0,4000.0,2771.0,277.0,760.0,2711.0,1,False
2024-08-29 12:00:00+00:00,10T-CZ-DE-00001W,Hradec - Etzenricht,CEPS,OPPOSITE,CZ,DE,Hradec,Etzenricht,TieLine,FIXED,380.0,2000.0,1386.0,139.0,555.0,926.0,1,False
2024-08-29 12:00:00+00:00,10T-CZ-DE-00003S,Hradec - Rohrsdorf - V446,CEPS,DIRECT,CZ,DE,Hradec,Rohrsdorf,TieLine,DYNAMIC,380.0,2064.0,1430.0,143.0,-362.0,1197.0,1,False
2024-08-29 12:00:00+00:00,10T-CZ-DE-00003S,Hradec - Rohrsdorf - V446,CEPS,OPPOSITE,CZ,DE,Hradec,Rohrsdorf,TieLine,DYNAMIC,380.0,2064.0,1430.0,143.0,362.0,1377.0,1,False
2024-08-29 12:00:00+00:00,10T-CZ-DE-00004Q,Etzenricht - Prestice 442,TENNETGMBH,DIRECT,DE,CZ,Etzenricht,Prestice,TieLine,FIXED,380.0,2265.0,1569.0,157.0,638.0,1065.0,1,False
2024-08-29 12:00:00+00:00,10T-CZ-PL-00004A,Wielopole - Nosovice,PSE,DIRECT,PL,CZ,Wielopole,Nosovice,TieLine,DYNAMIC,380.0,1748.0,1211.0,121.0,581.0,806.0,1,False
2024-08-29 12:00:00+00:00,10T-CZ-PL-00004A,Wielopole - Nosovice,PSE,OPPOSITE,PL,CZ,Wielopole,Nosovice,TieLine,DYNAMIC,380.0,1748.0,1211.0,121.0,-581.0,1374.0,1,False
2024-08-29 12:00:00+00:00,10T-CZ-SK-00001Y,Liskovec - P. Bystrica,CEPS,DIRECT,CZ,SK,Liskovec,P. Bystrica,TieLine,FIXED,220.0,665.0,259.0,26.0,154.0,188.0,1,False
2024-08-29 12:00:00+00:00,10T-CZ-SK-00001Y,Liskovec - P. Bystrica,CEPS,OPPOSITE,CZ,SK,Liskovec,P. Bystrica,TieLine,FIXED,220.0,665.0,259.0,26.0,-154.0,278.0,1,False
2024-08-29 12:00:00+00:00,10T-CZ-SK-00002W,Nosovice - Varin,CEPS,DIRECT,CZ,SK,Nosovice,Varin,TieLine,FIXED,380.0,1720.0,1192.0,119.0,893.0,776.0,1,False
2024-08-29 12:00:00+00:00,10T-CZ-SK-00002W,Nosovice - Varin,CEPS,OPPOSITE,CZ,SK,Nosovice,Varin,TieLine,FIXED,380.0,1720.0,1192.0,119.0,-893.0,802.0,2,False
2024-08-29 12:00:00+00:00,10T-CZ-SK-00003U,Sokolnice - Krizovany,CEPS,DIRECT,CZ,SK,Sokolnice,Krizovany,TieLine,FIXED,380.0,2000.0,1386.0,139.0,731.0,1008.0,3,False
2024-08-29 12:00:00+00:00,10T-CZ-SK-00003U,Sokolnice - Krizovany,CEPS,OPPOSITE,CZ,SK,Sokolnice,Krizovany,TieLine,FIXED,380.0,2000.0,1386.0,139.0,-731.0,1452.0,3,False
2024-08-29 12:00:00+00:00,10T-DE-NL-00002T,Diele - Meeden 380 White,TENNETBV,DIRECT,DE,NL,Diele,Meeden,TieLine,SEASONAL,380.0,1520.0,1053.0,105.0,-52.0,612.0,1,False
2024-08-29 12:00:00+00:00,10T-DE-NL-00002T,Diele - Meeden 380 White,TENNETBV,OPPOSITE,DE,NL,Diele,Meeden,TieLine,SEASONAL,380.0,1520.0,1053.0,105.0,591.0,931.0,1,False
2024-08-29 12:00:00+00:00,10T-DE-NL-00005N,Maasbracht - Oberzier 380 white,AMPRION,DIRECT,NL,DE,Maasbracht,Oberzier,TieLine,SEASONAL,380.0,2500.0,1732.0,173.0,775.0,1724.0,2,False
2024-08-29 12:00:00+00:00,10T-DE-NL-00005N,Maasbracht - Oberzier 380 white,AMPRION,OPPOSITE,NL,DE,Maasbracht,Oberzier,TieLine,SEASONAL,380.0,2500.0,1732.0,173.0,-427.0,1240.0,7,False
2024-08-29 12:00:00+00:00,10T-HR-HU-000033,Pecs - Ernestinovo1 491A,HOPS,OPPOSITE,HU,HR,Pecs,Ernestinovo,TieLine,SEASONAL,380.0,1920.0,1330.0,133.0,628.0,879.0,1,False
2024-08-29 12:00:00+00:00,10T-HR-SI-000022,Pehlin - Divaca,HOPS,DIRECT,HR,SI,Pehlin,Divaca,TieLine,SEASONAL,220.0,960.0,374.0,37.0,-66.0,141.0,1,False
2024-08-29 12:00:00+00:00,10T-HR-SI-000022,Pehlin - Divaca,HOPS,OPPOSITE,HR,SI,Pehlin,Divaca,TieLine,SEASONAL,220.0,960.0,374.0,37.0,72.0,409.0,2,False
2024-08-29 12:00:00+00:00,10T-HR-SI-00004Z,Tumbri - Krsko 1,HOPS,OPPOSITE,HR,SI,Tumbri,Krsko,TieLine,SEASONAL,380.0,1920.0,1330.0,133.0,520.0,1065.0,1,False
2024-08-29 12:00:00+00:00,10T-HU-SK-00001T,Levice - God,SEPS,DIRECT,SK,HU,Levice,God,TieLine,FIXED,380.0,2000.0,1386.0,139.0,698.0,742.0,1,False
2024-08-29 12:00:00+00:00,10T-HU-UA-00002F,Kisvarda - Mukachevo,MAVIR,DIRECT,HU,UA,Kisvarda,Mukachevo,TieLine,SEASONAL,220.0,640.0,249.0,25.0,73.0,145.0,1,False
2024-08-29 12:00:00+00:00,10T-RO-RS-00001V,Portile de Fier - Djerdap,TRANSELECTRICA,OPPOSITE,RO,RS,Portile de Fier,Djerdap,TieLine,SEASONAL,380.0,1836.0,1272.0,127.0,365.0,759.0,1,False
2024-08-29 12:00:00+00:00,10T-SK-UA-00001W,V.Kapusany - Mukachevo (WPS),SEPS,DIRECT,SK,UA,Velke Kapusany,Mukachevo,TieLine,SEASONAL,380.0,1570.0,1088.0,109.0,385.0,794.0,1,False
2024-08-29 12:00:00+00:00,10T-SK-UA-00001W,V.Kapusany - Mukachevo (WPS),SEPS,OPPOSITE,SK,UA,Velke Kapusany,Mukachevo,TieLine,SEASONAL,380.0,1570.0,1088.0,109.0,-385.0,1164.0,1,False
2024-08-29 12:00:00+00:00,10T1001A1001A09N,Dobrzen - Detmarovice,PSE,DIRECT,PL,CZ,Dobrzen,Detmarovice,TieLine,DYNAMIC,380.0,1702.0,1179.0,118.0,759.0,622.0,1,False
2024-08-29 12:00:00+00:00,10T1001C--00035Z,Westtirol - Silz 413,APG,OPPOSITE,AT,DE,Westtirol,Silz,TieLine,SEASONAL,220.0,2080.0,811.0,81.0,243.0,450.0,1,False
2024-08-29 12:00:00+00:00,10T1001C--00056R,Gabcikovo - Gonyu,MAVIR,DIRECT,SK,HU,Gabcikovo,Gonyu,TieLine,FIXED,380.0,2000.0,1386.0,139.0,372.0,1104.0,1,False
2024-08-29 12:00:00+00:00,10T1001C--00056R,Gabcikovo - Gonyu,MAVIR,OPPOSITE,SK,HU,Gabcikovo,Gonyu,TieLine,FIXED,380.0,2000.0,1386.0,139.0,-372.0,1390.0,1,False
2024-08-29 12:00:00+00:00,10T1001C--00101B,Cirkovce - Heviz,MAVIR,DIRECT,SI,HU,Cirkovce,Heviz,TieLine,FIXED,380.0,2000.0,1109.0,139.0,-139.0,1071.0,3,True
2024-08-29 12:00:00+00:00,10T1001C--00101B,Cirkovce - Heviz,MAVIR,OPPOSITE,SI,HU,Cirkovce,Heviz,TieLine,FIXED,380.0,2000.0,1109.0,139.0,139.0,869.0,3,True
2024-08-29 12:00:00+00:00,10T1001C--001223,Sokolnice - Zaya - V244,CEPS,DIRECT,CZ,AT,Sokolnice,Zaya,TieLine,DYNAMIC,220.0,687.0,268.0,27.0,68.0,213.0,1,False
2024-08-29 12:00:00+00:00,10T1001C--001223,Sokolnice - Zaya - V244,CEPS,OPPOSITE,CZ,AT,Sokolnice,Zaya,TieLine,DYNAMIC,220.0,687.0,268.0,27.0,-68.0,269.0,1,False
2024-08-29 12:00:00+00:00,11T0-0000-0013-F,PST Vierraden 441,50HERTZ,DIRECT,DE,DE,Vierraden,Vierraden,PST,FIXED,380.0,2000.0,1386.0,139.0,889.0,701.0,1,False
2024-08-29 12:00:00+00:00,11T0-0000-0103-E,Etzenricht - Mechlenreuth 437,TENNETGMBH,DIRECT,DE,DE,Etzenricht,Mechlenreuth,Line,DYNAMIC,380.0,2370.0,1642.0,164.0,63.0,993.0,1,False
2024-08-29 12:00:00+00:00,11T0-0000-0604-N,Ensdorf - Uchtelfangen TAUBNT N,AMPRION,DIRECT,DE,DE,Ensdorf,Uchtelfangen,Line,FIXED,380.0,2678.0,1855.0,186.0,1122.0,511.0,1,False
2024-08-29 12:00:00+00:00,11T0-0000-0620-R,PST Gronau TR 441 E,AMPRION,DIRECT,DE,DE,Gronau,Gronau,PST,FIXED,380.0,2165.0,1500.0,150.0,888.0,1015.0,1,False
2024-08-29 12:00:00+00:00,11T0-0000-0781-W,Y-Oberzier (-Paffendorf - Sechtem) SECHTM N,AMPRION,DIRECT,DE,DE,Oberzier,Y-Paffendorf,Line,DYNAMIC,380.0,2740.0,1898.0,190.0,518.0,1283.0,2,False
2024-08-29 12:00:00+00:00,11T0-0000-0872-S,Pfungstadt - Urberach GRIESH O,AMPRION,OPPOSITE,DE,DE,Pfungstadt,Urberach,Line,DYNAMIC,380.0,2585.0,1791.0,179.0,416.0,1160.0,1,False
2024-08-29 12:00:00+00:00,11T0-0000-0986-7,Y-Altheim (-Simbach - St. Peter) 234/230,TENNETGMBH,OPPOSITE,DE,AT,Altheim,St. Peter,TieLine,DYNAMIC,220.0,892.0,348.0,35.0,312.0,176.0,1,False
2024-08-29 12:00:00+00:00,11TD2L000000003L,Altheim - Sittling 219,TENNETGMBH,DIRECT,DE,DE,Altheim,Sittling,Line,DYNAMIC,220.0,892.0,348.0,35.0,76.0,245.0,1,False
2024-08-29 12:00:00+00:00,11TD400000543-LM,Hoepfingen - Hueffenhardt ge,TRANSNETBW,DIRECT,DE,DE,Hoepfingen,Hueffenhardt,Line,DYNAMIC,380.0,2630.0,1822.0,182.0,847.0,869.0,1,False
2024-08-29 12:00:00+00:00,11TD8L555------W,Dresden/Sued - Schmoelln 555,50HERTZ,OPPOSITE,DE,DE,Dresden/Sued,Schmoelln,Line,FIXED,380.0,2500.0,1732.0,173.0,1076.0,851.0,1,False
2024-08-29 12:00:00+00:00,11TD8L565------N,Graustein - Baerwalde 565,50HERTZ,DIRECT,DE,DE,Graustein,Baerwalde,Line,FIXED,380.0,2597.0,1799.0,180.0,1370.0,713.0,1,False
2024-08-29 12:00:00+00:00,14T-38220-WT041O,Westtirol 1 - Westtirol 2 WTRHU41,APG,OPPOSITE,AT,AT,Westtirol 1,Westtirol 2,Transformer,SEASONAL,220.0,1443.0,1000.0,100.0,509.0,279.0,2,False
2024-08-29 12:00:00+00:00,14T-38220-ZZ041D,Zell am Ziller 1 - Zell am Ziller 2 ZZRHU41,APG,DIRECT,AT,AT,Zell am Ziller 1,Zell am Ziller 2,Transformer,SEASONAL,220.0,1732.0,1200.0,120.0,-25.0,705.0,1,False
2024-08-29 12:00:00+00:00,15T-M00000043583,Kerepes - Zuglo 1,MAVIR,DIRECT,HU,HU,Kerepes,Zuglo,Line,SEASONAL,220.0,1139.0,444.0,44.0,148.0,315.0,1,False
2024-08-29 12:00:00+00:00,15T-M000002791-J,Gonyu - Gyor,MAVIR,DIRECT,HU,HU,Gonyu,Gyor,Line,FIXED,380.0,2000.0,1386.0,139.0,581.0,937.0,1,False
2024-08-29 12:00:00+00:00,15T-M000002791-J,Gonyu - Gyor,MAVIR,OPPOSITE,HU,HU,Gonyu,Gyor,Line,FIXED,380.0,2000.0,1386.0,139.0,-581.0,1557.0,1,False
2024-08-29 12:00:00+00:00,19T000000001304A,Krosno Iskrzynia - Rzeszow,PSE,DIRECT,PL,PL,Krosno Iskrzynia,Rzeszow,Line,DYNAMIC,380.0,1149.0,796.0,80.0,-701.0,1108.0,1,False
2024-08-29 12:00:00+00:00,19T000000001304A,Krosno Iskrzynia - Rzeszow,PSE,OPPOSITE,PL,PL,Krosno Iskrzynia,Rzeszow,Line,DYNAMIC,380.0,1149.0,796.0,80.0,701.0,359.0,1,False
2024-08-29 12:00:00+00:00,19T0000000063830,Mikulowa PST1,PSE,DIRECT,PL,PL,Mikulowa PST1,Mikulowa PST1,PST,DYNAMIC,380.0,1905.0,1320.0,132.0,649.0,901.0,1,False
2024-08-29 12:00:00+00:00,19T0000000063830,Mikulowa PST1,PSE,OPPOSITE,PL,PL,Mikulowa PST1,Mikulowa PST1,PST,DYNAMIC,380.0,1905.0,1320.0,132.0,-649.0,1475.0,1,False
2024-08-29 12:00:00+00:00,19T000000006396S,Polaniec - Tarnow,PSE,DIRECT,PL,PL,Polaniec,Tarnow,Line,DYNAMIC,380.0,1119.0,775.0,78.0,506.0,363.0,1,False
2024-08-29 12:00:00+00:00,22T-BE-IN-LI018R,Lixhe - Gramme 380.11,ELIA,DIRECT,BE,BE,Gramme,Lixhe,Line,SEASONAL,380.0,2051.0,1421.0,142.0,49.0,904.0,1,False
2024-08-29 12:00:00+00:00,22T20161020---3A,Y-Mercator (-Horta  - Rodenhuize) 380.74,ELIA,DIRECT,BE,BE,Mercator,Rodenhuize,Line,SEASONAL,380.0,4140.0,2868.0,287.0,1233.0,1913.0,1,False
2024-08-29 12:00:00+00:00,24T-V425-0000004,V.Dur - Krizovany,SEPS,DIRECT,SK,SK,V.Dur,Krizovany,Line,FIXED,380.0,2100.0,1455.0,145.0,-249.0,1252.0,1,False
2024-08-29 12:00:00+00:00,24T-V425-0000004,V.Dur - Krizovany,SEPS,OPPOSITE,SK,SK,V.Dur,Krizovany,Line,FIXED,380.0,2100.0,1455.0,145.0,249.0,1368.0,1,False
2024-08-29 12:00:00+00:00,24T-V429-0000005,Gabcikovo - P.Biskupice,SEPS,DIRECT,SK,SK,Gabcikovo,P.Biskupice,Line,FIXED,380.0,2280.0,1580.0,158.0,-235.0,1364.0,1,False
2024-08-29 12:00:00+00:00,24T-V490-000000G,V.Dur - Levice 1,SEPS,DIRECT,SK,SK,V.Dur,Levice,Line,FIXED,380.0,2100.0,1455.0,145.0,940.0,606.0,1,False
2024-08-29 12:00:00+00:00,24T-V493-000000Q,H.Zdana - Sucany,SEPS,DIRECT,SK,SK,H.Zdana,Sucany,Line,FIXED,380.0,2000.0,1386.0,139.0,134.0,818.0,1,False
2024-08-29 12:00:00+00:00,30T-ROSI400AT--1,TR Rosiori 400/220 1,TRANSELECTRICA,DIRECT,RO,RO,Rosiori,Rosiori,Transformer,SEASONAL,220.0,577.0,400.0,40.0,330.0,79.0,1,False
2024-08-29 12:00:00+00:00,30TPARO220TRGJ-Q,Paroseni - Targu Jiu Nord,TRANSELECTRICA,OPPOSITE,RO,RO,Paroseni,Targu Jiu Nord,Line,SEASONAL,220.0,690.0,269.0,27.0,148.0,117.0,3,False
2024-08-29 12:00:00+00:00,49T0000000000096,Diemen - Lelystad 380 Wit,TENNETBV,OPPOSITE,NL,NL,Diemen,Lelystad,Line,SEASONAL,380.0,3000.0,2078.0,208.0,1223.0,919.0,1,False
2024-08-29 12:00:00+00:00,49T0000000000274,Krimpen a/d IJssel - Geertruidenberg 380 Wit,TENNETBV,DIRECT,NL,NL,Krimpen a/d IJssel,Geertruidenberg,Line,SEASONAL,380.0,2826.0,1958.0,196.0,398.0,2366.0,1,False
2024-08-29 12:00:00+00:00,49T0000000000274,Krimpen a/d IJssel - Geertruidenberg 380 Wit,TENNETBV,OPPOSITE,NL,NL,Krimpen a/d IJssel,Geertruidenberg,Line,SEASONAL,380.0,2826.0,1958.0,196.0,-398.0,1213.0,1,False
2024-08-29 13:00:00+00:00,10T-AT-CZ-00004V,Slavetice - Durnrohr - V438,CEPS,DIRECT,CZ,AT,Slavetice,Durnrohr,TieLine,DYNAMIC,380.0,2361.0,1636.0,164.0,389.0,1091.0,1,False
2024-08-29 13:00:00+00:00,10T-AT-DE-000037,Pleinting - St. Peter 258,APG,DIRECT,DE,AT,Pleinting,St. Peter,TieLine,SEASONAL,220.0,1380.0,538.0,54.0,476.0,166.0,1,False
2024-08-29 13:00:00+00:00,10T-AT-SI-00001T,Kainachtal - Maribor 473,APG,OPPOSITE,AT,SI,Kainachtal,Maribor,TieLine,SEASONAL,380.0,1920.0,1330.0,133.0,-538.0,1171.0,1,False
2024-08-29 13:00:00+00:00,10T-AT-SI-00003P,Obersielach - Podlog 247,APG,DIRECT,AT,SI,Obersielach,Podlog,TieLine,SEASONAL,220.0,936.0,365.0,36.0,208.0,275.0,4,False
2024-08-29 13:00:00+00:00,10T-AT-SI-00003P,Obersielach - Podlog 247,APG,OPPOSITE,AT,SI,Obersielach,Podlog,TieLine,SEASONAL,220.0,936.0,365.0,36.0,-219.0,369.0,2,False
2024-08-29 13:00:00+00:00,10T-BA-HR-00003R,Mostar - Zakucac,HOPS,DIRECT,BA,HR,Mostar,Zakucac,TieLine,SEASONAL,220.0,780.0,304.0,30.0,29.0,281.0,1,False
2024-08-29 13:00:00+00:00,10T-BE-FR-000015,Achene - Lonny 380.19,ELIA,DIRECT,BE,FR,Achene,Lonny,TieLine,SEASONAL,380.0,2065.0,1431.0,143.0,134.0,1170.0,3,False
2024-08-29 13:00:00+00:00,10T-BE-FR-000015,Achene - Lonny 380.19,ELIA,OPPOSITE,BE,FR,Achene,Lonny,TieLine,SEASONAL,380.0,2065.0,1431.0,143.0,-134.0,1278.0,2,False
2024-08-29 13:00:00+00:00,10T-BE-NL-00001I,Maasbracht - Van Eyck 380 Black/27,ELIA,DIRECT,BE,NL,Van Eyck,Maasbracht,TieLine,SEASONAL,380.0,2003.0,1388.0,139.0,402.0,872.0,5,False
2024-08-29 13:00:00+00:00,10T-BE-NL-00001I,Maasbracht - Van Eyck 380 Black/27,ELIA,OPPOSITE,BE,NL,Van Eyck,Maasbracht,TieLine,SEASONAL,380.0,2003.0,1388.0,139.0,-346.0,1480.0,4,False
2024-08-29 13:00:00+00:00,10T-CZ-DE-00001W,Hradec - Etzenricht,CEPS,OPPOSITE,CZ,DE,Hradec,Etzenricht,TieLine,FIXED,380.0,2000.0,1386.0,139.0,515.0,958.0,1,False
2024-08-29 13:00:00+00:00,10T-CZ-DE-00003S,Hradec - Rohrsdorf - V446,CEPS,DIRECT,CZ,DE,Hradec,Rohrsdorf,TieLine,DYNAMIC,380.0,2074.0,1437.0,144.0,-293.0,1231.0,1,False
2024-08-29 13:00:00+00:00,10T-CZ-DE-00003S,Hradec - Rohrsdorf - V446,CEPS,OPPOSITE,CZ,DE,Hradec,Rohrsdorf,TieLine,DYNAMIC,380.0,2074.0,1437.0,144.0,293.0,1355.0,1,False
2024-08-29 13:00:00+00:00,10T-CZ-DE-00004Q,Etzenricht - Prestice 442,TENNETGMBH,DIRECT,DE,CZ,Etzenricht,Prestice,TieLine,FIXED,380.0,2265.0,1569.0,157.0,598.0,1088.0,1,False
2024-08-29 13:00:00+00:00,10T-CZ-PL-00004A,Wielopole - Nosovice,PSE,DIRECT,PL,CZ,Wielopole,Nosovice,TieLine,DYNAMIC,380.0,1726.0,1196.0,120.0,455.0,851.0,1,False
2024-08-29 13:00:00+00:00,10T-CZ-PL-00004A,Wielopole - Nosovice,PSE,OPPOSITE,PL,CZ,Wielopole,Nosovice,TieLine,DYNAMIC,380.0,1726.0,1196.0,120.0,-455.0,1301.0,1,False
2024-08-29 13:00:00+00:00,10T-CZ-SK-00001Y,Liskovec - P. Bystrica,CEPS,DIRECT,CZ,SK,Liskovec,P. Bystrica,TieLine,FIXED,220.0,665.0,259.0,26.0,112.0,210.0,1,False
2024-08-29 13:00:00+00:00,10T-CZ-SK-00001Y,Liskovec - P. Bystrica,CEPS,OPPOSITE,CZ,SK,Liskovec,P. Bystrica,TieLine,FIXED,220.0,665.0,259.0,26.0,-112.0,256.0,1,False
2024-08-29 13:00:00+00:00,10T-CZ-SK-00002W,Nosovice - Varin,CEPS,DIRECT,CZ,SK,Nosovice,Varin,TieLine,FIXED,380.0,1720.0,1192.0,119.0,685.0,921.0,1,False
2024-08-29 13:00:00+00:00,10T-CZ-SK-00002W,Nosovice - Varin,CEPS,OPPOSITE,CZ,SK,Nosovice,Varin,TieLine,FIXED,380.0,1720.0,1192.0,119.0,-685.0,1225.0,1,False
2024-08-29 13:00:00+00:00,10T-CZ-SK-00003U,Sokolnice - Krizovany,CEPS,DIRECT,CZ,SK,Sokolnice,Krizovany,TieLine,FIXED,380.0,2000.0,1386.0,139.0,625.0,1060.0,3,False
2024-08-29 13:00:00+00:00,10T-CZ-SK-00003U,Sokolnice - Krizovany,CEPS,OPPOSITE,CZ,SK,Sokolnice,Krizovany,TieLine,FIXED,380.0,2000.0,1386.0,139.0,-625.0,1374.0,3,False
2024-08-29 13:00:00+00:00,10T-DE-FR-000068,Ensdorf - Vigy VIGY2 S,AMPRION,OPPOSITE,DE,FR,Ensdorf,Vigy,TieLine,FIXED,380.0,2720.0,1884.0,188.0,1594.0,405.0,1,False
2024-08-29 13:00:00+00:00,10T-DE-NL-00002T,Diele - Meeden 380 White,TENNETBV,DIRECT,DE,NL,Diele,Meeden,TieLine,SEASONAL,380.0,1520.0,1053.0,105.0,69.0,444.0,1,False
2024-08-29 13:00:00+00:00,10T-DE-NL-00002T,Diele - Meeden 380 White,TENNETBV,OPPOSITE,DE,NL,Diele,Meeden,TieLine,SEASONAL,380.0,1520.0,1053.0,105.0,467.0,1104.0,1,False
2024-08-29 13:00:00+00:00,10T-DE-NL-00005N,Maasbracht - Oberzier 380 white,AMPRION,DIRECT,NL,DE,Maasbracht,Oberzier,TieLine,SEASONAL,380.0,2500.0,1732.0,173.0,652.0,1509.0,3,False
2024-08-29 13:00:00+00:00,10T-DE-NL-00005N,Maasbracht - Oberzier 380 white,AMPRION,OPPOSITE,NL,DE,Maasbracht,Oberzier,TieLine,SEASONAL,380.0,2500.0,1732.0,173.0,-652.0,1491.0,5,False
2024-08-29 13:00:00+00:00,10T-HR-HU-000033,Pecs - Ernestinovo1 491A,HOPS,OPPOSITE,HU,HR,Pecs,Ernestinovo,TieLine,SEASONAL,380.0,1920.0,1330.0,133.0,483.0,951.0,1,False
2024-08-29 13:00:00+00:00,10T-HR-SI-000022,Pehlin - Divaca,HOPS,DIRECT,HR,SI,Pehlin,Divaca,TieLine,SEASONAL,220.0,960.0,374.0,37.0,-127.0,173.0,1,False
2024-08-29 13:00:00+00:00,10T-HR-SI-000022,Pehlin - Divaca,HOPS,OPPOSITE,HR,SI,Pehlin,Divaca,TieLine,SEASONAL,220.0,960.0,374.0,37.0,78.0,423.0,2,False
2024-08-29 13:00:00+00:00,10T-HU-SK-00001T,Levice - God,SEPS,DIRECT,SK,HU,Levice,God,TieLine,FIXED,380.0,2000.0,1386.0,139.0,780.0,760.0,1,False
2024-08-29 13:00:00+00:00,10T-HU-UA-00002F,Kisvarda - Mukachevo,MAVIR,DIRECT,HU,UA,Kisvarda,Mukachevo,TieLine,SEASONAL,220.0,640.0,249.0,25.0,57.0,144.0,1,False
2024-08-29 13:00:00+00:00,10T-RO-RS-00001V,Portile de Fier - Djerdap,TRANSELECTRICA,DIRECT,RO,RS,Portile de Fier,Djerdap,TieLine,SEASONAL,380.0,1836.0,1272.0,127.0,-14.0,1123.0,1,False
2024-08-29 13:00:00+00:00,10T-RO-RS-00001V,Portile de Fier - Djerdap,TRANSELECTRICA,OPPOSITE,RO,RS,Portile de Fier,Djerdap,TieLine,SEASONAL,380.0,1836.0,1272.0,127.0,376.0,793.0,1,False
2024-08-29 13:00:00+00:00,10T-SK-UA-00001W,V.Kapusany - Mukachevo (WPS),SEPS,DIRECT,SK,UA,Velke Kapusany,Mukachevo,TieLine,SEASONAL,380.0,1570.0,1088.0,109.0,453.0,797.0,1,False
2024-08-29 13:00:00+00:00,10T-SK-UA-00001W,V.Kapusany - Mukachevo (WPS),SEPS,OPPOSITE,SK,UA,Velke Kapusany,Mukachevo,TieLine,SEASONAL,380.0,1570.0,1088.0,109.0,-453.0,1161.0,1,False
2024-08-29 13:00:00+00:00,10T1001A1001A09N,Dobrzen - Detmarovice,PSE,DIRECT,PL,CZ,Dobrzen,Detmarovice,TieLine,DYNAMIC,380.0,1702.0,1179.0,118.0,662.0,658.0,1,False
2024-08-29 13:00:00+00:00,10T1001C--00056R,Gabcikovo - Gonyu,MAVIR,DIRECT,SK,HU,Gabcikovo,Gonyu,TieLine,FIXED,380.0,2000.0,1386.0,139.0,357.0,1217.0,1,False
2024-08-29 13:00:00+00:00,10T1001C--00056R,Gabcikovo - Gonyu,MAVIR,OPPOSITE,SK,HU,Gabcikovo,Gonyu,TieLine,FIXED,380.0,2000.0,1386.0,139.0,-357.0,1277.0,1,False
2024-08-29 13:00:00+00:00,10T1001C--00101B,Cirkovce - Heviz,MAVIR,DIRECT,SI,HU,Cirkovce,Heviz,TieLine,FIXED,380.0,2000.0,1109.0,139.0,202.0,984.0,3,True
2024-08-29 13:00:00+00:00,10T1001C--00101B,Cirkovce - Heviz,MAVIR,OPPOSITE,SI,HU,Cirkovce,Heviz,TieLine,FIXED,380.0,2000.0,1109.0,139.0,-202.0,1010.0,3,True
2024-08-29 13:00:00+00:00,10T1001C--001223,Sokolnice - Zaya - V244,CEPS,DIRECT,CZ,AT,Sokolnice,Zaya,TieLine,DYNAMIC,220.0,692.0,270.0,27.0,41.0,228.0,1,False
2024-08-29 13:00:00+00:00,10T1001C--001223,Sokolnice - Zaya - V244,CEPS,OPPOSITE,CZ,AT,Sokolnice,Zaya,TieLine,DYNAMIC,220.0,692.0,270.0,27.0,-41.0,258.0,1,False
2024-08-29 13:00:00+00:00,11T0-0000-0013-F,PST Vierraden 441,50HERTZ,DIRECT,DE,DE,Vierraden,Vierraden,PST,FIXED,380.0,2000.0,1386.0,139.0,681.0,874.0,1,False
2024-08-29 13:00:00+00:00,11T0-0000-0103-E,Etzenricht - Mechlenreuth 437,TENNETGMBH,DIRECT,DE,DE,Etzenricht,Mechlenreuth,Line,DYNAMIC,380.0,2370.0,1642.0,164.0,6.0,1050.0,1,False
2024-08-29 13:00:00+00:00,11T0-0000-0620-R,PST Gronau TR 441 E,AMPRION,DIRECT,DE,DE,Gronau,Gronau,PST,FIXED,380.0,2165.0,1500.0,150.0,893.0,1053.0,1,False
2024-08-29 13:00:00+00:00,11T0-0000-0781-W,Y-Oberzier (-Paffendorf - Sechtem) SECHTM N,AMPRION,DIRECT,DE,DE,Oberzier,Y-Paffendorf,Line,DYNAMIC,380.0,2761.0,1913.0,191.0,966.0,1153.0,2,False
2024-08-29 13:00:00+00:00,11T0-0000-0986-7,Y-Altheim (-Simbach - St. Peter) 234/230,TENNETGMBH,OPPOSITE,DE,AT,Altheim,St. Peter,TieLine,DYNAMIC,220.0,892.0,348.0,35.0,300.0,165.0,1,False
2024-08-29 13:00:00+00:00,11T0-0000-1496-M,Emscherbruch  - Mengede  RECKLI N,AMPRION,OPPOSITE,DE,DE,Emscherbruch,Mengede,Line,DYNAMIC,380.0,2616.0,1812.0,181.0,-56.0,1273.0,1,False
2024-08-29 13:00:00+00:00,11TD2L000000003L,Altheim - Sittling 219,TENNETGMBH,DIRECT,DE,DE,Altheim,Sittling,Line,DYNAMIC,220.0,892.0,348.0,35.0,44.0,269.0,1,False
2024-08-29 13:00:00+00:00,11TD400000543-LM,Hoepfingen - Hueffenhardt ge,TRANSNETBW,DIRECT,DE,DE,Hoepfingen,Hueffenhardt,Line,DYNAMIC,380.0,2630.0,1822.0,182.0,633.0,968.0,1,False
2024-08-29 13:00:00+00:00,11TD8L551------R,Baerwalde - Schmoelln 551,50HERTZ,DIRECT,DE,DE,Baerwalde,Schmoelln,Line,FIXED,380.0,3600.0,2494.0,249.0,1600.0,1112.0,1,False
2024-08-29 13:00:00+00:00,11TD8L555------W,Dresden/Sued - Schmoelln 555,50HERTZ,OPPOSITE,DE,DE,Dresden/Sued,Schmoelln,Line,FIXED,380.0,2500.0,1732.0,173.0,1011.0,870.0,1,False
2024-08-29 13:00:00+00:00,11TD8L565------N,Graustein - Baerwalde 565,50HERTZ,DIRECT,DE,DE,Graustein,Baerwalde,Line,FIXED,380.0,2589.0,1794.0,179.0,1064.0,882.0,1,False
2024-08-29 13:00:00+00:00,14T-38220-LI043U,Lienz 2 - Lienz 1 LIRHU43,APG,DIRECT,AT,AT,Lienz 2,Lienz 1,Transformer,SEASONAL,220.0,1425.0,555.0,56.0,-26.0,418.0,1,False
2024-08-29 13:00:00+00:00,14T-38220-WT041O,Westtirol 1 - Westtirol 2 WTRHU41,APG,OPPOSITE,AT,AT,Westtirol 1,Westtirol 2,Transformer,SEASONAL,220.0,1443.0,1000.0,100.0,438.0,267.0,2,False
2024-08-29 13:00:00+00:00,14T-38220-ZZ041D,Zell am Ziller 1 - Zell am Ziller 2 ZZRHU41,APG,DIRECT,AT,AT,Zell am Ziller 1,Zell am Ziller 2,Transformer,SEASONAL,220.0,1732.0,1200.0,120.0,49.0,679.0,1,False
2024-08-29 13:00:00+00:00,15T-M00000043583,Kerepes - Zuglo 1,MAVIR,DIRECT,HU,HU,Kerepes,Zuglo,Line,SEASONAL,220.0,1139.0,444.0,44.0,161.0,312.0,1,False
2024-08-29 13:00:00+00:00,15T-M000002791-J,Gonyu - Gyor,MAVIR,DIRECT,HU,HU,Gonyu,Gyor,Line,FIXED,380.0,2000.0,1386.0,139.0,517.0,961.0,1,False
2024-08-29 13:00:00+00:00,19T000000001304A,Krosno Iskrzynia - Rzeszow,PSE,DIRECT,PL,PL,Krosno Iskrzynia,Rzeszow,Line,DYNAMIC,380.0,1119.0,775.0,78.0,-595.0,1027.0,1,False
2024-08-29 13:00:00+00:00,19T000000001304A,Krosno Iskrzynia - Rzeszow,PSE,OPPOSITE,PL,PL,Krosno Iskrzynia,Rzeszow,Line,DYNAMIC,380.0,1119.0,775.0,78.0,595.0,367.0,1,False
2024-08-29 13:00:00+00:00,19T0000000063830,Mikulowa PST1,PSE,DIRECT,PL,PL,Mikulowa PST1,Mikulowa PST1,PST,DYNAMIC,380.0,1905.0,1320.0,132.0,641.0,874.0,1,False
2024-08-29 13:00:00+00:00,19T0000000063830,Mikulowa PST1,PSE,OPPOSITE,PL,PL,Mikulowa PST1,Mikulowa PST1,PST,DYNAMIC,380.0,1905.0,1320.0,132.0,-641.0,1502.0,1,False
2024-08-29 13:00:00+00:00,19T000000006396S,Polaniec - Tarnow,PSE,DIRECT,PL,PL,Polaniec,Tarnow,Line,DYNAMIC,380.0,1089.0,754.0,75.0,459.0,369.0,1,False
2024-08-29 13:00:00+00:00,22T-BE-IN-LI018R,Lixhe - Gramme 380.11,ELIA,DIRECT,BE,BE,Gramme,Lixhe,Line,SEASONAL,380.0,2051.0,1421.0,142.0,301.0,895.0,1,False
2024-08-29 13:00:00+00:00,22T-BE-IN-LI02AK,Doel - Zandvliet 380.25,ELIA,DIRECT,BE,BE,Doel,Zandvliet,Line,SEASONAL,380.0,1999.0,1385.0,138.0,133.0,954.0,1,False
2024-08-29 13:00:00+00:00,24T-V425-0000004,V.Dur - Krizovany,SEPS,DIRECT,SK,SK,V.Dur,Krizovany,Line,FIXED,380.0,2100.0,1455.0,145.0,-322.0,1200.0,1,False
2024-08-29 13:00:00+00:00,24T-V425-0000004,V.Dur - Krizovany,SEPS,OPPOSITE,SK,SK,V.Dur,Krizovany,Line,FIXED,380.0,2100.0,1455.0,145.0,322.0,1228.0,2,False
2024-08-29 13:00:00+00:00,24T-V429-0000005,Gabcikovo - P.Biskupice,SEPS,DIRECT,SK,SK,Gabcikovo,P.Biskupice,Line,FIXED,380.0,2280.0,1580.0,158.0,-277.0,1283.0,1,False
2024-08-29 13:00:00+00:00,24T-V490-000000G,V.Dur - Levice 1,SEPS,DIRECT,SK,SK,V.Dur,Levice,Line,FIXED,380.0,2100.0,1455.0,145.0,1078.0,601.0,1,False
2024-08-29 13:00:00+00:00,24T-V493-000000Q,H.Zdana - Sucany,SEPS,DIRECT,SK,SK,H.Zdana,Sucany,Line,FIXED,380.0,2000.0,1386.0,139.0,123.0,815.0,1,False
2024-08-29 13:00:00+00:00,30T-ROSI400AT--1,TR Rosiori 400/220 1,TRANSELECTRICA,DIRECT,RO,RO,Rosiori,Rosiori,Transformer,SEASONAL,220.0,577.0,400.0,40.0,355.0,78.0,1,False
2024-08-29 13:00:00+00:00,30TPARO220TRGJ-Q,Paroseni - Targu Jiu Nord,TRANSELECTRICA,OPPOSITE,RO,RO,Paroseni,Targu Jiu Nord,Line,SEASONAL,220.0,690.0,269.0,27.0,96.0,124.0,4,False
2024-08-29 13:00:00+00:00,49T0000000000274,Krimpen a/d IJssel - Geertruidenberg 380 Wit,TENNETBV,DIRECT,NL,NL,Krimpen a/d IJssel,Geertruidenberg,Line,SEASONAL,380.0,2826.0,1958.0,196.0,461.0,1936.0,1,False
2024-08-29 14:00:00+00:00,10T-AT-CZ-00004V,Slavetice - Durnrohr - V438,CEPS,DIRECT,CZ,AT,Slavetice,Durnrohr,TieLine,DYNAMIC,380.0,2406.0,1667.0,167.0,361.0,1056.0,1,False
2024-08-29 14:00:00+00:00,10T-AT-DE-000037,Pleinting - St. Peter 258,APG,DIRECT,DE,AT,Pleinting,St. Peter,TieLine,SEASONAL,220.0,1380.0,538.0,54.0,584.0,109.0,1,False
2024-08-29 14:00:00+00:00,10T-AT-SI-00001T,Kainachtal - Maribor 473,APG,OPPOSITE,AT,SI,Kainachtal,Maribor,TieLine,SEASONAL,380.0,1920.0,1330.0,133.0,-849.0,1364.0,1,False
2024-08-29 14:00:00+00:00,10T-AT-SI-00003P,Obersielach - Podlog 247,APG,DIRECT,AT,SI,Obersielach,Podlog,TieLine,SEASONAL,220.0,936.0,365.0,36.0,350.0,162.0,4,False
2024-08-29 14:00:00+00:00,10T-AT-SI-00003P,Obersielach - Podlog 247,APG,OPPOSITE,AT,SI,Obersielach,Podlog,TieLine,SEASONAL,220.0,936.0,365.0,36.0,-363.0,489.0,2,False
2024-08-29 14:00:00+00:00,10T-BA-HR-00003R,Mostar - Zakucac,HOPS,DIRECT,BA,HR,Mostar,Zakucac,TieLine,SEASONAL,220.0,780.0,304.0,30.0,32.0,260.0,1,False
2024-08-29 14:00:00+00:00,10T-BE-FR-000015,Achene - Lonny 380.19,ELIA,DIRECT,BE,FR,Achene,Lonny,TieLine,SEASONAL,380.0,2110.0,1462.0,146.0,-430.0,1376.0,2,False
2024-08-29 14:00:00+00:00,10T-BE-FR-000015,Achene - Lonny 380.19,ELIA,OPPOSITE,BE,FR,Achene,Lonny,TieLine,SEASONAL,380.0,2110.0,1462.0,146.0,430.0,1090.0,2,False
2024-08-29 14:00:00+00:00,10T-BE-NL-00001I,Maasbracht - Van Eyck 380 Black/27,ELIA,DIRECT,BE,NL,Van Eyck,Maasbracht,TieLine,SEASONAL,380.0,2033.0,1409.0,141.0,316.0,815.0,4,False
2024-08-29 14:00:00+00:00,10T-BE-NL-00001I,Maasbracht - Van Eyck 380 Black/27,ELIA,OPPOSITE,BE,NL,Van Eyck,Maasbracht,TieLine,SEASONAL,380.0,2033.0,1409.0,141.0,-115.0,1529.0,4,False
2024-08-29 14:00:00+00:00,10T-CZ-DE-00003S,Hradec - Rohrsdorf - V446,CEPS,DIRECT,CZ,DE,Hradec,Rohrsdorf,TieLine,DYNAMIC,380.0,2115.0,1465.0,147.0,-395.0,1321.0,1,False
2024-08-29 14:00:00+00:00,10T-CZ-DE-00003S,Hradec - Rohrsdorf - V446,CEPS,OPPOSITE,CZ,DE,Hradec,Rohrsdorf,TieLine,DYNAMIC,380.0,2115.0,1465.0,147.0,395.0,1315.0,1,False
2024-08-29 14:00:00+00:00,10T-CZ-DE-00004Q,Etzenricht - Prestice 442,TENNETGMBH,DIRECT,DE,CZ,Etzenricht,Prestice,TieLine,FIXED,380.0,2265.0,1569.0,157.0,720.0,1050.0,1,False
2024-08-29 14:00:00+00:00,10T-CZ-PL-00004A,Wielopole - Nosovice,PSE,DIRECT,PL,CZ,Wielopole,Nosovice,TieLine,DYNAMIC,380.0,1748.0,1211.0,121.0,406.0,867.0,1,False
2024-08-29 14:00:00+00:00,10T-CZ-PL-00004A,Wielopole - Nosovice,PSE,OPPOSITE,PL,CZ,Wielopole,Nosovice,TieLine,DYNAMIC,380.0,1748.0,1211.0,121.0,-406.0,1313.0,1,False
2024-08-29 14:00:00+00:00,10T-CZ-SK-00001Y,Liskovec - P. Bystrica,CEPS,DIRECT,CZ,SK,Liskovec,P. Bystrica,TieLine,FIXED,220.0,665.0,259.0,26.0,116.0,216.0,1,False
2024-08-29 14:00:00+00:00,10T-CZ-SK-00001Y,Liskovec - P. Bystrica,CEPS,OPPOSITE,CZ,SK,Liskovec,P. Bystrica,TieLine,FIXED,220.0,665.0,259.0,26.0,-116.0,250.0,1,False
2024-08-29 14:00:00+00:00,10T-CZ-SK-00002W,Nosovice - Varin,CEPS,DIRECT,CZ,SK,Nosovice,Varin,TieLine,FIXED,380.0,1720.0,1192.0,119.0,926.0,844.0,1,False
2024-08-29 14:00:00+00:00,10T-CZ-SK-00002W,Nosovice - Varin,CEPS,OPPOSITE,CZ,SK,Nosovice,Varin,TieLine,FIXED,380.0,1720.0,1192.0,119.0,-926.0,896.0,2,False
2024-08-29 14:00:00+00:00,10T-CZ-SK-00003U,Sokolnice - Krizovany,CEPS,DIRECT,CZ,SK,Sokolnice,Krizovany,TieLine,FIXED,380.0,2000.0,1386.0,139.0,900.0,1074.0,3,False
2024-08-29 14:00:00+00:00,10T-CZ-SK-00003U,Sokolnice - Krizovany,CEPS,OPPOSITE,CZ,SK,Sokolnice,Krizovany,TieLine,FIXED,380.0,2000.0,1386.0,139.0,-900.0,1378.0,3,False
2024-08-29 14:00:00+00:00,10T-DE-FR-000068,Ensdorf - Vigy VIGY2 S,AMPRION,OPPOSITE,DE,FR,Ensdorf,Vigy,TieLine,FIXED,380.0,2720.0,1884.0,188.0,1900.0,376.0,1,False
2024-08-29 14:00:00+00:00,10T-DE-NL-00002T,Diele - Meeden 380 White,TENNETBV,DIRECT,DE,NL,Diele,Meeden,TieLine,SEASONAL,380.0,1520.0,1053.0,105.0,-85.0,609.0,1,False
2024-08-29 14:00:00+00:00,10T-DE-NL-00002T,Diele - Meeden 380 White,TENNETBV,OPPOSITE,DE,NL,Diele,Meeden,TieLine,SEASONAL,380.0,1520.0,1053.0,105.0,653.0,890.0,1,False
2024-08-29 14:00:00+00:00,10T-DE-NL-00005N,Maasbracht - Oberzier 380 white,AMPRION,DIRECT,NL,DE,Maasbracht,Oberzier,TieLine,SEASONAL,380.0,2500.0,1732.0,173.0,466.0,1496.0,3,False
2024-08-29 14:00:00+00:00,10T-DE-NL-00005N,Maasbracht - Oberzier 380 white,AMPRION,OPPOSITE,NL,DE,Maasbracht,Oberzier,TieLine,SEASONAL,380.0,2500.0,1732.0,173.0,-638.0,1458.0,6,False
2024-08-29 14:00:00+00:00,10T-HR-HU-000033,Pecs - Ernestinovo1 491A,HOPS,OPPOSITE,HU,HR,Pecs,Ernestinovo,TieLine,SEASONAL,380.0,1920.0,1330.0,133.0,370.0,914.0,1,False
2024-08-29 14:00:00+00:00,10T-HR-SI-000022,Pehlin - Divaca,HOPS,DIRECT,HR,SI,Pehlin,Divaca,TieLine,SEASONAL,220.0,960.0,374.0,37.0,-114.0,149.0,1,False
2024-08-29 14:00:00+00:00,10T-HR-SI-000022,Pehlin - Divaca,HOPS,OPPOSITE,HR,SI,Pehlin,Divaca,TieLine,SEASONAL,220.0,960.0,374.0,37.0,64.0,431.0,2,False
2024-08-29 14:00:00+00:00,10T-HR-SI-00004Z,Tumbri - Krsko 1,HOPS,OPPOSITE,HR,SI,Tumbri,Krsko,TieLine,SEASONAL,380.0,1920.0,1330.0,133.0,613.0,1086.0,1,False
2024-08-29 14:00:00+00:00,10T-HU-SK-00001T,Levice - God,SEPS,DIRECT,SK,HU,Levice,God,TieLine,FIXED,380.0,2000.0,1386.0,139.0,982.0,728.0,1,False
2024-08-29 14:00:00+00:00,10T-HU-UA-00002F,Kisvarda - Mukachevo,MAVIR,DIRECT,HU,UA,Kisvarda,Mukachevo,TieLine,SEASONAL,220.0,640.0,249.0,25.0,55.0,102.0,1,False
2024-08-29 14:00:00+00:00,10T-RO-RS-00001V,Portile de Fier - Djerdap,TRANSELECTRICA,OPPOSITE,RO,RS,Portile de Fier,Djerdap,TieLine,SEASONAL,380.0,1836.0,1272.0,127.0,589.0,554.0,1,False
2024-08-29 14:00:00+00:00,10T-SK-UA-00001W,V.Kapusany - Mukachevo (WPS),SEPS,DIRECT,SK,UA,Velke Kapusany,Mukachevo,TieLine,SEASONAL,380.0,1570.0,1088.0,109.0,647.0,687.0,1,False
2024-08-29 14:00:00+00:00,10T1001A1001A09N,Dobrzen - Detmarovice,PSE,DIRECT,PL,CZ,Dobrzen,Detmarovice,TieLine,DYNAMIC,380.0,1702.0,1179.0,118.0,699.0,618.0,1,False
2024-08-29 14:00:00+00:00,10T1001C--00056R,Gabcikovo - Gonyu,MAVIR,DIRECT,SK,HU,Gabcikovo,Gonyu,TieLine,FIXED,380.0,2000.0,1386.0,139.0,526.0,1197.0,1,False
2024-08-29 14:00:00+00:00,10T1001C--00056R,Gabcikovo - Gonyu,MAVIR,OPPOSITE,SK,HU,Gabcikovo,Gonyu,TieLine,FIXED,380.0,2000.0,1386.0,139.0,-526.0,1297.0,1,False
2024-08-29 14:00:00+00:00,10T1001C--00101B,Cirkovce - Heviz,MAVIR,DIRECT,SI,HU,Cirkovce,Heviz,TieLine,FIXED,380.0,2000.0,1109.0,139.0,441.0,1043.0,3,True
2024-08-29 14:00:00+00:00,10T1001C--00101B,Cirkovce - Heviz,MAVIR,OPPOSITE,SI,HU,Cirkovce,Heviz,TieLine,FIXED,380.0,2000.0,1109.0,139.0,-441.0,953.0,2,True
2024-08-29 14:00:00+00:00,10T1001C--001223,Sokolnice - Zaya - V244,CEPS,DIRECT,CZ,AT,Sokolnice,Zaya,TieLine,DYNAMIC,220.0,707.0,276.0,28.0,48.0,216.0,1,False
2024-08-29 14:00:00+00:00,10T1001C--001223,Sokolnice - Zaya - V244,CEPS,OPPOSITE,CZ,AT,Sokolnice,Zaya,TieLine,DYNAMIC,220.0,707.0,276.0,28.0,-48.0,280.0,1,False
2024-08-29 14:00:00+00:00,11T0-0000-0011-L,PST Roehrsdorf 441,50HERTZ,DIRECT,DE,DE,Roehrsdorf,Roehrsdorf,PST,FIXED,380.0,2028.0,1405.0,141.0,76.0,853.0,1,False
2024-08-29 14:00:00+00:00,11T0-0000-0103-E,Etzenricht - Mechlenreuth 437,TENNETGMBH,DIRECT,DE,DE,Etzenricht,Mechlenreuth,Line,DYNAMIC,380.0,2370.0,1642.0,164.0,-323.0,1282.0,1,False
2024-08-29 14:00:00+00:00,11T0-0000-0620-R,PST Gronau TR 441 E,AMPRION,DIRECT,DE,DE,Gronau,Gronau,PST,FIXED,380.0,2165.0,1500.0,150.0,1041.0,898.0,1,False
2024-08-29 14:00:00+00:00,11T0-0000-0781-W,Y-Oberzier (-Paffendorf - Sechtem) SECHTM N,AMPRION,DIRECT,DE,DE,Oberzier,Y-Paffendorf,Line,DYNAMIC,380.0,2822.0,1955.0,196.0,1646.0,758.0,2,False
2024-08-29 14:00:00+00:00,11T0-0000-0984-D,Y-Altheim (-Simbach - St. Peter) 233/230,TENNETGMBH,DIRECT,DE,AT,Altheim,Y Simbach,TieLine,DYNAMIC,220.0,892.0,348.0,35.0,383.0,114.0,1,False
2024-08-29 14:00:00+00:00,11T0-0000-1496-M,Emscherbruch  - Mengede  RECKLI N,AMPRION,OPPOSITE,DE,DE,Emscherbruch,Mengede,Line,DYNAMIC,380.0,2669.0,1849.0,185.0,-120.0,1316.0,1,False
2024-08-29 14:00:00+00:00,11TD2L000000003L,Altheim - Sittling 219,TENNETGMBH,DIRECT,DE,DE,Altheim,Sittling,Line,DYNAMIC,220.0,892.0,348.0,35.0,-102.0,271.0,1,False
2024-08-29 14:00:00+00:00,11TD400000543-LM,Hoepfingen - Hueffenhardt ge,TRANSNETBW,DIRECT,DE,DE,Hoepfingen,Hueffenhardt,Line,DYNAMIC,380.0,2630.0,1822.0,182.0,293.0,1071.0,1,False
2024-08-29 14:00:00+00:00,11TD8L551------R,Baerwalde - Schmoelln 551,50HERTZ,DIRECT,DE,DE,Baerwalde,Schmoelln,Line,FIXED,380.0,3600.0,2494.0,249.0,1951.0,1108.0,1,False
2024-08-29 14:00:00+00:00,11TD8L555------W,Dresden/Sued - Schmoelln 555,50HERTZ,OPPOSITE,DE,DE,Dresden/Sued,Schmoelln,Line,FIXED,380.0,2500.0,1732.0,173.0,997.0,885.0,1,False
2024-08-29 14:00:00+00:00,11TD8L565------N,Graustein - Baerwalde 565,50HERTZ,DIRECT,DE,DE,Graustein,Baerwalde,Line,FIXED,380.0,2587.0,1792.0,179.0,1234.0,802.0,1,False
2024-08-29 14:00:00+00:00,14T-220-0-0273BO,Strass - Thaur 273B,APG,DIRECT,AT,AT,Strass,Thaur,Line,SEASONAL,220.0,1090.0,425.0,42.0,-24.0,253.0,1,False
2024-08-29 14:00:00+00:00,14T-38220-LI043U,Lienz 2 - Lienz 1 LIRHU43,APG,DIRECT,AT,AT,Lienz 2,Lienz 1,Transformer,SEASONAL,220.0,1425.0,555.0,56.0,-100.0,467.0,1,False
2024-08-29 14:00:00+00:00,14T-38220-WT041O,Westtirol 1 - Westtirol 2 WTRHU41,APG,OPPOSITE,AT,AT,Westtirol 1,Westtirol 2,Transformer,SEASONAL,220.0,1443.0,1000.0,100.0,310.0,316.0,2,False
2024-08-29 14:00:00+00:00,15T-M00000043583,Kerepes - Zuglo 1,MAVIR,DIRECT,HU,HU,Kerepes,Zuglo,Line,SEASONAL,220.0,1139.0,444.0,44.0,193.0,344.0,1,False
2024-08-29 14:00:00+00:00,15T-M000002791-J,Gonyu - Gyor,MAVIR,DIRECT,HU,HU,Gonyu,Gyor,Line,FIXED,380.0,2000.0,1386.0,139.0,625.0,837.0,1,False
2024-08-29 14:00:00+00:00,19T000000001304A,Krosno Iskrzynia - Rzeszow,PSE,DIRECT,PL,PL,Krosno Iskrzynia,Rzeszow,Line,DYNAMIC,380.0,1119.0,775.0,78.0,-591.0,1004.0,1,False
2024-08-29 14:00:00+00:00,19T000000001304A,Krosno Iskrzynia - Rzeszow,PSE,OPPOSITE,PL,PL,Krosno Iskrzynia,Rzeszow,Line,DYNAMIC,380.0,1119.0,775.0,78.0,591.0,390.0,1,False
2024-08-29 14:00:00+00:00,19T0000000063830,Mikulowa PST1,PSE,DIRECT,PL,PL,Mikulowa PST1,Mikulowa PST1,PST,DYNAMIC,380.0,1905.0,1320.0,132.0,935.0,799.0,1,False
2024-08-29 14:00:00+00:00,19T0000000063830,Mikulowa PST1,PSE,OPPOSITE,PL,PL,Mikulowa PST1,Mikulowa PST1,PST,DYNAMIC,380.0,1905.0,1320.0,132.0,-935.0,1577.0,1,False
2024-08-29 14:00:00+00:00,19T000000006396S,Polaniec - Tarnow,PSE,DIRECT,PL,PL,Polaniec,Tarnow,Line,DYNAMIC,380.0,1089.0,754.0,75.0,475.0,348.0,1,False
2024-08-29 14:00:00+00:00,22T-BE-IN-LI018R,Lixhe - Gramme 380.11,ELIA,DIRECT,BE,BE,Gramme,Lixhe,Line,SEASONAL,380.0,2051.0,1421.0,142.0,595.0,841.0,1,False
2024-08-29 14:00:00+00:00,22T-BE-IN-LI02AK,Doel - Zandvliet 380.25,ELIA,DIRECT,BE,BE,Doel,Zandvliet,Line,SEASONAL,380.0,1999.0,1385.0,138.0,396.0,857.0,1,False
2024-08-29 14:00:00+00:00,24T-V425-0000004,V.Dur - Krizovany,SEPS,DIRECT,SK,SK,V.Dur,Krizovany,Line,FIXED,380.0,2100.0,1455.0,145.0,-636.0,1257.0,1,False
2024-08-29 14:00:00+00:00,24T-V425-0000004,V.Dur - Krizovany,SEPS,OPPOSITE,SK,SK,V.Dur,Krizovany,Line,FIXED,380.0,2100.0,1455.0,145.0,636.0,1170.0,2,False
2024-08-29 14:00:00+00:00,24T-V429-0000005,Gabcikovo - P.Biskupice,SEPS,DIRECT,SK,SK,Gabcikovo,P.Biskupice,Line,FIXED,380.0,2280.0,1580.0,158.0,-558.0,1330.0,1,False
2024-08-29 14:00:00+00:00,24T-V490-000000G,V.Dur - Levice 1,SEPS,DIRECT,SK,SK,V.Dur,Levice,Line,FIXED,380.0,2100.0,1455.0,145.0,1315.0,561.0,1,False
2024-08-29 14:00:00+00:00,24T-V493-000000Q,H.Zdana - Sucany,SEPS,DIRECT,SK,SK,H.Zdana,Sucany,Line,FIXED,380.0,2000.0,1386.0,139.0,37.0,827.0,1,False
2024-08-29 14:00:00+00:00,30T-ROSI400AT--1,TR Rosiori 400/220 1,TRANSELECTRICA,DIRECT,RO,RO,Rosiori,Rosiori,Transformer,SEASONAL,220.0,577.0,400.0,40.0,359.0,77.0,1,False
2024-08-29 14:00:00+00:00,30THASD220MINT1W,Hasdat - Mintia,TRANSELECTRICA,DIRECT,RO,RO,Hasdat,Mintia,Line,SEASONAL,220.0,690.0,269.0,27.0,198.0,187.0,1,False
2024-08-29 14:00:00+00:00,30THASD220PEST-I,Pestis - Hasdat,TRANSELECTRICA,OPPOSITE,RO,RO,Pestis,Hasdat,Line,SEASONAL,220.0,690.0,269.0,27.0,199.0,188.0,1,False
2024-08-29 14:00:00+00:00,30TISAC400VULC-W,Isaccea - Vulcanesti,TRANSELECTRICA,DIRECT,RO,UA,Isaccea,Vulcanesti,TieLine,SEASONAL,380.0,1722.0,1193.0,119.0,1217.0,242.0,1,False
2024-08-29 14:00:00+00:00,49T000000000000O,Zwolle - Hengelo 380 Wit,TENNETBV,DIRECT,NL,NL,Zwolle,Hengelo,Line,SEASONAL,380.0,2500.0,1732.0,173.0,1065.0,1018.0,1,False
2024-08-29 14:00:00+00:00,49T0000000000274,Krimpen a/d IJssel - Geertruidenberg 380 Wit,TENNETBV,DIRECT,NL,NL,Krimpen a/d IJssel,Geertruidenberg,Line,SEASONAL,380.0,2826.0,1958.0,196.0,341.0,2155.0,1,False
2024-08-29 14:00:00+00:00,49T0000000000274,Krimpen a/d IJssel - Geertruidenberg 380 Wit,TENNETBV,OPPOSITE,NL,NL,Krimpen a/d IJssel,Geertruidenberg,Line,SEASONAL,380.0,2826.0,1958.0,196.0,-341.0,1369.0,1,False
2024-08-29 15:00:00+00:00,10T-AT-CZ-00003X,Duernrohr 1 - Slavetice 437,APG,OPPOSITE,AT,CZ,Duernrohr 1,Slavetice,TieLine,SEASONAL,380.0,2438.0,1689.0,169.0,347.0,932.0,1,False
2024-08-29 15:00:00+00:00,10T-AT-DE-000037,Pleinting - St. Peter 258,APG,DIRECT,DE,AT,Pleinting,St. Peter,TieLine,SEASONAL,220.0,1380.0,538.0,54.0,528.0,109.0,1,False
2024-08-29 15:00:00+00:00,10T-AT-SI-00001T,Kainachtal - Maribor 473,APG,OPPOSITE,AT,SI,Kainachtal,Maribor,TieLine,SEASONAL,380.0,1920.0,1330.0,133.0,-886.0,1323.0,1,False
2024-08-29 15:00:00+00:00,10T-AT-SI-00003P,Obersielach - Podlog 247,APG,DIRECT,AT,SI,Obersielach,Podlog,TieLine,SEASONAL,220.0,936.0,365.0,36.0,401.0,137.0,4,False
2024-08-29 15:00:00+00:00,10T-AT-SI-00003P,Obersielach - Podlog 247,APG,OPPOSITE,AT,SI,Obersielach,Podlog,TieLine,SEASONAL,220.0,936.0,365.0,36.0,-406.0,509.0,2,False
2024-08-29 15:00:00+00:00,10T-BA-HR-00003R,Mostar - Zakucac,HOPS,DIRECT,BA,HR,Mostar,Zakucac,TieLine,SEASONAL,220.0,780.0,304.0,30.0,2.0,290.0,1,False
2024-08-29 15:00:00+00:00,10T-BA-HR-00003R,Mostar - Zakucac,HOPS,OPPOSITE,BA,HR,Mostar,Zakucac,TieLine,SEASONAL,220.0,780.0,304.0,30.0,-2.0,258.0,1,False
2024-08-29 15:00:00+00:00,10T-BE-FR-000015,Achene - Lonny 380.19,ELIA,OPPOSITE,BE,FR,Achene,Lonny,TieLine,SEASONAL,380.0,2119.0,1468.0,147.0,484.0,1193.0,3,False
2024-08-29 15:00:00+00:00,10T-CZ-DE-00002U,Hradec - Rohrsdorf - V445,CEPS,OPPOSITE,CZ,DE,Hradec,Rohrsdorf,TieLine,DYNAMIC,380.0,2171.0,1504.0,150.0,489.0,1158.0,1,False
2024-08-29 15:00:00+00:00,10T-CZ-DE-00003S,Hradec - Rohrsdorf - V446,CEPS,DIRECT,CZ,DE,Hradec,Rohrsdorf,TieLine,DYNAMIC,380.0,2171.0,1504.0,150.0,-455.0,1516.0,1,False
2024-08-29 15:00:00+00:00,10T-CZ-DE-00004Q,Etzenricht - Prestice 442,TENNETGMBH,DIRECT,DE,CZ,Etzenricht,Prestice,TieLine,FIXED,380.0,2265.0,1569.0,157.0,591.0,1168.0,1,False
2024-08-29 15:00:00+00:00,10T-CZ-PL-00004A,Wielopole - Nosovice,PSE,DIRECT,PL,CZ,Wielopole,Nosovice,TieLine,DYNAMIC,380.0,1770.0,1226.0,123.0,356.0,833.0,1,False
2024-08-29 15:00:00+00:00,10T-CZ-PL-00004A,Wielopole - Nosovice,PSE,OPPOSITE,PL,CZ,Wielopole,Nosovice,TieLine,DYNAMIC,380.0,1770.0,1226.0,123.0,-356.0,1373.0,1,False
2024-08-29 15:00:00+00:00,10T-CZ-SK-00001Y,Liskovec - P. Bystrica,CEPS,OPPOSITE,CZ,SK,Liskovec,P. Bystrica,TieLine,FIXED,220.0,665.0,259.0,26.0,-118.0,245.0,1,False
2024-08-29 15:00:00+00:00,10T-CZ-SK-00002W,Nosovice - Varin,CEPS,DIRECT,CZ,SK,Nosovice,Varin,TieLine,FIXED,380.0,1720.0,1192.0,119.0,1039.0,869.0,1,False
2024-08-29 15:00:00+00:00,10T-CZ-SK-00002W,Nosovice - Varin,CEPS,OPPOSITE,CZ,SK,Nosovice,Varin,TieLine,FIXED,380.0,1720.0,1192.0,119.0,-1039.0,889.0,2,False
2024-08-29 15:00:00+00:00,10T-CZ-SK-00003U,Sokolnice - Krizovany,CEPS,DIRECT,CZ,SK,Sokolnice,Krizovany,TieLine,FIXED,380.0,2000.0,1386.0,139.0,1069.0,1162.0,3,False
2024-08-29 15:00:00+00:00,10T-CZ-SK-00003U,Sokolnice - Krizovany,CEPS,OPPOSITE,CZ,SK,Sokolnice,Krizovany,TieLine,FIXED,380.0,2000.0,1386.0,139.0,-1069.0,1290.0,3,False
2024-08-29 15:00:00+00:00,10T-DE-FR-000068,Ensdorf - Vigy VIGY2 S,AMPRION,OPPOSITE,DE,FR,Ensdorf,Vigy,TieLine,FIXED,380.0,2720.0,1884.0,188.0,1830.0,376.0,1,False
2024-08-29 15:00:00+00:00,10T-DE-NL-00002T,Diele - Meeden 380 White,TENNETBV,DIRECT,DE,NL,Diele,Meeden,TieLine,SEASONAL,380.0,1520.0,1053.0,105.0,-91.0,600.0,1,False
2024-08-29 15:00:00+00:00,10T-DE-NL-00002T,Diele - Meeden 380 White,TENNETBV,OPPOSITE,DE,NL,Diele,Meeden,TieLine,SEASONAL,380.0,1520.0,1053.0,105.0,631.0,754.0,2,False
2024-08-29 15:00:00+00:00,10T-DE-NL-00005N,Maasbracht - Oberzier 380 white,AMPRION,DIRECT,NL,DE,Maasbracht,Oberzier,TieLine,SEASONAL,380.0,2500.0,1732.0,173.0,394.0,1450.0,5,False
2024-08-29 15:00:00+00:00,10T-DE-NL-00005N,Maasbracht - Oberzier 380 white,AMPRION,OPPOSITE,NL,DE,Maasbracht,Oberzier,TieLine,SEASONAL,380.0,2500.0,1732.0,173.0,-474.0,1467.0,4,False
2024-08-29 15:00:00+00:00,10T-HR-HU-000033,Pecs - Ernestinovo1 491A,HOPS,OPPOSITE,HU,HR,Pecs,Ernestinovo,TieLine,SEASONAL,380.0,1920.0,1330.0,133.0,152.0,994.0,1,False
2024-08-29 15:00:00+00:00,10T-HR-SI-000022,Pehlin - Divaca,HOPS,DIRECT,HR,SI,Pehlin,Divaca,TieLine,SEASONAL,220.0,960.0,374.0,37.0,-109.0,157.0,1,False
2024-08-29 15:00:00+00:00,10T-HR-SI-000022,Pehlin - Divaca,HOPS,OPPOSITE,HR,SI,Pehlin,Divaca,TieLine,SEASONAL,220.0,960.0,374.0,37.0,62.0,422.0,2,False
2024-08-29 15:00:00+00:00,10T-HR-SI-00004Z,Tumbri - Krsko 1,HOPS,OPPOSITE,HR,SI,Tumbri,Krsko,TieLine,SEASONAL,380.0,1920.0,1330.0,133.0,718.0,990.0,1,False
2024-08-29 15:00:00+00:00,10T-HU-SK-00001T,Levice - God,SEPS,DIRECT,SK,HU,Levice,God,TieLine,FIXED,380.0,2000.0,1386.0,139.0,1056.0,738.0,1,False
2024-08-29 15:00:00+00:00,10T-HU-UA-00002F,Kisvarda - Mukachevo,MAVIR,DIRECT,HU,UA,Kisvarda,Mukachevo,TieLine,SEASONAL,220.0,640.0,249.0,25.0,-10.0,153.0,1,False
2024-08-29 15:00:00+00:00,10T-RO-RS-00001V,Portile de Fier - Djerdap,TRANSELECTRICA,OPPOSITE,RO,RS,Portile de Fier,Djerdap,TieLine,SEASONAL,380.0,1836.0,1272.0,127.0,638.0,581.0,1,False
2024-08-29 15:00:00+00:00,10T-SK-UA-00001W,V.Kapusany - Mukachevo (WPS),SEPS,DIRECT,SK,UA,Velke Kapusany,Mukachevo,TieLine,SEASONAL,380.0,1570.0,1088.0,109.0,620.0,738.0,1,False
2024-08-29 15:00:00+00:00,10T-SK-UA-00001W,V.Kapusany - Mukachevo (WPS),SEPS,OPPOSITE,SK,UA,Velke Kapusany,Mukachevo,TieLine,SEASONAL,380.0,1570.0,1088.0,109.0,-620.0,1220.0,1,False
2024-08-29 15:00:00+00:00,10T1001A1001A09N,Dobrzen - Detmarovice,PSE,DIRECT,PL,CZ,Dobrzen,Detmarovice,TieLine,DYNAMIC,380.0,1725.0,1195.0,120.0,714.0,562.0,1,False
2024-08-29 15:00:00+00:00,10T1001C--00056R,Gabcikovo - Gonyu,MAVIR,DIRECT,SK,HU,Gabcikovo,Gonyu,TieLine,FIXED,380.0,2000.0,1386.0,139.0,525.0,1213.0,1,False
2024-08-29 15:00:00+00:00,10T1001C--00056R,Gabcikovo - Gonyu,MAVIR,OPPOSITE,SK,HU,Gabcikovo,Gonyu,TieLine,FIXED,380.0,2000.0,1386.0,139.0,-525.0,1281.0,1,False
2024-08-29 15:00:00+00:00,10T1001C--00101B,Cirkovce - Heviz,MAVIR,DIRECT,SI,HU,Cirkovce,Heviz,TieLine,FIXED,380.0,2000.0,1109.0,139.0,761.0,1052.0,3,True
2024-08-29 15:00:00+00:00,10T1001C--00101B,Cirkovce - Heviz,MAVIR,OPPOSITE,SI,HU,Cirkovce,Heviz,TieLine,FIXED,380.0,2000.0,1109.0,139.0,-761.0,944.0,2,True
2024-08-29 15:00:00+00:00,10T1001C--001223,Sokolnice - Zaya - V244,CEPS,DIRECT,CZ,AT,Sokolnice,Zaya,TieLine,DYNAMIC,220.0,726.0,283.0,28.0,50.0,195.0,1,False
2024-08-29 15:00:00+00:00,10T1001C--001223,Sokolnice - Zaya - V244,CEPS,OPPOSITE,CZ,AT,Sokolnice,Zaya,TieLine,DYNAMIC,220.0,726.0,283.0,28.0,-50.0,315.0,1,False
2024-08-29 15:00:00+00:00,11T0-0000-0011-L,PST Roehrsdorf 441,50HERTZ,DIRECT,DE,DE,Roehrsdorf,Roehrsdorf,PST,FIXED,380.0,2028.0,1405.0,141.0,142.0,863.0,1,False
2024-08-29 15:00:00+00:00,11T0-0000-0781-W,Y-Oberzier (-Paffendorf - Sechtem) SECHTM N,AMPRION,DIRECT,DE,DE,Oberzier,Y-Paffendorf,Line,DYNAMIC,380.0,2942.0,2038.0,204.0,1513.0,913.0,2,False
2024-08-29 15:00:00+00:00,11T0-0000-0984-D,Y-Altheim (-Simbach - St. Peter) 233/230,TENNETGMBH,DIRECT,DE,AT,Altheim,Y Simbach,TieLine,DYNAMIC,220.0,892.0,348.0,35.0,369.0,95.0,1,False
2024-08-29 15:00:00+00:00,11T0-0000-1496-M,Emscherbruch  - Mengede  RECKLI N,AMPRION,OPPOSITE,DE,DE,Emscherbruch,Mengede,Line,DYNAMIC,380.0,2778.0,1925.0,192.0,-157.0,1487.0,1,False
2024-08-29 15:00:00+00:00,11TD2L000000003L,Altheim - Sittling 219,TENNETGMBH,DIRECT,DE,DE,Altheim,Sittling,Line,DYNAMIC,220.0,892.0,348.0,35.0,-205.0,351.0,1,False
2024-08-29 15:00:00+00:00,11TD8L555------W,Dresden/Sued - Schmoelln 555,50HERTZ,OPPOSITE,DE,DE,Dresden/Sued,Schmoelln,Line,FIXED,380.0,2500.0,1732.0,173.0,697.0,871.0,1,False
2024-08-29 15:00:00+00:00,14T-220-0-0267CE,Obersielach - Rosegg 267C,APG,OPPOSITE,AT,AT,Obersielach,Rosegg,Line,SEASONAL,220.0,2115.0,824.0,82.0,613.0,409.0,1,False
2024-08-29 15:00:00+00:00,14T-220-0-0273BO,Strass - Thaur 273B,APG,DIRECT,AT,AT,Strass,Thaur,Line,SEASONAL,220.0,1090.0,425.0,42.0,50.0,214.0,1,False
2024-08-29 15:00:00+00:00,14T-22220-TAPSTO,Tauern - Tauern TAPST,APG,OPPOSITE,AT,AT,Tauern,Tauern,PST,SEASONAL,220.0,1493.0,582.0,58.0,299.0,291.0,2,False
2024-08-29 15:00:00+00:00,14T-38220-WT041O,Westtirol 1 - Westtirol 2 WTRHU41,APG,OPPOSITE,AT,AT,Westtirol 1,Westtirol 2,Transformer,SEASONAL,220.0,1443.0,1000.0,100.0,139.0,514.0,4,False
2024-08-29 15:00:00+00:00,15T-M00000043583,Kerepes - Zuglo 1,MAVIR,DIRECT,HU,HU,Kerepes,Zuglo,Line,SEASONAL,220.0,1139.0,444.0,44.0,212.0,374.0,1,False
2024-08-29 15:00:00+00:00,15T-M000002791-J,Gonyu - Gyor,MAVIR,DIRECT,HU,HU,Gonyu,Gyor,Line,FIXED,380.0,2000.0,1386.0,139.0,569.0,849.0,1,False
2024-08-29 15:00:00+00:00,19T000000000299J,Morzyczyn - Dunowo,PSE,DIRECT,PL,PL,Morzyczyn,Dunowo,Line,DYNAMIC,380.0,1149.0,796.0,80.0,682.0,229.0,1,False
2024-08-29 15:00:00+00:00,19T000000001304A,Krosno Iskrzynia - Rzeszow,PSE,OPPOSITE,PL,PL,Krosno Iskrzynia,Rzeszow,Line,DYNAMIC,380.0,1119.0,775.0,78.0,634.0,353.0,1,False
2024-08-29 15:00:00+00:00,19T0000000063830,Mikulowa PST1,PSE,DIRECT,PL,PL,Mikulowa PST1,Mikulowa PST1,PST,DYNAMIC,380.0,1905.0,1320.0,132.0,1157.0,738.0,1,False
2024-08-29 15:00:00+00:00,19T0000000063830,Mikulowa PST1,PSE,OPPOSITE,PL,PL,Mikulowa PST1,Mikulowa PST1,PST,DYNAMIC,380.0,1905.0,1320.0,132.0,-1157.0,1638.0,1,False
2024-08-29 15:00:00+00:00,19T000000006396S,Polaniec - Tarnow,PSE,DIRECT,PL,PL,Polaniec,Tarnow,Line,DYNAMIC,380.0,1119.0,775.0,78.0,544.0,303.0,1,False
2024-08-29 15:00:00+00:00,22T-BE-IN-LI0130,Gramme - Achene 380.10,ELIA,OPPOSITE,BE,BE,Achene,Gramme,Line,SEASONAL,380.0,2140.0,1483.0,148.0,-443.0,1317.0,2,False
2024-08-29 15:00:00+00:00,22T-BE-IN-LI018R,Lixhe - Gramme 380.11,ELIA,DIRECT,BE,BE,Gramme,Lixhe,Line,SEASONAL,380.0,2051.0,1421.0,142.0,658.0,878.0,1,False
2024-08-29 15:00:00+00:00,22T-BE-IN-LI02AK,Doel - Zandvliet 380.25,ELIA,DIRECT,BE,BE,Doel,Zandvliet,Line,SEASONAL,380.0,1999.0,1385.0,138.0,136.0,805.0,1,False
2024-08-29 15:00:00+00:00,22T-BE-PST--002U,PST Van Eyck 2,ELIA,DIRECT,BE,BE,Van Eyck,Van Eyck,PST,SEASONAL,380.0,2042.0,1415.0,141.0,90.0,1549.0,4,False
2024-08-29 15:00:00+00:00,22T-BE-PST--002U,PST Van Eyck 2,ELIA,OPPOSITE,BE,BE,Van Eyck,Van Eyck,PST,SEASONAL,380.0,2042.0,1415.0,141.0,115.0,837.0,4,False
2024-08-29 15:00:00+00:00,24T-V425-0000004,V.Dur - Krizovany,SEPS,DIRECT,SK,SK,V.Dur,Krizovany,Line,FIXED,380.0,2100.0,1455.0,145.0,-717.0,1203.0,1,False
2024-08-29 15:00:00+00:00,24T-V425-0000004,V.Dur - Krizovany,SEPS,OPPOSITE,SK,SK,V.Dur,Krizovany,Line,FIXED,380.0,2100.0,1455.0,145.0,717.0,1417.0,1,False
2024-08-29 15:00:00+00:00,24T-V429-0000005,Gabcikovo - P.Biskupice,SEPS,DIRECT,SK,SK,Gabcikovo,P.Biskupice,Line,FIXED,380.0,2280.0,1580.0,158.0,-611.0,1282.0,1,False
2024-08-29 15:00:00+00:00,24T-V490-000000G,V.Dur - Levice 1,SEPS,DIRECT,SK,SK,V.Dur,Levice,Line,FIXED,380.0,2100.0,1455.0,145.0,1436.0,605.0,1,False
2024-08-29 15:00:00+00:00,24T-V493-000000Q,H.Zdana - Sucany,SEPS,DIRECT,SK,SK,H.Zdana,Sucany,Line,FIXED,380.0,2000.0,1386.0,139.0,36.0,849.0,1,False
2024-08-29 15:00:00+00:00,30T-ROSI400AT--1,TR Rosiori 400/220 1,TRANSELECTRICA,DIRECT,RO,RO,Rosiori,Rosiori,Transformer,SEASONAL,220.0,577.0,400.0,40.0,322.0,77.0,1,False
2024-08-29 15:00:00+00:00,30THASD220PEST-I,Pestis - Hasdat,TRANSELECTRICA,OPPOSITE,RO,RO,Pestis,Hasdat,Line,SEASONAL,220.0,690.0,269.0,27.0,219.0,128.0,1,False
2024-08-29 15:00:00+00:00,30TISAC400VULC-W,Isaccea - Vulcanesti,TRANSELECTRICA,DIRECT,RO,UA,Isaccea,Vulcanesti,TieLine,SEASONAL,380.0,1722.0,1193.0,119.0,986.0,251.0,1,False
2024-08-29 15:00:00+00:00,30TPDFE220RESI1S,Portile de Fier - Resita c1,TRANSELECTRICA,DIRECT,RO,RO,Portile de Fier,Resita c1,Line,SEASONAL,220.0,750.0,292.0,29.0,256.0,110.0,1,False
2024-08-29 15:00:00+00:00,49T000000000000O,Zwolle - Hengelo 380 Wit,TENNETBV,DIRECT,NL,NL,Zwolle,Hengelo,Line,SEASONAL,380.0,2500.0,1732.0,173.0,1178.0,913.0,1,False
2024-08-29 15:00:00+00:00,49T0000000000096,Diemen - Lelystad 380 Wit,TENNETBV,OPPOSITE,NL,NL,Diemen,Lelystad,Line,SEASONAL,380.0,3000.0,2078.0,208.0,512.0,1005.0,1,False
2024-08-29 15:00:00+00:00,49T0000000000274,Krimpen a/d IJssel - Geertruidenberg 380 Wit,TENNETBV,DIRECT,NL,NL,Krimpen a/d IJssel,Geertruidenberg,Line,SEASONAL,380.0,2826.0,1958.0,196.0,594.0,1925.0,1,False
2024-08-29 15:00:00+00:00,49T0000000000274,Krimpen a/d IJssel - Geertruidenberg 380 Wit,TENNETBV,OPPOSITE,NL,NL,Krimpen a/d IJssel,Geertruidenberg,Line,SEASONAL,380.0,2826.0,1958.0,196.0,-594.0,1599.0,1,False
2024-08-29 16:00:00+00:00,10T-AT-CZ-00003X,Duernrohr 1 - Slavetice 437,APG,OPPOSITE,AT,CZ,Duernrohr 1,Slavetice,TieLine,SEASONAL,380.0,2438.0,1689.0,169.0,529.0,839.0,1,False
2024-08-29 16:00:00+00:00,10T-AT-DE-000037,Pleinting - St. Peter 258,APG,DIRECT,DE,AT,Pleinting,St. Peter,TieLine,SEASONAL,220.0,1380.0,538.0,54.0,433.0,150.0,1,False
2024-08-29 16:00:00+00:00,10T-AT-SI-00001T,Kainachtal - Maribor 473,APG,OPPOSITE,AT,SI,Kainachtal,Maribor,TieLine,SEASONAL,380.0,1920.0,1330.0,133.0,-776.0,1376.0,1,False
2024-08-29 16:00:00+00:00,10T-AT-SI-00003P,Obersielach - Podlog 247,APG,DIRECT,AT,SI,Obersielach,Podlog,TieLine,SEASONAL,220.0,936.0,365.0,36.0,390.0,91.0,4,False
2024-08-29 16:00:00+00:00,10T-AT-SI-00003P,Obersielach - Podlog 247,APG,OPPOSITE,AT,SI,Obersielach,Podlog,TieLine,SEASONAL,220.0,936.0,365.0,36.0,-388.0,558.0,2,False
2024-08-29 16:00:00+00:00,10T-BA-HR-00003R,Mostar - Zakucac,HOPS,DIRECT,BA,HR,Mostar,Zakucac,TieLine,SEASONAL,220.0,780.0,304.0,30.0,5.0,279.0,1,False
2024-08-29 16:00:00+00:00,10T-BE-FR-000015,Achene - Lonny 380.19,ELIA,OPPOSITE,BE,FR,Achene,Lonny,TieLine,SEASONAL,380.0,2164.0,1499.0,150.0,613.0,1219.0,3,False
2024-08-29 16:00:00+00:00,10T-CZ-DE-00001W,Hradec - Etzenricht,CEPS,DIRECT,CZ,DE,Hradec,Etzenricht,TieLine,FIXED,380.0,2000.0,1386.0,139.0,-213.0,1266.0,1,False
2024-08-29 16:00:00+00:00,10T-CZ-DE-00003S,Hradec - Rohrsdorf - V446,CEPS,DIRECT,CZ,DE,Hradec,Rohrsdorf,TieLine,DYNAMIC,380.0,2233.0,1547.0,155.0,-394.0,1758.0,1,False
2024-08-29 16:00:00+00:00,10T-CZ-DE-00003S,Hradec - Rohrsdorf - V446,CEPS,OPPOSITE,CZ,DE,Hradec,Rohrsdorf,TieLine,DYNAMIC,380.0,2233.0,1547.0,155.0,394.0,1026.0,1,False
2024-08-29 16:00:00+00:00,10T-CZ-PL-00004A,Wielopole - Nosovice,PSE,DIRECT,PL,CZ,Wielopole,Nosovice,TieLine,DYNAMIC,380.0,1792.0,1242.0,124.0,198.0,800.0,1,False
2024-08-29 16:00:00+00:00,10T-CZ-PL-00004A,Wielopole - Nosovice,PSE,OPPOSITE,PL,CZ,Wielopole,Nosovice,TieLine,DYNAMIC,380.0,1792.0,1242.0,124.0,-198.0,1436.0,1,False
2024-08-29 16:00:00+00:00,10T-CZ-SK-00001Y,Liskovec - P. Bystrica,CEPS,OPPOSITE,CZ,SK,Liskovec,P. Bystrica,TieLine,FIXED,220.0,665.0,259.0,26.0,-64.0,245.0,1,False
2024-08-29 16:00:00+00:00,10T-CZ-SK-00002W,Nosovice - Varin,CEPS,DIRECT,CZ,SK,Nosovice,Varin,TieLine,FIXED,380.0,1720.0,1192.0,119.0,818.0,860.0,1,False
2024-08-29 16:00:00+00:00,10T-CZ-SK-00002W,Nosovice - Varin,CEPS,OPPOSITE,CZ,SK,Nosovice,Varin,TieLine,FIXED,380.0,1720.0,1192.0,119.0,-818.0,881.0,2,False
2024-08-29 16:00:00+00:00,10T-CZ-SK-00003U,Sokolnice - Krizovany,CEPS,DIRECT,CZ,SK,Sokolnice,Krizovany,TieLine,FIXED,380.0,2000.0,1386.0,139.0,897.0,1180.0,3,False
2024-08-29 16:00:00+00:00,10T-CZ-SK-00003U,Sokolnice - Krizovany,CEPS,OPPOSITE,CZ,SK,Sokolnice,Krizovany,TieLine,FIXED,380.0,2000.0,1386.0,139.0,-897.0,1245.0,3,False
2024-08-29 16:00:00+00:00,10T-DE-FR-000068,Ensdorf - Vigy VIGY2 S,AMPRION,DIRECT,DE,FR,Ensdorf,Vigy,TieLine,FIXED,380.0,2720.0,1884.0,188.0,-1911.0,2892.0,1,False
2024-08-29 16:00:00+00:00,10T-DE-FR-000068,Ensdorf - Vigy VIGY2 S,AMPRION,OPPOSITE,DE,FR,Ensdorf,Vigy,TieLine,FIXED,380.0,2720.0,1884.0,188.0,1911.0,500.0,1,False
2024-08-29 16:00:00+00:00,10T-DE-NL-00002T,Diele - Meeden 380 White,TENNETBV,DIRECT,DE,NL,Diele,Meeden,TieLine,SEASONAL,380.0,1520.0,1053.0,105.0,-768.0,723.0,2,False
2024-08-29 16:00:00+00:00,10T-DE-NL-00002T,Diele - Meeden 380 White,TENNETBV,OPPOSITE,DE,NL,Diele,Meeden,TieLine,SEASONAL,380.0,1520.0,1053.0,105.0,948.0,670.0,2,False
2024-08-29 16:00:00+00:00,10T-DE-NL-00005N,Maasbracht - Oberzier 380 white,AMPRION,DIRECT,NL,DE,Maasbracht,Oberzier,TieLine,SEASONAL,380.0,2500.0,1732.0,173.0,908.0,1273.0,7,False
2024-08-29 16:00:00+00:00,10T-DE-NL-00005N,Maasbracht - Oberzier 380 white,AMPRION,OPPOSITE,NL,DE,Maasbracht,Oberzier,TieLine,SEASONAL,380.0,2500.0,1732.0,173.0,-908.0,1683.0,5,False
2024-08-29 16:00:00+00:00,10T-HR-SI-000022,Pehlin - Divaca,HOPS,DIRECT,HR,SI,Pehlin,Divaca,TieLine,SEASONAL,220.0,960.0,374.0,37.0,-102.0,165.0,1,False
2024-08-29 16:00:00+00:00,10T-HR-SI-000022,Pehlin - Divaca,HOPS,OPPOSITE,HR,SI,Pehlin,Divaca,TieLine,SEASONAL,220.0,960.0,374.0,37.0,58.0,422.0,2,False
2024-08-29 16:00:00+00:00,10T-HR-SI-00004Z,Tumbri - Krsko 1,HOPS,OPPOSITE,HR,SI,Tumbri,Krsko,TieLine,SEASONAL,380.0,1920.0,1330.0,133.0,635.0,1047.0,1,False
2024-08-29 16:00:00+00:00,10T-HU-SK-00001T,Levice - God,SEPS,DIRECT,SK,HU,Levice,God,TieLine,FIXED,380.0,2000.0,1386.0,139.0,1072.0,751.0,1,False
2024-08-29 16:00:00+00:00,10T-HU-UA-00002F,Kisvarda - Mukachevo,MAVIR,DIRECT,HU,UA,Kisvarda,Mukachevo,TieLine,SEASONAL,220.0,640.0,249.0,25.0,-21.0,162.0,1,False
2024-08-29 16:00:00+00:00,10T-RO-RS-00001V,Portile de Fier - Djerdap,TRANSELECTRICA,OPPOSITE,RO,RS,Portile de Fier,Djerdap,TieLine,SEASONAL,380.0,1836.0,1272.0,127.0,889.0,322.0,1,False
2024-08-29 16:00:00+00:00,10T-SK-UA-00001W,V.Kapusany - Mukachevo (WPS),SEPS,DIRECT,SK,UA,Velke Kapusany,Mukachevo,TieLine,SEASONAL,380.0,1570.0,1088.0,109.0,635.0,732.0,1,False
2024-08-29 16:00:00+00:00,10T-SK-UA-00001W,V.Kapusany - Mukachevo (WPS),SEPS,OPPOSITE,SK,UA,Velke Kapusany,Mukachevo,TieLine,SEASONAL,380.0,1570.0,1088.0,109.0,-635.0,1226.0,1,False
2024-08-29 16:00:00+00:00,10T1001A1001A09N,Dobrzen - Detmarovice,PSE,DIRECT,PL,CZ,Dobrzen,Detmarovice,TieLine,DYNAMIC,380.0,1746.0,1210.0,121.0,573.0,531.0,1,False
2024-08-29 16:00:00+00:00,10T1001C--00056R,Gabcikovo - Gonyu,MAVIR,OPPOSITE,SK,HU,Gabcikovo,Gonyu,TieLine,FIXED,380.0,2000.0,1386.0,139.0,-499.0,1215.0,1,False
2024-08-29 16:00:00+00:00,10T1001C--00101B,Cirkovce - Heviz,MAVIR,DIRECT,SI,HU,Cirkovce,Heviz,TieLine,FIXED,380.0,2000.0,1109.0,139.0,769.0,1038.0,3,True
2024-08-29 16:00:00+00:00,10T1001C--00101B,Cirkovce - Heviz,MAVIR,OPPOSITE,SI,HU,Cirkovce,Heviz,TieLine,FIXED,380.0,2000.0,1109.0,139.0,-769.0,958.0,2,True
2024-08-29 16:00:00+00:00,10T1001C--001223,Sokolnice - Zaya - V244,CEPS,DIRECT,CZ,AT,Sokolnice,Zaya,TieLine,DYNAMIC,220.0,747.0,291.0,29.0,64.0,199.0,1,False
2024-08-29 16:00:00+00:00,10T1001C--001223,Sokolnice - Zaya - V244,CEPS,OPPOSITE,CZ,AT,Sokolnice,Zaya,TieLine,DYNAMIC,220.0,747.0,291.0,29.0,-64.0,325.0,1,False
2024-08-29 16:00:00+00:00,11T0-0000-0013-F,PST Vierraden 441,50HERTZ,OPPOSITE,DE,DE,Vierraden,Vierraden,PST,FIXED,380.0,2000.0,1386.0,139.0,-1004.0,1631.0,1,False
2024-08-29 16:00:00+00:00,11T0-0000-0781-W,Y-Oberzier (-Paffendorf - Sechtem) SECHTM N,AMPRION,DIRECT,DE,DE,Oberzier,Y-Paffendorf,Line,DYNAMIC,380.0,3110.0,2155.0,215.0,1866.0,1123.0,2,False
2024-08-29 16:00:00+00:00,11T0-0000-0984-D,Y-Altheim (-Simbach - St. Peter) 233/230,TENNETGMBH,DIRECT,DE,AT,Altheim,Y Simbach,TieLine,DYNAMIC,220.0,910.0,355.0,35.0,329.0,97.0,1,False
2024-08-29 16:00:00+00:00,11T0-0000-1496-M,Emscherbruch  - Mengede  RECKLI N,AMPRION,OPPOSITE,DE,DE,Emscherbruch,Mengede,Line,DYNAMIC,380.0,2939.0,2036.0,204.0,-398.0,1523.0,1,False
2024-08-29 16:00:00+00:00,11TD2L000000003L,Altheim - Sittling 219,TENNETGMBH,OPPOSITE,DE,DE,Altheim,Sittling,Line,DYNAMIC,220.0,910.0,355.0,35.0,300.0,138.0,1,False
2024-08-29 16:00:00+00:00,14T-220-0-002213,Tauern - Weissenbach 221,APG,DIRECT,AT,AT,Tauern,Weissenbach,Line,SEASONAL,220.0,821.0,320.0,32.0,400.0,121.0,1,False
2024-08-29 16:00:00+00:00,14T-220-0-0273BO,Strass - Thaur 273B,APG,DIRECT,AT,AT,Strass,Thaur,Line,SEASONAL,220.0,1090.0,425.0,42.0,81.0,245.0,1,False
2024-08-29 16:00:00+00:00,14T-221-0-00223Q,Hessenberg - Weissenbach 223,APG,OPPOSITE,AT,AT,Hessenberg,Weissenbach,Line,SEASONAL,220.0,821.0,320.0,32.0,303.0,92.0,1,False
2024-08-29 16:00:00+00:00,14T-22220-TAPSTO,Tauern - Tauern TAPST,APG,OPPOSITE,AT,AT,Tauern,Tauern,PST,SEASONAL,220.0,1493.0,582.0,58.0,471.0,280.0,1,False
2024-08-29 16:00:00+00:00,14T-38220-WT041O,Westtirol 1 - Westtirol 2 WTRHU41,APG,OPPOSITE,AT,AT,Westtirol 1,Westtirol 2,Transformer,SEASONAL,220.0,1443.0,1000.0,100.0,308.0,304.0,3,False
2024-08-29 16:00:00+00:00,15T-M000002791-J,Gonyu - Gyor,MAVIR,DIRECT,HU,HU,Gonyu,Gyor,Line,FIXED,380.0,2000.0,1386.0,139.0,542.0,880.0,1,False
2024-08-29 16:00:00+00:00,19T000000000299J,Morzyczyn - Dunowo,PSE,DIRECT,PL,PL,Morzyczyn,Dunowo,Line,DYNAMIC,380.0,1179.0,817.0,82.0,723.0,196.0,1,False
2024-08-29 16:00:00+00:00,19T000000001304A,Krosno Iskrzynia - Rzeszow,PSE,OPPOSITE,PL,PL,Krosno Iskrzynia,Rzeszow,Line,DYNAMIC,380.0,1149.0,796.0,80.0,557.0,327.0,1,False
2024-08-29 16:00:00+00:00,19T0000000063830,Mikulowa PST1,PSE,DIRECT,PL,PL,Mikulowa PST1,Mikulowa PST1,PST,DYNAMIC,380.0,1905.0,1320.0,132.0,1153.0,655.0,1,False
2024-08-29 16:00:00+00:00,19T0000000063830,Mikulowa PST1,PSE,OPPOSITE,PL,PL,Mikulowa PST1,Mikulowa PST1,PST,DYNAMIC,380.0,1905.0,1320.0,132.0,-1153.0,1721.0,1,False
2024-08-29 16:00:00+00:00,19T000000006396S,Polaniec - Tarnow,PSE,DIRECT,PL,PL,Polaniec,Tarnow,Line,DYNAMIC,380.0,1149.0,796.0,80.0,485.0,312.0,1,False
2024-08-29 16:00:00+00:00,22T-BE-IN-LI0130,Gramme - Achene 380.10,ELIA,OPPOSITE,BE,BE,Achene,Gramme,Line,SEASONAL,380.0,2202.0,1526.0,153.0,-567.0,1456.0,1,False
2024-08-29 16:00:00+00:00,22T-BE-IN-LI018R,Lixhe - Gramme 380.11,ELIA,DIRECT,BE,BE,Gramme,Lixhe,Line,SEASONAL,380.0,2051.0,1421.0,142.0,950.0,897.0,1,False
2024-08-29 16:00:00+00:00,22T-BE-IN-LI02AK,Doel - Zandvliet 380.25,ELIA,DIRECT,BE,BE,Doel,Zandvliet,Line,SEASONAL,380.0,2040.0,1413.0,141.0,327.0,773.0,1,False
2024-08-29 16:00:00+00:00,22T-BE-PST--001W,PST Van Eyck 1,ELIA,DIRECT,BE,BE,Van Eyck,Van Eyck,PST,SEASONAL,380.0,2042.0,1415.0,141.0,-184.0,1401.0,1,False
2024-08-29 16:00:00+00:00,22T-BE-PST--002U,PST Van Eyck 2,ELIA,DIRECT,BE,BE,Van Eyck,Van Eyck,PST,SEASONAL,380.0,2042.0,1415.0,141.0,175.0,1507.0,4,False
2024-08-29 16:00:00+00:00,22T-BE-PST--002U,PST Van Eyck 2,ELIA,OPPOSITE,BE,BE,Van Eyck,Van Eyck,PST,SEASONAL,380.0,2042.0,1415.0,141.0,47.0,891.0,4,False
2024-08-29 16:00:00+00:00,24T-V425-0000004,V.Dur - Krizovany,SEPS,DIRECT,SK,SK,V.Dur,Krizovany,Line,FIXED,380.0,2100.0,1455.0,145.0,-661.0,1103.0,1,False
2024-08-29 16:00:00+00:00,24T-V429-0000005,Gabcikovo - P.Biskupice,SEPS,DIRECT,SK,SK,Gabcikovo,P.Biskupice,Line,FIXED,380.0,2280.0,1580.0,158.0,-566.0,1183.0,1,False
2024-08-29 16:00:00+00:00,24T-V490-000000G,V.Dur - Levice 1,SEPS,DIRECT,SK,SK,V.Dur,Levice,Line,FIXED,380.0,2100.0,1455.0,145.0,1452.0,603.0,1,False
2024-08-29 16:00:00+00:00,24T-V493-000000Q,H.Zdana - Sucany,SEPS,DIRECT,SK,SK,H.Zdana,Sucany,Line,FIXED,380.0,2000.0,1386.0,139.0,41.0,909.0,1,False
2024-08-29 16:00:00+00:00,30T-ROSI400AT--1,TR Rosiori 400/220 1,TRANSELECTRICA,DIRECT,RO,RO,Rosiori,Rosiori,Transformer,SEASONAL,220.0,577.0,400.0,40.0,351.0,77.0,1,False
2024-08-29 16:00:00+00:00,30TPARO220TRGJ-Q,Paroseni - Targu Jiu Nord,TRANSELECTRICA,OPPOSITE,RO,RO,Paroseni,Targu Jiu Nord,Line,SEASONAL,220.0,690.0,269.0,27.0,157.0,127.0,3,False
2024-08-29 16:00:00+00:00,30TPDFE220RESI1S,Portile de Fier - Resita c1,TRANSELECTRICA,DIRECT,RO,RO,Portile de Fier,Resita c1,Line,SEASONAL,220.0,750.0,292.0,29.0,127.0,187.0,1,False
2024-08-29 16:00:00+00:00,30TSACA220TIMI-K,Sacalaz - Timisoara,TRANSELECTRICA,OPPOSITE,RO,RO,Sacalaz,Timisoara,Line,SEASONAL,220.0,750.0,292.0,29.0,61.0,205.0,1,False
2024-08-29 16:00:00+00:00,31T-0000-A-00200,220 kV Brinje - VE Padene,HOPS,OPPOSITE,HR,HR,Brinje,VE Padene,Line,SEASONAL,220.0,815.0,318.0,32.0,-32.0,182.0,1,False
2024-08-29 16:00:00+00:00,49T0000000000096,Diemen - Lelystad 380 Wit,TENNETBV,OPPOSITE,NL,NL,Diemen,Lelystad,Line,SEASONAL,380.0,3000.0,2078.0,208.0,221.0,1112.0,1,False
2024-08-29 16:00:00+00:00,49T0000000000274,Krimpen a/d IJssel - Geertruidenberg 380 Wit,TENNETBV,DIRECT,NL,NL,Krimpen a/d IJssel,Geertruidenberg,Line,SEASONAL,380.0,2826.0,1958.0,196.0,285.0,2106.0,1,False
2024-08-29 16:00:00+00:00,49T0000000000274,Krimpen a/d IJssel - Geertruidenberg 380 Wit,TENNETBV,OPPOSITE,NL,NL,Krimpen a/d IJssel,Geertruidenberg,Line,SEASONAL,380.0,2826.0,1958.0,196.0,-285.0,1418.0,1,False
2024-08-29 17:00:00+00:00,10T-AT-CZ-00003X,Duernrohr 1 - Slavetice 437,APG,OPPOSITE,AT,CZ,Duernrohr 1,Slavetice,TieLine,SEASONAL,380.0,2438.0,1689.0,169.0,616.0,744.0,1,False
2024-08-29 17:00:00+00:00,10T-AT-DE-000037,Pleinting - St. Peter 258,APG,DIRECT,DE,AT,Pleinting,St. Peter,TieLine,SEASONAL,220.0,1380.0,538.0,54.0,314.0,187.0,1,False
2024-08-29 17:00:00+00:00,10T-AT-SI-00001T,Kainachtal - Maribor 473,APG,OPPOSITE,AT,SI,Kainachtal,Maribor,TieLine,SEASONAL,380.0,1920.0,1330.0,133.0,-698.0,1342.0,1,False
2024-08-29 17:00:00+00:00,10T-AT-SI-00003P,Obersielach - Podlog 247,APG,DIRECT,AT,SI,Obersielach,Podlog,TieLine,SEASONAL,220.0,936.0,365.0,36.0,399.0,82.0,4,False
2024-08-29 17:00:00+00:00,10T-AT-SI-00003P,Obersielach - Podlog 247,APG,OPPOSITE,AT,SI,Obersielach,Podlog,TieLine,SEASONAL,220.0,936.0,365.0,36.0,-345.0,578.0,1,False
2024-08-29 17:00:00+00:00,10T-BA-HR-00003R,Mostar - Zakucac,HOPS,DIRECT,BA,HR,Mostar,Zakucac,TieLine,SEASONAL,220.0,780.0,304.0,30.0,9.0,273.0,1,False
2024-08-29 17:00:00+00:00,10T-BE-FR-000015,Achene - Lonny 380.19,ELIA,DIRECT,BE,FR,Achene,Lonny,TieLine,SEASONAL,380.0,2179.0,1510.0,151.0,-488.0,1377.0,2,False
2024-08-29 17:00:00+00:00,10T-BE-FR-000015,Achene - Lonny 380.19,ELIA,OPPOSITE,BE,FR,Achene,Lonny,TieLine,SEASONAL,380.0,2179.0,1510.0,151.0,544.0,1261.0,5,False
2024-08-29 17:00:00+00:00,10T-CZ-DE-00001W,Hradec - Etzenricht,CEPS,DIRECT,CZ,DE,Hradec,Etzenricht,TieLine,FIXED,380.0,2000.0,1386.0,139.0,0.0,1160.0,1,False
2024-08-29 17:00:00+00:00,10T-CZ-DE-00003S,Hradec - Rohrsdorf - V446,CEPS,DIRECT,CZ,DE,Hradec,Rohrsdorf,TieLine,DYNAMIC,380.0,2325.0,1611.0,161.0,-359.0,1958.0,1,False
2024-08-29 17:00:00+00:00,10T-CZ-DE-00003S,Hradec - Rohrsdorf - V446,CEPS,OPPOSITE,CZ,DE,Hradec,Rohrsdorf,TieLine,DYNAMIC,380.0,2325.0,1611.0,161.0,359.0,977.0,1,False
2024-08-29 17:00:00+00:00,10T-CZ-PL-00004A,Wielopole - Nosovice,PSE,DIRECT,PL,CZ,Wielopole,Nosovice,TieLine,DYNAMIC,380.0,1813.0,1256.0,126.0,257.0,781.0,1,False
2024-08-29 17:00:00+00:00,10T-CZ-PL-00004A,Wielopole - Nosovice,PSE,OPPOSITE,PL,CZ,Wielopole,Nosovice,TieLine,DYNAMIC,380.0,1813.0,1256.0,126.0,-257.0,1479.0,1,False
2024-08-29 17:00:00+00:00,10T-CZ-SK-00001Y,Liskovec - P. Bystrica,CEPS,OPPOSITE,CZ,SK,Liskovec,P. Bystrica,TieLine,FIXED,220.0,665.0,259.0,26.0,-81.0,258.0,1,False
2024-08-29 17:00:00+00:00,10T-CZ-SK-00002W,Nosovice - Varin,CEPS,DIRECT,CZ,SK,Nosovice,Varin,TieLine,FIXED,380.0,1720.0,1192.0,119.0,746.0,836.0,3,False
2024-08-29 17:00:00+00:00,10T-CZ-SK-00002W,Nosovice - Varin,CEPS,OPPOSITE,CZ,SK,Nosovice,Varin,TieLine,FIXED,380.0,1720.0,1192.0,119.0,-746.0,896.0,2,False
2024-08-29 17:00:00+00:00,10T-CZ-SK-00003U,Sokolnice - Krizovany,CEPS,DIRECT,CZ,SK,Sokolnice,Krizovany,TieLine,FIXED,380.0,2000.0,1386.0,139.0,736.0,1247.0,2,False
2024-08-29 17:00:00+00:00,10T-CZ-SK-00003U,Sokolnice - Krizovany,CEPS,OPPOSITE,CZ,SK,Sokolnice,Krizovany,TieLine,FIXED,380.0,2000.0,1386.0,139.0,-761.0,1149.0,3,False
2024-08-29 17:00:00+00:00,10T-DE-FR-000068,Ensdorf - Vigy VIGY2 S,AMPRION,DIRECT,DE,FR,Ensdorf,Vigy,TieLine,FIXED,380.0,2720.0,1884.0,188.0,-1885.0,2907.0,1,False
2024-08-29 17:00:00+00:00,10T-DE-FR-000068,Ensdorf - Vigy VIGY2 S,AMPRION,OPPOSITE,DE,FR,Ensdorf,Vigy,TieLine,FIXED,380.0,2720.0,1884.0,188.0,1885.0,485.0,1,False
2024-08-29 17:00:00+00:00,10T-DE-NL-00002T,Diele - Meeden 380 White,TENNETBV,DIRECT,DE,NL,Diele,Meeden,TieLine,SEASONAL,380.0,1520.0,1053.0,105.0,-533.0,575.0,2,False
2024-08-29 17:00:00+00:00,10T-DE-NL-00002T,Diele - Meeden 380 White,TENNETBV,OPPOSITE,DE,NL,Diele,Meeden,TieLine,SEASONAL,380.0,1520.0,1053.0,105.0,719.0,848.0,2,False
2024-08-29 17:00:00+00:00,10T-DE-NL-00005N,Maasbracht - Oberzier 380 white,AMPRION,DIRECT,NL,DE,Maasbracht,Oberzier,TieLine,SEASONAL,380.0,2500.0,1732.0,173.0,819.0,1384.0,2,False
2024-08-29 17:00:00+00:00,10T-DE-NL-00005N,Maasbracht - Oberzier 380 white,AMPRION,OPPOSITE,NL,DE,Maasbracht,Oberzier,TieLine,SEASONAL,380.0,2500.0,1732.0,173.0,-819.0,1664.0,3,False
2024-08-29 17:00:00+00:00,10T-HR-SI-000022,Pehlin - Divaca,HOPS,DIRECT,HR,SI,Pehlin,Divaca,TieLine,SEASONAL,220.0,960.0,374.0,37.0,-84.0,179.0,1,False
2024-08-29 17:00:00+00:00,10T-HR-SI-000022,Pehlin - Divaca,HOPS,OPPOSITE,HR,SI,Pehlin,Divaca,TieLine,SEASONAL,220.0,960.0,374.0,37.0,49.0,420.0,2,False
2024-08-29 17:00:00+00:00,10T-HU-SK-00001T,Levice - God,SEPS,DIRECT,SK,HU,Levice,God,TieLine,FIXED,380.0,2000.0,1386.0,139.0,1096.0,750.0,1,False
2024-08-29 17:00:00+00:00,10T-HU-UA-00002F,Kisvarda - Mukachevo,MAVIR,DIRECT,HU,UA,Kisvarda,Mukachevo,TieLine,SEASONAL,220.0,640.0,249.0,25.0,-30.0,162.0,1,False
2024-08-29 17:00:00+00:00,10T-RO-RS-00001V,Portile de Fier - Djerdap,TRANSELECTRICA,OPPOSITE,RO,RS,Portile de Fier,Djerdap,TieLine,SEASONAL,380.0,1836.0,1272.0,127.0,758.0,407.0,1,False
2024-08-29 17:00:00+00:00,10T-SK-UA-00001W,V.Kapusany - Mukachevo (WPS),SEPS,DIRECT,SK,UA,Velke Kapusany,Mukachevo,TieLine,SEASONAL,380.0,1570.0,1088.0,109.0,626.0,737.0,1,False
2024-08-29 17:00:00+00:00,10T-SK-UA-00001W,V.Kapusany - Mukachevo (WPS),SEPS,OPPOSITE,SK,UA,Velke Kapusany,Mukachevo,TieLine,SEASONAL,380.0,1570.0,1088.0,109.0,-626.0,1221.0,1,False
2024-08-29 17:00:00+00:00,10T1001A1001A09N,Dobrzen - Detmarovice,PSE,DIRECT,PL,CZ,Dobrzen,Detmarovice,TieLine,DYNAMIC,380.0,1769.0,1226.0,123.0,537.0,569.0,1,False
2024-08-29 17:00:00+00:00,10T1001C--00056R,Gabcikovo - Gonyu,MAVIR,OPPOSITE,SK,HU,Gabcikovo,Gonyu,TieLine,FIXED,380.0,2000.0,1386.0,139.0,-484.0,1202.0,1,False
2024-08-29 17:00:00+00:00,10T1001C--00101B,Cirkovce - Heviz,MAVIR,DIRECT,SI,HU,Cirkovce,Heviz,TieLine,FIXED,380.0,2000.0,1109.0,139.0,719.0,1066.0,3,True
2024-08-29 17:00:00+00:00,10T1001C--00101B,Cirkovce - Heviz,MAVIR,OPPOSITE,SI,HU,Cirkovce,Heviz,TieLine,FIXED,380.0,2000.0,1109.0,139.0,-719.0,930.0,2,True
2024-08-29 17:00:00+00:00,10T1001C--001223,Sokolnice - Zaya - V244,CEPS,OPPOSITE,CZ,AT,Sokolnice,Zaya,TieLine,DYNAMIC,220.0,778.0,303.0,30.0,-67.0,345.0,1,False
2024-08-29 17:00:00+00:00,11T0-0000-0013-F,PST Vierraden 441,50HERTZ,OPPOSITE,DE,DE,Vierraden,Vierraden,PST,FIXED,380.0,2000.0,1386.0,139.0,-786.0,1662.0,1,False
2024-08-29 17:00:00+00:00,11T0-0000-0781-W,Y-Oberzier (-Paffendorf - Sechtem) SECHTM N,AMPRION,DIRECT,DE,DE,Oberzier,Y-Paffendorf,Line,DYNAMIC,380.0,3147.0,2180.0,218.0,1826.0,1296.0,1,False
2024-08-29 17:00:00+00:00,11T0-0000-1496-M,Emscherbruch  - Mengede  RECKLI N,AMPRION,OPPOSITE,DE,DE,Emscherbruch,Mengede,Line,DYNAMIC,380.0,2977.0,2063.0,206.0,-403.0,1499.0,1,False
2024-08-29 17:00:00+00:00,11TD2L000000003L,Altheim - Sittling 219,TENNETGMBH,OPPOSITE,DE,DE,Altheim,Sittling,Line,DYNAMIC,220.0,937.0,365.0,37.0,274.0,95.0,1,False
2024-08-29 17:00:00+00:00,14T-220-0-002213,Tauern - Weissenbach 221,APG,DIRECT,AT,AT,Tauern,Weissenbach,Line,SEASONAL,220.0,821.0,320.0,32.0,400.0,112.0,1,False
2024-08-29 17:00:00+00:00,14T-220-0-0273BO,Strass - Thaur 273B,APG,DIRECT,AT,AT,Strass,Thaur,Line,SEASONAL,220.0,1090.0,425.0,42.0,151.0,269.0,1,False
2024-08-29 17:00:00+00:00,14T-22220-TAPSTO,Tauern - Tauern TAPST,APG,OPPOSITE,AT,AT,Tauern,Tauern,PST,SEASONAL,220.0,1493.0,582.0,58.0,578.0,275.0,1,False
2024-08-29 17:00:00+00:00,14T-380-0-0476KK,Kainachtal - Y_Mellach 476KT,APG,DIRECT,AT,AT,Kainachtal,Y_Mellach,Line,SEASONAL,380.0,2400.0,1663.0,166.0,208.0,1067.0,1,False
2024-08-29 17:00:00+00:00,14T-380-0-475SRK,Oststeiermark - Y_Mellach 475SR,APG,OPPOSITE,AT,AT,Oststeiermark,Y_Mellach,Line,SEASONAL,380.0,2400.0,1663.0,166.0,247.0,1019.0,1,False
2024-08-29 17:00:00+00:00,14T-38220-WT041O,Westtirol 1 - Westtirol 2 WTRHU41,APG,OPPOSITE,AT,AT,Westtirol 1,Westtirol 2,Transformer,SEASONAL,220.0,1443.0,1000.0,100.0,376.0,346.0,3,False
2024-08-29 17:00:00+00:00,15T-M000002791-J,Gonyu - Gyor,MAVIR,DIRECT,HU,HU,Gonyu,Gyor,Line,FIXED,380.0,2000.0,1386.0,139.0,565.0,877.0,1,False
2024-08-29 17:00:00+00:00,19T000000001304A,Krosno Iskrzynia - Rzeszow,PSE,OPPOSITE,PL,PL,Krosno Iskrzynia,Rzeszow,Line,DYNAMIC,380.0,1209.0,838.0,84.0,595.0,355.0,1,False
2024-08-29 17:00:00+00:00,19T0000000063830,Mikulowa PST1,PSE,DIRECT,PL,PL,Mikulowa PST1,Mikulowa PST1,PST,DYNAMIC,380.0,1905.0,1320.0,132.0,963.0,605.0,1,False
2024-08-29 17:00:00+00:00,19T0000000063830,Mikulowa PST1,PSE,OPPOSITE,PL,PL,Mikulowa PST1,Mikulowa PST1,PST,DYNAMIC,380.0,1905.0,1320.0,132.0,-963.0,1771.0,1,False
2024-08-29 17:00:00+00:00,19T000000006396S,Polaniec - Tarnow,PSE,DIRECT,PL,PL,Polaniec,Tarnow,Line,DYNAMIC,380.0,1209.0,838.0,84.0,511.0,336.0,1,False
2024-08-29 17:00:00+00:00,22T-BE-IN-LI018R,Lixhe - Gramme 380.11,ELIA,DIRECT,BE,BE,Gramme,Lixhe,Line,SEASONAL,380.0,2051.0,1421.0,142.0,1085.0,947.0,1,False
2024-08-29 17:00:00+00:00,22T-BE-IN-LI02AK,Doel - Zandvliet 380.25,ELIA,DIRECT,BE,BE,Doel,Zandvliet,Line,SEASONAL,380.0,2130.0,1476.0,148.0,296.0,872.0,1,False
2024-08-29 17:00:00+00:00,22T-BE-PST--001W,PST Van Eyck 1,ELIA,DIRECT,BE,BE,Van Eyck,Van Eyck,PST,SEASONAL,380.0,2042.0,1415.0,141.0,-196.0,1359.0,1,False
2024-08-29 17:00:00+00:00,22T-BE-PST--002U,PST Van Eyck 2,ELIA,DIRECT,BE,BE,Van Eyck,Van Eyck,PST,SEASONAL,380.0,2042.0,1415.0,141.0,46.0,1420.0,4,False
2024-08-29 17:00:00+00:00,22T-BE-PST--002U,PST Van Eyck 2,ELIA,OPPOSITE,BE,BE,Van Eyck,Van Eyck,PST,SEASONAL,380.0,2042.0,1415.0,141.0,101.0,1035.0,3,False
2024-08-29 17:00:00+00:00,24T-V425-0000004,V.Dur - Krizovany,SEPS,DIRECT,SK,SK,V.Dur,Krizovany,Line,FIXED,380.0,2100.0,1455.0,145.0,-577.0,1042.0,1,False
2024-08-29 17:00:00+00:00,24T-V429-0000005,Gabcikovo - P.Biskupice,SEPS,DIRECT,SK,SK,Gabcikovo,P.Biskupice,Line,FIXED,380.0,2280.0,1580.0,158.0,-503.0,1137.0,1,False
2024-08-29 17:00:00+00:00,24T-V490-000000G,V.Dur - Levice 1,SEPS,DIRECT,SK,SK,V.Dur,Levice,Line,FIXED,380.0,2100.0,1455.0,145.0,1413.0,610.0,1,False
2024-08-29 17:00:00+00:00,24T-V493-000000Q,H.Zdana - Sucany,SEPS,DIRECT,SK,SK,H.Zdana,Sucany,Line,FIXED,380.0,2000.0,1386.0,139.0,-60.0,989.0,1,False
2024-08-29 17:00:00+00:00,30T-ROSI400AT--1,TR Rosiori 400/220 1,TRANSELECTRICA,DIRECT,RO,RO,Rosiori,Rosiori,Transformer,SEASONAL,220.0,577.0,400.0,40.0,314.0,77.0,1,False
2024-08-29 17:00:00+00:00,30TPARO220TRGJ-Q,Paroseni - Targu Jiu Nord,TRANSELECTRICA,OPPOSITE,RO,RO,Paroseni,Targu Jiu Nord,Line,SEASONAL,220.0,690.0,269.0,27.0,86.0,122.0,5,False
2024-08-29 17:00:00+00:00,31T-0000-A-00200,220 kV Brinje - VE Padene,HOPS,OPPOSITE,HR,HR,Brinje,VE Padene,Line,SEASONAL,220.0,815.0,318.0,32.0,-22.0,189.0,1,False
2024-08-29 17:00:00+00:00,49T000000000000O,Zwolle - Hengelo 380 Wit,TENNETBV,DIRECT,NL,NL,Zwolle,Hengelo,Line,SEASONAL,380.0,2500.0,1732.0,173.0,1258.0,932.0,1,False
2024-08-29 17:00:00+00:00,49T0000000000274,Krimpen a/d IJssel - Geertruidenberg 380 Wit,TENNETBV,DIRECT,NL,NL,Krimpen a/d IJssel,Geertruidenberg,Line,SEASONAL,380.0,2826.0,1958.0,196.0,469.0,1730.0,1,False
2024-08-29 18:00:00+00:00,10T-AT-CZ-00003X,Duernrohr 1 - Slavetice 437,APG,OPPOSITE,AT,CZ,Duernrohr 1,Slavetice,TieLine,SEASONAL,380.0,2804.0,1943.0,194.0,582.0,1014.0,1,False
2024-08-29 18:00:00+00:00,10T-AT-DE-000037,Pleinting - St. Peter 258,APG,DIRECT,DE,AT,Pleinting,St. Peter,TieLine,SEASONAL,220.0,1561.0,593.0,61.0,405.0,181.0,2,True
2024-08-29 18:00:00+00:00,10T-AT-SI-00001T,Kainachtal - Maribor 473,APG,OPPOSITE,AT,SI,Kainachtal,Maribor,TieLine,SEASONAL,380.0,1920.0,1330.0,133.0,-787.0,1351.0,1,False
2024-08-29 18:00:00+00:00,10T-AT-SI-00003P,Obersielach - Podlog 247,APG,DIRECT,AT,SI,Obersielach,Podlog,TieLine,SEASONAL,220.0,1101.0,429.0,43.0,414.0,130.0,4,False
2024-08-29 18:00:00+00:00,10T-AT-SI-00003P,Obersielach - Podlog 247,APG,OPPOSITE,AT,SI,Obersielach,Podlog,TieLine,SEASONAL,220.0,1101.0,429.0,43.0,-363.0,623.0,1,False
2024-08-29 18:00:00+00:00,10T-BA-HR-00003R,Mostar - Zakucac,HOPS,DIRECT,BA,HR,Mostar,Zakucac,TieLine,SEASONAL,220.0,780.0,304.0,30.0,4.0,292.0,1,False
2024-08-29 18:00:00+00:00,10T-BE-FR-000015,Achene - Lonny 380.19,ELIA,DIRECT,BE,FR,Achene,Lonny,TieLine,SEASONAL,380.0,2179.0,1510.0,151.0,-599.0,1424.0,1,False
2024-08-29 18:00:00+00:00,10T-BE-FR-000015,Achene - Lonny 380.19,ELIA,OPPOSITE,BE,FR,Achene,Lonny,TieLine,SEASONAL,380.0,2179.0,1510.0,151.0,627.0,1215.0,5,False
2024-08-29 18:00:00+00:00,10T-CZ-DE-00001W,Hradec - Etzenricht,CEPS,DIRECT,CZ,DE,Hradec,Etzenricht,TieLine,FIXED,380.0,2000.0,1386.0,139.0,38.0,1108.0,1,False
2024-08-29 18:00:00+00:00,10T-CZ-DE-00002U,Hradec - Rohrsdorf 445,50HERTZ,OPPOSITE,CZ,DE,Hradec,Rohrsdorf,TieLine,FIXED,380.0,2520.0,1746.0,175.0,419.0,1003.0,1,False
2024-08-29 18:00:00+00:00,10T-CZ-DE-00003S,Hradec - Rohrsdorf - V446,CEPS,DIRECT,CZ,DE,Hradec,Rohrsdorf,TieLine,DYNAMIC,380.0,2394.0,1659.0,166.0,-419.0,2061.0,1,False
2024-08-29 18:00:00+00:00,10T-CZ-PL-00004A,Wielopole - Nosovice,PSE,DIRECT,PL,CZ,Wielopole,Nosovice,TieLine,DYNAMIC,380.0,1857.0,1287.0,129.0,277.0,823.0,1,False
2024-08-29 18:00:00+00:00,10T-CZ-PL-00004A,Wielopole - Nosovice,PSE,OPPOSITE,PL,CZ,Wielopole,Nosovice,TieLine,DYNAMIC,380.0,1857.0,1287.0,129.0,-277.0,1493.0,1,False
2024-08-29 18:00:00+00:00,10T-CZ-SK-00001Y,Liskovec - P. Bystrica,CEPS,OPPOSITE,CZ,SK,Liskovec,P. Bystrica,TieLine,FIXED,220.0,665.0,259.0,26.0,-81.0,250.0,1,False
2024-08-29 18:00:00+00:00,10T-CZ-SK-00002W,Nosovice - Varin,CEPS,DIRECT,CZ,SK,Nosovice,Varin,TieLine,FIXED,380.0,1720.0,1192.0,119.0,804.0,821.0,3,False
2024-08-29 18:00:00+00:00,10T-CZ-SK-00002W,Nosovice - Varin,CEPS,OPPOSITE,CZ,SK,Nosovice,Varin,TieLine,FIXED,380.0,1720.0,1192.0,119.0,-804.0,879.0,2,False
2024-08-29 18:00:00+00:00,10T-CZ-SK-00003U,Sokolnice - Krizovany,CEPS,DIRECT,CZ,SK,Sokolnice,Krizovany,TieLine,FIXED,380.0,2000.0,1386.0,139.0,781.0,1210.0,2,False
2024-08-29 18:00:00+00:00,10T-CZ-SK-00003U,Sokolnice - Krizovany,CEPS,OPPOSITE,CZ,SK,Sokolnice,Krizovany,TieLine,FIXED,380.0,2000.0,1386.0,139.0,-817.0,1196.0,3,False
2024-08-29 18:00:00+00:00,10T-DE-FR-000068,Ensdorf - Vigy VIGY2 S,AMPRION,DIRECT,DE,FR,Ensdorf,Vigy,TieLine,FIXED,380.0,2720.0,1884.0,188.0,-1832.0,2868.0,1,False
2024-08-29 18:00:00+00:00,10T-DE-FR-000068,Ensdorf - Vigy VIGY2 S,AMPRION,OPPOSITE,DE,FR,Ensdorf,Vigy,TieLine,FIXED,380.0,2720.0,1884.0,188.0,1832.0,524.0,1,False
2024-08-29 18:00:00+00:00,10T-DE-NL-00002T,Diele - Meeden 380 White,TENNETBV,DIRECT,DE,NL,Diele,Meeden,TieLine,SEASONAL,380.0,1520.0,1053.0,105.0,-455.0,599.0,2,False
2024-08-29 18:00:00+00:00,10T-DE-NL-00002T,Diele - Meeden 380 White,TENNETBV,OPPOSITE,DE,NL,Diele,Meeden,TieLine,SEASONAL,380.0,1520.0,1053.0,105.0,651.0,836.0,2,False
2024-08-29 18:00:00+00:00,10T-DE-NL-00005N,Maasbracht - Oberzier 380 white,AMPRION,DIRECT,NL,DE,Maasbracht,Oberzier,TieLine,SEASONAL,380.0,2500.0,1732.0,173.0,830.0,1232.0,5,False
2024-08-29 18:00:00+00:00,10T-DE-NL-00005N,Maasbracht - Oberzier 380 white,AMPRION,OPPOSITE,NL,DE,Maasbracht,Oberzier,TieLine,SEASONAL,380.0,2500.0,1732.0,173.0,-830.0,1790.0,3,False
2024-08-29 18:00:00+00:00,10T-HR-SI-000022,Pehlin - Divaca,HOPS,DIRECT,HR,SI,Pehlin,Divaca,TieLine,SEASONAL,220.0,960.0,374.0,37.0,-83.0,159.0,1,False
2024-08-29 18:00:00+00:00,10T-HR-SI-000022,Pehlin - Divaca,HOPS,OPPOSITE,HR,SI,Pehlin,Divaca,TieLine,SEASONAL,220.0,960.0,374.0,37.0,48.0,431.0,2,False
2024-08-29 18:00:00+00:00,10T-HR-SI-00004Z,Tumbri - Krsko 1,HOPS,OPPOSITE,HR,SI,Tumbri,Krsko,TieLine,SEASONAL,380.0,1920.0,1330.0,133.0,597.0,1078.0,1,False
2024-08-29 18:00:00+00:00,10T-HU-SK-00001T,Levice - God,SEPS,DIRECT,SK,HU,Levice,God,TieLine,FIXED,380.0,2000.0,1386.0,139.0,1134.0,735.0,1,False
2024-08-29 18:00:00+00:00,10T-HU-UA-00002F,Kisvarda - Mukachevo,MAVIR,DIRECT,HU,UA,Kisvarda,Mukachevo,TieLine,SEASONAL,220.0,640.0,249.0,25.0,-35.0,160.0,1,False
2024-08-29 18:00:00+00:00,10T-RO-RS-00001V,Portile de Fier - Djerdap,TRANSELECTRICA,OPPOSITE,RO,RS,Portile de Fier,Djerdap,TieLine,SEASONAL,380.0,1836.0,1272.0,127.0,837.0,287.0,1,False
2024-08-29 18:00:00+00:00,10T-SK-UA-00001W,V.Kapusany - Mukachevo (WPS),SEPS,DIRECT,SK,UA,Velke Kapusany,Mukachevo,TieLine,SEASONAL,380.0,1570.0,1088.0,109.0,665.0,718.0,1,False
2024-08-29 18:00:00+00:00,10T-SK-UA-00001W,V.Kapusany - Mukachevo (WPS),SEPS,OPPOSITE,SK,UA,Velke Kapusany,Mukachevo,TieLine,SEASONAL,380.0,1570.0,1088.0,109.0,-665.0,1240.0,1,False
2024-08-29 18:00:00+00:00,10T1001A1001A09N,Dobrzen - Detmarovice,PSE,DIRECT,PL,CZ,Dobrzen,Detmarovice,TieLine,DYNAMIC,380.0,1812.0,1255.0,126.0,555.0,603.0,1,False
2024-08-29 18:00:00+00:00,10T1001C--00056R,Gabcikovo - Gonyu,MAVIR,OPPOSITE,SK,HU,Gabcikovo,Gonyu,TieLine,FIXED,380.0,2000.0,1386.0,139.0,-527.0,1208.0,1,False
2024-08-29 18:00:00+00:00,10T1001C--00101B,Cirkovce - Heviz,MAVIR,DIRECT,SI,HU,Cirkovce,Heviz,TieLine,FIXED,380.0,2000.0,1109.0,139.0,725.0,1041.0,3,True
2024-08-29 18:00:00+00:00,10T1001C--00101B,Cirkovce - Heviz,MAVIR,OPPOSITE,SI,HU,Cirkovce,Heviz,TieLine,FIXED,380.0,2000.0,1109.0,139.0,-725.0,955.0,2,True
2024-08-29 18:00:00+00:00,10T1001C--001223,Sokolnice - Zaya - V244,CEPS,DIRECT,CZ,AT,Sokolnice,Zaya,TieLine,DYNAMIC,220.0,800.0,312.0,31.0,66.0,214.0,1,False
2024-08-29 18:00:00+00:00,10T1001C--001223,Sokolnice - Zaya - V244,CEPS,OPPOSITE,CZ,AT,Sokolnice,Zaya,TieLine,DYNAMIC,220.0,800.0,312.0,31.0,-66.0,348.0,1,False
2024-08-29 18:00:00+00:00,11T0-0000-0013-F,PST Vierraden 441,50HERTZ,OPPOSITE,DE,DE,Vierraden,Vierraden,PST,FIXED,380.0,2000.0,1386.0,139.0,-692.0,1601.0,1,False
2024-08-29 18:00:00+00:00,11T0-0000-0781-W,Y-Oberzier (-Paffendorf - Sechtem) SECHTM N,AMPRION,DIRECT,DE,DE,Oberzier,Y-Paffendorf,Line,DYNAMIC,380.0,3195.0,2214.0,221.0,1781.0,1237.0,1,False
2024-08-29 18:00:00+00:00,11T0-0000-1496-M,Emscherbruch  - Mengede  RECKLI N,AMPRION,OPPOSITE,DE,DE,Emscherbruch,Mengede,Line,DYNAMIC,380.0,3030.0,2099.0,210.0,-366.0,1567.0,1,False
2024-08-29 18:00:00+00:00,14T-220-0-0273BO,Strass - Thaur 273B,APG,DIRECT,AT,AT,Strass,Thaur,Line,SEASONAL,220.0,1229.0,479.0,48.0,198.0,261.0,1,False
2024-08-29 18:00:00+00:00,14T-22220-TAPSTO,Tauern - Tauern TAPST,APG,OPPOSITE,AT,AT,Tauern,Tauern,PST,SEASONAL,220.0,1493.0,582.0,58.0,513.0,281.0,1,False
2024-08-29 18:00:00+00:00,14T-380-0-0476KK,Kainachtal - Y_Mellach 476KT,APG,DIRECT,AT,AT,Kainachtal,Y_Mellach,Line,SEASONAL,380.0,2400.0,1663.0,166.0,132.0,1115.0,1,False
2024-08-29 18:00:00+00:00,14T-380-0-475SRK,Oststeiermark - Y_Mellach 475SR,APG,OPPOSITE,AT,AT,Oststeiermark,Y_Mellach,Line,SEASONAL,380.0,2400.0,1663.0,166.0,176.0,1060.0,1,False
2024-08-29 18:00:00+00:00,14T-38220-WT041O,Westtirol 1 - Westtirol 2 WTRHU41,APG,DIRECT,AT,AT,Westtirol 1,Westtirol 2,Transformer,SEASONAL,220.0,1443.0,1000.0,100.0,-271.0,1281.0,1,False
2024-08-29 18:00:00+00:00,14T-38220-WT041O,Westtirol 1 - Westtirol 2 WTRHU41,APG,OPPOSITE,AT,AT,Westtirol 1,Westtirol 2,Transformer,SEASONAL,220.0,1443.0,1000.0,100.0,371.0,448.0,3,False
2024-08-29 18:00:00+00:00,14T-RHU43-OS---K,Obersielach - Obersielach OSRHU43,APG,DIRECT,AT,AT,Obersielach,Obersielach,Transformer,SEASONAL,220.0,1439.0,561.0,56.0,391.0,240.0,1,False
2024-08-29 18:00:00+00:00,14T-RHU43-TA---6,Tauern - Tauern TARHU43,APG,OPPOSITE,AT,AT,Tauern,Tauern,Transformer,SEASONAL,220.0,1425.0,555.0,56.0,484.0,244.0,1,False
2024-08-29 18:00:00+00:00,15T-M000002791-J,Gonyu - Gyor,MAVIR,DIRECT,HU,HU,Gonyu,Gyor,Line,FIXED,380.0,2000.0,1386.0,139.0,604.0,893.0,1,False
2024-08-29 18:00:00+00:00,19T000000001304A,Krosno Iskrzynia - Rzeszow,PSE,OPPOSITE,PL,PL,Krosno Iskrzynia,Rzeszow,Line,DYNAMIC,380.0,1239.0,858.0,86.0,620.0,358.0,1,False
2024-08-29 18:00:00+00:00,19T0000000063830,Mikulowa PST1,PSE,DIRECT,PL,PL,Mikulowa PST1,Mikulowa PST1,PST,DYNAMIC,380.0,1905.0,1320.0,132.0,973.0,584.0,1,False
2024-08-29 18:00:00+00:00,19T000000006396S,Polaniec - Tarnow,PSE,DIRECT,PL,PL,Polaniec,Tarnow,Line,DYNAMIC,380.0,1239.0,858.0,86.0,539.0,339.0,1,False
2024-08-29 18:00:00+00:00,22T-BE-IN-LI018R,Lixhe - Gramme 380.11,ELIA,DIRECT,BE,BE,Gramme,Lixhe,Line,SEASONAL,380.0,2051.0,1421.0,142.0,1097.0,928.0,1,False
2024-08-29 18:00:00+00:00,22T-BE-IN-LI02AK,Doel - Zandvliet 380.25,ELIA,DIRECT,BE,BE,Doel,Zandvliet,Line,SEASONAL,380.0,2179.0,1510.0,151.0,282.0,889.0,1,False
2024-08-29 18:00:00+00:00,22T-BE-PST--001W,PST Van Eyck 1,ELIA,DIRECT,BE,BE,Van Eyck,Van Eyck,PST,SEASONAL,380.0,2042.0,1415.0,141.0,-163.0,1398.0,1,False
2024-08-29 18:00:00+00:00,22T-BE-PST--002U,PST Van Eyck 2,ELIA,DIRECT,BE,BE,Van Eyck,Van Eyck,PST,SEASONAL,380.0,2042.0,1415.0,141.0,172.0,1537.0,4,False
2024-08-29 18:00:00+00:00,22T-BE-PST--002U,PST Van Eyck 2,ELIA,OPPOSITE,BE,BE,Van Eyck,Van Eyck,PST,SEASONAL,380.0,2042.0,1415.0,141.0,43.0,922.0,4,False
2024-08-29 18:00:00+00:00,24T-V425-0000004,V.Dur - Krizovany,SEPS,DIRECT,SK,SK,V.Dur,Krizovany,Line,FIXED,380.0,2100.0,1455.0,145.0,-638.0,1071.0,1,False
2024-08-29 18:00:00+00:00,24T-V429-0000005,Gabcikovo - P.Biskupice,SEPS,DIRECT,SK,SK,Gabcikovo,P.Biskupice,Line,FIXED,380.0,2280.0,1580.0,158.0,-559.0,1159.0,1,False
2024-08-29 18:00:00+00:00,24T-V490-000000G,V.Dur - Levice 1,SEPS,DIRECT,SK,SK,V.Dur,Levice,Line,FIXED,380.0,2100.0,1455.0,145.0,1441.0,586.0,1,False
2024-08-29 18:00:00+00:00,24T-V493-000000Q,H.Zdana - Sucany,SEPS,DIRECT,SK,SK,H.Zdana,Sucany,Line,FIXED,380.0,2000.0,1386.0,139.0,-91.0,983.0,1,False
2024-08-29 18:00:00+00:00,30T-ROSI400AT--1,TR Rosiori 400/220 1,TRANSELECTRICA,DIRECT,RO,RO,Rosiori,Rosiori,Transformer,SEASONAL,220.0,577.0,400.0,40.0,309.0,77.0,1,False
2024-08-29 18:00:00+00:00,30TPDFE220RESI1S,Portile de Fier - Resita c1,TRANSELECTRICA,DIRECT,RO,RO,Portile de Fier,Resita c1,Line,SEASONAL,220.0,750.0,292.0,29.0,307.0,101.0,1,False
2024-08-29 18:00:00+00:00,49T000000000000O,Zwolle - Hengelo 380 Wit,TENNETBV,DIRECT,NL,NL,Zwolle,Hengelo,Line,SEASONAL,380.0,2500.0,1732.0,173.0,1193.0,906.0,1,False
2024-08-29 18:00:00+00:00,49T0000000000274,Krimpen a/d IJssel - Geertruidenberg 380 Wit,TENNETBV,DIRECT,NL,NL,Krimpen a/d IJssel,Geertruidenberg,Line,SEASONAL,380.0,2826.0,1958.0,196.0,445.0,1755.0,1,False
2024-08-29 19:00:00+00:00,10T-AT-CZ-00003X,Duernrohr 1 - Slavetice 437,APG,OPPOSITE,AT,CZ,Duernrohr 1,Slavetice,TieLine,SEASONAL,380.0,2804.0,1943.0,194.0,531.0,1092.0,1,False
2024-08-29 19:00:00+00:00,10T-AT-DE-000037,Pleinting - St. Peter 258,APG,DIRECT,DE,AT,Pleinting,St. Peter,TieLine,SEASONAL,220.0,1561.0,608.0,61.0,350.0,219.0,1,False
2024-08-29 19:00:00+00:00,10T-AT-SI-00001T,Kainachtal - Maribor 473,APG,OPPOSITE,AT,SI,Kainachtal,Maribor,TieLine,SEASONAL,380.0,1920.0,1330.0,133.0,-842.0,1325.0,1,False
2024-08-29 19:00:00+00:00,10T-AT-SI-00003P,Obersielach - Podlog 247,APG,DIRECT,AT,SI,Obersielach,Podlog,TieLine,SEASONAL,220.0,1101.0,429.0,43.0,413.0,158.0,4,False
2024-08-29 19:00:00+00:00,10T-AT-SI-00003P,Obersielach - Podlog 247,APG,OPPOSITE,AT,SI,Obersielach,Podlog,TieLine,SEASONAL,220.0,1101.0,429.0,43.0,-369.0,594.0,1,False
2024-08-29 19:00:00+00:00,10T-BA-HR-00003R,Mostar - Zakucac,HOPS,DIRECT,BA,HR,Mostar,Zakucac,TieLine,SEASONAL,220.0,780.0,304.0,30.0,13.0,291.0,1,False
2024-08-29 19:00:00+00:00,10T-BA-HR-00003R,Mostar - Zakucac,HOPS,OPPOSITE,BA,HR,Mostar,Zakucac,TieLine,SEASONAL,220.0,780.0,304.0,30.0,-13.0,257.0,1,False
2024-08-29 19:00:00+00:00,10T-BE-FR-000015,Achene - Lonny 380.19,ELIA,DIRECT,BE,FR,Achene,Lonny,TieLine,SEASONAL,380.0,2179.0,1510.0,151.0,-688.0,1478.0,1,False
2024-08-29 19:00:00+00:00,10T-BE-FR-000015,Achene - Lonny 380.19,ELIA,OPPOSITE,BE,FR,Achene,Lonny,TieLine,SEASONAL,380.0,2179.0,1510.0,151.0,688.0,1230.0,3,False
2024-08-29 19:00:00+00:00,10T-CZ-DE-00001W,Hradec - Etzenricht,CEPS,DIRECT,CZ,DE,Hradec,Etzenricht,TieLine,FIXED,380.0,2000.0,1386.0,139.0,73.0,1109.0,1,False
2024-08-29 19:00:00+00:00,10T-CZ-DE-00003S,Hradec - Rohrsdorf - V446,CEPS,DIRECT,CZ,DE,Hradec,Rohrsdorf,TieLine,DYNAMIC,380.0,2429.0,1683.0,168.0,-313.0,2012.0,1,False
2024-08-29 19:00:00+00:00,10T-CZ-DE-00003S,Hradec - Rohrsdorf - V446,CEPS,OPPOSITE,CZ,DE,Hradec,Rohrsdorf,TieLine,DYNAMIC,380.0,2429.0,1683.0,168.0,313.0,1051.0,1,False
2024-08-29 19:00:00+00:00,10T-CZ-PL-00004A,Wielopole - Nosovice,PSE,DIRECT,PL,CZ,Wielopole,Nosovice,TieLine,DYNAMIC,380.0,1879.0,1302.0,130.0,260.0,886.0,1,False
2024-08-29 19:00:00+00:00,10T-CZ-PL-00004A,Wielopole - Nosovice,PSE,OPPOSITE,PL,CZ,Wielopole,Nosovice,TieLine,DYNAMIC,380.0,1879.0,1302.0,130.0,-260.0,1458.0,1,False
2024-08-29 19:00:00+00:00,10T-CZ-SK-00001Y,Liskovec - P. Bystrica,CEPS,OPPOSITE,CZ,SK,Liskovec,P. Bystrica,TieLine,FIXED,220.0,665.0,259.0,26.0,-73.0,236.0,1,False
2024-08-29 19:00:00+00:00,10T-CZ-SK-00002W,Nosovice - Varin,CEPS,DIRECT,CZ,SK,Nosovice,Varin,TieLine,FIXED,380.0,1720.0,1192.0,119.0,777.0,853.0,2,False
2024-08-29 19:00:00+00:00,10T-CZ-SK-00002W,Nosovice - Varin,CEPS,OPPOSITE,CZ,SK,Nosovice,Varin,TieLine,FIXED,380.0,1720.0,1192.0,119.0,-777.0,919.0,2,False
2024-08-29 19:00:00+00:00,10T-CZ-SK-00003U,Sokolnice - Krizovany,CEPS,DIRECT,CZ,SK,Sokolnice,Krizovany,TieLine,FIXED,380.0,2000.0,1386.0,139.0,779.0,1237.0,3,False
2024-08-29 19:00:00+00:00,10T-CZ-SK-00003U,Sokolnice - Krizovany,CEPS,OPPOSITE,CZ,SK,Sokolnice,Krizovany,TieLine,FIXED,380.0,2000.0,1386.0,139.0,-779.0,1184.0,3,False
2024-08-29 19:00:00+00:00,10T-DE-FR-000068,Ensdorf - Vigy VIGY2 S,AMPRION,DIRECT,DE,FR,Ensdorf,Vigy,TieLine,FIXED,380.0,2720.0,1884.0,188.0,-1871.0,2917.0,1,False
2024-08-29 19:00:00+00:00,10T-DE-FR-000068,Ensdorf - Vigy VIGY2 S,AMPRION,OPPOSITE,DE,FR,Ensdorf,Vigy,TieLine,FIXED,380.0,2720.0,1884.0,188.0,1871.0,475.0,1,False
2024-08-29 19:00:00+00:00,10T-DE-NL-00002T,Diele - Meeden 380 White,TENNETBV,DIRECT,DE,NL,Diele,Meeden,TieLine,SEASONAL,380.0,1520.0,1053.0,105.0,-607.0,936.0,1,False
2024-08-29 19:00:00+00:00,10T-DE-NL-00002T,Diele - Meeden 380 White,TENNETBV,OPPOSITE,DE,NL,Diele,Meeden,TieLine,SEASONAL,380.0,1520.0,1053.0,105.0,767.0,698.0,2,False
2024-08-29 19:00:00+00:00,10T-DE-NL-00005N,Maasbracht - Oberzier 380 white,AMPRION,DIRECT,NL,DE,Maasbracht,Oberzier,TieLine,SEASONAL,380.0,2500.0,1732.0,173.0,782.0,1211.0,6,False
2024-08-29 19:00:00+00:00,10T-DE-NL-00005N,Maasbracht - Oberzier 380 white,AMPRION,OPPOSITE,NL,DE,Maasbracht,Oberzier,TieLine,SEASONAL,380.0,2500.0,1732.0,173.0,-782.0,1797.0,4,False
2024-08-29 19:00:00+00:00,10T-HR-SI-000022,Pehlin - Divaca,HOPS,DIRECT,HR,SI,Pehlin,Divaca,TieLine,SEASONAL,220.0,960.0,374.0,37.0,-82.0,172.0,1,False
2024-08-29 19:00:00+00:00,10T-HR-SI-000022,Pehlin - Divaca,HOPS,OPPOSITE,HR,SI,Pehlin,Divaca,TieLine,SEASONAL,220.0,960.0,374.0,37.0,48.0,423.0,2,False
2024-08-29 19:00:00+00:00,10T-HU-SK-00001T,Levice - God,SEPS,DIRECT,SK,HU,Levice,God,TieLine,FIXED,380.0,2000.0,1386.0,139.0,1139.0,732.0,1,False
2024-08-29 19:00:00+00:00,10T-HU-UA-00002F,Kisvarda - Mukachevo,MAVIR,DIRECT,HU,UA,Kisvarda,Mukachevo,TieLine,SEASONAL,220.0,640.0,249.0,25.0,-41.0,168.0,1,False
2024-08-29 19:00:00+00:00,10T-RO-RS-00001V,Portile de Fier - Djerdap,TRANSELECTRICA,OPPOSITE,RO,RS,Portile de Fier,Djerdap,TieLine,SEASONAL,380.0,1836.0,1272.0,127.0,744.0,360.0,1,False
2024-08-29 19:00:00+00:00,10T-SK-UA-00001W,V.Kapusany - Mukachevo (WPS),SEPS,DIRECT,SK,UA,Velke Kapusany,Mukachevo,TieLine,SEASONAL,380.0,1570.0,1088.0,109.0,674.0,720.0,1,False
2024-08-29 19:00:00+00:00,10T-SK-UA-00001W,V.Kapusany - Mukachevo (WPS),SEPS,OPPOSITE,SK,UA,Velke Kapusany,Mukachevo,TieLine,SEASONAL,380.0,1570.0,1088.0,109.0,-674.0,1238.0,1,False
2024-08-29 19:00:00+00:00,10T1001A1001A09N,Dobrzen - Detmarovice,PSE,DIRECT,PL,CZ,Dobrzen,Detmarovice,TieLine,DYNAMIC,380.0,1835.0,1271.0,127.0,518.0,669.0,1,False
2024-08-29 19:00:00+00:00,10T1001C--00056R,Gabcikovo - Gonyu,MAVIR,OPPOSITE,SK,HU,Gabcikovo,Gonyu,TieLine,FIXED,380.0,2000.0,1386.0,139.0,-539.0,1176.0,1,False
2024-08-29 19:00:00+00:00,10T1001C--00101B,Cirkovce - Heviz,MAVIR,DIRECT,SI,HU,Cirkovce,Heviz,TieLine,FIXED,380.0,2000.0,1109.0,139.0,648.0,1025.0,3,True
2024-08-29 19:00:00+00:00,10T1001C--00101B,Cirkovce - Heviz,MAVIR,OPPOSITE,SI,HU,Cirkovce,Heviz,TieLine,FIXED,380.0,2000.0,1109.0,139.0,-648.0,969.0,2,True
2024-08-29 19:00:00+00:00,10T1001C--001223,Sokolnice - Zaya - V244,CEPS,DIRECT,CZ,AT,Sokolnice,Zaya,TieLine,DYNAMIC,220.0,800.0,312.0,31.0,60.0,226.0,1,False
2024-08-29 19:00:00+00:00,10T1001C--001223,Sokolnice - Zaya - V244,CEPS,OPPOSITE,CZ,AT,Sokolnice,Zaya,TieLine,DYNAMIC,220.0,800.0,312.0,31.0,-60.0,336.0,1,False
2024-08-29 19:00:00+00:00,11T0-0000-0011-L,PST Roehrsdorf 441,50HERTZ,DIRECT,DE,DE,Roehrsdorf,Roehrsdorf,PST,FIXED,380.0,2028.0,1405.0,141.0,172.0,889.0,2,False
2024-08-29 19:00:00+00:00,11T0-0000-0013-F,PST Vierraden 441,50HERTZ,OPPOSITE,DE,DE,Vierraden,Vierraden,PST,FIXED,380.0,2000.0,1386.0,139.0,-562.0,1555.0,1,False
2024-08-29 19:00:00+00:00,11T0-0000-0781-W,Y-Oberzier (-Paffendorf - Sechtem) SECHTM N,AMPRION,DIRECT,DE,DE,Oberzier,Y-Paffendorf,Line,DYNAMIC,380.0,3234.0,2241.0,224.0,1740.0,1244.0,1,False
2024-08-29 19:00:00+00:00,11T0-0000-1496-M,Emscherbruch  - Mengede  RECKLI N,AMPRION,OPPOSITE,DE,DE,Emscherbruch,Mengede,Line,DYNAMIC,380.0,3065.0,2123.0,212.0,-295.0,1537.0,1,False
2024-08-29 19:00:00+00:00,14T-220-0-0273BO,Strass - Thaur 273B,APG,DIRECT,AT,AT,Strass,Thaur,Line,SEASONAL,220.0,1229.0,479.0,48.0,193.0,287.0,1,False
2024-08-29 19:00:00+00:00,14T-22220-TAPSTO,Tauern - Tauern TAPST,APG,OPPOSITE,AT,AT,Tauern,Tauern,PST,SEASONAL,220.0,1493.0,582.0,58.0,519.0,285.0,1,False
2024-08-29 19:00:00+00:00,14T-380-0-0476KK,Kainachtal - Y_Mellach 476KT,APG,DIRECT,AT,AT,Kainachtal,Y_Mellach,Line,SEASONAL,380.0,2400.0,1663.0,166.0,73.0,1127.0,1,False
2024-08-29 19:00:00+00:00,14T-38220-WT041O,Westtirol 1 - Westtirol 2 WTRHU41,APG,DIRECT,AT,AT,Westtirol 1,Westtirol 2,Transformer,SEASONAL,220.0,1443.0,1000.0,100.0,-445.0,1394.0,1,False
2024-08-29 19:00:00+00:00,14T-38220-WT041O,Westtirol 1 - Westtirol 2 WTRHU41,APG,OPPOSITE,AT,AT,Westtirol 1,Westtirol 2,Transformer,SEASONAL,220.0,1443.0,1000.0,100.0,547.0,320.0,3,False
2024-08-29 19:00:00+00:00,14T-RHU43-TA---6,Tauern - Tauern TARHU43,APG,OPPOSITE,AT,AT,Tauern,Tauern,Transformer,SEASONAL,220.0,1425.0,555.0,56.0,466.0,245.0,1,False
2024-08-29 19:00:00+00:00,15T-M000002791-J,Gonyu - Gyor,MAVIR,DIRECT,HU,HU,Gonyu,Gyor,Line,FIXED,380.0,2000.0,1386.0,139.0,630.0,872.0,1,False
2024-08-29 19:00:00+00:00,19T000000001304A,Krosno Iskrzynia - Rzeszow,PSE,OPPOSITE,PL,PL,Krosno Iskrzynia,Rzeszow,Line,DYNAMIC,380.0,1269.0,879.0,88.0,670.0,381.0,1,False
2024-08-29 19:00:00+00:00,19T0000000063830,Mikulowa PST1,PSE,DIRECT,PL,PL,Mikulowa PST1,Mikulowa PST1,PST,DYNAMIC,380.0,1905.0,1320.0,132.0,851.0,607.0,1,False
2024-08-29 19:00:00+00:00,19T000000006396S,Polaniec - Tarnow,PSE,DIRECT,PL,PL,Polaniec,Tarnow,Line,DYNAMIC,380.0,1269.0,879.0,88.0,581.0,356.0,1,False
2024-08-29 19:00:00+00:00,22T-BE-IN-LI018R,Lixhe - Gramme 380.11,ELIA,DIRECT,BE,BE,Gramme,Lixhe,Line,SEASONAL,380.0,2051.0,1421.0,142.0,1088.0,893.0,1,False
2024-08-29 19:00:00+00:00,22T-BE-IN-LI02AK,Doel - Zandvliet 380.25,ELIA,DIRECT,BE,BE,Doel,Zandvliet,Line,SEASONAL,380.0,2179.0,1510.0,151.0,362.0,857.0,1,False
2024-08-29 19:00:00+00:00,22T-BE-PST--001W,PST Van Eyck 1,ELIA,DIRECT,BE,BE,Van Eyck,Van Eyck,PST,SEASONAL,380.0,2042.0,1415.0,141.0,-160.0,1418.0,1,False
2024-08-29 19:00:00+00:00,22T-BE-PST--002U,PST Van Eyck 2,ELIA,DIRECT,BE,BE,Van Eyck,Van Eyck,PST,SEASONAL,380.0,2042.0,1415.0,141.0,147.0,1578.0,4,False
2024-08-29 19:00:00+00:00,22T-BE-PST--002U,PST Van Eyck 2,ELIA,OPPOSITE,BE,BE,Van Eyck,Van Eyck,PST,SEASONAL,380.0,2042.0,1415.0,141.0,95.0,861.0,5,False
2024-08-29 19:00:00+00:00,24T-V425-0000004,V.Dur - Krizovany,SEPS,DIRECT,SK,SK,V.Dur,Krizovany,Line,FIXED,380.0,2100.0,1455.0,145.0,-666.0,1089.0,1,False
2024-08-29 19:00:00+00:00,24T-V429-0000005,Gabcikovo - P.Biskupice,SEPS,DIRECT,SK,SK,Gabcikovo,P.Biskupice,Line,FIXED,380.0,2280.0,1580.0,158.0,-596.0,1175.0,1,False
2024-08-29 19:00:00+00:00,24T-V490-000000G,V.Dur - Levice 1,SEPS,DIRECT,SK,SK,V.Dur,Levice,Line,FIXED,380.0,2100.0,1455.0,145.0,1442.0,595.0,1,False
2024-08-29 19:00:00+00:00,24T-V493-000000Q,H.Zdana - Sucany,SEPS,DIRECT,SK,SK,H.Zdana,Sucany,Line,FIXED,380.0,2000.0,1386.0,139.0,-78.0,935.0,1,False
2024-08-29 19:00:00+00:00,30T-ROSI400AT--1,TR Rosiori 400/220 1,TRANSELECTRICA,DIRECT,RO,RO,Rosiori,Rosiori,Transformer,SEASONAL,220.0,577.0,400.0,40.0,307.0,77.0,1,False
2024-08-29 19:00:00+00:00,30TPDFE220RESI1S,Portile de Fier - Resita c1,TRANSELECTRICA,DIRECT,RO,RO,Portile de Fier,Resita c1,Line,SEASONAL,220.0,750.0,292.0,29.0,294.0,114.0,1,False
2024-08-29 19:00:00+00:00,49T000000000000O,Zwolle - Hengelo 380 Wit,TENNETBV,DIRECT,NL,NL,Zwolle,Hengelo,Line,SEASONAL,380.0,2500.0,1732.0,173.0,1128.0,941.0,1,False
2024-08-29 19:00:00+00:00,49T0000000000274,Krimpen a/d IJssel - Geertruidenberg 380 Wit,TENNETBV,DIRECT,NL,NL,Krimpen a/d IJssel,Geertruidenberg,Line,SEASONAL,380.0,2826.0,1958.0,196.0,383.0,1803.0,1,False
2024-08-29 20:00:00+00:00,10T-AT-CZ-00003X,Duernrohr 1 - Slavetice 437,APG,OPPOSITE,AT,CZ,Duernrohr 1,Slavetice,TieLine,SEASONAL,380.0,2804.0,1943.0,194.0,526.0,1089.0,1,False
2024-08-29 20:00:00+00:00,10T-AT-DE-000037,Pleinting - St. Peter 258,APG,DIRECT,DE,AT,Pleinting,St. Peter,TieLine,SEASONAL,220.0,1561.0,608.0,61.0,337.0,213.0,1,False
2024-08-29 20:00:00+00:00,10T-AT-SI-00001T,Kainachtal - Maribor 473,APG,OPPOSITE,AT,SI,Kainachtal,Maribor,TieLine,SEASONAL,380.0,1920.0,1330.0,133.0,-747.0,1227.0,1,False
2024-08-29 20:00:00+00:00,10T-AT-SI-00003P,Obersielach - Podlog 247,APG,DIRECT,AT,SI,Obersielach,Podlog,TieLine,SEASONAL,220.0,1101.0,429.0,43.0,345.0,211.0,4,False
2024-08-29 20:00:00+00:00,10T-AT-SI-00003P,Obersielach - Podlog 247,APG,OPPOSITE,AT,SI,Obersielach,Podlog,TieLine,SEASONAL,220.0,1101.0,429.0,43.0,-303.0,537.0,1,False
2024-08-29 20:00:00+00:00,10T-BA-HR-00003R,Mostar - Zakucac,HOPS,DIRECT,BA,HR,Mostar,Zakucac,TieLine,SEASONAL,220.0,780.0,304.0,30.0,11.0,266.0,1,False
2024-08-29 20:00:00+00:00,10T-BE-FR-000015,Achene - Lonny 380.19,ELIA,DIRECT,BE,FR,Achene,Lonny,TieLine,SEASONAL,380.0,2243.0,1554.0,155.0,-668.0,1539.0,1,False
2024-08-29 20:00:00+00:00,10T-BE-FR-000015,Achene - Lonny 380.19,ELIA,OPPOSITE,BE,FR,Achene,Lonny,TieLine,SEASONAL,380.0,2243.0,1554.0,155.0,668.0,1259.0,3,False
2024-08-29 20:00:00+00:00,10T-CZ-DE-00001W,Hradec - Etzenricht,CEPS,DIRECT,CZ,DE,Hradec,Etzenricht,TieLine,FIXED,380.0,2000.0,1386.0,139.0,116.0,1088.0,1,False
2024-08-29 20:00:00+00:00,10T-CZ-DE-00002U,Hradec - Rohrsdorf 445,50HERTZ,OPPOSITE,CZ,DE,Hradec,Rohrsdorf,TieLine,FIXED,380.0,2520.0,1746.0,175.0,365.0,1035.0,1,False
2024-08-29 20:00:00+00:00,10T-CZ-DE-00003S,Hradec - Rohrsdorf - V446,CEPS,DIRECT,CZ,DE,Hradec,Rohrsdorf,TieLine,DYNAMIC,380.0,2460.0,1704.0,170.0,-365.0,2070.0,1,False
2024-08-29 20:00:00+00:00,10T-CZ-PL-00004A,Wielopole - Nosovice,PSE,DIRECT,PL,CZ,Wielopole,Nosovice,TieLine,DYNAMIC,380.0,1879.0,1302.0,130.0,230.0,908.0,1,False
2024-08-29 20:00:00+00:00,10T-CZ-PL-00004A,Wielopole - Nosovice,PSE,OPPOSITE,PL,CZ,Wielopole,Nosovice,TieLine,DYNAMIC,380.0,1879.0,1302.0,130.0,307.0,1106.0,2,False
2024-08-29 20:00:00+00:00,10T-CZ-SK-00001Y,Liskovec - P. Bystrica,CEPS,DIRECT,CZ,SK,Liskovec,P. Bystrica,TieLine,FIXED,220.0,665.0,259.0,26.0,84.0,216.0,1,False
2024-08-29 20:00:00+00:00,10T-CZ-SK-00001Y,Liskovec - P. Bystrica,CEPS,OPPOSITE,CZ,SK,Liskovec,P. Bystrica,TieLine,FIXED,220.0,665.0,259.0,26.0,-84.0,250.0,1,False
2024-08-29 20:00:00+00:00,10T-CZ-SK-00002W,Nosovice - Varin,CEPS,DIRECT,CZ,SK,Nosovice,Varin,TieLine,FIXED,380.0,1720.0,1192.0,119.0,776.0,845.0,2,False
2024-08-29 20:00:00+00:00,10T-CZ-SK-00002W,Nosovice - Varin,CEPS,OPPOSITE,CZ,SK,Nosovice,Varin,TieLine,FIXED,380.0,1720.0,1192.0,119.0,-776.0,891.0,2,False
2024-08-29 20:00:00+00:00,10T-CZ-SK-00003U,Sokolnice - Krizovany,CEPS,DIRECT,CZ,SK,Sokolnice,Krizovany,TieLine,FIXED,380.0,2000.0,1386.0,139.0,775.0,1230.0,3,False
2024-08-29 20:00:00+00:00,10T-CZ-SK-00003U,Sokolnice - Krizovany,CEPS,OPPOSITE,CZ,SK,Sokolnice,Krizovany,TieLine,FIXED,380.0,2000.0,1386.0,139.0,-775.0,1201.0,3,False
2024-08-29 20:00:00+00:00,10T-DE-FR-000068,Ensdorf - Vigy VIGY2 S,AMPRION,DIRECT,DE,FR,Ensdorf,Vigy,TieLine,FIXED,380.0,2720.0,1884.0,188.0,-1683.0,2884.0,1,False
2024-08-29 20:00:00+00:00,10T-DE-FR-000068,Ensdorf - Vigy VIGY2 S,AMPRION,OPPOSITE,DE,FR,Ensdorf,Vigy,TieLine,FIXED,380.0,2720.0,1884.0,188.0,1683.0,508.0,1,False
2024-08-29 20:00:00+00:00,10T-DE-NL-00002T,Diele - Meeden 380 White,TENNETBV,DIRECT,DE,NL,Diele,Meeden,TieLine,SEASONAL,380.0,1520.0,1053.0,105.0,-516.0,995.0,1,False
2024-08-29 20:00:00+00:00,10T-DE-NL-00002T,Diele - Meeden 380 White,TENNETBV,OPPOSITE,DE,NL,Diele,Meeden,TieLine,SEASONAL,380.0,1520.0,1053.0,105.0,676.0,653.0,2,False
2024-08-29 20:00:00+00:00,10T-DE-NL-00005N,Maasbracht - Oberzier 380 white,AMPRION,DIRECT,NL,DE,Maasbracht,Oberzier,TieLine,SEASONAL,380.0,2500.0,1732.0,173.0,630.0,1171.0,6,False
2024-08-29 20:00:00+00:00,10T-DE-NL-00005N,Maasbracht - Oberzier 380 white,AMPRION,OPPOSITE,NL,DE,Maasbracht,Oberzier,TieLine,SEASONAL,380.0,2500.0,1732.0,173.0,-630.0,1841.0,4,False
2024-08-29 20:00:00+00:00,10T-HR-HU-000033,Pecs - Ernestinovo1 491A,HOPS,OPPOSITE,HU,HR,Pecs,Ernestinovo,TieLine,SEASONAL,380.0,1920.0,1330.0,133.0,125.0,1039.0,1,False
2024-08-29 20:00:00+00:00,10T-HR-SI-000022,Pehlin - Divaca,HOPS,DIRECT,HR,SI,Pehlin,Divaca,TieLine,SEASONAL,220.0,960.0,374.0,37.0,-90.0,194.0,1,False
2024-08-29 20:00:00+00:00,10T-HR-SI-000022,Pehlin - Divaca,HOPS,OPPOSITE,HR,SI,Pehlin,Divaca,TieLine,SEASONAL,220.0,960.0,374.0,37.0,52.0,414.0,2,False
2024-08-29 20:00:00+00:00,10T-HU-SK-00001T,Levice - God,SEPS,DIRECT,SK,HU,Levice,God,TieLine,FIXED,380.0,2000.0,1386.0,139.0,1074.0,700.0,2,False
2024-08-29 20:00:00+00:00,10T-HU-UA-00002F,Kisvarda - Mukachevo,MAVIR,DIRECT,HU,UA,Kisvarda,Mukachevo,TieLine,SEASONAL,220.0,640.0,249.0,25.0,-45.0,179.0,1,False
2024-08-29 20:00:00+00:00,10T-HU-UA-00002F,Kisvarda - Mukachevo,MAVIR,OPPOSITE,HU,UA,Kisvarda,Mukachevo,TieLine,SEASONAL,220.0,640.0,249.0,25.0,45.0,269.0,1,False
2024-08-29 20:00:00+00:00,10T-RO-RS-00001V,Portile de Fier - Djerdap,TRANSELECTRICA,OPPOSITE,RO,RS,Portile de Fier,Djerdap,TieLine,SEASONAL,380.0,1836.0,1272.0,127.0,441.0,655.0,1,False
2024-08-29 20:00:00+00:00,10T-SK-UA-00001W,V.Kapusany - Mukachevo (WPS),SEPS,DIRECT,SK,UA,Velke Kapusany,Mukachevo,TieLine,SEASONAL,380.0,1570.0,1088.0,109.0,600.0,756.0,1,False
2024-08-29 20:00:00+00:00,10T-SK-UA-00001W,V.Kapusany - Mukachevo (WPS),SEPS,OPPOSITE,SK,UA,Velke Kapusany,Mukachevo,TieLine,SEASONAL,380.0,1570.0,1088.0,109.0,-600.0,1202.0,1,False
2024-08-29 20:00:00+00:00,10T1001A1001A09N,Dobrzen - Detmarovice,PSE,DIRECT,PL,CZ,Dobrzen,Detmarovice,TieLine,DYNAMIC,380.0,1856.0,1286.0,129.0,519.0,675.0,1,False
2024-08-29 20:00:00+00:00,10T1001C--00056R,Gabcikovo - Gonyu,MAVIR,OPPOSITE,SK,HU,Gabcikovo,Gonyu,TieLine,FIXED,380.0,2000.0,1386.0,139.0,-504.0,1176.0,1,False
2024-08-29 20:00:00+00:00,10T1001C--00101B,Cirkovce - Heviz,MAVIR,DIRECT,SI,HU,Cirkovce,Heviz,TieLine,FIXED,380.0,2000.0,1109.0,139.0,631.0,1000.0,3,True
2024-08-29 20:00:00+00:00,10T1001C--00101B,Cirkovce - Heviz,MAVIR,OPPOSITE,SI,HU,Cirkovce,Heviz,TieLine,FIXED,380.0,2000.0,1109.0,139.0,-631.0,995.0,3,True
2024-08-29 20:00:00+00:00,10T1001C--001223,Sokolnice - Zaya - V244,CEPS,DIRECT,CZ,AT,Sokolnice,Zaya,TieLine,DYNAMIC,220.0,800.0,312.0,31.0,55.0,227.0,1,False
2024-08-29 20:00:00+00:00,10T1001C--001223,Sokolnice - Zaya - V244,CEPS,OPPOSITE,CZ,AT,Sokolnice,Zaya,TieLine,DYNAMIC,220.0,800.0,312.0,31.0,-55.0,335.0,1,False
2024-08-29 20:00:00+00:00,11T0-0000-0013-F,PST Vierraden 441,50HERTZ,OPPOSITE,DE,DE,Vierraden,Vierraden,PST,FIXED,380.0,2000.0,1386.0,139.0,-548.0,1536.0,1,False
2024-08-29 20:00:00+00:00,11T0-0000-0781-W,Y-Oberzier (-Paffendorf - Sechtem) SECHTM N,AMPRION,DIRECT,DE,DE,Oberzier,Y-Paffendorf,Line,DYNAMIC,380.0,3269.0,2265.0,226.0,1468.0,1246.0,1,False
2024-08-29 20:00:00+00:00,11T0-0000-1496-M,Emscherbruch  - Mengede  RECKLI N,AMPRION,OPPOSITE,DE,DE,Emscherbruch,Mengede,Line,DYNAMIC,380.0,3095.0,2144.0,214.0,-171.0,1625.0,1,False
2024-08-29 20:00:00+00:00,14T-220-0-0273BO,Strass - Thaur 273B,APG,DIRECT,AT,AT,Strass,Thaur,Line,SEASONAL,220.0,1229.0,479.0,48.0,182.0,266.0,1,False
2024-08-29 20:00:00+00:00,14T-38220-WT041O,Westtirol 1 - Westtirol 2 WTRHU41,APG,OPPOSITE,AT,AT,Westtirol 1,Westtirol 2,Transformer,SEASONAL,220.0,1443.0,1000.0,100.0,508.0,313.0,3,False
2024-08-29 20:00:00+00:00,15T-M000002791-J,Gonyu - Gyor,MAVIR,DIRECT,HU,HU,Gonyu,Gyor,Line,FIXED,380.0,2000.0,1386.0,139.0,610.0,887.0,1,False
2024-08-29 20:00:00+00:00,19T000000001304A,Krosno Iskrzynia - Rzeszow,PSE,OPPOSITE,PL,PL,Krosno Iskrzynia,Rzeszow,Line,DYNAMIC,380.0,1299.0,900.0,90.0,600.0,404.0,1,False
2024-08-29 20:00:00+00:00,19T0000000063830,Mikulowa PST1,PSE,DIRECT,PL,PL,Mikulowa PST1,Mikulowa PST1,PST,DYNAMIC,380.0,1905.0,1320.0,132.0,813.0,658.0,1,False
2024-08-29 20:00:00+00:00,19T0000000063830,Mikulowa PST1,PSE,OPPOSITE,PL,PL,Mikulowa PST1,Mikulowa PST1,PST,DYNAMIC,380.0,1905.0,1320.0,132.0,-813.0,1718.0,1,False
2024-08-29 20:00:00+00:00,19T000000006396S,Polaniec - Tarnow,PSE,DIRECT,PL,PL,Polaniec,Tarnow,Line,DYNAMIC,380.0,1299.0,900.0,90.0,528.0,373.0,1,False
2024-08-29 20:00:00+00:00,22T-BE-IN-LI02AK,Doel - Zandvliet 380.25,ELIA,DIRECT,BE,BE,Doel,Zandvliet,Line,SEASONAL,380.0,2223.0,1540.0,154.0,274.0,888.0,1,False
2024-08-29 20:00:00+00:00,22T-BE-PST--001W,PST Van Eyck 1,ELIA,DIRECT,BE,BE,Van Eyck,Van Eyck,PST,SEASONAL,380.0,2042.0,1415.0,141.0,-147.0,1492.0,1,False
2024-08-29 20:00:00+00:00,22T-BE-PST--002U,PST Van Eyck 2,ELIA,DIRECT,BE,BE,Van Eyck,Van Eyck,PST,SEASONAL,380.0,2042.0,1415.0,141.0,5.0,1722.0,4,False
2024-08-29 20:00:00+00:00,22T-BE-PST--002U,PST Van Eyck 2,ELIA,OPPOSITE,BE,BE,Van Eyck,Van Eyck,PST,SEASONAL,380.0,2042.0,1415.0,141.0,12.0,767.0,4,False
2024-08-29 20:00:00+00:00,24T-V425-0000004,V.Dur - Krizovany,SEPS,DIRECT,SK,SK,V.Dur,Krizovany,Line,FIXED,380.0,2100.0,1455.0,145.0,-610.0,1076.0,1,False
2024-08-29 20:00:00+00:00,24T-V429-0000005,Gabcikovo - P.Biskupice,SEPS,DIRECT,SK,SK,Gabcikovo,P.Biskupice,Line,FIXED,380.0,2280.0,1580.0,158.0,-548.0,1172.0,1,False
2024-08-29 20:00:00+00:00,24T-V490-000000G,V.Dur - Levice 1,SEPS,DIRECT,SK,SK,V.Dur,Levice,Line,FIXED,380.0,2100.0,1455.0,145.0,1359.0,607.0,1,False
2024-08-29 20:00:00+00:00,24T-V493-000000Q,H.Zdana - Sucany,SEPS,DIRECT,SK,SK,H.Zdana,Sucany,Line,FIXED,380.0,2000.0,1386.0,139.0,28.0,860.0,1,False
2024-08-29 20:00:00+00:00,30T-ROSI400AT--1,TR Rosiori 400/220 1,TRANSELECTRICA,DIRECT,RO,RO,Rosiori,Rosiori,Transformer,SEASONAL,220.0,577.0,400.0,40.0,246.0,120.0,1,False
2024-08-29 20:00:00+00:00,30TPARO220TRGJ-Q,Paroseni - Targu Jiu Nord,TRANSELECTRICA,OPPOSITE,RO,RO,Paroseni,Targu Jiu Nord,Line,SEASONAL,220.0,690.0,269.0,27.0,130.0,129.0,2,False
2024-08-29 20:00:00+00:00,30TPDFE220RESI1S,Portile de Fier - Resita c1,TRANSELECTRICA,DIRECT,RO,RO,Portile de Fier,Resita c1,Line,SEASONAL,220.0,750.0,292.0,29.0,133.0,156.0,1,False
2024-08-29 20:00:00+00:00,30TRESI220TIMI1L,Resita - Timisoara c1,TRANSELECTRICA,DIRECT,RO,RO,Resita,Timisoara c1,Line,SEASONAL,220.0,750.0,292.0,29.0,157.0,161.0,1,False
2024-08-29 20:00:00+00:00,49T0000000000274,Krimpen a/d IJssel - Geertruidenberg 380 Wit,TENNETBV,DIRECT,NL,NL,Krimpen a/d IJssel,Geertruidenberg,Line,SEASONAL,380.0,2826.0,1958.0,196.0,433.0,1761.0,1,False
2024-08-29 21:00:00+00:00,10T-AT-CZ-00003X,Duernrohr 1 - Slavetice 437,APG,OPPOSITE,AT,CZ,Duernrohr 1,Slavetice,TieLine,SEASONAL,380.0,2804.0,1943.0,194.0,561.0,1107.0,1,False
2024-08-29 21:00:00+00:00,10T-AT-DE-000037,Pleinting - St. Peter 258,APG,DIRECT,DE,AT,Pleinting,St. Peter,TieLine,SEASONAL,220.0,1561.0,608.0,61.0,328.0,262.0,1,False
2024-08-29 21:00:00+00:00,10T-AT-SI-00001T,Kainachtal - Maribor 473,APG,OPPOSITE,AT,SI,Kainachtal,Maribor,TieLine,SEASONAL,380.0,1920.0,1330.0,133.0,-728.0,1215.0,1,False
2024-08-29 21:00:00+00:00,10T-AT-SI-00003P,Obersielach - Podlog 247,APG,DIRECT,AT,SI,Obersielach,Podlog,TieLine,SEASONAL,220.0,1101.0,429.0,43.0,322.0,236.0,4,False
2024-08-29 21:00:00+00:00,10T-AT-SI-00003P,Obersielach - Podlog 247,APG,OPPOSITE,AT,SI,Obersielach,Podlog,TieLine,SEASONAL,220.0,1101.0,429.0,43.0,-283.0,511.0,1,False
2024-08-29 21:00:00+00:00,10T-BE-FR-000015,Achene - Lonny 380.19,ELIA,DIRECT,BE,FR,Achene,Lonny,TieLine,SEASONAL,380.0,2308.0,1599.0,160.0,-667.0,1544.0,1,False
2024-08-29 21:00:00+00:00,10T-BE-FR-000015,Achene - Lonny 380.19,ELIA,OPPOSITE,BE,FR,Achene,Lonny,TieLine,SEASONAL,380.0,2308.0,1599.0,160.0,667.0,1334.0,2,False
2024-08-29 21:00:00+00:00,10T-CZ-DE-00001W,Hradec - Etzenricht,CEPS,DIRECT,CZ,DE,Hradec,Etzenricht,TieLine,FIXED,380.0,2000.0,1386.0,139.0,110.0,1086.0,1,False
2024-08-29 21:00:00+00:00,10T-CZ-DE-00002U,Hradec - Rohrsdorf 445,50HERTZ,OPPOSITE,CZ,DE,Hradec,Rohrsdorf,TieLine,FIXED,380.0,2520.0,1746.0,175.0,435.0,1005.0,1,False
2024-08-29 21:00:00+00:00,10T-CZ-DE-00003S,Hradec - Rohrsdorf - V446,CEPS,DIRECT,CZ,DE,Hradec,Rohrsdorf,TieLine,DYNAMIC,380.0,2486.0,1722.0,172.0,-435.0,2116.0,1,False
2024-08-29 21:00:00+00:00,10T-CZ-DE-00004Q,Etzenricht - Prestice 442,TENNETGMBH,OPPOSITE,DE,CZ,Etzenricht,Prestice,TieLine,FIXED,380.0,2265.0,1569.0,157.0,41.0,1322.0,1,False
2024-08-29 21:00:00+00:00,10T-CZ-PL-00004A,Wielopole - Nosovice,PSE,DIRECT,PL,CZ,Wielopole,Nosovice,TieLine,DYNAMIC,380.0,1901.0,1317.0,132.0,208.0,913.0,1,False
2024-08-29 21:00:00+00:00,10T-CZ-PL-00004A,Wielopole - Nosovice,PSE,OPPOSITE,PL,CZ,Wielopole,Nosovice,TieLine,DYNAMIC,380.0,1901.0,1317.0,132.0,338.0,1105.0,2,False
2024-08-29 21:00:00+00:00,10T-CZ-SK-00001Y,Liskovec - P. Bystrica,CEPS,DIRECT,CZ,SK,Liskovec,P. Bystrica,TieLine,FIXED,220.0,665.0,259.0,26.0,95.0,197.0,1,False
2024-08-29 21:00:00+00:00,10T-CZ-SK-00001Y,Liskovec - P. Bystrica,CEPS,OPPOSITE,CZ,SK,Liskovec,P. Bystrica,TieLine,FIXED,220.0,665.0,259.0,26.0,-95.0,269.0,1,False
2024-08-29 21:00:00+00:00,10T-CZ-SK-00002W,Nosovice - Varin,CEPS,DIRECT,CZ,SK,Nosovice,Varin,TieLine,FIXED,380.0,1720.0,1192.0,119.0,800.0,795.0,2,False
2024-08-29 21:00:00+00:00,10T-CZ-SK-00002W,Nosovice - Varin,CEPS,OPPOSITE,CZ,SK,Nosovice,Varin,TieLine,FIXED,380.0,1720.0,1192.0,119.0,-800.0,790.0,4,False
2024-08-29 21:00:00+00:00,10T-CZ-SK-00003U,Sokolnice - Krizovany,CEPS,DIRECT,CZ,SK,Sokolnice,Krizovany,TieLine,FIXED,380.0,2000.0,1386.0,139.0,766.0,1227.0,3,False
2024-08-29 21:00:00+00:00,10T-CZ-SK-00003U,Sokolnice - Krizovany,CEPS,OPPOSITE,CZ,SK,Sokolnice,Krizovany,TieLine,FIXED,380.0,2000.0,1386.0,139.0,-766.0,1204.0,3,False
2024-08-29 21:00:00+00:00,10T-DE-FR-000068,Ensdorf - Vigy VIGY2 S,AMPRION,DIRECT,DE,FR,Ensdorf,Vigy,TieLine,FIXED,380.0,2720.0,1884.0,188.0,-1570.0,2878.0,1,False
2024-08-29 21:00:00+00:00,10T-DE-FR-000068,Ensdorf - Vigy VIGY2 S,AMPRION,OPPOSITE,DE,FR,Ensdorf,Vigy,TieLine,FIXED,380.0,2720.0,1884.0,188.0,1570.0,514.0,1,False
2024-08-29 21:00:00+00:00,10T-DE-NL-00002T,Diele - Meeden 380 White,TENNETBV,DIRECT,DE,NL,Diele,Meeden,TieLine,SEASONAL,380.0,1520.0,1053.0,105.0,-269.0,803.0,1,False
2024-08-29 21:00:00+00:00,10T-DE-NL-00002T,Diele - Meeden 380 White,TENNETBV,OPPOSITE,DE,NL,Diele,Meeden,TieLine,SEASONAL,380.0,1520.0,1053.0,105.0,404.0,934.0,2,False
2024-08-29 21:00:00+00:00,10T-DE-NL-00005N,Maasbracht - Oberzier 380 white,AMPRION,DIRECT,NL,DE,Maasbracht,Oberzier,TieLine,SEASONAL,380.0,2500.0,1732.0,173.0,589.0,1071.0,7,False
2024-08-29 21:00:00+00:00,10T-DE-NL-00005N,Maasbracht - Oberzier 380 white,AMPRION,OPPOSITE,NL,DE,Maasbracht,Oberzier,TieLine,SEASONAL,380.0,2500.0,1732.0,173.0,-589.0,1957.0,2,False
2024-08-29 21:00:00+00:00,10T-HR-HU-000033,Pecs - Ernestinovo1 491A,HOPS,OPPOSITE,HU,HR,Pecs,Ernestinovo,TieLine,SEASONAL,380.0,1920.0,1330.0,133.0,206.0,1019.0,1,False
2024-08-29 21:00:00+00:00,10T-HR-SI-000022,Pehlin - Divaca,HOPS,DIRECT,HR,SI,Pehlin,Divaca,TieLine,SEASONAL,220.0,960.0,374.0,37.0,-91.0,200.0,1,False
2024-08-29 21:00:00+00:00,10T-HR-SI-000022,Pehlin - Divaca,HOPS,OPPOSITE,HR,SI,Pehlin,Divaca,TieLine,SEASONAL,220.0,960.0,374.0,37.0,51.0,411.0,2,False
2024-08-29 21:00:00+00:00,10T-HU-SK-00001T,Levice - God,SEPS,DIRECT,SK,HU,Levice,God,TieLine,FIXED,380.0,2000.0,1386.0,139.0,1034.0,688.0,2,False
2024-08-29 21:00:00+00:00,10T-HU-UA-00002F,Kisvarda - Mukachevo,MAVIR,DIRECT,HU,UA,Kisvarda,Mukachevo,TieLine,SEASONAL,220.0,640.0,249.0,25.0,-28.0,181.0,1,False
2024-08-29 21:00:00+00:00,10T-RO-RS-00001V,Portile de Fier - Djerdap,TRANSELECTRICA,OPPOSITE,RO,RS,Portile de Fier,Djerdap,TieLine,SEASONAL,380.0,1836.0,1272.0,127.0,241.0,914.0,1,False
2024-08-29 21:00:00+00:00,10T-SK-UA-00001W,V.Kapusany - Mukachevo (WPS),SEPS,DIRECT,SK,UA,Velke Kapusany,Mukachevo,TieLine,SEASONAL,380.0,1570.0,1088.0,109.0,574.0,759.0,1,False
2024-08-29 21:00:00+00:00,10T-SK-UA-00001W,V.Kapusany - Mukachevo (WPS),SEPS,OPPOSITE,SK,UA,Velke Kapusany,Mukachevo,TieLine,SEASONAL,380.0,1570.0,1088.0,109.0,-574.0,1199.0,1,False
2024-08-29 21:00:00+00:00,10T1001A1001A09N,Dobrzen - Detmarovice,PSE,DIRECT,PL,CZ,Dobrzen,Detmarovice,TieLine,DYNAMIC,380.0,1879.0,1302.0,130.0,504.0,689.0,1,False
2024-08-29 21:00:00+00:00,10T1001C--00056R,Gabcikovo - Gonyu,MAVIR,OPPOSITE,SK,HU,Gabcikovo,Gonyu,TieLine,FIXED,380.0,2000.0,1386.0,139.0,-507.0,1224.0,1,False
2024-08-29 21:00:00+00:00,10T1001C--00101B,Cirkovce - Heviz,MAVIR,DIRECT,SI,HU,Cirkovce,Heviz,TieLine,FIXED,380.0,2000.0,1109.0,139.0,510.0,1026.0,3,True
2024-08-29 21:00:00+00:00,10T1001C--00101B,Cirkovce - Heviz,MAVIR,OPPOSITE,SI,HU,Cirkovce,Heviz,TieLine,FIXED,380.0,2000.0,1109.0,139.0,-510.0,967.0,3,True
2024-08-29 21:00:00+00:00,10T1001C--001223,Sokolnice - Zaya - V244,CEPS,DIRECT,CZ,AT,Sokolnice,Zaya,TieLine,DYNAMIC,220.0,800.0,312.0,31.0,61.0,232.0,1,False
2024-08-29 21:00:00+00:00,10T1001C--001223,Sokolnice - Zaya - V244,CEPS,OPPOSITE,CZ,AT,Sokolnice,Zaya,TieLine,DYNAMIC,220.0,800.0,312.0,31.0,-61.0,330.0,1,False
2024-08-29 21:00:00+00:00,11T0-0000-0781-W,Y-Oberzier (-Paffendorf - Sechtem) SECHTM N,AMPRION,DIRECT,DE,DE,Oberzier,Y-Paffendorf,Line,DYNAMIC,380.0,3297.0,2284.0,228.0,1437.0,1162.0,2,False
2024-08-29 21:00:00+00:00,11T0-0000-1496-M,Emscherbruch  - Mengede  RECKLI N,AMPRION,OPPOSITE,DE,DE,Emscherbruch,Mengede,Line,DYNAMIC,380.0,3123.0,2164.0,216.0,-78.0,1681.0,1,False
2024-08-29 21:00:00+00:00,11TD8L555------W,Dresden/Sued - Schmoelln 555,50HERTZ,OPPOSITE,DE,DE,Dresden/Sued,Schmoelln,Line,FIXED,380.0,2500.0,1732.0,173.0,487.0,875.0,1,False
2024-08-29 21:00:00+00:00,14T-220-0-0273BO,Strass - Thaur 273B,APG,DIRECT,AT,AT,Strass,Thaur,Line,SEASONAL,220.0,1229.0,479.0,48.0,140.0,282.0,1,False
2024-08-29 21:00:00+00:00,14T-38220-WT041O,Westtirol 1 - Westtirol 2 WTRHU41,APG,OPPOSITE,AT,AT,Westtirol 1,Westtirol 2,Transformer,SEASONAL,220.0,1443.0,1000.0,100.0,450.0,369.0,4,False
2024-08-29 21:00:00+00:00,15T-M000002791-J,Gonyu - Gyor,MAVIR,DIRECT,HU,HU,Gonyu,Gyor,Line,FIXED,380.0,2000.0,1386.0,139.0,627.0,869.0,1,False
2024-08-29 21:00:00+00:00,19T000000001304A,Krosno Iskrzynia - Rzeszow,PSE,OPPOSITE,PL,PL,Krosno Iskrzynia,Rzeszow,Line,DYNAMIC,380.0,1329.0,921.0,92.0,554.0,439.0,1,False
2024-08-29 21:00:00+00:00,19T0000000063830,Mikulowa PST1,PSE,DIRECT,PL,PL,Mikulowa PST1,Mikulowa PST1,PST,DYNAMIC,380.0,1905.0,1320.0,132.0,786.0,752.0,1,False
2024-08-29 21:00:00+00:00,19T0000000063830,Mikulowa PST1,PSE,OPPOSITE,PL,PL,Mikulowa PST1,Mikulowa PST1,PST,DYNAMIC,380.0,1905.0,1320.0,132.0,-786.0,1624.0,1,False
2024-08-29 21:00:00+00:00,22T-BE-IN-LI018R,Lixhe - Gramme 380.11,ELIA,DIRECT,BE,BE,Gramme,Lixhe,Line,SEASONAL,380.0,2174.0,1506.0,151.0,846.0,924.0,1,False
2024-08-29 21:00:00+00:00,22T-BE-IN-LI02AK,Doel - Zandvliet 380.25,ELIA,DIRECT,BE,BE,Doel,Zandvliet,Line,SEASONAL,380.0,2267.0,1571.0,157.0,341.0,881.0,1,False
2024-08-29 21:00:00+00:00,22T-BE-PST--002U,PST Van Eyck 2,ELIA,DIRECT,BE,BE,Van Eyck,Van Eyck,PST,SEASONAL,380.0,2177.0,1508.0,151.0,266.0,1650.0,4,False
2024-08-29 21:00:00+00:00,22T-BE-PST--002U,PST Van Eyck 2,ELIA,OPPOSITE,BE,BE,Van Eyck,Van Eyck,PST,SEASONAL,380.0,2177.0,1508.0,151.0,-42.0,943.0,4,False
2024-08-29 21:00:00+00:00,24T-V425-0000004,V.Dur - Krizovany,SEPS,DIRECT,SK,SK,V.Dur,Krizovany,Line,FIXED,380.0,2100.0,1455.0,145.0,-609.0,1128.0,1,False
2024-08-29 21:00:00+00:00,24T-V425-0000004,V.Dur - Krizovany,SEPS,OPPOSITE,SK,SK,V.Dur,Krizovany,Line,FIXED,380.0,2100.0,1455.0,145.0,609.0,1492.0,1,False
2024-08-29 21:00:00+00:00,24T-V429-0000005,Gabcikovo - P.Biskupice,SEPS,DIRECT,SK,SK,Gabcikovo,P.Biskupice,Line,FIXED,380.0,2280.0,1580.0,158.0,-548.0,1225.0,1,False
2024-08-29 21:00:00+00:00,24T-V490-000000G,V.Dur - Levice 1,SEPS,DIRECT,SK,SK,V.Dur,Levice,Line,FIXED,380.0,2100.0,1455.0,145.0,1323.0,604.0,1,False
2024-08-29 21:00:00+00:00,24T-V493-000000Q,H.Zdana - Sucany,SEPS,DIRECT,SK,SK,H.Zdana,Sucany,Line,FIXED,380.0,2000.0,1386.0,139.0,84.0,843.0,1,False
2024-08-29 21:00:00+00:00,30T-ROSI400AT--1,TR Rosiori 400/220 1,TRANSELECTRICA,DIRECT,RO,RO,Rosiori,Rosiori,Transformer,SEASONAL,220.0,577.0,400.0,40.0,280.0,104.0,1,False
2024-08-29 21:00:00+00:00,30TPARO220TRGJ-Q,Paroseni - Targu Jiu Nord,TRANSELECTRICA,OPPOSITE,RO,RO,Paroseni,Targu Jiu Nord,Line,SEASONAL,220.0,690.0,269.0,27.0,114.0,130.0,2,False
2024-08-29 21:00:00+00:00,30TPDFE220RESI1S,Portile de Fier - Resita c1,TRANSELECTRICA,DIRECT,RO,RO,Portile de Fier,Resita c1,Line,SEASONAL,220.0,750.0,292.0,29.0,137.0,144.0,1,False
2024-08-29 21:00:00+00:00,30TRESI220TIMI1L,Resita - Timisoara c1,TRANSELECTRICA,DIRECT,RO,RO,Resita,Timisoara c1,Line,SEASONAL,220.0,750.0,292.0,29.0,140.0,158.0,1,False
2024-08-29 21:00:00+00:00,49T0000000000274,Krimpen a/d IJssel - Geertruidenberg 380 Wit,TENNETBV,DIRECT,NL,NL,Krimpen a/d IJssel,Geertruidenberg,Line,SEASONAL,380.0,2826.0,1958.0,196.0,220.0,1954.0,1,False
