AreaCode,local_date,rows,pre_cutoff,area
10Y1001A1001A82H,2025-10-01,96,0,Germany–Luxembourg zone
10Y1001A1001A82H,2025-10-02,96,0,Germany–Luxembourg zone
10Y1001A1001A82H,2025-10-03,96,0,Germany–Luxembourg zone
10Y1001A1001A82H,2025-10-04,96,0,Germany–Luxembourg zone
10Y1001A1001A82H,2025-10-05,96,0,Germany–Luxembourg zone
10Y1001A1001A82H,2025-10-06,96,0,Germany–Luxembourg zone
10Y1001A1001A82H,2025-10-07,96,0,Germany–Luxembourg zone
10Y1001A1001A82H,2025-10-08,96,0,Germany–Luxembourg zone
10Y1001A1001A82H,2025-10-09,96,0,Germany–Luxembourg zone
10Y1001A1001A82H,2025-10-10,96,0,Germany–Luxembourg zone
10Y1001A1001A82H,2025-10-11,96,0,Germany–Luxembourg zone
10Y1001A1001A82H,2025-10-12,96,0,Germany–Luxembourg zone
10Y1001A1001A82H,2025-10-13,96,0,Germany–Luxembourg zone
10Y1001A1001A82H,2025-10-14,96,0,Germany–Luxembourg zone
10Y1001A1001A82H,2025-10-15,96,0,Germany–Luxembourg zone
10Y1001A1001A82H,2025-10-16,96,0,Germany–Luxembourg zone
10Y1001A1001A82H,2025-10-17,96,0,Germany–Luxembourg zone
10Y1001A1001A82H,2025-10-18,96,0,Germany–Luxembourg zone
10Y1001A1001A82H,2025-10-19,96,0,Germany–Luxembourg zone
10Y1001A1001A82H,2025-10-20,96,0,Germany–Luxembourg zone
10Y1001A1001A82H,2025-10-21,96,0,Germany–Luxembourg zone
10Y1001A1001A82H,2025-10-22,96,0,Germany–Luxembourg zone
10Y1001A1001A82H,2025-10-23,96,0,Germany–Luxembourg zone
10Y1001A1001A82H,2025-10-24,96,0,Germany–Luxembourg zone
10Y1001A1001A82H,2025-10-25,96,0,Germany–Luxembourg zone
10Y1001A1001A82H,2025-10-26,100,0,Germany–Luxembourg zone
10Y1001A1001A82H,2025-10-27,96,0,Germany–Luxembourg zone
10Y1001A1001A82H,2025-10-28,96,0,Germany–Luxembourg zone
10Y1001A1001A82H,2025-10-29,96,0,Germany–Luxembourg zone
10Y1001A1001A82H,2025-10-30,96,0,Germany–Luxembourg zone
10Y1001A1001A82H,2025-10-31,96,0,Germany–Luxembourg zone
10Y1001A1001A82H,2025-11-01,96,0,Germany–Luxembourg zone
10Y1001A1001A82H,2025-11-02,96,0,Germany–Luxembourg zone
10Y1001A1001A82H,2025-11-03,96,0,Germany–Luxembourg zone
10Y1001A1001A82H,2025-11-04,96,0,Germany–Luxembourg zone
10Y1001A1001A82H,2025-11-05,96,0,Germany–Luxembourg zone
10Y1001A1001A82H,2025-11-06,96,0,Germany–Luxembourg zone
10Y1001A1001A82H,2025-11-07,96,0,Germany–Luxembourg zone
10Y1001A1001A82H,2025-11-08,96,0,Germany–Luxembourg zone
10Y1001A1001A82H,2025-11-09,96,0,Germany–Luxembourg zone
10Y1001A1001A82H,2025-11-10,96,0,Germany–Luxembourg zone
10Y1001A1001A82H,2025-11-11,96,0,Germany–Luxembourg zone
10Y1001A1001A82H,2025-11-12,96,0,Germany–Luxembourg zone
10Y1001A1001A82H,2025-11-13,96,0,Germany–Luxembourg zone
10Y1001A1001A82H,2025-11-14,96,0,Germany–Luxembourg zone
10Y1001A1001A82H,2025-11-15,96,0,Germany–Luxembourg zone
10Y1001A1001A82H,2025-11-16,96,0,Germany–Luxembourg zone
10Y1001A1001A82H,2025-11-17,96,0,Germany–Luxembourg zone
10Y1001A1001A82H,2025-11-18,96,0,Germany–Luxembourg zone
10Y1001A1001A82H,2025-11-19,96,0,Germany–Luxembourg zone
10Y1001A1001A82H,2025-11-20,96,0,Germany–Luxembourg zone
10Y1001A1001A82H,2025-11-21,96,96,Germany–Luxembourg zone
10Y1001A1001A82H,2025-11-22,96,0,Germany–Luxembourg zone
10Y1001A1001A82H,2025-11-23,96,0,Germany–Luxembourg zone
10Y1001A1001A82H,2025-11-24,96,0,Germany–Luxembourg zone
10Y1001A1001A82H,2025-11-25,96,0,Germany–Luxembourg zone
10Y1001A1001A82H,2025-11-26,96,0,Germany–Luxembourg zone
10Y1001A1001A82H,2025-11-27,96,0,Germany–Luxembourg zone
10Y1001A1001A82H,2025-11-28,96,0,Germany–Luxembourg zone
10Y1001A1001A82H,2025-11-29,96,0,Germany–Luxembourg zone
10Y1001A1001A82H,2025-11-30,96,0,Germany–Luxembourg zone
10Y1001A1001A82H,2025-12-01,96,0,Germany–Luxembourg zone
10Y1001A1001A82H,2025-12-02,96,0,Germany–Luxembourg zone
10Y1001A1001A82H,2025-12-03,96,0,Germany–Luxembourg zone
10Y1001A1001A82H,2025-12-04,96,96,Germany–Luxembourg zone
10Y1001A1001A82H,2025-12-05,96,0,Germany–Luxembourg zone
10Y1001A1001A82H,2025-12-06,96,0,Germany–Luxembourg zone
10Y1001A1001A82H,2025-12-07,96,0,Germany–Luxembourg zone
10Y1001A1001A82H,2025-12-08,96,0,Germany–Luxembourg zone
10Y1001A1001A82H,2025-12-09,96,0,Germany–Luxembourg zone
10Y1001A1001A82H,2025-12-10,96,0,Germany–Luxembourg zone
10Y1001A1001A82H,2025-12-11,96,0,Germany–Luxembourg zone
10Y1001A1001A82H,2025-12-12,96,96,Germany–Luxembourg zone
10Y1001A1001A82H,2025-12-13,96,0,Germany–Luxembourg zone
10Y1001A1001A82H,2025-12-14,96,0,Germany–Luxembourg zone
10Y1001A1001A82H,2025-12-15,96,0,Germany–Luxembourg zone
10Y1001A1001A82H,2025-12-16,96,0,Germany–Luxembourg zone
10Y1001A1001A82H,2025-12-17,96,0,Germany–Luxembourg zone
10Y1001A1001A82H,2025-12-18,96,0,Germany–Luxembourg zone
10Y1001A1001A82H,2025-12-19,96,0,Germany–Luxembourg zone
10Y1001A1001A82H,2025-12-20,96,0,Germany–Luxembourg zone
10Y1001A1001A82H,2025-12-21,96,0,Germany–Luxembourg zone
10Y1001A1001A82H,2025-12-22,96,0,Germany–Luxembourg zone
10Y1001A1001A82H,2025-12-23,96,0,Germany–Luxembourg zone
10Y1001A1001A82H,2025-12-24,96,0,Germany–Luxembourg zone
10Y1001A1001A82H,2025-12-25,96,0,Germany–Luxembourg zone
10Y1001A1001A82H,2025-12-26,96,0,Germany–Luxembourg zone
10Y1001A1001A82H,2025-12-27,96,0,Germany–Luxembourg zone
10Y1001A1001A82H,2025-12-28,96,0,Germany–Luxembourg zone
10Y1001A1001A82H,2025-12-29,96,1,Germany–Luxembourg zone
10Y1001A1001A82H,2025-12-30,96,0,Germany–Luxembourg zone
10Y1001A1001A82H,2025-12-31,96,0,Germany–Luxembourg zone
10Y1001A1001A82H,2026-01-01,96,0,Germany–Luxembourg zone
10Y1001A1001A82H,2026-01-02,96,0,Germany–Luxembourg zone
10Y1001A1001A82H,2026-01-03,96,0,Germany–Luxembourg zone
10Y1001A1001A82H,2026-01-04,96,0,Germany–Luxembourg zone
10Y1001A1001A82H,2026-01-05,96,0,Germany–Luxembourg zone
10Y1001A1001A82H,2026-01-06,96,0,Germany–Luxembourg zone
10Y1001A1001A82H,2026-01-07,96,0,Germany–Luxembourg zone
10Y1001A1001A82H,2026-01-08,96,0,Germany–Luxembourg zone
10Y1001A1001A82H,2026-01-09,96,0,Germany–Luxembourg zone
10Y1001A1001A82H,2026-01-10,96,0,Germany–Luxembourg zone
10Y1001A1001A82H,2026-01-11,96,0,Germany–Luxembourg zone
10Y1001A1001A82H,2026-01-12,96,0,Germany–Luxembourg zone
10Y1001A1001A82H,2026-01-13,96,0,Germany–Luxembourg zone
10Y1001A1001A82H,2026-01-14,96,0,Germany–Luxembourg zone
10Y1001A1001A82H,2026-01-15,96,96,Germany–Luxembourg zone
10Y1001A1001A82H,2026-01-16,96,0,Germany–Luxembourg zone
10Y1001A1001A82H,2026-01-17,96,0,Germany–Luxembourg zone
10Y1001A1001A82H,2026-01-18,96,0,Germany–Luxembourg zone
10Y1001A1001A82H,2026-01-19,96,0,Germany–Luxembourg zone
10Y1001A1001A82H,2026-01-20,96,0,Germany–Luxembourg zone
10Y1001A1001A82H,2026-01-21,96,0,Germany–Luxembourg zone
10Y1001A1001A82H,2026-01-22,96,0,Germany–Luxembourg zone
10Y1001A1001A82H,2026-01-23,96,0,Germany–Luxembourg zone
10Y1001A1001A82H,2026-01-24,96,0,Germany–Luxembourg zone
10Y1001A1001A82H,2026-01-25,96,0,Germany–Luxembourg zone
10Y1001A1001A82H,2026-01-26,96,0,Germany–Luxembourg zone
10Y1001A1001A82H,2026-01-27,96,0,Germany–Luxembourg zone
10Y1001A1001A82H,2026-01-28,96,0,Germany–Luxembourg zone
10Y1001A1001A82H,2026-01-29,96,0,Germany–Luxembourg zone
10Y1001A1001A82H,2026-01-30,96,0,Germany–Luxembourg zone
10Y1001A1001A82H,2026-01-31,96,0,Germany–Luxembourg zone
10Y1001A1001A82H,2026-02-01,96,0,Germany–Luxembourg zone
10Y1001A1001A82H,2026-02-02,96,0,Germany–Luxembourg zone
10Y1001A1001A82H,2026-02-03,96,0,Germany–Luxembourg zone
10Y1001A1001A82H,2026-02-04,96,0,Germany–Luxembourg zone
10Y1001A1001A82H,2026-02-05,96,0,Germany–Luxembourg zone
10Y1001A1001A82H,2026-02-06,96,0,Germany–Luxembourg zone
10Y1001A1001A82H,2026-02-07,96,0,Germany–Luxembourg zone
10Y1001A1001A82H,2026-02-08,96,0,Germany–Luxembourg zone
10Y1001A1001A82H,2026-02-09,96,0,Germany–Luxembourg zone
10Y1001A1001A82H,2026-02-10,96,0,Germany–Luxembourg zone
10Y1001A1001A82H,2026-02-11,96,0,Germany–Luxembourg zone
10Y1001A1001A82H,2026-02-12,96,0,Germany–Luxembourg zone
10Y1001A1001A82H,2026-02-13,96,96,Germany–Luxembourg zone
10Y1001A1001A82H,2026-02-14,96,0,Germany–Luxembourg zone
10Y1001A1001A82H,2026-02-15,96,0,Germany–Luxembourg zone
10Y1001A1001A82H,2026-02-16,96,0,Germany–Luxembourg zone
10Y1001A1001A82H,2026-02-17,96,0,Germany–Luxembourg zone
10Y1001A1001A82H,2026-02-18,96,0,Germany–Luxembourg zone
10Y1001A1001A82H,2026-02-19,96,0,Germany–Luxembourg zone
10Y1001A1001A82H,2026-02-20,96,1,Germany–Luxembourg zone
10Y1001A1001A82H,2026-02-21,96,0,Germany–Luxembourg zone
10Y1001A1001A82H,2026-02-22,96,0,Germany–Luxembourg zone
10Y1001A1001A82H,2026-02-23,96,0,Germany–Luxembourg zone
10Y1001A1001A82H,2026-02-24,96,0,Germany–Luxembourg zone
10Y1001A1001A82H,2026-02-25,96,0,Germany–Luxembourg zone
10Y1001A1001A82H,2026-02-26,96,0,Germany–Luxembourg zone
10Y1001A1001A82H,2026-02-27,96,0,Germany–Luxembourg zone
10Y1001A1001A82H,2026-02-28,96,0,Germany–Luxembourg zone
10Y1001A1001A82H,2026-03-01,96,0,Germany–Luxembourg zone
10Y1001A1001A82H,2026-03-02,96,2,Germany–Luxembourg zone
10Y1001A1001A82H,2026-03-03,96,0,Germany–Luxembourg zone
10Y1001A1001A82H,2026-03-04,96,0,Germany–Luxembourg zone
10Y1001A1001A82H,2026-03-05,96,0,Germany–Luxembourg zone
10Y1001A1001A82H,2026-03-06,96,0,Germany–Luxembourg zone
10Y1001A1001A82H,2026-03-07,96,0,Germany–Luxembourg zone
10Y1001A1001A82H,2026-03-08,96,1,Germany–Luxembourg zone
10Y1001A1001A82H,2026-03-09,96,0,Germany–Luxembourg zone
10Y1001A1001A82H,2026-03-10,96,96,Germany–Luxembourg zone
10Y1001A1001A82H,2026-03-11,96,0,Germany–Luxembourg zone
10Y1001A1001A82H,2026-03-12,96,0,Germany–Luxembourg zone
10Y1001A1001A82H,2026-03-13,96,0,Germany–Luxembourg zone
10Y1001A1001A82H,2026-03-14,96,0,Germany–Luxembourg zone
10Y1001A1001A82H,2026-03-15,96,0,Germany–Luxembourg zone
10Y1001A1001A82H,2026-03-16,96,0,Germany–Luxembourg zone
10Y1001A1001A82H,2026-03-17,96,0,Germany–Luxembourg zone
10Y1001A1001A82H,2026-03-18,96,0,Germany–Luxembourg zone
10Y1001A1001A82H,2026-03-19,96,0,Germany–Luxembourg zone
10Y1001A1001A82H,2026-03-20,96,0,Germany–Luxembourg zone
10Y1001A1001A82H,2026-03-21,96,0,Germany–Luxembourg zone
10Y1001A1001A82H,2026-03-22,96,0,Germany–Luxembourg zone
10Y1001A1001A82H,2026-03-23,96,0,Germany–Luxembourg zone
10Y1001A1001A82H,2026-03-24,96,0,Germany–Luxembourg zone
10Y1001A1001A82H,2026-03-25,96,0,Germany–Luxembourg zone
10Y1001A1001A82H,2026-03-26,96,0,Germany–Luxembourg zone
10Y1001A1001A82H,2026-03-27,96,0,Germany–Luxembourg zone
10Y1001A1001A82H,2026-03-28,96,0,Germany–Luxembourg zone
10Y1001A1001A82H,2026-03-29,92,0,Germany–Luxembourg zone
10Y1001A1001A82H,2026-03-30,96,4,Germany–Luxembourg zone
10Y1001A1001A82H,2026-03-31,96,1,Germany–Luxembourg zone
10Y1001A1001A82H,2026-04-01,96,0,Germany–Luxembourg zone
10Y1001A1001A82H,2026-04-02,96,0,Germany–Luxembourg zone
10Y1001A1001A82H,2026-04-03,96,96,Germany–Luxembourg zone
10Y1001A1001A82H,2026-04-04,96,0,Germany–Luxembourg zone
10Y1001A1001A82H,2026-04-05,96,0,Germany–Luxembourg zone
10Y1001A1001A82H,2026-04-06,96,0,Germany–Luxembourg zone
10Y1001A1001A82H,2026-04-07,96,0,Germany–Luxembourg zone
10Y1001A1001A82H,2026-04-08,96,0,Germany–Luxembourg zone
10Y1001A1001A82H,2026-04-09,96,0,Germany–Luxembourg zone
10Y1001A1001A82H,2026-04-10,96,0,Germany–Luxembourg zone
10Y1001A1001A82H,2026-04-11,96,0,Germany–Luxembourg zone
10Y1001A1001A82H,2026-04-12,96,0,Germany–Luxembourg zone
10Y1001A1001A82H,2026-04-13,96,0,Germany–Luxembourg zone
10Y1001A1001A82H,2026-04-14,96,0,Germany–Luxembourg zone
10Y1001A1001A82H,2026-04-15,96,0,Germany–Luxembourg zone
10Y1001A1001A82H,2026-04-16,96,0,Germany–Luxembourg zone
10Y1001A1001A82H,2026-04-17,96,0,Germany–Luxembourg zone
10Y1001A1001A82H,2026-04-18,96,0,Germany–Luxembourg zone
10Y1001A1001A82H,2026-04-19,96,0,Germany–Luxembourg zone
10Y1001A1001A82H,2026-04-20,96,0,Germany–Luxembourg zone
10Y1001A1001A82H,2026-04-21,96,0,Germany–Luxembourg zone
10Y1001A1001A82H,2026-04-22,96,1,Germany–Luxembourg zone
10Y1001A1001A82H,2026-04-23,96,0,Germany–Luxembourg zone
10Y1001A1001A82H,2026-04-24,96,0,Germany–Luxembourg zone
10Y1001A1001A82H,2026-04-25,96,0,Germany–Luxembourg zone
10Y1001A1001A82H,2026-04-26,96,1,Germany–Luxembourg zone
10Y1001A1001A82H,2026-04-27,96,0,Germany–Luxembourg zone
10Y1001A1001A82H,2026-04-28,96,0,Germany–Luxembourg zone
10Y1001A1001A82H,2026-04-29,96,0,Germany–Luxembourg zone
10Y1001A1001A82H,2026-04-30,96,0,Germany–Luxembourg zone
10Y1001A1001A82H,2026-05-01,96,0,Germany–Luxembourg zone
10Y1001A1001A82H,2026-05-02,96,0,Germany–Luxembourg zone
10Y1001A1001A82H,2026-05-03,96,0,Germany–Luxembourg zone
10Y1001A1001A82H,2026-05-04,96,0,Germany–Luxembourg zone
10Y1001A1001A82H,2026-05-05,96,0,Germany–Luxembourg zone
10Y1001A1001A82H,2026-05-06,96,0,Germany–Luxembourg zone
10Y1001A1001A82H,2026-05-07,96,0,Germany–Luxembourg zone
10Y1001A1001A82H,2026-05-08,96,0,Germany–Luxembourg zone
10Y1001A1001A82H,2026-05-09,96,0,Germany–Luxembourg zone
10Y1001A1001A82H,2026-05-10,96,0,Germany–Luxembourg zone
10Y1001A1001A82H,2026-05-11,96,0,Germany–Luxembourg zone
10Y1001A1001A82H,2026-05-12,96,0,Germany–Luxembourg zone
10Y1001A1001A82H,2026-05-13,96,0,Germany–Luxembourg zone
10Y1001A1001A82H,2026-05-14,96,0,Germany–Luxembourg zone
10Y1001A1001A82H,2026-05-15,96,0,Germany–Luxembourg zone
10Y1001A1001A82H,2026-05-16,96,0,Germany–Luxembourg zone
10Y1001A1001A82H,2026-05-17,96,1,Germany–Luxembourg zone
10Y1001A1001A82H,2026-05-18,96,0,Germany–Luxembourg zone
10Y1001A1001A82H,2026-05-19,96,0,Germany–Luxembourg zone
10Y1001A1001A82H,2026-05-20,96,0,Germany–Luxembourg zone
10Y1001A1001A82H,2026-05-21,96,96,Germany–Luxembourg zone
10Y1001A1001A82H,2026-05-22,96,0,Germany–Luxembourg zone
10Y1001A1001A82H,2026-05-23,96,0,Germany–Luxembourg zone
10Y1001A1001A82H,2026-05-24,96,0,Germany–Luxembourg zone
10Y1001A1001A82H,2026-05-25,96,0,Germany–Luxembourg zone
10Y1001A1001A82H,2026-05-26,96,0,Germany–Luxembourg zone
10Y1001A1001A82H,2026-05-27,96,0,Germany–Luxembourg zone
10Y1001A1001A82H,2026-05-28,96,0,Germany–Luxembourg zone
10Y1001A1001A82H,2026-05-29,96,0,Germany–Luxembourg zone
10Y1001A1001A82H,2026-05-30,96,1,Germany–Luxembourg zone
10Y1001A1001A82H,2026-05-31,96,1,Germany–Luxembourg zone
10Y1001A1001A82H,2026-06-01,96,0,Germany–Luxembourg zone
10Y1001A1001A82H,2026-06-02,96,0,Germany–Luxembourg zone
10Y1001A1001A82H,2026-06-03,96,0,Germany–Luxembourg zone
10Y1001A1001A82H,2026-06-04,96,0,Germany–Luxembourg zone
10Y1001A1001A82H,2026-06-05,96,1,Germany–Luxembourg zone
10Y1001A1001A82H,2026-06-06,96,0,Germany–Luxembourg zone
10Y1001A1001A82H,2026-06-07,96,0,Germany–Luxembourg zone
10Y1001A1001A82H,2026-06-08,96,0,Germany–Luxembourg zone
10Y1001A1001A82H,2026-06-09,96,0,Germany–Luxembourg zone
10Y1001A1001A82H,2026-06-10,96,0,Germany–Luxembourg zone
10Y1001A1001A82H,2026-06-11,96,0,Germany–Luxembourg zone
10Y1001A1001A82H,2026-06-12,96,0,Germany–Luxembourg zone
10Y1001A1001A82H,2026-06-13,96,0,Germany–Luxembourg zone
10Y1001A1001A82H,2026-06-14,96,0,Germany–Luxembourg zone
10Y1001A1001A82H,2026-06-15,96,0,Germany–Luxembourg zone
10Y1001A1001A82H,2026-06-16,96,0,Germany–Luxembourg zone
10Y1001A1001A82H,2026-06-17,96,0,Germany–Luxembourg zone
10Y1001A1001A82H,2026-06-18,96,0,Germany–Luxembourg zone
10Y1001A1001A82H,2026-06-19,96,0,Germany–Luxembourg zone
10Y1001A1001A82H,2026-06-20,96,0,Germany–Luxembourg zone
10Y1001A1001A82H,2026-06-21,96,0,Germany–Luxembourg zone
10Y1001A1001A82H,2026-06-22,96,0,Germany–Luxembourg zone
10Y1001A1001A82H,2026-06-23,96,0,Germany–Luxembourg zone
10Y1001A1001A82H,2026-06-24,96,0,Germany–Luxembourg zone
10Y1001A1001A82H,2026-06-25,96,0,Germany–Luxembourg zone
10Y1001A1001A82H,2026-06-26,96,0,Germany–Luxembourg zone
10Y1001A1001A82H,2026-06-27,96,0,Germany–Luxembourg zone
10Y1001A1001A82H,2026-06-28,96,0,Germany–Luxembourg zone
10Y1001A1001A82H,2026-06-29,96,0,Germany–Luxembourg zone
10Y1001A1001A82H,2026-06-30,96,0,Germany–Luxembourg zone
10Y1001A1001A82H,2026-07-01,96,0,Germany–Luxembourg zone
10Y1001A1001A82H,2026-07-02,96,0,Germany–Luxembourg zone
10Y1001A1001A82H,2026-07-03,96,0,Germany–Luxembourg zone
10Y1001A1001A82H,2026-07-04,96,0,Germany–Luxembourg zone
10Y1001A1001A82H,2026-07-05,96,0,Germany–Luxembourg zone
10Y1001A1001A82H,2026-07-06,96,0,Germany–Luxembourg zone
10Y1001A1001A82H,2026-07-07,96,0,Germany–Luxembourg zone
10Y1001A1001A82H,2026-07-08,96,0,Germany–Luxembourg zone
10Y1001A1001A82H,2026-07-09,96,0,Germany–Luxembourg zone
10Y1001A1001A82H,2026-07-10,96,0,Germany–Luxembourg zone
10Y1001A1001A82H,2026-07-11,96,0,Germany–Luxembourg zone
10Y1001A1001A82H,2026-07-12,96,0,Germany–Luxembourg zone
10Y1001A1001A82H,2026-07-13,96,0,Germany–Luxembourg zone
10Y1001A1001A82H,2026-07-14,96,2,Germany–Luxembourg zone
10Y1001A1001A82H,2026-07-15,96,0,Germany–Luxembourg zone
10Y1001A1001A82H,2026-07-16,96,0,Germany–Luxembourg zone
10Y1001A1001A82H,2026-07-17,96,0,Germany–Luxembourg zone
10Y1001A1001A82H,2026-07-18,96,0,Germany–Luxembourg zone
10Y1001A1001A82H,2026-07-19,96,0,Germany–Luxembourg zone
10Y1001A1001A82H,2026-07-20,96,0,Germany–Luxembourg zone
10Y1001A1001A82H,2026-07-21,96,0,Germany–Luxembourg zone
10Y1001A1001A82H,2026-07-22,96,0,Germany–Luxembourg zone
10Y1001A1001A82H,2026-07-23,96,0,Germany–Luxembourg zone
10Y1001A1001A82H,2026-07-24,96,0,Germany–Luxembourg zone
10Y1001A1001A82H,2026-07-25,96,0,Germany–Luxembourg zone
10Y1001A1001A82H,2026-07-26,96,0,Germany–Luxembourg zone
10Y1001A1001A82H,2026-07-27,96,0,Germany–Luxembourg zone
10Y1001A1001A82H,2026-07-28,96,0,Germany–Luxembourg zone
10Y1001A1001A82H,2026-07-29,96,0,Germany–Luxembourg zone
10Y1001A1001A82H,2026-07-30,96,0,Germany–Luxembourg zone
10Y1001A1001A82H,2026-07-31,96,0,Germany–Luxembourg zone
10Y1001A1001A82H,2026-08-01,96,0,Germany–Luxembourg zone
10Y1001A1001A82H,2026-08-02,96,0,Germany–Luxembourg zone
10Y1001A1001A82H,2026-08-03,96,0,Germany–Luxembourg zone
10Y1001A1001A82H,2026-08-04,96,0,Germany–Luxembourg zone
10Y1001A1001A82H,2026-08-05,96,0,Germany–Luxembourg zone
10Y1001A1001A82H,2026-08-06,96,0,Germany–Luxembourg zone
10Y1001A1001A82H,2026-08-07,96,96,Germany–Luxembourg zone
10Y1001A1001A82H,2026-08-08,96,0,Germany–Luxembourg zone
10Y1001A1001A82H,2026-08-09,96,1,Germany–Luxembourg zone
10Y1001A1001A82H,2026-08-10,96,0,Germany–Luxembourg zone
10Y1001A1001A82H,2026-08-11,96,0,Germany–Luxembourg zone
10Y1001A1001A82H,2026-08-12,96,0,Germany–Luxembourg zone
10Y1001A1001A82H,2026-08-13,96,0,Germany–Luxembourg zone
10Y1001A1001A82H,2026-08-14,96,0,Germany–Luxembourg zone
10Y1001A1001A82H,2026-08-15,96,0,Germany–Luxembourg zone
10Y1001A1001A82H,2026-08-16,96,0,Germany–Luxembourg zone
10Y1001A1001A82H,2026-08-17,96,0,Germany–Luxembourg zone
10Y1001A1001A82H,2026-08-18,96,0,Germany–Luxembourg zone
10Y1001A1001A82H,2026-08-19,96,0,Germany–Luxembourg zone
10Y1001A1001A82H,2026-08-20,96,2,Germany–Luxembourg zone
10Y1001A1001A82H,2026-08-21,96,0,Germany–Luxembourg zone
10Y1001A1001A82H,2026-08-22,96,0,Germany–Luxembourg zone
10Y1001A1001A82H,2026-08-23,96,0,Germany–Luxembourg zone
10Y1001A1001A82H,2026-08-24,96,0,Germany–Luxembourg zone
10Y1001A1001A82H,2026-08-25,96,0,Germany–Luxembourg zone
10Y1001A1001A82H,2026-08-26,96,0,Germany–Luxembourg zone
10Y1001A1001A82H,2026-08-27,96,0,Germany–Luxembourg zone
10Y1001A1001A82H,2026-08-28,96,0,Germany–Luxembourg zone
10Y1001A1001A82H,2026-08-29,96,0,Germany–Luxembourg zone
10Y1001A1001A82H,2026-08-30,96,0,Germany–Luxembourg zone
10Y1001A1001A82H,2026-08-31,96,0,Germany–Luxembourg zone
10Y1001A1001A82H,2026-09-01,96,0,Germany–Luxembourg zone
10Y1001A1001A82H,2026-09-02,96,0,Germany–Luxembourg zone
10Y1001A1001A82H,2026-09-03,96,0,Germany–Luxembourg zone
10Y1001A1001A82H,2026-09-04,96,0,Germany–Luxembourg zone
10Y1001A1001A82H,2026-09-05,96,0,Germany–Luxembourg zone
10Y1001A1001A82H,2026-09-06,96,0,Germany–Luxembourg zone
10Y1001A1001A82H,2026-09-07,96,0,Germany–Luxembourg zone
10Y1001A1001A82H,2026-09-08,96,0,Germany–Luxembourg zone
10Y1001A1001A82H,2026-09-09,96,0,Germany–Luxembourg zone
10Y1001A1001A82H,2026-09-10,96,0,Germany–Luxembourg zone
10Y1001A1001A82H,2026-09-11,96,0,Germany–Luxembourg zone
10Y1001A1001A82H,2026-09-12,96,0,Germany–Luxembourg zone
10Y1001A1001A82H,2026-09-13,96,0,Germany–Luxembourg zone
10Y1001A1001A82H,2026-09-14,96,0,Germany–Luxembourg zone
10Y1001A1001A82H,2026-09-15,96,0,Germany–Luxembourg zone
10Y1001A1001A82H,2026-09-16,96,0,Germany–Luxembourg zone
10Y1001A1001A82H,2026-09-17,96,0,Germany–Luxembourg zone
10Y1001A1001A82H,2026-09-18,96,0,Germany–Luxembourg zone
10Y1001A1001A82H,2026-09-19,96,0,Germany–Luxembourg zone
10Y1001A1001A82H,2026-09-20,96,0,Germany–Luxembourg zone
10Y1001A1001A82H,2026-09-21,96,0,Germany–Luxembourg zone
10Y1001A1001A82H,2026-09-22,96,0,Germany–Luxembourg zone
10Y1001A1001A82H,2026-09-23,96,0,Germany–Luxembourg zone
10Y1001A1001A82H,2026-09-24,96,0,Germany–Luxembourg zone
10Y1001A1001A82H,2026-09-25,96,0,Germany–Luxembourg zone
10Y1001A1001A82H,2026-09-26,96,0,Germany–Luxembourg zone
10Y1001A1001A82H,2026-09-27,96,0,Germany–Luxembourg zone
10Y1001A1001A82H,2026-09-28,96,0,Germany–Luxembourg zone
10Y1001A1001A82H,2026-09-29,96,0,Germany–Luxembourg zone
10Y1001A1001A82H,2026-09-30,96,0,Germany–Luxembourg zone
10Y1001A1001A83F,2025-10-01,96,0,Germany country
10Y1001A1001A83F,2025-10-02,96,0,Germany country
10Y1001A1001A83F,2025-10-03,96,0,Germany country
10Y1001A1001A83F,2025-10-04,96,0,Germany country
10Y1001A1001A83F,2025-10-05,96,0,Germany country
10Y1001A1001A83F,2025-10-06,96,0,Germany country
10Y1001A1001A83F,2025-10-07,96,0,Germany country
10Y1001A1001A83F,2025-10-08,96,0,Germany country
10Y1001A1001A83F,2025-10-09,96,0,Germany country
10Y1001A1001A83F,2025-10-10,96,0,Germany country
10Y1001A1001A83F,2025-10-11,96,0,Germany country
10Y1001A1001A83F,2025-10-12,96,0,Germany country
10Y1001A1001A83F,2025-10-13,96,0,Germany country
10Y1001A1001A83F,2025-10-14,96,0,Germany country
10Y1001A1001A83F,2025-10-15,96,0,Germany country
10Y1001A1001A83F,2025-10-16,96,0,Germany country
10Y1001A1001A83F,2025-10-17,96,0,Germany country
10Y1001A1001A83F,2025-10-18,96,0,Germany country
10Y1001A1001A83F,2025-10-19,96,0,Germany country
10Y1001A1001A83F,2025-10-20,96,0,Germany country
10Y1001A1001A83F,2025-10-21,96,0,Germany country
10Y1001A1001A83F,2025-10-22,96,0,Germany country
10Y1001A1001A83F,2025-10-23,96,0,Germany country
10Y1001A1001A83F,2025-10-24,96,0,Germany country
10Y1001A1001A83F,2025-10-25,96,0,Germany country
10Y1001A1001A83F,2025-10-26,100,0,Germany country
10Y1001A1001A83F,2025-10-27,96,0,Germany country
10Y1001A1001A83F,2025-10-28,96,0,Germany country
10Y1001A1001A83F,2025-10-29,96,0,Germany country
10Y1001A1001A83F,2025-10-30,96,0,Germany country
10Y1001A1001A83F,2025-10-31,96,0,Germany country
10Y1001A1001A83F,2025-11-01,96,0,Germany country
10Y1001A1001A83F,2025-11-02,96,0,Germany country
10Y1001A1001A83F,2025-11-03,96,0,Germany country
10Y1001A1001A83F,2025-11-04,96,0,Germany country
10Y1001A1001A83F,2025-11-05,96,0,Germany country
10Y1001A1001A83F,2025-11-06,96,0,Germany country
10Y1001A1001A83F,2025-11-07,96,0,Germany country
10Y1001A1001A83F,2025-11-08,96,0,Germany country
10Y1001A1001A83F,2025-11-09,96,0,Germany country
10Y1001A1001A83F,2025-11-10,96,0,Germany country
10Y1001A1001A83F,2025-11-11,96,0,Germany country
10Y1001A1001A83F,2025-11-12,96,96,Germany country
10Y1001A1001A83F,2025-11-13,96,96,Germany country
10Y1001A1001A83F,2025-11-14,96,96,Germany country
10Y1001A1001A83F,2025-11-15,96,96,Germany country
10Y1001A1001A83F,2025-11-16,96,96,Germany country
10Y1001A1001A83F,2025-11-17,96,96,Germany country
10Y1001A1001A83F,2025-11-18,96,96,Germany country
10Y1001A1001A83F,2025-11-19,96,96,Germany country
10Y1001A1001A83F,2025-11-20,96,96,Germany country
10Y1001A1001A83F,2025-11-21,96,96,Germany country
10Y1001A1001A83F,2025-11-22,96,96,Germany country
10Y1001A1001A83F,2025-11-23,96,96,Germany country
10Y1001A1001A83F,2025-11-24,96,96,Germany country
10Y1001A1001A83F,2025-11-25,96,96,Germany country
10Y1001A1001A83F,2025-11-26,96,96,Germany country
10Y1001A1001A83F,2025-11-27,96,96,Germany country
10Y1001A1001A83F,2025-11-28,96,96,Germany country
10Y1001A1001A83F,2025-11-29,96,96,Germany country
10Y1001A1001A83F,2025-11-30,96,96,Germany country
10Y1001A1001A83F,2025-12-01,96,96,Germany country
10Y1001A1001A83F,2025-12-02,96,96,Germany country
10Y1001A1001A83F,2025-12-03,96,96,Germany country
10Y1001A1001A83F,2025-12-04,96,96,Germany country
10Y1001A1001A83F,2025-12-05,96,96,Germany country
10Y1001A1001A83F,2025-12-06,96,96,Germany country
10Y1001A1001A83F,2025-12-07,96,96,Germany country
10Y1001A1001A83F,2025-12-08,96,96,Germany country
10Y1001A1001A83F,2025-12-09,96,96,Germany country
10Y1001A1001A83F,2025-12-10,96,0,Germany country
10Y1001A1001A83F,2025-12-11,96,96,Germany country
10Y1001A1001A83F,2025-12-12,96,96,Germany country
10Y1001A1001A83F,2025-12-13,96,96,Germany country
10Y1001A1001A83F,2025-12-14,96,96,Germany country
10Y1001A1001A83F,2025-12-15,96,96,Germany country
10Y1001A1001A83F,2025-12-16,96,96,Germany country
10Y1001A1001A83F,2025-12-17,96,96,Germany country
10Y1001A1001A83F,2025-12-18,96,96,Germany country
10Y1001A1001A83F,2025-12-19,96,96,Germany country
10Y1001A1001A83F,2025-12-20,96,96,Germany country
10Y1001A1001A83F,2025-12-21,96,96,Germany country
10Y1001A1001A83F,2025-12-22,96,96,Germany country
10Y1001A1001A83F,2025-12-23,96,96,Germany country
10Y1001A1001A83F,2025-12-24,96,96,Germany country
10Y1001A1001A83F,2025-12-25,96,96,Germany country
10Y1001A1001A83F,2025-12-26,96,96,Germany country
10Y1001A1001A83F,2025-12-27,96,96,Germany country
10Y1001A1001A83F,2025-12-28,96,96,Germany country
10Y1001A1001A83F,2025-12-29,96,96,Germany country
10Y1001A1001A83F,2025-12-30,96,96,Germany country
10Y1001A1001A83F,2025-12-31,96,96,Germany country
10Y1001A1001A83F,2026-01-01,96,0,Germany country
10Y1001A1001A83F,2026-01-02,96,96,Germany country
10Y1001A1001A83F,2026-01-03,96,0,Germany country
10Y1001A1001A83F,2026-01-04,96,96,Germany country
10Y1001A1001A83F,2026-01-05,96,96,Germany country
10Y1001A1001A83F,2026-01-06,96,0,Germany country
10Y1001A1001A83F,2026-01-07,96,0,Germany country
10Y1001A1001A83F,2026-01-08,96,96,Germany country
10Y1001A1001A83F,2026-01-09,96,96,Germany country
10Y1001A1001A83F,2026-01-10,96,96,Germany country
10Y1001A1001A83F,2026-01-11,96,96,Germany country
10Y1001A1001A83F,2026-01-12,96,96,Germany country
10Y1001A1001A83F,2026-01-13,96,96,Germany country
10Y1001A1001A83F,2026-01-14,96,96,Germany country
10Y1001A1001A83F,2026-01-15,96,96,Germany country
10Y1001A1001A83F,2026-01-16,96,96,Germany country
10Y1001A1001A83F,2026-01-17,96,96,Germany country
10Y1001A1001A83F,2026-01-18,96,96,Germany country
10Y1001A1001A83F,2026-01-19,96,96,Germany country
10Y1001A1001A83F,2026-01-20,96,96,Germany country
10Y1001A1001A83F,2026-01-21,96,96,Germany country
10Y1001A1001A83F,2026-01-22,96,96,Germany country
10Y1001A1001A83F,2026-01-23,96,96,Germany country
10Y1001A1001A83F,2026-01-24,96,96,Germany country
10Y1001A1001A83F,2026-01-25,96,96,Germany country
10Y1001A1001A83F,2026-01-26,96,96,Germany country
10Y1001A1001A83F,2026-01-27,96,96,Germany country
10Y1001A1001A83F,2026-01-28,96,96,Germany country
10Y1001A1001A83F,2026-01-29,96,96,Germany country
10Y1001A1001A83F,2026-01-30,96,96,Germany country
10Y1001A1001A83F,2026-01-31,96,96,Germany country
10Y1001A1001A83F,2026-02-01,96,96,Germany country
10Y1001A1001A83F,2026-02-02,96,96,Germany country
10Y1001A1001A83F,2026-02-03,96,96,Germany country
10Y1001A1001A83F,2026-02-04,96,96,Germany country
10Y1001A1001A83F,2026-02-05,96,96,Germany country
10Y1001A1001A83F,2026-02-06,96,96,Germany country
10Y1001A1001A83F,2026-02-07,96,96,Germany country
10Y1001A1001A83F,2026-02-08,96,96,Germany country
10Y1001A1001A83F,2026-02-09,96,96,Germany country
10Y1001A1001A83F,2026-02-10,96,96,Germany country
10Y1001A1001A83F,2026-02-11,96,96,Germany country
10Y1001A1001A83F,2026-02-12,96,96,Germany country
10Y1001A1001A83F,2026-02-13,96,96,Germany country
10Y1001A1001A83F,2026-02-14,96,96,Germany country
10Y1001A1001A83F,2026-02-15,96,96,Germany country
10Y1001A1001A83F,2026-02-16,96,96,Germany country
10Y1001A1001A83F,2026-02-17,96,96,Germany country
10Y1001A1001A83F,2026-02-18,96,96,Germany country
10Y1001A1001A83F,2026-02-19,96,96,Germany country
10Y1001A1001A83F,2026-02-20,96,96,Germany country
10Y1001A1001A83F,2026-02-21,96,96,Germany country
10Y1001A1001A83F,2026-02-22,96,96,Germany country
10Y1001A1001A83F,2026-02-23,96,96,Germany country
10Y1001A1001A83F,2026-02-24,96,96,Germany country
10Y1001A1001A83F,2026-02-25,96,96,Germany country
10Y1001A1001A83F,2026-02-26,96,96,Germany country
10Y1001A1001A83F,2026-02-27,96,96,Germany country
10Y1001A1001A83F,2026-02-28,96,96,Germany country
10Y1001A1001A83F,2026-03-01,96,96,Germany country
10Y1001A1001A83F,2026-03-02,96,96,Germany country
10Y1001A1001A83F,2026-03-03,96,96,Germany country
10Y1001A1001A83F,2026-03-04,96,96,Germany country
10Y1001A1001A83F,2026-03-05,96,0,Germany country
10Y1001A1001A83F,2026-03-06,96,96,Germany country
10Y1001A1001A83F,2026-03-07,96,96,Germany country
10Y1001A1001A83F,2026-03-08,96,96,Germany country
10Y1001A1001A83F,2026-03-09,96,96,Germany country
10Y1001A1001A83F,2026-03-10,96,96,Germany country
10Y1001A1001A83F,2026-03-11,96,96,Germany country
10Y1001A1001A83F,2026-03-12,96,96,Germany country
10Y1001A1001A83F,2026-03-13,96,0,Germany country
10Y1001A1001A83F,2026-03-14,96,96,Germany country
10Y1001A1001A83F,2026-03-15,96,96,Germany country
10Y1001A1001A83F,2026-03-16,96,96,Germany country
10Y1001A1001A83F,2026-03-17,96,96,Germany country
10Y1001A1001A83F,2026-03-18,96,96,Germany country
10Y1001A1001A83F,2026-03-19,96,96,Germany country
10Y1001A1001A83F,2026-03-20,96,96,Germany country
10Y1001A1001A83F,2026-03-21,96,0,Germany country
10Y1001A1001A83F,2026-03-22,96,96,Germany country
10Y1001A1001A83F,2026-03-23,96,96,Germany country
10Y1001A1001A83F,2026-03-24,96,0,Germany country
10Y1001A1001A83F,2026-03-25,96,0,Germany country
10Y1001A1001A83F,2026-03-26,96,0,Germany country
10Y1001A1001A83F,2026-03-27,96,0,Germany country
10Y1001A1001A83F,2026-03-28,96,0,Germany country
10Y1001A1001A83F,2026-03-29,92,0,Germany country
10Y1001A1001A83F,2026-03-30,96,96,Germany country
10Y1001A1001A83F,2026-03-31,96,96,Germany country
10Y1001A1001A83F,2026-04-01,96,96,Germany country
10Y1001A1001A83F,2026-04-02,96,96,Germany country
10Y1001A1001A83F,2026-04-03,96,96,Germany country
10Y1001A1001A83F,2026-04-04,96,0,Germany country
10Y1001A1001A83F,2026-04-05,96,96,Germany country
10Y1001A1001A83F,2026-04-06,96,96,Germany country
10Y1001A1001A83F,2026-04-07,96,96,Germany country
10Y1001A1001A83F,2026-04-08,96,96,Germany country
10Y1001A1001A83F,2026-04-09,96,96,Germany country
10Y1001A1001A83F,2026-04-10,96,96,Germany country
10Y1001A1001A83F,2026-04-11,96,96,Germany country
10Y1001A1001A83F,2026-04-12,96,96,Germany country
10Y1001A1001A83F,2026-04-13,96,96,Germany country
10Y1001A1001A83F,2026-04-14,96,96,Germany country
10Y1001A1001A83F,2026-04-15,96,96,Germany country
10Y1001A1001A83F,2026-04-16,96,96,Germany country
10Y1001A1001A83F,2026-04-17,96,96,Germany country
10Y1001A1001A83F,2026-04-18,96,96,Germany country
10Y1001A1001A83F,2026-04-19,96,0,Germany country
10Y1001A1001A83F,2026-04-20,96,0,Germany country
10Y1001A1001A83F,2026-04-21,96,0,Germany country
10Y1001A1001A83F,2026-04-22,96,96,Germany country
10Y1001A1001A83F,2026-04-23,96,96,Germany country
10Y1001A1001A83F,2026-04-24,96,96,Germany country
10Y1001A1001A83F,2026-04-25,96,96,Germany country
10Y1001A1001A83F,2026-04-26,96,96,Germany country
10Y1001A1001A83F,2026-04-27,96,96,Germany country
10Y1001A1001A83F,2026-04-28,96,0,Germany country
10Y1001A1001A83F,2026-04-29,96,96,Germany country
10Y1001A1001A83F,2026-04-30,96,96,Germany country
10Y1001A1001A83F,2026-05-01,96,96,Germany country
10Y1001A1001A83F,2026-05-02,96,96,Germany country
10Y1001A1001A83F,2026-05-03,96,96,Germany country
10Y1001A1001A83F,2026-05-04,96,96,Germany country
10Y1001A1001A83F,2026-05-05,96,96,Germany country
10Y1001A1001A83F,2026-05-06,96,96,Germany country
10Y1001A1001A83F,2026-05-07,96,96,Germany country
10Y1001A1001A83F,2026-05-08,96,96,Germany country
10Y1001A1001A83F,2026-05-09,96,96,Germany country
10Y1001A1001A83F,2026-05-10,96,96,Germany country
10Y1001A1001A83F,2026-05-11,96,96,Germany country
10Y1001A1001A83F,2026-05-12,96,96,Germany country
10Y1001A1001A83F,2026-05-13,96,0,Germany country
10Y1001A1001A83F,2026-05-14,96,96,Germany country
10Y1001A1001A83F,2026-05-15,96,96,Germany country
10Y1001A1001A83F,2026-05-16,96,96,Germany country
10Y1001A1001A83F,2026-05-17,96,96,Germany country
10Y1001A1001A83F,2026-05-18,96,96,Germany country
10Y1001A1001A83F,2026-05-19,96,96,Germany country
10Y1001A1001A83F,2026-05-20,96,96,Germany country
10Y1001A1001A83F,2026-05-21,96,96,Germany country
10Y1001A1001A83F,2026-05-22,96,0,Germany country
10Y1001A1001A83F,2026-05-23,96,96,Germany country
10Y1001A1001A83F,2026-05-24,96,96,Germany country
10Y1001A1001A83F,2026-05-25,96,96,Germany country
10Y1001A1001A83F,2026-05-26,96,96,Germany country
10Y1001A1001A83F,2026-05-27,96,96,Germany country
10Y1001A1001A83F,2026-05-28,96,96,Germany country
10Y1001A1001A83F,2026-05-29,96,96,Germany country
10Y1001A1001A83F,2026-05-30,96,96,Germany country
10Y1001A1001A83F,2026-05-31,96,96,Germany country
10Y1001A1001A83F,2026-06-01,96,96,Germany country
10Y1001A1001A83F,2026-06-02,96,96,Germany country
10Y1001A1001A83F,2026-06-03,96,96,Germany country
10Y1001A1001A83F,2026-06-04,96,96,Germany country
10Y1001A1001A83F,2026-06-05,96,96,Germany country
10Y1001A1001A83F,2026-06-06,96,96,Germany country
10Y1001A1001A83F,2026-06-07,96,96,Germany country
10Y1001A1001A83F,2026-06-08,96,96,Germany country
10Y1001A1001A83F,2026-06-09,96,96,Germany country
10Y1001A1001A83F,2026-06-10,96,96,Germany country
10Y1001A1001A83F,2026-06-11,96,96,Germany country
10Y1001A1001A83F,2026-06-12,96,96,Germany country
10Y1001A1001A83F,2026-06-13,96,96,Germany country
10Y1001A1001A83F,2026-06-14,96,96,Germany country
10Y1001A1001A83F,2026-06-15,96,96,Germany country
10Y1001A1001A83F,2026-06-16,96,96,Germany country
10Y1001A1001A83F,2026-06-17,96,96,Germany country
10Y1001A1001A83F,2026-06-18,96,96,Germany country
10Y1001A1001A83F,2026-06-19,96,96,Germany country
10Y1001A1001A83F,2026-06-20,96,96,Germany country
10Y1001A1001A83F,2026-06-21,96,96,Germany country
10Y1001A1001A83F,2026-06-22,96,96,Germany country
10Y1001A1001A83F,2026-06-23,96,96,Germany country
10Y1001A1001A83F,2026-06-24,96,96,Germany country
10Y1001A1001A83F,2026-06-25,96,96,Germany country
10Y1001A1001A83F,2026-06-26,96,96,Germany country
10Y1001A1001A83F,2026-06-27,96,96,Germany country
10Y1001A1001A83F,2026-06-28,96,96,Germany country
10Y1001A1001A83F,2026-06-29,96,96,Germany country
10Y1001A1001A83F,2026-06-30,96,96,Germany country
10Y1001A1001A83F,2026-07-01,96,96,Germany country
10Y1001A1001A83F,2026-07-02,96,96,Germany country
10Y1001A1001A83F,2026-07-03,96,96,Germany country
10Y1001A1001A83F,2026-07-04,96,96,Germany country
10Y1001A1001A83F,2026-07-05,96,96,Germany country
10Y1001A1001A83F,2026-07-06,96,96,Germany country
10Y1001A1001A83F,2026-07-07,96,96,Germany country
10Y1001A1001A83F,2026-07-08,96,96,Germany country
10Y1001A1001A83F,2026-07-09,96,96,Germany country
10Y1001A1001A83F,2026-07-10,96,96,Germany country
10Y1001A1001A83F,2026-07-11,96,96,Germany country
10Y1001A1001A83F,2026-07-12,96,96,Germany country
10Y1001A1001A83F,2026-07-13,96,96,Germany country
10Y1001A1001A83F,2026-07-14,96,96,Germany country
10Y1001A1001A83F,2026-07-15,96,96,Germany country
10Y1001A1001A83F,2026-07-16,96,96,Germany country
10Y1001A1001A83F,2026-07-17,96,96,Germany country
10Y1001A1001A83F,2026-07-18,96,96,Germany country
10Y1001A1001A83F,2026-07-19,96,96,Germany country
10Y1001A1001A83F,2026-07-20,96,96,Germany country
10Y1001A1001A83F,2026-07-21,96,96,Germany country
10Y1001A1001A83F,2026-07-22,96,96,Germany country
10Y1001A1001A83F,2026-07-23,96,96,Germany country
10Y1001A1001A83F,2026-07-24,96,96,Germany country
10Y1001A1001A83F,2026-07-25,96,96,Germany country
10Y1001A1001A83F,2026-07-26,96,96,Germany country
10Y1001A1001A83F,2026-07-27,96,96,Germany country
10Y1001A1001A83F,2026-07-28,96,96,Germany country
10Y1001A1001A83F,2026-07-29,96,96,Germany country
10Y1001A1001A83F,2026-07-30,96,96,Germany country
10Y1001A1001A83F,2026-07-31,96,0,Germany country
10Y1001A1001A83F,2026-08-01,96,96,Germany country
10Y1001A1001A83F,2026-08-02,96,96,Germany country
10Y1001A1001A83F,2026-08-03,96,96,Germany country
10Y1001A1001A83F,2026-08-04,96,96,Germany country
10Y1001A1001A83F,2026-08-05,96,96,Germany country
10Y1001A1001A83F,2026-08-06,96,96,Germany country
10Y1001A1001A83F,2026-08-07,96,96,Germany country
10Y1001A1001A83F,2026-08-08,96,96,Germany country
10Y1001A1001A83F,2026-08-09,96,96,Germany country
10Y1001A1001A83F,2026-08-10,96,96,Germany country
10Y1001A1001A83F,2026-08-11,96,96,Germany country
10Y1001A1001A83F,2026-08-12,96,96,Germany country
10Y1001A1001A83F,2026-08-13,96,96,Germany country
10Y1001A1001A83F,2026-08-14,96,96,Germany country
10Y1001A1001A83F,2026-08-15,96,96,Germany country
10Y1001A1001A83F,2026-08-16,96,96,Germany country
10Y1001A1001A83F,2026-08-17,96,96,Germany country
10Y1001A1001A83F,2026-08-18,96,96,Germany country
10Y1001A1001A83F,2026-08-19,96,96,Germany country
10Y1001A1001A83F,2026-08-20,96,96,Germany country
10Y1001A1001A83F,2026-08-21,96,96,Germany country
10Y1001A1001A83F,2026-08-22,96,96,Germany country
10Y1001A1001A83F,2026-08-23,96,96,Germany country
10Y1001A1001A83F,2026-08-24,96,96,Germany country
10Y1001A1001A83F,2026-08-25,96,96,Germany country
10Y1001A1001A83F,2026-08-26,96,96,Germany country
10Y1001A1001A83F,2026-08-27,96,96,Germany country
10Y1001A1001A83F,2026-08-28,96,96,Germany country
10Y1001A1001A83F,2026-08-29,96,96,Germany country
10Y1001A1001A83F,2026-08-30,96,0,Germany country
10Y1001A1001A83F,2026-08-31,96,0,Germany country
10Y1001A1001A83F,2026-09-01,96,96,Germany country
10Y1001A1001A83F,2026-09-02,96,0,Germany country
10Y1001A1001A83F,2026-09-03,96,0,Germany country
10Y1001A1001A83F,2026-09-04,96,96,Germany country
10Y1001A1001A83F,2026-09-05,96,96,Germany country
10Y1001A1001A83F,2026-09-06,96,96,Germany country
10Y1001A1001A83F,2026-09-07,96,96,Germany country
10Y1001A1001A83F,2026-09-08,96,96,Germany country
10Y1001A1001A83F,2026-09-09,96,0,Germany country
10Y1001A1001A83F,2026-09-10,96,0,Germany country
10Y1001A1001A83F,2026-09-11,96,96,Germany country
10Y1001A1001A83F,2026-09-12,96,96,Germany country
10Y1001A1001A83F,2026-09-13,96,96,Germany country
10Y1001A1001A83F,2026-09-14,96,96,Germany country
10Y1001A1001A83F,2026-09-15,96,96,Germany country
10Y1001A1001A83F,2026-09-16,96,96,Germany country
10Y1001A1001A83F,2026-09-17,96,96,Germany country
10Y1001A1001A83F,2026-09-18,96,96,Germany country
10Y1001A1001A83F,2026-09-19,96,96,Germany country
10Y1001A1001A83F,2026-09-20,96,96,Germany country
10Y1001A1001A83F,2026-09-21,96,96,Germany country
10Y1001A1001A83F,2026-09-22,96,96,Germany country
10Y1001A1001A83F,2026-09-23,96,96,Germany country
10Y1001A1001A83F,2026-09-24,96,96,Germany country
10Y1001A1001A83F,2026-09-25,96,0,Germany country
10Y1001A1001A83F,2026-09-26,96,96,Germany country
10Y1001A1001A83F,2026-09-27,96,96,Germany country
10Y1001A1001A83F,2026-09-28,96,96,Germany country
10Y1001A1001A83F,2026-09-29,96,96,Germany country
10Y1001A1001A83F,2026-09-30,96,96,Germany country
10YDE-ENBW-----N,2025-10-01,96,0,TransnetBW
10YDE-ENBW-----N,2025-10-02,96,0,TransnetBW
10YDE-ENBW-----N,2025-10-03,96,0,TransnetBW
10YDE-ENBW-----N,2025-10-04,96,0,TransnetBW
10YDE-ENBW-----N,2025-10-05,96,0,TransnetBW
10YDE-ENBW-----N,2025-10-06,96,0,TransnetBW
10YDE-ENBW-----N,2025-10-07,96,0,TransnetBW
10YDE-ENBW-----N,2025-10-08,96,0,TransnetBW
10YDE-ENBW-----N,2025-10-09,96,0,TransnetBW
10YDE-ENBW-----N,2025-10-10,96,0,TransnetBW
10YDE-ENBW-----N,2025-10-11,96,0,TransnetBW
10YDE-ENBW-----N,2025-10-12,96,0,TransnetBW
10YDE-ENBW-----N,2025-10-13,96,0,TransnetBW
10YDE-ENBW-----N,2025-10-14,96,0,TransnetBW
10YDE-ENBW-----N,2025-10-15,96,0,TransnetBW
10YDE-ENBW-----N,2025-10-16,96,0,TransnetBW
10YDE-ENBW-----N,2025-10-17,96,0,TransnetBW
10YDE-ENBW-----N,2025-10-18,96,0,TransnetBW
10YDE-ENBW-----N,2025-10-19,96,0,TransnetBW
10YDE-ENBW-----N,2025-10-20,96,0,TransnetBW
10YDE-ENBW-----N,2025-10-21,96,0,TransnetBW
10YDE-ENBW-----N,2025-10-22,96,0,TransnetBW
10YDE-ENBW-----N,2025-10-23,96,0,TransnetBW
10YDE-ENBW-----N,2025-10-24,96,0,TransnetBW
10YDE-ENBW-----N,2025-10-25,96,0,TransnetBW
10YDE-ENBW-----N,2025-10-26,100,0,TransnetBW
10YDE-ENBW-----N,2025-10-27,96,0,TransnetBW
10YDE-ENBW-----N,2025-10-28,96,0,TransnetBW
10YDE-ENBW-----N,2025-10-29,96,0,TransnetBW
10YDE-ENBW-----N,2025-10-30,96,0,TransnetBW
10YDE-ENBW-----N,2025-10-31,96,0,TransnetBW
10YDE-ENBW-----N,2025-11-01,96,0,TransnetBW
10YDE-ENBW-----N,2025-11-02,96,0,TransnetBW
10YDE-ENBW-----N,2025-11-03,96,0,TransnetBW
10YDE-ENBW-----N,2025-11-04,96,0,TransnetBW
10YDE-ENBW-----N,2025-11-05,96,0,TransnetBW
10YDE-ENBW-----N,2025-11-06,96,0,TransnetBW
10YDE-ENBW-----N,2025-11-07,96,0,TransnetBW
10YDE-ENBW-----N,2025-11-08,96,0,TransnetBW
10YDE-ENBW-----N,2025-11-09,96,0,TransnetBW
10YDE-ENBW-----N,2025-11-10,96,0,TransnetBW
10YDE-ENBW-----N,2025-11-11,96,0,TransnetBW
10YDE-ENBW-----N,2025-11-12,96,96,TransnetBW
10YDE-ENBW-----N,2025-11-13,96,96,TransnetBW
10YDE-ENBW-----N,2025-11-14,96,96,TransnetBW
10YDE-ENBW-----N,2025-11-15,96,96,TransnetBW
10YDE-ENBW-----N,2025-11-16,96,96,TransnetBW
10YDE-ENBW-----N,2025-11-17,96,96,TransnetBW
10YDE-ENBW-----N,2025-11-18,96,96,TransnetBW
10YDE-ENBW-----N,2025-11-19,96,96,TransnetBW
10YDE-ENBW-----N,2025-11-20,96,96,TransnetBW
10YDE-ENBW-----N,2025-11-21,96,96,TransnetBW
10YDE-ENBW-----N,2025-11-22,96,96,TransnetBW
10YDE-ENBW-----N,2025-11-23,96,96,TransnetBW
10YDE-ENBW-----N,2025-11-24,96,96,TransnetBW
10YDE-ENBW-----N,2025-11-25,96,96,TransnetBW
10YDE-ENBW-----N,2025-11-26,96,96,TransnetBW
10YDE-ENBW-----N,2025-11-27,96,96,TransnetBW
10YDE-ENBW-----N,2025-11-28,96,96,TransnetBW
10YDE-ENBW-----N,2025-11-29,96,96,TransnetBW
10YDE-ENBW-----N,2025-11-30,96,96,TransnetBW
10YDE-ENBW-----N,2025-12-01,96,96,TransnetBW
10YDE-ENBW-----N,2025-12-02,96,96,TransnetBW
10YDE-ENBW-----N,2025-12-03,96,96,TransnetBW
10YDE-ENBW-----N,2025-12-04,96,96,TransnetBW
10YDE-ENBW-----N,2025-12-05,96,96,TransnetBW
10YDE-ENBW-----N,2025-12-06,96,0,TransnetBW
10YDE-ENBW-----N,2025-12-07,96,96,TransnetBW
10YDE-ENBW-----N,2025-12-08,96,96,TransnetBW
10YDE-ENBW-----N,2025-12-09,96,96,TransnetBW
10YDE-ENBW-----N,2025-12-10,96,96,TransnetBW
10YDE-ENBW-----N,2025-12-11,96,96,TransnetBW
10YDE-ENBW-----N,2025-12-12,96,96,TransnetBW
10YDE-ENBW-----N,2025-12-13,96,96,TransnetBW
10YDE-ENBW-----N,2025-12-14,96,96,TransnetBW
10YDE-ENBW-----N,2025-12-15,96,96,TransnetBW
10YDE-ENBW-----N,2025-12-16,96,96,TransnetBW
10YDE-ENBW-----N,2025-12-17,96,96,TransnetBW
10YDE-ENBW-----N,2025-12-18,96,96,TransnetBW
10YDE-ENBW-----N,2025-12-19,96,96,TransnetBW
10YDE-ENBW-----N,2025-12-20,96,96,TransnetBW
10YDE-ENBW-----N,2025-12-21,96,96,TransnetBW
10YDE-ENBW-----N,2025-12-22,96,96,TransnetBW
10YDE-ENBW-----N,2025-12-23,96,96,TransnetBW
10YDE-ENBW-----N,2025-12-24,96,96,TransnetBW
10YDE-ENBW-----N,2025-12-25,96,96,TransnetBW
10YDE-ENBW-----N,2025-12-26,96,96,TransnetBW
10YDE-ENBW-----N,2025-12-27,96,96,TransnetBW
10YDE-ENBW-----N,2025-12-28,96,96,TransnetBW
10YDE-ENBW-----N,2025-12-29,96,96,TransnetBW
10YDE-ENBW-----N,2025-12-30,96,96,TransnetBW
10YDE-ENBW-----N,2025-12-31,96,96,TransnetBW
10YDE-ENBW-----N,2026-01-01,96,96,TransnetBW
10YDE-ENBW-----N,2026-01-02,96,96,TransnetBW
10YDE-ENBW-----N,2026-01-03,96,96,TransnetBW
10YDE-ENBW-----N,2026-01-04,96,96,TransnetBW
10YDE-ENBW-----N,2026-01-05,96,96,TransnetBW
10YDE-ENBW-----N,2026-01-06,96,96,TransnetBW
10YDE-ENBW-----N,2026-01-07,96,96,TransnetBW
10YDE-ENBW-----N,2026-01-08,96,96,TransnetBW
10YDE-ENBW-----N,2026-01-09,96,96,TransnetBW
10YDE-ENBW-----N,2026-01-10,96,96,TransnetBW
10YDE-ENBW-----N,2026-01-11,96,96,TransnetBW
10YDE-ENBW-----N,2026-01-12,96,96,TransnetBW
10YDE-ENBW-----N,2026-01-13,96,96,TransnetBW
10YDE-ENBW-----N,2026-01-14,96,96,TransnetBW
10YDE-ENBW-----N,2026-01-15,96,96,TransnetBW
10YDE-ENBW-----N,2026-01-16,96,96,TransnetBW
10YDE-ENBW-----N,2026-01-17,96,96,TransnetBW
10YDE-ENBW-----N,2026-01-18,96,96,TransnetBW
10YDE-ENBW-----N,2026-01-19,96,96,TransnetBW
10YDE-ENBW-----N,2026-01-20,96,96,TransnetBW
10YDE-ENBW-----N,2026-01-21,96,96,TransnetBW
10YDE-ENBW-----N,2026-01-22,96,96,TransnetBW
10YDE-ENBW-----N,2026-01-23,96,96,TransnetBW
10YDE-ENBW-----N,2026-01-24,96,96,TransnetBW
10YDE-ENBW-----N,2026-01-25,96,96,TransnetBW
10YDE-ENBW-----N,2026-01-26,96,96,TransnetBW
10YDE-ENBW-----N,2026-01-27,96,96,TransnetBW
10YDE-ENBW-----N,2026-01-28,96,96,TransnetBW
10YDE-ENBW-----N,2026-01-29,96,96,TransnetBW
10YDE-ENBW-----N,2026-01-30,96,96,TransnetBW
10YDE-ENBW-----N,2026-01-31,96,96,TransnetBW
10YDE-ENBW-----N,2026-02-01,96,96,TransnetBW
10YDE-ENBW-----N,2026-02-02,96,96,TransnetBW
10YDE-ENBW-----N,2026-02-03,96,96,TransnetBW
10YDE-ENBW-----N,2026-02-04,96,96,TransnetBW
10YDE-ENBW-----N,2026-02-05,96,96,TransnetBW
10YDE-ENBW-----N,2026-02-06,96,96,TransnetBW
10YDE-ENBW-----N,2026-02-07,96,96,TransnetBW
10YDE-ENBW-----N,2026-02-08,96,96,TransnetBW
10YDE-ENBW-----N,2026-02-09,96,96,TransnetBW
10YDE-ENBW-----N,2026-02-10,96,96,TransnetBW
10YDE-ENBW-----N,2026-02-11,96,96,TransnetBW
10YDE-ENBW-----N,2026-02-12,96,96,TransnetBW
10YDE-ENBW-----N,2026-02-13,96,96,TransnetBW
10YDE-ENBW-----N,2026-02-14,96,96,TransnetBW
10YDE-ENBW-----N,2026-02-15,96,96,TransnetBW
10YDE-ENBW-----N,2026-02-16,96,96,TransnetBW
10YDE-ENBW-----N,2026-02-17,96,96,TransnetBW
10YDE-ENBW-----N,2026-02-18,96,96,TransnetBW
10YDE-ENBW-----N,2026-02-19,96,96,TransnetBW
10YDE-ENBW-----N,2026-02-20,96,96,TransnetBW
10YDE-ENBW-----N,2026-02-21,96,96,TransnetBW
10YDE-ENBW-----N,2026-02-22,96,96,TransnetBW
10YDE-ENBW-----N,2026-02-23,96,96,TransnetBW
10YDE-ENBW-----N,2026-02-24,96,96,TransnetBW
10YDE-ENBW-----N,2026-02-25,96,96,TransnetBW
10YDE-ENBW-----N,2026-02-26,96,96,TransnetBW
10YDE-ENBW-----N,2026-02-27,96,96,TransnetBW
10YDE-ENBW-----N,2026-02-28,96,96,TransnetBW
10YDE-ENBW-----N,2026-03-01,96,96,TransnetBW
10YDE-ENBW-----N,2026-03-02,96,96,TransnetBW
10YDE-ENBW-----N,2026-03-03,96,96,TransnetBW
10YDE-ENBW-----N,2026-03-04,96,96,TransnetBW
10YDE-ENBW-----N,2026-03-05,96,0,TransnetBW
10YDE-ENBW-----N,2026-03-06,96,96,TransnetBW
10YDE-ENBW-----N,2026-03-07,96,96,TransnetBW
10YDE-ENBW-----N,2026-03-08,96,96,TransnetBW
10YDE-ENBW-----N,2026-03-09,96,96,TransnetBW
10YDE-ENBW-----N,2026-03-10,96,96,TransnetBW
10YDE-ENBW-----N,2026-03-11,96,96,TransnetBW
10YDE-ENBW-----N,2026-03-12,96,96,TransnetBW
10YDE-ENBW-----N,2026-03-13,96,96,TransnetBW
10YDE-ENBW-----N,2026-03-14,96,96,TransnetBW
10YDE-ENBW-----N,2026-03-15,96,96,TransnetBW
10YDE-ENBW-----N,2026-03-16,96,96,TransnetBW
10YDE-ENBW-----N,2026-03-17,96,96,TransnetBW
10YDE-ENBW-----N,2026-03-18,96,96,TransnetBW
10YDE-ENBW-----N,2026-03-19,96,96,TransnetBW
10YDE-ENBW-----N,2026-03-20,96,96,TransnetBW
10YDE-ENBW-----N,2026-03-21,96,96,TransnetBW
10YDE-ENBW-----N,2026-03-22,96,96,TransnetBW
10YDE-ENBW-----N,2026-03-23,96,96,TransnetBW
10YDE-ENBW-----N,2026-03-24,96,96,TransnetBW
10YDE-ENBW-----N,2026-03-25,96,96,TransnetBW
10YDE-ENBW-----N,2026-03-26,96,0,TransnetBW
10YDE-ENBW-----N,2026-03-27,96,0,TransnetBW
10YDE-ENBW-----N,2026-03-28,96,0,TransnetBW
10YDE-ENBW-----N,2026-03-29,92,92,TransnetBW
10YDE-ENBW-----N,2026-03-30,96,96,TransnetBW
10YDE-ENBW-----N,2026-03-31,96,96,TransnetBW
10YDE-ENBW-----N,2026-04-01,96,96,TransnetBW
10YDE-ENBW-----N,2026-04-02,96,96,TransnetBW
10YDE-ENBW-----N,2026-04-03,96,96,TransnetBW
10YDE-ENBW-----N,2026-04-04,96,96,TransnetBW
10YDE-ENBW-----N,2026-04-05,96,96,TransnetBW
10YDE-ENBW-----N,2026-04-06,96,96,TransnetBW
10YDE-ENBW-----N,2026-04-07,96,96,TransnetBW
10YDE-ENBW-----N,2026-04-08,96,96,TransnetBW
10YDE-ENBW-----N,2026-04-09,96,96,TransnetBW
10YDE-ENBW-----N,2026-04-10,96,96,TransnetBW
10YDE-ENBW-----N,2026-04-11,96,96,TransnetBW
10YDE-ENBW-----N,2026-04-12,96,96,TransnetBW
10YDE-ENBW-----N,2026-04-13,96,96,TransnetBW
10YDE-ENBW-----N,2026-04-14,96,96,TransnetBW
10YDE-ENBW-----N,2026-04-15,96,96,TransnetBW
10YDE-ENBW-----N,2026-04-16,96,96,TransnetBW
10YDE-ENBW-----N,2026-04-17,96,96,TransnetBW
10YDE-ENBW-----N,2026-04-18,96,96,TransnetBW
10YDE-ENBW-----N,2026-04-19,96,0,TransnetBW
10YDE-ENBW-----N,2026-04-20,96,0,TransnetBW
10YDE-ENBW-----N,2026-04-21,96,0,TransnetBW
10YDE-ENBW-----N,2026-04-22,96,96,TransnetBW
10YDE-ENBW-----N,2026-04-23,96,96,TransnetBW
10YDE-ENBW-----N,2026-04-24,96,96,TransnetBW
10YDE-ENBW-----N,2026-04-25,96,96,TransnetBW
10YDE-ENBW-----N,2026-04-26,96,96,TransnetBW
10YDE-ENBW-----N,2026-04-27,96,96,TransnetBW
10YDE-ENBW-----N,2026-04-28,96,96,TransnetBW
10YDE-ENBW-----N,2026-04-29,96,96,TransnetBW
10YDE-ENBW-----N,2026-04-30,96,96,TransnetBW
10YDE-ENBW-----N,2026-05-01,96,96,TransnetBW
10YDE-ENBW-----N,2026-05-02,96,96,TransnetBW
10YDE-ENBW-----N,2026-05-03,96,96,TransnetBW
10YDE-ENBW-----N,2026-05-04,96,96,TransnetBW
10YDE-ENBW-----N,2026-05-05,96,96,TransnetBW
10YDE-ENBW-----N,2026-05-06,96,96,TransnetBW
10YDE-ENBW-----N,2026-05-07,96,96,TransnetBW
10YDE-ENBW-----N,2026-05-08,96,96,TransnetBW
10YDE-ENBW-----N,2026-05-09,96,96,TransnetBW
10YDE-ENBW-----N,2026-05-10,96,96,TransnetBW
10YDE-ENBW-----N,2026-05-11,96,96,TransnetBW
10YDE-ENBW-----N,2026-05-12,96,96,TransnetBW
10YDE-ENBW-----N,2026-05-13,96,0,TransnetBW
10YDE-ENBW-----N,2026-05-14,96,96,TransnetBW
10YDE-ENBW-----N,2026-05-15,96,96,TransnetBW
10YDE-ENBW-----N,2026-05-16,96,96,TransnetBW
10YDE-ENBW-----N,2026-05-17,96,96,TransnetBW
10YDE-ENBW-----N,2026-05-18,96,96,TransnetBW
10YDE-ENBW-----N,2026-05-19,96,96,TransnetBW
10YDE-ENBW-----N,2026-05-20,96,96,TransnetBW
10YDE-ENBW-----N,2026-05-21,96,96,TransnetBW
10YDE-ENBW-----N,2026-05-22,96,0,TransnetBW
10YDE-ENBW-----N,2026-05-23,96,96,TransnetBW
10YDE-ENBW-----N,2026-05-24,96,96,TransnetBW
10YDE-ENBW-----N,2026-05-25,96,96,TransnetBW
10YDE-ENBW-----N,2026-05-26,96,96,TransnetBW
10YDE-ENBW-----N,2026-05-27,96,96,TransnetBW
10YDE-ENBW-----N,2026-05-28,96,96,TransnetBW
10YDE-ENBW-----N,2026-05-29,96,96,TransnetBW
10YDE-ENBW-----N,2026-05-30,96,96,TransnetBW
10YDE-ENBW-----N,2026-05-31,96,96,TransnetBW
10YDE-ENBW-----N,2026-06-01,96,96,TransnetBW
10YDE-ENBW-----N,2026-06-02,96,96,TransnetBW
10YDE-ENBW-----N,2026-06-03,96,96,TransnetBW
10YDE-ENBW-----N,2026-06-04,96,96,TransnetBW
10YDE-ENBW-----N,2026-06-05,96,96,TransnetBW
10YDE-ENBW-----N,2026-06-06,96,96,TransnetBW
10YDE-ENBW-----N,2026-06-07,96,96,TransnetBW
10YDE-ENBW-----N,2026-06-08,96,96,TransnetBW
10YDE-ENBW-----N,2026-06-09,96,96,TransnetBW
10YDE-ENBW-----N,2026-06-10,96,96,TransnetBW
10YDE-ENBW-----N,2026-06-11,96,96,TransnetBW
10YDE-ENBW-----N,2026-06-12,96,96,TransnetBW
10YDE-ENBW-----N,2026-06-13,96,96,TransnetBW
10YDE-ENBW-----N,2026-06-14,96,96,TransnetBW
10YDE-ENBW-----N,2026-06-15,96,96,TransnetBW
10YDE-ENBW-----N,2026-06-16,96,96,TransnetBW
10YDE-ENBW-----N,2026-06-17,96,96,TransnetBW
10YDE-ENBW-----N,2026-06-18,96,96,TransnetBW
10YDE-ENBW-----N,2026-06-19,96,96,TransnetBW
10YDE-ENBW-----N,2026-06-20,96,96,TransnetBW
10YDE-ENBW-----N,2026-06-21,96,96,TransnetBW
10YDE-ENBW-----N,2026-06-22,96,96,TransnetBW
10YDE-ENBW-----N,2026-06-23,96,96,TransnetBW
10YDE-ENBW-----N,2026-06-24,96,96,TransnetBW
10YDE-ENBW-----N,2026-06-25,96,96,TransnetBW
10YDE-ENBW-----N,2026-06-26,96,96,TransnetBW
10YDE-ENBW-----N,2026-06-27,96,96,TransnetBW
10YDE-ENBW-----N,2026-06-28,96,96,TransnetBW
10YDE-ENBW-----N,2026-06-29,96,96,TransnetBW
10YDE-ENBW-----N,2026-06-30,96,96,TransnetBW
10YDE-ENBW-----N,2026-07-01,96,96,TransnetBW
10YDE-ENBW-----N,2026-07-02,96,96,TransnetBW
10YDE-ENBW-----N,2026-07-03,96,96,TransnetBW
10YDE-ENBW-----N,2026-07-04,96,96,TransnetBW
10YDE-ENBW-----N,2026-07-05,96,96,TransnetBW
10YDE-ENBW-----N,2026-07-06,96,96,TransnetBW
10YDE-ENBW-----N,2026-07-07,96,96,TransnetBW
10YDE-ENBW-----N,2026-07-08,96,96,TransnetBW
10YDE-ENBW-----N,2026-07-09,96,96,TransnetBW
10YDE-ENBW-----N,2026-07-10,96,96,TransnetBW
10YDE-ENBW-----N,2026-07-11,96,96,TransnetBW
10YDE-ENBW-----N,2026-07-12,96,96,TransnetBW
10YDE-ENBW-----N,2026-07-13,96,96,TransnetBW
10YDE-ENBW-----N,2026-07-14,96,96,TransnetBW
10YDE-ENBW-----N,2026-07-15,96,96,TransnetBW
10YDE-ENBW-----N,2026-07-16,96,96,TransnetBW
10YDE-ENBW-----N,2026-07-17,96,96,TransnetBW
10YDE-ENBW-----N,2026-07-18,96,96,TransnetBW
10YDE-ENBW-----N,2026-07-19,96,96,TransnetBW
10YDE-ENBW-----N,2026-07-20,96,96,TransnetBW
10YDE-ENBW-----N,2026-07-21,96,96,TransnetBW
10YDE-ENBW-----N,2026-07-22,96,96,TransnetBW
10YDE-ENBW-----N,2026-07-23,96,96,TransnetBW
10YDE-ENBW-----N,2026-07-24,96,96,TransnetBW
10YDE-ENBW-----N,2026-07-25,96,96,TransnetBW
10YDE-ENBW-----N,2026-07-26,96,96,TransnetBW
10YDE-ENBW-----N,2026-07-27,96,96,TransnetBW
10YDE-ENBW-----N,2026-07-28,96,96,TransnetBW
10YDE-ENBW-----N,2026-07-29,96,96,TransnetBW
10YDE-ENBW-----N,2026-07-30,96,96,TransnetBW
10YDE-ENBW-----N,2026-07-31,96,96,TransnetBW
10YDE-ENBW-----N,2026-08-01,96,96,TransnetBW
10YDE-ENBW-----N,2026-08-02,96,96,TransnetBW
10YDE-ENBW-----N,2026-08-03,96,96,TransnetBW
10YDE-ENBW-----N,2026-08-04,96,96,TransnetBW
10YDE-ENBW-----N,2026-08-05,96,96,TransnetBW
10YDE-ENBW-----N,2026-08-06,96,96,TransnetBW
10YDE-ENBW-----N,2026-08-07,96,96,TransnetBW
10YDE-ENBW-----N,2026-08-08,96,96,TransnetBW
10YDE-ENBW-----N,2026-08-09,96,96,TransnetBW
10YDE-ENBW-----N,2026-08-10,96,96,TransnetBW
10YDE-ENBW-----N,2026-08-11,96,96,TransnetBW
10YDE-ENBW-----N,2026-08-12,96,96,TransnetBW
10YDE-ENBW-----N,2026-08-13,96,96,TransnetBW
10YDE-ENBW-----N,2026-08-14,96,96,TransnetBW
10YDE-ENBW-----N,2026-08-15,96,96,TransnetBW
10YDE-ENBW-----N,2026-08-16,96,96,TransnetBW
10YDE-ENBW-----N,2026-08-17,96,96,TransnetBW
10YDE-ENBW-----N,2026-08-18,96,96,TransnetBW
10YDE-ENBW-----N,2026-08-19,96,96,TransnetBW
10YDE-ENBW-----N,2026-08-20,96,96,TransnetBW
10YDE-ENBW-----N,2026-08-21,96,96,TransnetBW
10YDE-ENBW-----N,2026-08-22,96,96,TransnetBW
10YDE-ENBW-----N,2026-08-23,96,96,TransnetBW
10YDE-ENBW-----N,2026-08-24,96,96,TransnetBW
10YDE-ENBW-----N,2026-08-25,96,96,TransnetBW
10YDE-ENBW-----N,2026-08-26,96,96,TransnetBW
10YDE-ENBW-----N,2026-08-27,96,96,TransnetBW
10YDE-ENBW-----N,2026-08-28,96,96,TransnetBW
10YDE-ENBW-----N,2026-08-29,96,96,TransnetBW
10YDE-ENBW-----N,2026-08-30,96,96,TransnetBW
10YDE-ENBW-----N,2026-08-31,96,0,TransnetBW
10YDE-ENBW-----N,2026-09-01,96,96,TransnetBW
10YDE-ENBW-----N,2026-09-02,96,0,TransnetBW
10YDE-ENBW-----N,2026-09-03,96,0,TransnetBW
10YDE-ENBW-----N,2026-09-04,96,96,TransnetBW
10YDE-ENBW-----N,2026-09-05,96,96,TransnetBW
10YDE-ENBW-----N,2026-09-06,96,96,TransnetBW
10YDE-ENBW-----N,2026-09-07,96,96,TransnetBW
10YDE-ENBW-----N,2026-09-08,96,96,TransnetBW
10YDE-ENBW-----N,2026-09-09,96,96,TransnetBW
10YDE-ENBW-----N,2026-09-10,96,0,TransnetBW
10YDE-ENBW-----N,2026-09-11,96,96,TransnetBW
10YDE-ENBW-----N,2026-09-12,96,96,TransnetBW
10YDE-ENBW-----N,2026-09-13,96,96,TransnetBW
10YDE-ENBW-----N,2026-09-14,96,96,TransnetBW
10YDE-ENBW-----N,2026-09-15,96,96,TransnetBW
10YDE-ENBW-----N,2026-09-16,96,96,TransnetBW
10YDE-ENBW-----N,2026-09-17,96,96,TransnetBW
10YDE-ENBW-----N,2026-09-18,96,96,TransnetBW
10YDE-ENBW-----N,2026-09-19,96,96,TransnetBW
10YDE-ENBW-----N,2026-09-20,96,96,TransnetBW
10YDE-ENBW-----N,2026-09-21,96,96,TransnetBW
10YDE-ENBW-----N,2026-09-22,96,96,TransnetBW
10YDE-ENBW-----N,2026-09-23,96,96,TransnetBW
10YDE-ENBW-----N,2026-09-24,96,96,TransnetBW
10YDE-ENBW-----N,2026-09-25,96,96,TransnetBW
10YDE-ENBW-----N,2026-09-26,96,96,TransnetBW
10YDE-ENBW-----N,2026-09-27,96,96,TransnetBW
10YDE-ENBW-----N,2026-09-28,96,96,TransnetBW
10YDE-ENBW-----N,2026-09-29,96,96,TransnetBW
10YDE-ENBW-----N,2026-09-30,96,96,TransnetBW
10YDE-EON------1,2025-10-01,96,0,TenneT Germany
10YDE-EON------1,2025-10-02,96,0,TenneT Germany
10YDE-EON------1,2025-10-03,96,0,TenneT Germany
10YDE-EON------1,2025-10-04,96,0,TenneT Germany
10YDE-EON------1,2025-10-05,96,0,TenneT Germany
10YDE-EON------1,2025-10-06,96,0,TenneT Germany
10YDE-EON------1,2025-10-07,96,0,TenneT Germany
10YDE-EON------1,2025-10-08,96,0,TenneT Germany
10YDE-EON------1,2025-10-09,96,0,TenneT Germany
10YDE-EON------1,2025-10-10,96,0,TenneT Germany
10YDE-EON------1,2025-10-11,96,0,TenneT Germany
10YDE-EON------1,2025-10-12,96,0,TenneT Germany
10YDE-EON------1,2025-10-13,96,0,TenneT Germany
10YDE-EON------1,2025-10-14,96,0,TenneT Germany
10YDE-EON------1,2025-10-15,96,0,TenneT Germany
10YDE-EON------1,2025-10-16,96,0,TenneT Germany
10YDE-EON------1,2025-10-17,96,0,TenneT Germany
10YDE-EON------1,2025-10-18,96,0,TenneT Germany
10YDE-EON------1,2025-10-19,96,0,TenneT Germany
10YDE-EON------1,2025-10-20,96,0,TenneT Germany
10YDE-EON------1,2025-10-21,96,0,TenneT Germany
10YDE-EON------1,2025-10-22,96,0,TenneT Germany
10YDE-EON------1,2025-10-23,96,0,TenneT Germany
10YDE-EON------1,2025-10-24,96,0,TenneT Germany
10YDE-EON------1,2025-10-25,96,0,TenneT Germany
10YDE-EON------1,2025-10-26,100,0,TenneT Germany
10YDE-EON------1,2025-10-27,96,0,TenneT Germany
10YDE-EON------1,2025-10-28,96,0,TenneT Germany
10YDE-EON------1,2025-10-29,96,0,TenneT Germany
10YDE-EON------1,2025-10-30,96,0,TenneT Germany
10YDE-EON------1,2025-10-31,96,0,TenneT Germany
10YDE-EON------1,2025-11-01,96,0,TenneT Germany
10YDE-EON------1,2025-11-02,96,0,TenneT Germany
10YDE-EON------1,2025-11-03,96,0,TenneT Germany
10YDE-EON------1,2025-11-04,96,0,TenneT Germany
10YDE-EON------1,2025-11-05,96,0,TenneT Germany
10YDE-EON------1,2025-11-06,96,0,TenneT Germany
10YDE-EON------1,2025-11-07,96,0,TenneT Germany
10YDE-EON------1,2025-11-08,96,0,TenneT Germany
10YDE-EON------1,2025-11-09,96,0,TenneT Germany
10YDE-EON------1,2025-11-10,96,0,TenneT Germany
10YDE-EON------1,2025-11-11,96,0,TenneT Germany
10YDE-EON------1,2025-11-12,96,96,TenneT Germany
10YDE-EON------1,2025-11-13,96,96,TenneT Germany
10YDE-EON------1,2025-11-14,96,96,TenneT Germany
10YDE-EON------1,2025-11-15,96,96,TenneT Germany
10YDE-EON------1,2025-11-16,96,96,TenneT Germany
10YDE-EON------1,2025-11-17,96,96,TenneT Germany
10YDE-EON------1,2025-11-18,96,96,TenneT Germany
10YDE-EON------1,2025-11-19,96,96,TenneT Germany
10YDE-EON------1,2025-11-20,96,96,TenneT Germany
10YDE-EON------1,2025-11-21,96,96,TenneT Germany
10YDE-EON------1,2025-11-22,96,96,TenneT Germany
10YDE-EON------1,2025-11-23,96,96,TenneT Germany
10YDE-EON------1,2025-11-24,96,96,TenneT Germany
10YDE-EON------1,2025-11-25,96,96,TenneT Germany
10YDE-EON------1,2025-11-26,96,96,TenneT Germany
10YDE-EON------1,2025-11-27,96,96,TenneT Germany
10YDE-EON------1,2025-11-28,96,96,TenneT Germany
10YDE-EON------1,2025-11-29,96,96,TenneT Germany
10YDE-EON------1,2025-11-30,96,96,TenneT Germany
10YDE-EON------1,2025-12-01,96,96,TenneT Germany
10YDE-EON------1,2025-12-02,96,96,TenneT Germany
10YDE-EON------1,2025-12-03,96,96,TenneT Germany
10YDE-EON------1,2025-12-04,96,96,TenneT Germany
10YDE-EON------1,2025-12-05,96,96,TenneT Germany
10YDE-EON------1,2025-12-06,96,96,TenneT Germany
10YDE-EON------1,2025-12-07,96,96,TenneT Germany
10YDE-EON------1,2025-12-08,96,96,TenneT Germany
10YDE-EON------1,2025-12-09,96,96,TenneT Germany
10YDE-EON------1,2025-12-10,96,96,TenneT Germany
10YDE-EON------1,2025-12-11,96,96,TenneT Germany
10YDE-EON------1,2025-12-12,96,96,TenneT Germany
10YDE-EON------1,2025-12-13,96,96,TenneT Germany
10YDE-EON------1,2025-12-14,96,96,TenneT Germany
10YDE-EON------1,2025-12-15,96,96,TenneT Germany
10YDE-EON------1,2025-12-16,96,96,TenneT Germany
10YDE-EON------1,2025-12-17,96,96,TenneT Germany
10YDE-EON------1,2025-12-18,96,96,TenneT Germany
10YDE-EON------1,2025-12-19,96,96,TenneT Germany
10YDE-EON------1,2025-12-20,96,96,TenneT Germany
10YDE-EON------1,2025-12-21,96,96,TenneT Germany
10YDE-EON------1,2025-12-22,96,96,TenneT Germany
10YDE-EON------1,2025-12-23,96,96,TenneT Germany
10YDE-EON------1,2025-12-24,96,96,TenneT Germany
10YDE-EON------1,2025-12-25,96,96,TenneT Germany
10YDE-EON------1,2025-12-26,96,96,TenneT Germany
10YDE-EON------1,2025-12-27,96,96,TenneT Germany
10YDE-EON------1,2025-12-28,96,96,TenneT Germany
10YDE-EON------1,2025-12-29,96,96,TenneT Germany
10YDE-EON------1,2025-12-30,96,96,TenneT Germany
10YDE-EON------1,2025-12-31,96,96,TenneT Germany
10YDE-EON------1,2026-01-01,96,96,TenneT Germany
10YDE-EON------1,2026-01-02,96,96,TenneT Germany
10YDE-EON------1,2026-01-03,96,96,TenneT Germany
10YDE-EON------1,2026-01-04,96,96,TenneT Germany
10YDE-EON------1,2026-01-05,96,96,TenneT Germany
10YDE-EON------1,2026-01-06,96,96,TenneT Germany
10YDE-EON------1,2026-01-07,96,96,TenneT Germany
10YDE-EON------1,2026-01-08,96,96,TenneT Germany
10YDE-EON------1,2026-01-09,96,96,TenneT Germany
10YDE-EON------1,2026-01-10,96,96,TenneT Germany
10YDE-EON------1,2026-01-11,96,96,TenneT Germany
10YDE-EON------1,2026-01-12,96,96,TenneT Germany
10YDE-EON------1,2026-01-13,96,96,TenneT Germany
10YDE-EON------1,2026-01-14,96,96,TenneT Germany
10YDE-EON------1,2026-01-15,96,96,TenneT Germany
10YDE-EON------1,2026-01-16,96,96,TenneT Germany
10YDE-EON------1,2026-01-17,96,96,TenneT Germany
10YDE-EON------1,2026-01-18,96,96,TenneT Germany
10YDE-EON------1,2026-01-19,96,96,TenneT Germany
10YDE-EON------1,2026-01-20,96,96,TenneT Germany
10YDE-EON------1,2026-01-21,96,96,TenneT Germany
10YDE-EON------1,2026-01-22,96,96,TenneT Germany
10YDE-EON------1,2026-01-23,96,96,TenneT Germany
10YDE-EON------1,2026-01-24,96,96,TenneT Germany
10YDE-EON------1,2026-01-25,96,96,TenneT Germany
10YDE-EON------1,2026-01-26,96,96,TenneT Germany
10YDE-EON------1,2026-01-27,96,96,TenneT Germany
10YDE-EON------1,2026-01-28,96,96,TenneT Germany
10YDE-EON------1,2026-01-29,96,96,TenneT Germany
10YDE-EON------1,2026-01-30,96,96,TenneT Germany
10YDE-EON------1,2026-01-31,96,96,TenneT Germany
10YDE-EON------1,2026-02-01,96,96,TenneT Germany
10YDE-EON------1,2026-02-02,96,96,TenneT Germany
10YDE-EON------1,2026-02-03,96,96,TenneT Germany
10YDE-EON------1,2026-02-04,96,96,TenneT Germany
10YDE-EON------1,2026-02-05,96,96,TenneT Germany
10YDE-EON------1,2026-02-06,96,96,TenneT Germany
10YDE-EON------1,2026-02-07,96,96,TenneT Germany
10YDE-EON------1,2026-02-08,96,96,TenneT Germany
10YDE-EON------1,2026-02-09,96,96,TenneT Germany
10YDE-EON------1,2026-02-10,96,96,TenneT Germany
10YDE-EON------1,2026-02-11,96,96,TenneT Germany
10YDE-EON------1,2026-02-12,96,96,TenneT Germany
10YDE-EON------1,2026-02-13,96,96,TenneT Germany
10YDE-EON------1,2026-02-14,96,96,TenneT Germany
10YDE-EON------1,2026-02-15,96,96,TenneT Germany
10YDE-EON------1,2026-02-16,96,96,TenneT Germany
10YDE-EON------1,2026-02-17,96,96,TenneT Germany
10YDE-EON------1,2026-02-18,96,96,TenneT Germany
10YDE-EON------1,2026-02-19,96,96,TenneT Germany
10YDE-EON------1,2026-02-20,96,96,TenneT Germany
10YDE-EON------1,2026-02-21,96,96,TenneT Germany
10YDE-EON------1,2026-02-22,96,96,TenneT Germany
10YDE-EON------1,2026-02-23,96,96,TenneT Germany
10YDE-EON------1,2026-02-24,96,96,TenneT Germany
10YDE-EON------1,2026-02-25,96,96,TenneT Germany
10YDE-EON------1,2026-02-26,96,96,TenneT Germany
10YDE-EON------1,2026-02-27,96,96,TenneT Germany
10YDE-EON------1,2026-02-28,96,96,TenneT Germany
10YDE-EON------1,2026-03-01,96,96,TenneT Germany
10YDE-EON------1,2026-03-02,96,96,TenneT Germany
10YDE-EON------1,2026-03-03,96,96,TenneT Germany
10YDE-EON------1,2026-03-04,96,96,TenneT Germany
10YDE-EON------1,2026-03-05,96,96,TenneT Germany
10YDE-EON------1,2026-03-06,96,96,TenneT Germany
10YDE-EON------1,2026-03-07,96,96,TenneT Germany
10YDE-EON------1,2026-03-08,96,96,TenneT Germany
10YDE-EON------1,2026-03-09,96,96,TenneT Germany
10YDE-EON------1,2026-03-10,96,96,TenneT Germany
10YDE-EON------1,2026-03-11,96,96,TenneT Germany
10YDE-EON------1,2026-03-12,96,96,TenneT Germany
10YDE-EON------1,2026-03-13,96,96,TenneT Germany
10YDE-EON------1,2026-03-14,96,96,TenneT Germany
10YDE-EON------1,2026-03-15,96,96,TenneT Germany
10YDE-EON------1,2026-03-16,96,96,TenneT Germany
10YDE-EON------1,2026-03-17,96,96,TenneT Germany
10YDE-EON------1,2026-03-18,96,96,TenneT Germany
10YDE-EON------1,2026-03-19,96,96,TenneT Germany
10YDE-EON------1,2026-03-20,96,96,TenneT Germany
10YDE-EON------1,2026-03-21,96,96,TenneT Germany
10YDE-EON------1,2026-03-22,96,96,TenneT Germany
10YDE-EON------1,2026-03-23,96,96,TenneT Germany
10YDE-EON------1,2026-03-24,96,96,TenneT Germany
10YDE-EON------1,2026-03-25,96,96,TenneT Germany
10YDE-EON------1,2026-03-26,96,0,TenneT Germany
10YDE-EON------1,2026-03-27,96,0,TenneT Germany
10YDE-EON------1,2026-03-28,96,0,TenneT Germany
10YDE-EON------1,2026-03-29,92,92,TenneT Germany
10YDE-EON------1,2026-03-30,96,96,TenneT Germany
10YDE-EON------1,2026-03-31,96,96,TenneT Germany
10YDE-EON------1,2026-04-01,96,96,TenneT Germany
10YDE-EON------1,2026-04-02,96,96,TenneT Germany
10YDE-EON------1,2026-04-03,96,96,TenneT Germany
10YDE-EON------1,2026-04-04,96,96,TenneT Germany
10YDE-EON------1,2026-04-05,96,96,TenneT Germany
10YDE-EON------1,2026-04-06,96,96,TenneT Germany
10YDE-EON------1,2026-04-07,96,96,TenneT Germany
10YDE-EON------1,2026-04-08,96,96,TenneT Germany
10YDE-EON------1,2026-04-09,96,96,TenneT Germany
10YDE-EON------1,2026-04-10,96,96,TenneT Germany
10YDE-EON------1,2026-04-11,96,96,TenneT Germany
10YDE-EON------1,2026-04-12,96,96,TenneT Germany
10YDE-EON------1,2026-04-13,96,96,TenneT Germany
10YDE-EON------1,2026-04-14,96,96,TenneT Germany
10YDE-EON------1,2026-04-15,96,96,TenneT Germany
10YDE-EON------1,2026-04-16,96,96,TenneT Germany
10YDE-EON------1,2026-04-17,96,96,TenneT Germany
10YDE-EON------1,2026-04-18,96,96,TenneT Germany
10YDE-EON------1,2026-04-19,96,96,TenneT Germany
10YDE-EON------1,2026-04-20,96,96,TenneT Germany
10YDE-EON------1,2026-04-21,96,96,TenneT Germany
10YDE-EON------1,2026-04-22,96,96,TenneT Germany
10YDE-EON------1,2026-04-23,96,96,TenneT Germany
10YDE-EON------1,2026-04-24,96,96,TenneT Germany
10YDE-EON------1,2026-04-25,96,96,TenneT Germany
10YDE-EON------1,2026-04-26,96,96,TenneT Germany
10YDE-EON------1,2026-04-27,96,96,TenneT Germany
10YDE-EON------1,2026-04-28,96,96,TenneT Germany
10YDE-EON------1,2026-04-29,96,96,TenneT Germany
10YDE-EON------1,2026-04-30,96,96,TenneT Germany
10YDE-EON------1,2026-05-01,96,96,TenneT Germany
10YDE-EON------1,2026-05-02,96,96,TenneT Germany
10YDE-EON------1,2026-05-03,96,96,TenneT Germany
10YDE-EON------1,2026-05-04,96,96,TenneT Germany
10YDE-EON------1,2026-05-05,96,96,TenneT Germany
10YDE-EON------1,2026-05-06,96,96,TenneT Germany
10YDE-EON------1,2026-05-07,96,96,TenneT Germany
10YDE-EON------1,2026-05-08,96,96,TenneT Germany
10YDE-EON------1,2026-05-09,96,96,TenneT Germany
10YDE-EON------1,2026-05-10,96,96,TenneT Germany
10YDE-EON------1,2026-05-11,96,96,TenneT Germany
10YDE-EON------1,2026-05-12,96,96,TenneT Germany
10YDE-EON------1,2026-05-13,96,96,TenneT Germany
10YDE-EON------1,2026-05-14,96,96,TenneT Germany
10YDE-EON------1,2026-05-15,96,96,TenneT Germany
10YDE-EON------1,2026-05-16,96,96,TenneT Germany
10YDE-EON------1,2026-05-17,96,96,TenneT Germany
10YDE-EON------1,2026-05-18,96,96,TenneT Germany
10YDE-EON------1,2026-05-19,96,96,TenneT Germany
10YDE-EON------1,2026-05-20,96,96,TenneT Germany
10YDE-EON------1,2026-05-21,96,96,TenneT Germany
10YDE-EON------1,2026-05-22,96,96,TenneT Germany
10YDE-EON------1,2026-05-23,96,96,TenneT Germany
10YDE-EON------1,2026-05-24,96,96,TenneT Germany
10YDE-EON------1,2026-05-25,96,96,TenneT Germany
10YDE-EON------1,2026-05-26,96,96,TenneT Germany
10YDE-EON------1,2026-05-27,96,96,TenneT Germany
10YDE-EON------1,2026-05-28,96,96,TenneT Germany
10YDE-EON------1,2026-05-29,96,96,TenneT Germany
10YDE-EON------1,2026-05-30,96,96,TenneT Germany
10YDE-EON------1,2026-05-31,96,96,TenneT Germany
10YDE-EON------1,2026-06-01,96,96,TenneT Germany
10YDE-EON------1,2026-06-02,96,96,TenneT Germany
10YDE-EON------1,2026-06-03,96,96,TenneT Germany
10YDE-EON------1,2026-06-04,96,96,TenneT Germany
10YDE-EON------1,2026-06-05,96,96,TenneT Germany
10YDE-EON------1,2026-06-06,96,96,TenneT Germany
10YDE-EON------1,2026-06-07,96,96,TenneT Germany
10YDE-EON------1,2026-06-08,96,96,TenneT Germany
10YDE-EON------1,2026-06-09,96,96,TenneT Germany
10YDE-EON------1,2026-06-10,96,96,TenneT Germany
10YDE-EON------1,2026-06-11,96,96,TenneT Germany
10YDE-EON------1,2026-06-12,96,96,TenneT Germany
10YDE-EON------1,2026-06-13,96,96,TenneT Germany
10YDE-EON------1,2026-06-14,96,96,TenneT Germany
10YDE-EON------1,2026-06-15,96,96,TenneT Germany
10YDE-EON------1,2026-06-16,96,96,TenneT Germany
10YDE-EON------1,2026-06-17,96,96,TenneT Germany
10YDE-EON------1,2026-06-18,96,96,TenneT Germany
10YDE-EON------1,2026-06-19,96,96,TenneT Germany
10YDE-EON------1,2026-06-20,96,96,TenneT Germany
10YDE-EON------1,2026-06-21,96,96,TenneT Germany
10YDE-EON------1,2026-06-22,96,96,TenneT Germany
10YDE-EON------1,2026-06-23,96,96,TenneT Germany
10YDE-EON------1,2026-06-24,96,96,TenneT Germany
10YDE-EON------1,2026-06-25,96,96,TenneT Germany
10YDE-EON------1,2026-06-26,96,96,TenneT Germany
10YDE-EON------1,2026-06-27,96,96,TenneT Germany
10YDE-EON------1,2026-06-28,96,96,TenneT Germany
10YDE-EON------1,2026-06-29,96,96,TenneT Germany
10YDE-EON------1,2026-06-30,96,96,TenneT Germany
10YDE-EON------1,2026-07-01,96,96,TenneT Germany
10YDE-EON------1,2026-07-02,96,96,TenneT Germany
10YDE-EON------1,2026-07-03,96,96,TenneT Germany
10YDE-EON------1,2026-07-04,96,96,TenneT Germany
10YDE-EON------1,2026-07-05,96,96,TenneT Germany
10YDE-EON------1,2026-07-06,96,96,TenneT Germany
10YDE-EON------1,2026-07-07,96,96,TenneT Germany
10YDE-EON------1,2026-07-08,96,96,TenneT Germany
10YDE-EON------1,2026-07-09,96,96,TenneT Germany
10YDE-EON------1,2026-07-10,96,96,TenneT Germany
10YDE-EON------1,2026-07-11,96,96,TenneT Germany
10YDE-EON------1,2026-07-12,96,96,TenneT Germany
10YDE-EON------1,2026-07-13,96,96,TenneT Germany
10YDE-EON------1,2026-07-14,96,96,TenneT Germany
10YDE-EON------1,2026-07-15,96,96,TenneT Germany
10YDE-EON------1,2026-07-16,96,96,TenneT Germany
10YDE-EON------1,2026-07-17,96,96,TenneT Germany
10YDE-EON------1,2026-07-18,96,96,TenneT Germany
10YDE-EON------1,2026-07-19,96,96,TenneT Germany
10YDE-EON------1,2026-07-20,96,96,TenneT Germany
10YDE-EON------1,2026-07-21,96,96,TenneT Germany
10YDE-EON------1,2026-07-22,96,96,TenneT Germany
10YDE-EON------1,2026-07-23,96,96,TenneT Germany
10YDE-EON------1,2026-07-24,96,96,TenneT Germany
10YDE-EON------1,2026-07-25,96,96,TenneT Germany
10YDE-EON------1,2026-07-26,96,96,TenneT Germany
10YDE-EON------1,2026-07-27,96,96,TenneT Germany
10YDE-EON------1,2026-07-28,96,96,TenneT Germany
10YDE-EON------1,2026-07-29,96,96,TenneT Germany
10YDE-EON------1,2026-07-30,96,96,TenneT Germany
10YDE-EON------1,2026-07-31,96,96,TenneT Germany
10YDE-EON------1,2026-08-01,96,96,TenneT Germany
10YDE-EON------1,2026-08-02,96,96,TenneT Germany
10YDE-EON------1,2026-08-03,96,96,TenneT Germany
10YDE-EON------1,2026-08-04,96,96,TenneT Germany
10YDE-EON------1,2026-08-05,96,96,TenneT Germany
10YDE-EON------1,2026-08-06,96,96,TenneT Germany
10YDE-EON------1,2026-08-07,96,96,TenneT Germany
10YDE-EON------1,2026-08-08,96,96,TenneT Germany
10YDE-EON------1,2026-08-09,96,96,TenneT Germany
10YDE-EON------1,2026-08-10,96,96,TenneT Germany
10YDE-EON------1,2026-08-11,96,96,TenneT Germany
10YDE-EON------1,2026-08-12,96,96,TenneT Germany
10YDE-EON------1,2026-08-13,96,96,TenneT Germany
10YDE-EON------1,2026-08-14,96,96,TenneT Germany
10YDE-EON------1,2026-08-15,96,96,TenneT Germany
10YDE-EON------1,2026-08-16,96,96,TenneT Germany
10YDE-EON------1,2026-08-17,96,96,TenneT Germany
10YDE-EON------1,2026-08-18,96,96,TenneT Germany
10YDE-EON------1,2026-08-19,96,96,TenneT Germany
10YDE-EON------1,2026-08-20,96,96,TenneT Germany
10YDE-EON------1,2026-08-21,96,96,TenneT Germany
10YDE-EON------1,2026-08-22,96,96,TenneT Germany
10YDE-EON------1,2026-08-23,96,96,TenneT Germany
10YDE-EON------1,2026-08-24,96,96,TenneT Germany
10YDE-EON------1,2026-08-25,96,96,TenneT Germany
10YDE-EON------1,2026-08-26,96,96,TenneT Germany
10YDE-EON------1,2026-08-27,96,96,TenneT Germany
10YDE-EON------1,2026-08-28,96,96,TenneT Germany
10YDE-EON------1,2026-08-29,96,96,TenneT Germany
10YDE-EON------1,2026-08-30,96,96,TenneT Germany
10YDE-EON------1,2026-08-31,96,0,TenneT Germany
10YDE-EON------1,2026-09-01,96,96,TenneT Germany
10YDE-EON------1,2026-09-02,96,0,TenneT Germany
10YDE-EON------1,2026-09-03,96,0,TenneT Germany
10YDE-EON------1,2026-09-04,96,96,TenneT Germany
10YDE-EON------1,2026-09-05,96,96,TenneT Germany
10YDE-EON------1,2026-09-06,96,96,TenneT Germany
10YDE-EON------1,2026-09-07,96,96,TenneT Germany
10YDE-EON------1,2026-09-08,96,96,TenneT Germany
10YDE-EON------1,2026-09-09,96,0,TenneT Germany
10YDE-EON------1,2026-09-10,96,0,TenneT Germany
10YDE-EON------1,2026-09-11,96,96,TenneT Germany
10YDE-EON------1,2026-09-12,96,96,TenneT Germany
10YDE-EON------1,2026-09-13,96,96,TenneT Germany
10YDE-EON------1,2026-09-14,96,96,TenneT Germany
10YDE-EON------1,2026-09-15,96,96,TenneT Germany
10YDE-EON------1,2026-09-16,96,96,TenneT Germany
10YDE-EON------1,2026-09-17,96,96,TenneT Germany
10YDE-EON------1,2026-09-18,96,96,TenneT Germany
10YDE-EON------1,2026-09-19,96,96,TenneT Germany
10YDE-EON------1,2026-09-20,96,96,TenneT Germany
10YDE-EON------1,2026-09-21,96,96,TenneT Germany
10YDE-EON------1,2026-09-22,96,96,TenneT Germany
10YDE-EON------1,2026-09-23,96,96,TenneT Germany
10YDE-EON------1,2026-09-24,96,96,TenneT Germany
10YDE-EON------1,2026-09-25,96,96,TenneT Germany
10YDE-EON------1,2026-09-26,96,96,TenneT Germany
10YDE-EON------1,2026-09-27,96,96,TenneT Germany
10YDE-EON------1,2026-09-28,96,96,TenneT Germany
10YDE-EON------1,2026-09-29,96,96,TenneT Germany
10YDE-EON------1,2026-09-30,96,96,TenneT Germany
10YDE-RWENET---I,2025-10-01,96,0,Amprion
10YDE-RWENET---I,2025-10-02,96,0,Amprion
10YDE-RWENET---I,2025-10-03,96,0,Amprion
10YDE-RWENET---I,2025-10-04,96,0,Amprion
10YDE-RWENET---I,2025-10-05,96,0,Amprion
10YDE-RWENET---I,2025-10-06,96,0,Amprion
10YDE-RWENET---I,2025-10-07,96,0,Amprion
10YDE-RWENET---I,2025-10-08,96,0,Amprion
10YDE-RWENET---I,2025-10-09,96,0,Amprion
10YDE-RWENET---I,2025-10-10,96,0,Amprion
10YDE-RWENET---I,2025-10-11,96,0,Amprion
10YDE-RWENET---I,2025-10-12,96,0,Amprion
10YDE-RWENET---I,2025-10-13,96,0,Amprion
10YDE-RWENET---I,2025-10-14,96,0,Amprion
10YDE-RWENET---I,2025-10-15,96,0,Amprion
10YDE-RWENET---I,2025-10-16,96,0,Amprion
10YDE-RWENET---I,2025-10-17,96,0,Amprion
10YDE-RWENET---I,2025-10-18,96,0,Amprion
10YDE-RWENET---I,2025-10-19,96,0,Amprion
10YDE-RWENET---I,2025-10-20,96,0,Amprion
10YDE-RWENET---I,2025-10-21,96,0,Amprion
10YDE-RWENET---I,2025-10-22,96,0,Amprion
10YDE-RWENET---I,2025-10-23,96,0,Amprion
10YDE-RWENET---I,2025-10-24,96,0,Amprion
10YDE-RWENET---I,2025-10-25,96,0,Amprion
10YDE-RWENET---I,2025-10-26,100,0,Amprion
10YDE-RWENET---I,2025-10-27,96,0,Amprion
10YDE-RWENET---I,2025-10-28,96,0,Amprion
10YDE-RWENET---I,2025-10-29,96,0,Amprion
10YDE-RWENET---I,2025-10-30,96,0,Amprion
10YDE-RWENET---I,2025-10-31,96,0,Amprion
10YDE-RWENET---I,2025-11-01,96,0,Amprion
10YDE-RWENET---I,2025-11-02,96,0,Amprion
10YDE-RWENET---I,2025-11-03,96,0,Amprion
10YDE-RWENET---I,2025-11-04,96,0,Amprion
10YDE-RWENET---I,2025-11-05,96,0,Amprion
10YDE-RWENET---I,2025-11-06,96,0,Amprion
10YDE-RWENET---I,2025-11-07,96,0,Amprion
10YDE-RWENET---I,2025-11-08,96,0,Amprion
10YDE-RWENET---I,2025-11-09,96,0,Amprion
10YDE-RWENET---I,2025-11-10,96,0,Amprion
10YDE-RWENET---I,2025-11-11,96,0,Amprion
10YDE-RWENET---I,2025-11-12,96,96,Amprion
10YDE-RWENET---I,2025-11-13,96,96,Amprion
10YDE-RWENET---I,2025-11-14,96,96,Amprion
10YDE-RWENET---I,2025-11-15,96,96,Amprion
10YDE-RWENET---I,2025-11-16,96,96,Amprion
10YDE-RWENET---I,2025-11-17,96,96,Amprion
10YDE-RWENET---I,2025-11-18,96,96,Amprion
10YDE-RWENET---I,2025-11-19,96,96,Amprion
10YDE-RWENET---I,2025-11-20,96,96,Amprion
10YDE-RWENET---I,2025-11-21,96,96,Amprion
10YDE-RWENET---I,2025-11-22,96,96,Amprion
10YDE-RWENET---I,2025-11-23,96,96,Amprion
10YDE-RWENET---I,2025-11-24,96,96,Amprion
10YDE-RWENET---I,2025-11-25,96,96,Amprion
10YDE-RWENET---I,2025-11-26,96,96,Amprion
10YDE-RWENET---I,2025-11-27,96,96,Amprion
10YDE-RWENET---I,2025-11-28,96,96,Amprion
10YDE-RWENET---I,2025-11-29,96,96,Amprion
10YDE-RWENET---I,2025-11-30,96,96,Amprion
10YDE-RWENET---I,2025-12-01,96,96,Amprion
10YDE-RWENET---I,2025-12-02,96,96,Amprion
10YDE-RWENET---I,2025-12-03,96,96,Amprion
10YDE-RWENET---I,2025-12-04,96,96,Amprion
10YDE-RWENET---I,2025-12-05,96,96,Amprion
10YDE-RWENET---I,2025-12-06,96,0,Amprion
10YDE-RWENET---I,2025-12-07,96,96,Amprion
10YDE-RWENET---I,2025-12-08,96,0,Amprion
10YDE-RWENET---I,2025-12-09,96,96,Amprion
10YDE-RWENET---I,2025-12-10,96,0,Amprion
10YDE-RWENET---I,2025-12-11,96,96,Amprion
10YDE-RWENET---I,2025-12-12,96,96,Amprion
10YDE-RWENET---I,2025-12-13,96,96,Amprion
10YDE-RWENET---I,2025-12-14,96,96,Amprion
10YDE-RWENET---I,2025-12-15,96,96,Amprion
10YDE-RWENET---I,2025-12-16,96,96,Amprion
10YDE-RWENET---I,2025-12-17,96,96,Amprion
10YDE-RWENET---I,2025-12-18,96,96,Amprion
10YDE-RWENET---I,2025-12-19,96,96,Amprion
10YDE-RWENET---I,2025-12-20,96,96,Amprion
10YDE-RWENET---I,2025-12-21,96,96,Amprion
10YDE-RWENET---I,2025-12-22,96,96,Amprion
10YDE-RWENET---I,2025-12-23,96,96,Amprion
10YDE-RWENET---I,2025-12-24,96,96,Amprion
10YDE-RWENET---I,2025-12-25,96,96,Amprion
10YDE-RWENET---I,2025-12-26,96,96,Amprion
10YDE-RWENET---I,2025-12-27,96,96,Amprion
10YDE-RWENET---I,2025-12-28,96,96,Amprion
10YDE-RWENET---I,2025-12-29,96,96,Amprion
10YDE-RWENET---I,2025-12-30,96,96,Amprion
10YDE-RWENET---I,2025-12-31,96,96,Amprion
10YDE-RWENET---I,2026-01-01,96,96,Amprion
10YDE-RWENET---I,2026-01-02,96,96,Amprion
10YDE-RWENET---I,2026-01-03,96,0,Amprion
10YDE-RWENET---I,2026-01-04,96,96,Amprion
10YDE-RWENET---I,2026-01-05,96,96,Amprion
10YDE-RWENET---I,2026-01-06,96,96,Amprion
10YDE-RWENET---I,2026-01-07,96,0,Amprion
10YDE-RWENET---I,2026-01-08,96,96,Amprion
10YDE-RWENET---I,2026-01-09,96,96,Amprion
10YDE-RWENET---I,2026-01-10,96,96,Amprion
10YDE-RWENET---I,2026-01-11,96,96,Amprion
10YDE-RWENET---I,2026-01-12,96,96,Amprion
10YDE-RWENET---I,2026-01-13,96,96,Amprion
10YDE-RWENET---I,2026-01-14,96,96,Amprion
10YDE-RWENET---I,2026-01-15,96,96,Amprion
10YDE-RWENET---I,2026-01-16,96,96,Amprion
10YDE-RWENET---I,2026-01-17,96,96,Amprion
10YDE-RWENET---I,2026-01-18,96,96,Amprion
10YDE-RWENET---I,2026-01-19,96,96,Amprion
10YDE-RWENET---I,2026-01-20,96,96,Amprion
10YDE-RWENET---I,2026-01-21,96,96,Amprion
10YDE-RWENET---I,2026-01-22,96,96,Amprion
10YDE-RWENET---I,2026-01-23,96,96,Amprion
10YDE-RWENET---I,2026-01-24,96,96,Amprion
10YDE-RWENET---I,2026-01-25,96,96,Amprion
10YDE-RWENET---I,2026-01-26,96,96,Amprion
10YDE-RWENET---I,2026-01-27,96,96,Amprion
10YDE-RWENET---I,2026-01-28,96,96,Amprion
10YDE-RWENET---I,2026-01-29,96,96,Amprion
10YDE-RWENET---I,2026-01-30,96,96,Amprion
10YDE-RWENET---I,2026-01-31,96,96,Amprion
10YDE-RWENET---I,2026-02-01,96,96,Amprion
10YDE-RWENET---I,2026-02-02,96,96,Amprion
10YDE-RWENET---I,2026-02-03,96,96,Amprion
10YDE-RWENET---I,2026-02-04,96,96,Amprion
10YDE-RWENET---I,2026-02-05,96,96,Amprion
10YDE-RWENET---I,2026-02-06,96,96,Amprion
10YDE-RWENET---I,2026-02-07,96,96,Amprion
10YDE-RWENET---I,2026-02-08,96,96,Amprion
10YDE-RWENET---I,2026-02-09,96,96,Amprion
10YDE-RWENET---I,2026-02-10,96,96,Amprion
10YDE-RWENET---I,2026-02-11,96,96,Amprion
10YDE-RWENET---I,2026-02-12,96,96,Amprion
10YDE-RWENET---I,2026-02-13,96,96,Amprion
10YDE-RWENET---I,2026-02-14,96,96,Amprion
10YDE-RWENET---I,2026-02-15,96,96,Amprion
10YDE-RWENET---I,2026-02-16,96,96,Amprion
10YDE-RWENET---I,2026-02-17,96,96,Amprion
10YDE-RWENET---I,2026-02-18,96,96,Amprion
10YDE-RWENET---I,2026-02-19,96,96,Amprion
10YDE-RWENET---I,2026-02-20,96,96,Amprion
10YDE-RWENET---I,2026-02-21,96,96,Amprion
10YDE-RWENET---I,2026-02-22,96,96,Amprion
10YDE-RWENET---I,2026-02-23,96,96,Amprion
10YDE-RWENET---I,2026-02-24,96,96,Amprion
10YDE-RWENET---I,2026-02-25,96,96,Amprion
10YDE-RWENET---I,2026-02-26,96,96,Amprion
10YDE-RWENET---I,2026-02-27,96,96,Amprion
10YDE-RWENET---I,2026-02-28,96,96,Amprion
10YDE-RWENET---I,2026-03-01,96,96,Amprion
10YDE-RWENET---I,2026-03-02,96,96,Amprion
10YDE-RWENET---I,2026-03-03,96,96,Amprion
10YDE-RWENET---I,2026-03-04,96,96,Amprion
10YDE-RWENET---I,2026-03-05,96,96,Amprion
10YDE-RWENET---I,2026-03-06,96,96,Amprion
10YDE-RWENET---I,2026-03-07,96,96,Amprion
10YDE-RWENET---I,2026-03-08,96,96,Amprion
10YDE-RWENET---I,2026-03-09,96,96,Amprion
10YDE-RWENET---I,2026-03-10,96,96,Amprion
10YDE-RWENET---I,2026-03-11,96,96,Amprion
10YDE-RWENET---I,2026-03-12,96,96,Amprion
10YDE-RWENET---I,2026-03-13,96,96,Amprion
10YDE-RWENET---I,2026-03-14,96,96,Amprion
10YDE-RWENET---I,2026-03-15,96,96,Amprion
10YDE-RWENET---I,2026-03-16,96,96,Amprion
10YDE-RWENET---I,2026-03-17,96,96,Amprion
10YDE-RWENET---I,2026-03-18,96,96,Amprion
10YDE-RWENET---I,2026-03-19,96,96,Amprion
10YDE-RWENET---I,2026-03-20,96,96,Amprion
10YDE-RWENET---I,2026-03-21,96,96,Amprion
10YDE-RWENET---I,2026-03-22,96,96,Amprion
10YDE-RWENET---I,2026-03-23,96,96,Amprion
10YDE-RWENET---I,2026-03-24,96,96,Amprion
10YDE-RWENET---I,2026-03-25,96,96,Amprion
10YDE-RWENET---I,2026-03-26,96,0,Amprion
10YDE-RWENET---I,2026-03-27,96,0,Amprion
10YDE-RWENET---I,2026-03-28,96,0,Amprion
10YDE-RWENET---I,2026-03-29,92,0,Amprion
10YDE-RWENET---I,2026-03-30,96,96,Amprion
10YDE-RWENET---I,2026-03-31,96,96,Amprion
10YDE-RWENET---I,2026-04-01,96,96,Amprion
10YDE-RWENET---I,2026-04-02,96,96,Amprion
10YDE-RWENET---I,2026-04-03,96,96,Amprion
10YDE-RWENET---I,2026-04-04,96,96,Amprion
10YDE-RWENET---I,2026-04-05,96,96,Amprion
10YDE-RWENET---I,2026-04-06,96,96,Amprion
10YDE-RWENET---I,2026-04-07,96,96,Amprion
10YDE-RWENET---I,2026-04-08,96,96,Amprion
10YDE-RWENET---I,2026-04-09,96,96,Amprion
10YDE-RWENET---I,2026-04-10,96,96,Amprion
10YDE-RWENET---I,2026-04-11,96,96,Amprion
10YDE-RWENET---I,2026-04-12,96,96,Amprion
10YDE-RWENET---I,2026-04-13,96,96,Amprion
10YDE-RWENET---I,2026-04-14,96,96,Amprion
10YDE-RWENET---I,2026-04-15,96,96,Amprion
10YDE-RWENET---I,2026-04-16,96,96,Amprion
10YDE-RWENET---I,2026-04-17,96,96,Amprion
10YDE-RWENET---I,2026-04-18,96,96,Amprion
10YDE-RWENET---I,2026-04-19,96,96,Amprion
10YDE-RWENET---I,2026-04-20,96,96,Amprion
10YDE-RWENET---I,2026-04-21,96,96,Amprion
10YDE-RWENET---I,2026-04-22,96,96,Amprion
10YDE-RWENET---I,2026-04-23,96,96,Amprion
10YDE-RWENET---I,2026-04-24,96,96,Amprion
10YDE-RWENET---I,2026-04-25,96,96,Amprion
10YDE-RWENET---I,2026-04-26,96,96,Amprion
10YDE-RWENET---I,2026-04-27,96,96,Amprion
10YDE-RWENET---I,2026-04-28,96,96,Amprion
10YDE-RWENET---I,2026-04-29,96,96,Amprion
10YDE-RWENET---I,2026-04-30,96,96,Amprion
10YDE-RWENET---I,2026-05-01,96,96,Amprion
10YDE-RWENET---I,2026-05-02,96,96,Amprion
10YDE-RWENET---I,2026-05-03,96,96,Amprion
10YDE-RWENET---I,2026-05-04,96,96,Amprion
10YDE-RWENET---I,2026-05-05,96,96,Amprion
10YDE-RWENET---I,2026-05-06,96,96,Amprion
10YDE-RWENET---I,2026-05-07,96,96,Amprion
10YDE-RWENET---I,2026-05-08,96,96,Amprion
10YDE-RWENET---I,2026-05-09,96,96,Amprion
10YDE-RWENET---I,2026-05-10,96,96,Amprion
10YDE-RWENET---I,2026-05-11,96,96,Amprion
10YDE-RWENET---I,2026-05-12,96,96,Amprion
10YDE-RWENET---I,2026-05-13,96,96,Amprion
10YDE-RWENET---I,2026-05-14,96,96,Amprion
10YDE-RWENET---I,2026-05-15,96,96,Amprion
10YDE-RWENET---I,2026-05-16,96,96,Amprion
10YDE-RWENET---I,2026-05-17,96,96,Amprion
10YDE-RWENET---I,2026-05-18,96,96,Amprion
10YDE-RWENET---I,2026-05-19,96,96,Amprion
10YDE-RWENET---I,2026-05-20,96,96,Amprion
10YDE-RWENET---I,2026-05-21,96,96,Amprion
10YDE-RWENET---I,2026-05-22,96,96,Amprion
10YDE-RWENET---I,2026-05-23,96,96,Amprion
10YDE-RWENET---I,2026-05-24,96,96,Amprion
10YDE-RWENET---I,2026-05-25,96,96,Amprion
10YDE-RWENET---I,2026-05-26,96,96,Amprion
10YDE-RWENET---I,2026-05-27,96,96,Amprion
10YDE-RWENET---I,2026-05-28,96,96,Amprion
10YDE-RWENET---I,2026-05-29,96,96,Amprion
10YDE-RWENET---I,2026-05-30,96,96,Amprion
10YDE-RWENET---I,2026-05-31,96,96,Amprion
10YDE-RWENET---I,2026-06-01,96,96,Amprion
10YDE-RWENET---I,2026-06-02,96,96,Amprion
10YDE-RWENET---I,2026-06-03,96,96,Amprion
10YDE-RWENET---I,2026-06-04,96,96,Amprion
10YDE-RWENET---I,2026-06-05,96,96,Amprion
10YDE-RWENET---I,2026-06-06,96,96,Amprion
10YDE-RWENET---I,2026-06-07,96,96,Amprion
10YDE-RWENET---I,2026-06-08,96,96,Amprion
10YDE-RWENET---I,2026-06-09,96,96,Amprion
10YDE-RWENET---I,2026-06-10,96,96,Amprion
10YDE-RWENET---I,2026-06-11,96,96,Amprion
10YDE-RWENET---I,2026-06-12,96,96,Amprion
10YDE-RWENET---I,2026-06-13,96,96,Amprion
10YDE-RWENET---I,2026-06-14,96,96,Amprion
10YDE-RWENET---I,2026-06-15,96,96,Amprion
10YDE-RWENET---I,2026-06-16,96,96,Amprion
10YDE-RWENET---I,2026-06-17,96,96,Amprion
10YDE-RWENET---I,2026-06-18,96,96,Amprion
10YDE-RWENET---I,2026-06-19,96,96,Amprion
10YDE-RWENET---I,2026-06-20,96,96,Amprion
10YDE-RWENET---I,2026-06-21,96,96,Amprion
10YDE-RWENET---I,2026-06-22,96,96,Amprion
10YDE-RWENET---I,2026-06-23,96,96,Amprion
10YDE-RWENET---I,2026-06-24,96,96,Amprion
10YDE-RWENET---I,2026-06-25,96,96,Amprion
10YDE-RWENET---I,2026-06-26,96,96,Amprion
10YDE-RWENET---I,2026-06-27,96,96,Amprion
10YDE-RWENET---I,2026-06-28,96,96,Amprion
10YDE-RWENET---I,2026-06-29,96,96,Amprion
10YDE-RWENET---I,2026-06-30,96,96,Amprion
10YDE-RWENET---I,2026-07-01,96,96,Amprion
10YDE-RWENET---I,2026-07-02,96,96,Amprion
10YDE-RWENET---I,2026-07-03,96,96,Amprion
10YDE-RWENET---I,2026-07-04,96,96,Amprion
10YDE-RWENET---I,2026-07-05,96,96,Amprion
10YDE-RWENET---I,2026-07-06,96,96,Amprion
10YDE-RWENET---I,2026-07-07,96,96,Amprion
10YDE-RWENET---I,2026-07-08,96,96,Amprion
10YDE-RWENET---I,2026-07-09,96,96,Amprion
10YDE-RWENET---I,2026-07-10,96,96,Amprion
10YDE-RWENET---I,2026-07-11,96,96,Amprion
10YDE-RWENET---I,2026-07-12,96,96,Amprion
10YDE-RWENET---I,2026-07-13,96,96,Amprion
10YDE-RWENET---I,2026-07-14,96,96,Amprion
10YDE-RWENET---I,2026-07-15,96,96,Amprion
10YDE-RWENET---I,2026-07-16,96,96,Amprion
10YDE-RWENET---I,2026-07-17,96,96,Amprion
10YDE-RWENET---I,2026-07-18,96,96,Amprion
10YDE-RWENET---I,2026-07-19,96,96,Amprion
10YDE-RWENET---I,2026-07-20,96,96,Amprion
10YDE-RWENET---I,2026-07-21,96,96,Amprion
10YDE-RWENET---I,2026-07-22,96,96,Amprion
10YDE-RWENET---I,2026-07-23,96,96,Amprion
10YDE-RWENET---I,2026-07-24,96,96,Amprion
10YDE-RWENET---I,2026-07-25,96,96,Amprion
10YDE-RWENET---I,2026-07-26,96,96,Amprion
10YDE-RWENET---I,2026-07-27,96,96,Amprion
10YDE-RWENET---I,2026-07-28,96,96,Amprion
10YDE-RWENET---I,2026-07-29,96,96,Amprion
10YDE-RWENET---I,2026-07-30,96,96,Amprion
10YDE-RWENET---I,2026-07-31,96,96,Amprion
10YDE-RWENET---I,2026-08-01,96,96,Amprion
10YDE-RWENET---I,2026-08-02,96,96,Amprion
10YDE-RWENET---I,2026-08-03,96,96,Amprion
10YDE-RWENET---I,2026-08-04,96,96,Amprion
10YDE-RWENET---I,2026-08-05,96,96,Amprion
10YDE-RWENET---I,2026-08-06,96,96,Amprion
10YDE-RWENET---I,2026-08-07,96,96,Amprion
10YDE-RWENET---I,2026-08-08,96,96,Amprion
10YDE-RWENET---I,2026-08-09,96,96,Amprion
10YDE-RWENET---I,2026-08-10,96,96,Amprion
10YDE-RWENET---I,2026-08-11,96,96,Amprion
10YDE-RWENET---I,2026-08-12,96,96,Amprion
10YDE-RWENET---I,2026-08-13,96,96,Amprion
10YDE-RWENET---I,2026-08-14,96,96,Amprion
10YDE-RWENET---I,2026-08-15,96,96,Amprion
10YDE-RWENET---I,2026-08-16,96,96,Amprion
10YDE-RWENET---I,2026-08-17,96,96,Amprion
10YDE-RWENET---I,2026-08-18,96,96,Amprion
10YDE-RWENET---I,2026-08-19,96,96,Amprion
10YDE-RWENET---I,2026-08-20,96,96,Amprion
10YDE-RWENET---I,2026-08-21,96,96,Amprion
10YDE-RWENET---I,2026-08-22,96,96,Amprion
10YDE-RWENET---I,2026-08-23,96,96,Amprion
10YDE-RWENET---I,2026-08-24,96,96,Amprion
10YDE-RWENET---I,2026-08-25,96,96,Amprion
10YDE-RWENET---I,2026-08-26,96,96,Amprion
10YDE-RWENET---I,2026-08-27,96,96,Amprion
10YDE-RWENET---I,2026-08-28,96,96,Amprion
10YDE-RWENET---I,2026-08-29,96,96,Amprion
10YDE-RWENET---I,2026-08-30,96,96,Amprion
10YDE-RWENET---I,2026-08-31,96,0,Amprion
10YDE-RWENET---I,2026-09-01,96,96,Amprion
10YDE-RWENET---I,2026-09-02,96,0,Amprion
10YDE-RWENET---I,2026-09-03,96,0,Amprion
10YDE-RWENET---I,2026-09-04,96,96,Amprion
10YDE-RWENET---I,2026-09-05,96,96,Amprion
10YDE-RWENET---I,2026-09-06,96,96,Amprion
10YDE-RWENET---I,2026-09-07,96,96,Amprion
10YDE-RWENET---I,2026-09-08,96,96,Amprion
10YDE-RWENET---I,2026-09-09,96,0,Amprion
10YDE-RWENET---I,2026-09-10,96,0,Amprion
10YDE-RWENET---I,2026-09-11,96,96,Amprion
10YDE-RWENET---I,2026-09-12,96,96,Amprion
10YDE-RWENET---I,2026-09-13,96,96,Amprion
10YDE-RWENET---I,2026-09-14,96,96,Amprion
10YDE-RWENET---I,2026-09-15,96,96,Amprion
10YDE-RWENET---I,2026-09-16,96,96,Amprion
10YDE-RWENET---I,2026-09-17,96,96,Amprion
10YDE-RWENET---I,2026-09-18,96,96,Amprion
10YDE-RWENET---I,2026-09-19,96,96,Amprion
10YDE-RWENET---I,2026-09-20,96,96,Amprion
10YDE-RWENET---I,2026-09-21,96,96,Amprion
10YDE-RWENET---I,2026-09-22,96,96,Amprion
10YDE-RWENET---I,2026-09-23,96,96,Amprion
10YDE-RWENET---I,2026-09-24,96,96,Amprion
10YDE-RWENET---I,2026-09-25,96,96,Amprion
10YDE-RWENET---I,2026-09-26,96,96,Amprion
10YDE-RWENET---I,2026-09-27,96,96,Amprion
10YDE-RWENET---I,2026-09-28,96,96,Amprion
10YDE-RWENET---I,2026-09-29,96,96,Amprion
10YDE-RWENET---I,2026-09-30,96,96,Amprion
10YDE-VE-------2,2025-10-01,96,0,50Hertz
10YDE-VE-------2,2025-10-02,96,0,50Hertz
10YDE-VE-------2,2025-10-03,96,0,50Hertz
10YDE-VE-------2,2025-10-04,96,0,50Hertz
10YDE-VE-------2,2025-10-05,96,0,50Hertz
10YDE-VE-------2,2025-10-06,96,0,50Hertz
10YDE-VE-------2,2025-10-07,96,0,50Hertz
10YDE-VE-------2,2025-10-08,96,0,50Hertz
10YDE-VE-------2,2025-10-09,96,0,50Hertz
10YDE-VE-------2,2025-10-10,96,0,50Hertz
10YDE-VE-------2,2025-10-11,96,0,50Hertz
10YDE-VE-------2,2025-10-12,96,0,50Hertz
10YDE-VE-------2,2025-10-13,96,0,50Hertz
10YDE-VE-------2,2025-10-14,96,0,50Hertz
10YDE-VE-------2,2025-10-15,96,0,50Hertz
10YDE-VE-------2,2025-10-16,96,0,50Hertz
10YDE-VE-------2,2025-10-17,96,0,50Hertz
10YDE-VE-------2,2025-10-18,96,0,50Hertz
10YDE-VE-------2,2025-10-19,96,0,50Hertz
10YDE-VE-------2,2025-10-20,96,0,50Hertz
10YDE-VE-------2,2025-10-21,96,0,50Hertz
10YDE-VE-------2,2025-10-22,96,0,50Hertz
10YDE-VE-------2,2025-10-23,96,0,50Hertz
10YDE-VE-------2,2025-10-24,96,0,50Hertz
10YDE-VE-------2,2025-10-25,96,0,50Hertz
10YDE-VE-------2,2025-10-26,100,0,50Hertz
10YDE-VE-------2,2025-10-27,96,0,50Hertz
10YDE-VE-------2,2025-10-28,96,0,50Hertz
10YDE-VE-------2,2025-10-29,96,0,50Hertz
10YDE-VE-------2,2025-10-30,96,0,50Hertz
10YDE-VE-------2,2025-10-31,96,0,50Hertz
10YDE-VE-------2,2025-11-01,96,0,50Hertz
10YDE-VE-------2,2025-11-02,96,0,50Hertz
10YDE-VE-------2,2025-11-03,96,0,50Hertz
10YDE-VE-------2,2025-11-04,96,0,50Hertz
10YDE-VE-------2,2025-11-05,96,0,50Hertz
10YDE-VE-------2,2025-11-06,96,0,50Hertz
10YDE-VE-------2,2025-11-07,96,0,50Hertz
10YDE-VE-------2,2025-11-08,96,0,50Hertz
10YDE-VE-------2,2025-11-09,96,0,50Hertz
10YDE-VE-------2,2025-11-10,96,0,50Hertz
10YDE-VE-------2,2025-11-11,96,0,50Hertz
10YDE-VE-------2,2025-11-12,96,96,50Hertz
10YDE-VE-------2,2025-11-13,96,96,50Hertz
10YDE-VE-------2,2025-11-14,96,96,50Hertz
10YDE-VE-------2,2025-11-15,96,96,50Hertz
10YDE-VE-------2,2025-11-16,96,96,50Hertz
10YDE-VE-------2,2025-11-17,96,96,50Hertz
10YDE-VE-------2,2025-11-18,96,96,50Hertz
10YDE-VE-------2,2025-11-19,96,96,50Hertz
10YDE-VE-------2,2025-11-20,96,96,50Hertz
10YDE-VE-------2,2025-11-21,96,96,50Hertz
10YDE-VE-------2,2025-11-22,96,96,50Hertz
10YDE-VE-------2,2025-11-23,96,96,50Hertz
10YDE-VE-------2,2025-11-24,96,96,50Hertz
10YDE-VE-------2,2025-11-25,96,96,50Hertz
10YDE-VE-------2,2025-11-26,96,96,50Hertz
10YDE-VE-------2,2025-11-27,96,96,50Hertz
10YDE-VE-------2,2025-11-28,96,96,50Hertz
10YDE-VE-------2,2025-11-29,96,96,50Hertz
10YDE-VE-------2,2025-11-30,96,96,50Hertz
10YDE-VE-------2,2025-12-01,96,96,50Hertz
10YDE-VE-------2,2025-12-02,96,96,50Hertz
10YDE-VE-------2,2025-12-03,96,96,50Hertz
10YDE-VE-------2,2025-12-04,96,96,50Hertz
10YDE-VE-------2,2025-12-05,96,96,50Hertz
10YDE-VE-------2,2025-12-06,96,96,50Hertz
10YDE-VE-------2,2025-12-07,96,96,50Hertz
10YDE-VE-------2,2025-12-08,96,96,50Hertz
10YDE-VE-------2,2025-12-09,96,96,50Hertz
10YDE-VE-------2,2025-12-10,96,0,50Hertz
10YDE-VE-------2,2025-12-11,96,96,50Hertz
10YDE-VE-------2,2025-12-12,96,96,50Hertz
10YDE-VE-------2,2025-12-13,96,96,50Hertz
10YDE-VE-------2,2025-12-14,96,96,50Hertz
10YDE-VE-------2,2025-12-15,96,96,50Hertz
10YDE-VE-------2,2025-12-16,96,96,50Hertz
10YDE-VE-------2,2025-12-17,96,96,50Hertz
10YDE-VE-------2,2025-12-18,96,96,50Hertz
10YDE-VE-------2,2025-12-19,96,96,50Hertz
10YDE-VE-------2,2025-12-20,96,96,50Hertz
10YDE-VE-------2,2025-12-21,96,96,50Hertz
10YDE-VE-------2,2025-12-22,96,96,50Hertz
10YDE-VE-------2,2025-12-23,96,96,50Hertz
10YDE-VE-------2,2025-12-24,96,96,50Hertz
10YDE-VE-------2,2025-12-25,96,96,50Hertz
10YDE-VE-------2,2025-12-26,96,96,50Hertz
10YDE-VE-------2,2025-12-27,96,96,50Hertz
10YDE-VE-------2,2025-12-28,96,96,50Hertz
10YDE-VE-------2,2025-12-29,96,96,50Hertz
10YDE-VE-------2,2025-12-30,96,96,50Hertz
10YDE-VE-------2,2025-12-31,96,96,50Hertz
10YDE-VE-------2,2026-01-01,96,0,50Hertz
10YDE-VE-------2,2026-01-02,96,96,50Hertz
10YDE-VE-------2,2026-01-03,96,0,50Hertz
10YDE-VE-------2,2026-01-04,96,96,50Hertz
10YDE-VE-------2,2026-01-05,96,96,50Hertz
10YDE-VE-------2,2026-01-06,96,0,50Hertz
10YDE-VE-------2,2026-01-07,96,0,50Hertz
10YDE-VE-------2,2026-01-08,96,96,50Hertz
10YDE-VE-------2,2026-01-09,96,96,50Hertz
10YDE-VE-------2,2026-01-10,96,96,50Hertz
10YDE-VE-------2,2026-01-11,96,96,50Hertz
10YDE-VE-------2,2026-01-12,96,96,50Hertz
10YDE-VE-------2,2026-01-13,96,96,50Hertz
10YDE-VE-------2,2026-01-14,96,96,50Hertz
10YDE-VE-------2,2026-01-15,96,96,50Hertz
10YDE-VE-------2,2026-01-16,96,96,50Hertz
10YDE-VE-------2,2026-01-17,96,96,50Hertz
10YDE-VE-------2,2026-01-18,96,96,50Hertz
10YDE-VE-------2,2026-01-19,96,96,50Hertz
10YDE-VE-------2,2026-01-20,96,96,50Hertz
10YDE-VE-------2,2026-01-21,96,96,50Hertz
10YDE-VE-------2,2026-01-22,96,96,50Hertz
10YDE-VE-------2,2026-01-23,96,96,50Hertz
10YDE-VE-------2,2026-01-24,96,96,50Hertz
10YDE-VE-------2,2026-01-25,96,96,50Hertz
10YDE-VE-------2,2026-01-26,96,96,50Hertz
10YDE-VE-------2,2026-01-27,96,96,50Hertz
10YDE-VE-------2,2026-01-28,96,96,50Hertz
10YDE-VE-------2,2026-01-29,96,96,50Hertz
10YDE-VE-------2,2026-01-30,96,96,50Hertz
10YDE-VE-------2,2026-01-31,96,96,50Hertz
10YDE-VE-------2,2026-02-01,96,96,50Hertz
10YDE-VE-------2,2026-02-02,96,96,50Hertz
10YDE-VE-------2,2026-02-03,96,96,50Hertz
10YDE-VE-------2,2026-02-04,96,96,50Hertz
10YDE-VE-------2,2026-02-05,96,96,50Hertz
10YDE-VE-------2,2026-02-06,96,96,50Hertz
10YDE-VE-------2,2026-02-07,96,96,50Hertz
10YDE-VE-------2,2026-02-08,96,96,50Hertz
10YDE-VE-------2,2026-02-09,96,96,50Hertz
10YDE-VE-------2,2026-02-10,96,96,50Hertz
10YDE-VE-------2,2026-02-11,96,96,50Hertz
10YDE-VE-------2,2026-02-12,96,96,50Hertz
10YDE-VE-------2,2026-02-13,96,96,50Hertz
10YDE-VE-------2,2026-02-14,96,96,50Hertz
10YDE-VE-------2,2026-02-15,96,96,50Hertz
10YDE-VE-------2,2026-02-16,96,96,50Hertz
10YDE-VE-------2,2026-02-17,96,96,50Hertz
10YDE-VE-------2,2026-02-18,96,96,50Hertz
10YDE-VE-------2,2026-02-19,96,96,50Hertz
10YDE-VE-------2,2026-02-20,96,96,50Hertz
10YDE-VE-------2,2026-02-21,96,96,50Hertz
10YDE-VE-------2,2026-02-22,96,96,50Hertz
10YDE-VE-------2,2026-02-23,96,96,50Hertz
10YDE-VE-------2,2026-02-24,96,96,50Hertz
10YDE-VE-------2,2026-02-25,96,96,50Hertz
10YDE-VE-------2,2026-02-26,96,96,50Hertz
10YDE-VE-------2,2026-02-27,96,96,50Hertz
10YDE-VE-------2,2026-02-28,96,96,50Hertz
10YDE-VE-------2,2026-03-01,96,96,50Hertz
10YDE-VE-------2,2026-03-02,96,96,50Hertz
10YDE-VE-------2,2026-03-03,96,96,50Hertz
10YDE-VE-------2,2026-03-04,96,96,50Hertz
10YDE-VE-------2,2026-03-05,96,0,50Hertz
10YDE-VE-------2,2026-03-06,96,96,50Hertz
10YDE-VE-------2,2026-03-07,96,96,50Hertz
10YDE-VE-------2,2026-03-08,96,96,50Hertz
10YDE-VE-------2,2026-03-09,96,96,50Hertz
10YDE-VE-------2,2026-03-10,96,96,50Hertz
10YDE-VE-------2,2026-03-11,96,96,50Hertz
10YDE-VE-------2,2026-03-12,96,96,50Hertz
10YDE-VE-------2,2026-03-13,96,0,50Hertz
10YDE-VE-------2,2026-03-14,96,96,50Hertz
10YDE-VE-------2,2026-03-15,96,96,50Hertz
10YDE-VE-------2,2026-03-16,96,96,50Hertz
10YDE-VE-------2,2026-03-17,96,96,50Hertz
10YDE-VE-------2,2026-03-18,96,96,50Hertz
10YDE-VE-------2,2026-03-19,96,96,50Hertz
10YDE-VE-------2,2026-03-20,96,96,50Hertz
10YDE-VE-------2,2026-03-21,96,0,50Hertz
10YDE-VE-------2,2026-03-22,96,96,50Hertz
10YDE-VE-------2,2026-03-23,96,96,50Hertz
10YDE-VE-------2,2026-03-24,96,0,50Hertz
10YDE-VE-------2,2026-03-25,96,0,50Hertz
10YDE-VE-------2,2026-03-26,96,0,50Hertz
10YDE-VE-------2,2026-03-27,96,0,50Hertz
10YDE-VE-------2,2026-03-28,96,0,50Hertz
10YDE-VE-------2,2026-03-29,92,0,50Hertz
10YDE-VE-------2,2026-03-30,96,96,50Hertz
10YDE-VE-------2,2026-03-31,96,96,50Hertz
10YDE-VE-------2,2026-04-01,96,96,50Hertz
10YDE-VE-------2,2026-04-02,96,96,50Hertz
10YDE-VE-------2,2026-04-03,96,96,50Hertz
10YDE-VE-------2,2026-04-04,96,0,50Hertz
10YDE-VE-------2,2026-04-05,96,96,50Hertz
10YDE-VE-------2,2026-04-06,96,96,50Hertz
10YDE-VE-------2,2026-04-07,96,96,50Hertz
10YDE-VE-------2,2026-04-08,96,96,50Hertz
10YDE-VE-------2,2026-04-09,96,96,50Hertz
10YDE-VE-------2,2026-04-10,96,96,50Hertz
10YDE-VE-------2,2026-04-11,96,96,50Hertz
10YDE-VE-------2,2026-04-12,96,96,50Hertz
10YDE-VE-------2,2026-04-13,96,96,50Hertz
10YDE-VE-------2,2026-04-14,96,96,50Hertz
10YDE-VE-------2,2026-04-15,96,96,50Hertz
10YDE-VE-------2,2026-04-16,96,96,50Hertz
10YDE-VE-------2,2026-04-17,96,96,50Hertz
10YDE-VE-------2,2026-04-18,96,96,50Hertz
10YDE-VE-------2,2026-04-19,96,96,50Hertz
10YDE-VE-------2,2026-04-20,96,96,50Hertz
10YDE-VE-------2,2026-04-21,96,96,50Hertz
10YDE-VE-------2,2026-04-22,96,96,50Hertz
10YDE-VE-------2,2026-04-23,96,96,50Hertz
10YDE-VE-------2,2026-04-24,96,96,50Hertz
10YDE-VE-------2,2026-04-25,96,96,50Hertz
10YDE-VE-------2,2026-04-26,96,96,50Hertz
10YDE-VE-------2,2026-04-27,96,96,50Hertz
10YDE-VE-------2,2026-04-28,96,0,50Hertz
10YDE-VE-------2,2026-04-29,96,96,50Hertz
10YDE-VE-------2,2026-04-30,96,96,50Hertz
10YDE-VE-------2,2026-05-01,96,96,50Hertz
10YDE-VE-------2,2026-05-02,96,96,50Hertz
10YDE-VE-------2,2026-05-03,96,96,50Hertz
10YDE-VE-------2,2026-05-04,96,96,50Hertz
10YDE-VE-------2,2026-05-05,96,96,50Hertz
10YDE-VE-------2,2026-05-06,96,96,50Hertz
10YDE-VE-------2,2026-05-07,96,96,50Hertz
10YDE-VE-------2,2026-05-08,96,96,50Hertz
10YDE-VE-------2,2026-05-09,96,96,50Hertz
10YDE-VE-------2,2026-05-10,96,96,50Hertz
10YDE-VE-------2,2026-05-11,96,96,50Hertz
10YDE-VE-------2,2026-05-12,96,96,50Hertz
10YDE-VE-------2,2026-05-13,96,96,50Hertz
10YDE-VE-------2,2026-05-14,96,96,50Hertz
10YDE-VE-------2,2026-05-15,96,96,50Hertz
10YDE-VE-------2,2026-05-16,96,96,50Hertz
10YDE-VE-------2,2026-05-17,96,96,50Hertz
10YDE-VE-------2,2026-05-18,96,96,50Hertz
10YDE-VE-------2,2026-05-19,96,96,50Hertz
10YDE-VE-------2,2026-05-20,96,96,50Hertz
10YDE-VE-------2,2026-05-21,96,96,50Hertz
10YDE-VE-------2,2026-05-22,96,96,50Hertz
10YDE-VE-------2,2026-05-23,96,96,50Hertz
10YDE-VE-------2,2026-05-24,96,96,50Hertz
10YDE-VE-------2,2026-05-25,96,96,50Hertz
10YDE-VE-------2,2026-05-26,96,96,50Hertz
10YDE-VE-------2,2026-05-27,96,96,50Hertz
10YDE-VE-------2,2026-05-28,96,96,50Hertz
10YDE-VE-------2,2026-05-29,96,96,50Hertz
10YDE-VE-------2,2026-05-30,96,96,50Hertz
10YDE-VE-------2,2026-05-31,96,96,50Hertz
10YDE-VE-------2,2026-06-01,96,96,50Hertz
10YDE-VE-------2,2026-06-02,96,96,50Hertz
10YDE-VE-------2,2026-06-03,96,96,50Hertz
10YDE-VE-------2,2026-06-04,96,96,50Hertz
10YDE-VE-------2,2026-06-05,96,96,50Hertz
10YDE-VE-------2,2026-06-06,96,96,50Hertz
10YDE-VE-------2,2026-06-07,96,96,50Hertz
10YDE-VE-------2,2026-06-08,96,96,50Hertz
10YDE-VE-------2,2026-06-09,96,96,50Hertz
10YDE-VE-------2,2026-06-10,96,96,50Hertz
10YDE-VE-------2,2026-06-11,96,96,50Hertz
10YDE-VE-------2,2026-06-12,96,96,50Hertz
10YDE-VE-------2,2026-06-13,96,96,50Hertz
10YDE-VE-------2,2026-06-14,96,96,50Hertz
10YDE-VE-------2,2026-06-15,96,96,50Hertz
10YDE-VE-------2,2026-06-16,96,96,50Hertz
10YDE-VE-------2,2026-06-17,96,96,50Hertz
10YDE-VE-------2,2026-06-18,96,96,50Hertz
10YDE-VE-------2,2026-06-19,96,96,50Hertz
10YDE-VE-------2,2026-06-20,96,96,50Hertz
10YDE-VE-------2,2026-06-21,96,96,50Hertz
10YDE-VE-------2,2026-06-22,96,96,50Hertz
10YDE-VE-------2,2026-06-23,96,96,50Hertz
10YDE-VE-------2,2026-06-24,96,96,50Hertz
10YDE-VE-------2,2026-06-25,96,96,50Hertz
10YDE-VE-------2,2026-06-26,96,96,50Hertz
10YDE-VE-------2,2026-06-27,96,96,50Hertz
10YDE-VE-------2,2026-06-28,96,96,50Hertz
10YDE-VE-------2,2026-06-29,96,96,50Hertz
10YDE-VE-------2,2026-06-30,96,96,50Hertz
10YDE-VE-------2,2026-07-01,96,96,50Hertz
10YDE-VE-------2,2026-07-02,96,96,50Hertz
10YDE-VE-------2,2026-07-03,96,96,50Hertz
10YDE-VE-------2,2026-07-04,96,96,50Hertz
10YDE-VE-------2,2026-07-05,96,96,50Hertz
10YDE-VE-------2,2026-07-06,96,96,50Hertz
10YDE-VE-------2,2026-07-07,96,96,50Hertz
10YDE-VE-------2,2026-07-08,96,96,50Hertz
10YDE-VE-------2,2026-07-09,96,96,50Hertz
10YDE-VE-------2,2026-07-10,96,96,50Hertz
10YDE-VE-------2,2026-07-11,96,96,50Hertz
10YDE-VE-------2,2026-07-12,96,96,50Hertz
10YDE-VE-------2,2026-07-13,96,96,50Hertz
10YDE-VE-------2,2026-07-14,96,96,50Hertz
10YDE-VE-------2,2026-07-15,96,96,50Hertz
10YDE-VE-------2,2026-07-16,96,96,50Hertz
10YDE-VE-------2,2026-07-17,96,96,50Hertz
10YDE-VE-------2,2026-07-18,96,96,50Hertz
10YDE-VE-------2,2026-07-19,96,96,50Hertz
10YDE-VE-------2,2026-07-20,96,96,50Hertz
10YDE-VE-------2,2026-07-21,96,96,50Hertz
10YDE-VE-------2,2026-07-22,96,96,50Hertz
10YDE-VE-------2,2026-07-23,96,96,50Hertz
10YDE-VE-------2,2026-07-24,96,96,50Hertz
10YDE-VE-------2,2026-07-25,96,96,50Hertz
10YDE-VE-------2,2026-07-26,96,96,50Hertz
10YDE-VE-------2,2026-07-27,96,96,50Hertz
10YDE-VE-------2,2026-07-28,96,96,50Hertz
10YDE-VE-------2,2026-07-29,96,96,50Hertz
10YDE-VE-------2,2026-07-30,96,96,50Hertz
10YDE-VE-------2,2026-07-31,96,0,50Hertz
10YDE-VE-------2,2026-08-01,96,96,50Hertz
10YDE-VE-------2,2026-08-02,96,96,50Hertz
10YDE-VE-------2,2026-08-03,96,96,50Hertz
10YDE-VE-------2,2026-08-04,96,96,50Hertz
10YDE-VE-------2,2026-08-05,96,96,50Hertz
10YDE-VE-------2,2026-08-06,96,96,50Hertz
10YDE-VE-------2,2026-08-07,96,96,50Hertz
10YDE-VE-------2,2026-08-08,96,96,50Hertz
10YDE-VE-------2,2026-08-09,96,96,50Hertz
10YDE-VE-------2,2026-08-10,96,96,50Hertz
10YDE-VE-------2,2026-08-11,96,96,50Hertz
10YDE-VE-------2,2026-08-12,96,96,50Hertz
10YDE-VE-------2,2026-08-13,96,96,50Hertz
10YDE-VE-------2,2026-08-14,96,96,50Hertz
10YDE-VE-------2,2026-08-15,96,96,50Hertz
10YDE-VE-------2,2026-08-16,96,96,50Hertz
10YDE-VE-------2,2026-08-17,96,96,50Hertz
10YDE-VE-------2,2026-08-18,96,96,50Hertz
10YDE-VE-------2,2026-08-19,96,96,50Hertz
10YDE-VE-------2,2026-08-20,96,96,50Hertz
10YDE-VE-------2,2026-08-21,96,96,50Hertz
10YDE-VE-------2,2026-08-22,96,96,50Hertz
10YDE-VE-------2,2026-08-23,96,96,50Hertz
10YDE-VE-------2,2026-08-24,96,96,50Hertz
10YDE-VE-------2,2026-08-25,96,96,50Hertz
10YDE-VE-------2,2026-08-26,96,96,50Hertz
10YDE-VE-------2,2026-08-27,96,96,50Hertz
10YDE-VE-------2,2026-08-28,96,96,50Hertz
10YDE-VE-------2,2026-08-29,96,96,50Hertz
10YDE-VE-------2,2026-08-30,96,0,50Hertz
10YDE-VE-------2,2026-08-31,96,0,50Hertz
10YDE-VE-------2,2026-09-01,96,96,50Hertz
10YDE-VE-------2,2026-09-02,96,0,50Hertz
10YDE-VE-------2,2026-09-03,96,0,50Hertz
10YDE-VE-------2,2026-09-04,96,96,50Hertz
10YDE-VE-------2,2026-09-05,96,96,50Hertz
10YDE-VE-------2,2026-09-06,96,96,50Hertz
10YDE-VE-------2,2026-09-07,96,96,50Hertz
10YDE-VE-------2,2026-09-08,96,96,50Hertz
10YDE-VE-------2,2026-09-09,96,0,50Hertz
10YDE-VE-------2,2026-09-10,96,0,50Hertz
10YDE-VE-------2,2026-09-11,96,96,50Hertz
10YDE-VE-------2,2026-09-12,96,96,50Hertz
10YDE-VE-------2,2026-09-13,96,96,50Hertz
10YDE-VE-------2,2026-09-14,96,96,50Hertz
10YDE-VE-------2,2026-09-15,96,96,50Hertz
10YDE-VE-------2,2026-09-16,96,96,50Hertz
10YDE-VE-------2,2026-09-17,96,96,50Hertz
10YDE-VE-------2,2026-09-18,96,96,50Hertz
10YDE-VE-------2,2026-09-19,96,96,50Hertz
10YDE-VE-------2,2026-09-20,96,96,50Hertz
10YDE-VE-------2,2026-09-21,96,96,50Hertz
10YDE-VE-------2,2026-09-22,96,96,50Hertz
10YDE-VE-------2,2026-09-23,96,96,50Hertz
10YDE-VE-------2,2026-09-24,96,96,50Hertz
10YDE-VE-------2,2026-09-25,96,0,50Hertz
10YDE-VE-------2,2026-09-26,96,96,50Hertz
10YDE-VE-------2,2026-09-27,96,96,50Hertz
10YDE-VE-------2,2026-09-28,96,96,50Hertz
10YDE-VE-------2,2026-09-29,96,96,50Hertz
10YDE-VE-------2,2026-09-30,96,96,50Hertz
